timestamp,temperature,humidity,surface_pressure,wind_speed,elevation,slope_degree,rainfall_1h,rainfall_3h,rainfall_6h,rainfall_12h,rainfall_24h,rainfall_3d,rainfall_7d,soil_moisture,hot_days_streak,flood_risk_target,landslide_risk_target,cyclone_risk_target,heatwave_risk_target,drought_risk_target
2018-01-01,27.36,55.55,1028.49,22.17,1280.6,38.3,0.13,0.31,0.58,0.88,1.15,1.45,2.0,0.05,0,0,1,0,0,2
2018-01-01,24.05,28.13,996.86,100.01,1443.7,14.7,1.8,3.87,7.36,11.84,17.43,40.64,63.61,0.324,0,0,1,1,0,1
2018-01-01,8.27,76.47,1029.55,98.87,358.8,38.8,6.07,12.51,27.13,53.93,64.89,131.34,275.22,0.95,0,3,3,1,0,0
2018-01-01,24.84,89.13,971.96,44.06,54.8,32.9,1.98,4.25,9.19,14.32,22.26,42.74,72.06,0.678,0,1,1,1,0,0
2018-01-02,38.76,33.64,945.44,141.91,1336.0,23.8,1.63,3.11,5.4,7.73,13.77,23.4,51.15,0.122,1,0,0,3,1,2
2018-01-02,9.54,97.84,1027.1,76.98,799.5,18.3,4.98,12.35,18.46,31.3,41.6,52.55,94.33,0.95,0,1,1,1,0,0
2018-01-02,29.48,82.32,943.61,10.15,874.0,22.0,8.6,15.32,30.8,45.85,62.55,151.1,254.17,0.95,0,2,2,1,0,0
2018-01-02,23.42,74.7,992.92,137.24,849.9,41.5,4.39,6.16,10.87,12.48,20.25,39.35,63.24,0.561,0,0,2,2,0,1
2018-01-02,23.09,88.68,988.2,65.68,375.1,8.8,4.35,7.43,9.38,18.51,26.44,62.87,132.7,0.95,0,1,1,1,0,0
2018-01-02,9.6,76.31,991.72,144.27,2303.2,31.4,1.82,4.28,6.92,7.93,12.97,27.54,49.29,0.614,0,0,1,2,0,1
2018-01-03,46.82,36.49,954.3,10.38,2123.7,19.5,4.65,9.05,12.7,16.81,25.17,49.66,98.05,0.368,3,1,1,1,2,2
2018-01-04,22.61,62.5,945.68,151.1,1245.7,10.9,0.19,0.26,0.42,0.76,1.27,3.06,5.4,0.122,0,0,0,3,0,2
2018-01-04,40.21,21.78,991.19,74.45,448.4,10.0,12.7,16.74,25.15,49.3,71.82,101.17,157.48,0.757,8,2,2,1,2,0
2018-01-04,8.06,38.77,982.0,80.22,44.2,10.7,0.12,0.25,0.5,0.92,1.27,1.9,3.29,0.135,0,0,0,1,0,2
2018-01-04,34.8,24.9,1018.1,45.83,132.6,13.7,0.63,0.86,1.17,1.69,2.61,3.55,5.03,0.05,0,0,0,0,0,3
2018-01-04,15.01,70.86,1022.87,117.17,1202.5,49.8,0.85,1.75,3.28,3.75,4.68,6.71,9.76,0.269,0,0,1,1,0,2
2018-01-04,23.41,56.97,940.86,91.52,226.9,32.7,6.68,13.01,21.96,27.29,45.28,57.11,100.56,0.721,0,2,2,2,0,0
2018-01-04,29.42,93.73,951.0,66.24,1751.7,18.1,3.12,5.44,11.07,18.96,23.83,30.28,37.71,0.426,0,0,1,2,0,1
2018-01-05,8.45,26.18,952.88,70.62,2257.4,14.1,2.55,5.87,8.09,13.23,23.58,49.71,90.53,0.65,0,1,1,2,0,0
2018-01-05,36.4,59.1,1025.08,123.03,1511.3,22.7,0.19,0.26,0.48,0.55,0.68,1.05,1.74,0.05,6,0,0,1,2,3
2018-01-06,39.52,83.37,947.42,81.08,1782.6,39.5,1.83,4.4,6.28,7.32,11.79,14.39,29.07,0.215,8,0,1,2,3,2
2018-01-06,28.23,84.78,943.7,16.28,1586.2,35.2,1.45,3.44,6.89,8.81,14.34,30.09,55.34,0.511,0,0,1,1,0,1
2018-01-06,44.31,78.97,945.1,144.65,2178.0,45.0,1.44,2.27,3.3,6.48,8.83,11.08,14.69,0.05,4,0,1,3,3,3
2018-01-07,28.02,96.42,994.84,46.09,183.5,46.4,1.96,2.45,3.67,5.84,10.44,20.17,25.73,0.373,0,1,1,1,0,2
2018-01-08,41.68,17.75,1027.31,33.86,1792.0,32.0,1.14,2.39,3.75,5.88,7.88,10.36,19.29,0.05,8,0,1,0,2,3
2018-01-08,45.62,32.53,992.22,81.79,624.7,1.0,4.35,9.45,12.36,18.55,28.03,34.96,50.02,0.05,5,0,0,1,2,3
2018-01-09,45.15,75.67,1024.73,62.36,1705.9,28.8,0.96,2.18,3.75,4.86,5.92,13.58,17.03,0.05,1,0,0,0,2,3
2018-01-10,5.62,58.43,1019.42,58.21,1939.4,12.6,0.85,1.36,1.67,2.16,3.26,6.79,10.03,0.303,0,0,0,0,0,2
2018-01-10,17.12,62.89,980.21,138.14,161.4,1.8,3.92,6.44,10.92,12.86,20.52,45.61,80.53,0.68,0,1,1,2,0,0
2018-01-10,8.19,82.13,959.67,66.3,1749.9,7.6,4.32,6.89,9.12,16.66,25.08,47.1,81.9,0.875,0,1,1,2,0,0
2018-01-10,47.19,55.09,1020.74,114.22,1433.2,10.1,0.33,0.73,1.56,2.15,3.34,5.85,12.6,0.05,9,0,0,1,3,3
2018-01-11,35.96,99.04,1008.61,128.73,1692.2,44.1,0.94,1.88,2.48,4.42,5.07,12.28,25.97,0.309,8,0,1,1,2,2
2018-01-11,21.0,77.51,999.71,35.83,1658.3,27.7,11.74,27.14,47.44,76.61,128.24,270.98,411.5,0.95,0,3,3,1,0,0
2018-01-12,45.12,61.93,967.06,46.23,266.8,2.1,1.0,1.97,2.62,4.69,5.49,8.95,15.23,0.05,5,0,0,1,3,3
2018-01-13,40.67,91.49,997.78,66.53,2242.7,10.9,0.96,2.11,2.79,5.23,5.8,10.44,19.1,0.178,3,0,0,1,2,3
2018-01-13,16.9,86.26,1002.04,138.02,2237.6,12.6,3.08,5.69,12.49,24.79,28.3,66.28,131.08,0.95,0,1,1,2,0,0
2018-01-14,23.37,80.81,1023.08,29.06,1586.4,40.8,8.24,18.49,28.64,48.13,59.04,78.87,142.14,0.95,0,2,2,0,0,0
2018-01-14,24.49,91.81,1026.39,92.7,1299.0,11.9,0.27,0.47,0.66,0.79,1.26,1.55,2.09,0.228,0,0,0,1,0,2
2018-01-14,15.95,90.76,1011.16,51.94,1644.9,33.2,4.3,9.0,18.48,31.2,41.14,94.74,164.89,0.95,0,1,2,1,0,0
2018-01-15,44.04,33.24,1012.84,142.47,2074.6,23.3,4.58,11.1,21.79,36.1,63.3,137.68,298.35,0.95,5,2,2,2,2,0
2018-01-15,18.98,51.2,966.0,72.1,275.9,6.3,2.72,4.83,6.35,12.29,15.71,23.36,42.49,0.349,0,1,0,1,0,1
2018-01-16,37.93,59.85,1013.61,124.3,2044.9,38.5,1.55,3.55,4.93,9.24,12.54,19.09,32.11,0.134,8,0,1,1,2,2
2018-01-16,32.15,35.68,975.56,124.57,435.6,21.6,0.27,0.57,1.21,1.44,2.48,3.55,6.15,0.05,0,0,0,2,0,2
2018-01-17,26.82,52.91,960.39,51.77,295.7,18.0,0.76,1.37,1.91,2.83,4.75,7.59,12.96,0.083,0,0,0,1,0,2
2018-01-17,22.35,74.17,987.79,159.07,104.8,24.8,10.48,22.15,26.72,51.35,78.13,132.14,208.1,0.95,0,3,3,3,0,0
2018-01-17,46.2,89.31,945.92,85.07,2398.1,6.8,0.66,1.5,1.94,2.43,3.38,7.63,16.21,0.093,3,0,0,2,3,3
2018-01-18,18.79,46.67,1017.48,157.38,2237.8,43.0,5.17,10.55,13.04,17.74,24.23,55.33,104.52,0.742,0,1,2,2,0,0
2018-01-18,43.04,93.95,943.41,41.7,1319.9,10.1,1.28,2.7,4.65,6.79,8.29,13.46,25.13,0.207,7,0,0,1,3,3
2018-01-18,16.28,49.24,1003.78,140.99,313.7,36.4,12.6,18.82,35.76,57.99,68.83,156.76,295.4,0.95,0,3,3,2,0,0
2018-01-19,47.84,56.66,1017.67,144.34,2348.0,7.5,2.4,4.59,5.68,6.68,8.85,16.92,31.24,0.05,3,0,0,1,3,3
2018-01-19,20.53,36.14,1004.28,132.38,866.5,46.5,5.3,12.32,21.06,30.05,35.42,79.0,111.67,0.72,0,1,2,2,0,0
2018-01-19,43.16,73.76,940.1,76.17,2134.4,3.4,3.18,7.89,13.78,19.29,32.3,66.78,146.33,0.913,9,1,1,2,3,0
2018-01-21,16.59,88.31,950.07,106.37,1551.5,44.0,1.87,4.33,8.92,16.45,25.48,59.65,112.98,0.95,0,1,2,2,0,0
2018-01-21,29.68,32.88,987.38,28.02,1113.0,44.4,1.43,1.98,2.69,4.65,5.74,13.35,22.06,0.05,0,0,1,0,0,2
2018-01-21,24.45,46.45,949.97,102.82,1269.0,28.1,3.92,8.74,18.85,35.67,47.63,68.74,105.72,0.693,0,1,2,2,0,0
2018-01-22,40.64,54.27,992.08,139.07,1627.7,34.7,4.61,7.97,12.31,19.7,26.72,35.4,49.7,0.196,1,0,1,2,1,2
2018-01-22,14.48,48.69,992.07,92.01,615.3,48.7,1.66,2.68,3.88,6.02,7.1,11.63,25.31,0.267,0,0,1,1,0,1
2018-01-25,45.2,61.96,941.1,104.55,1865.9,19.4,2.0,3.12,6.71,10.84,19.12,35.8,58.97,0.251,8,0,1,2,3,2
2018-01-25,26.18,21.22,1024.4,37.66,2143.8,35.8,7.76,10.18,12.69,18.85,28.62,42.95,91.49,0.454,0,1,1,0,0,1
2018-01-25,35.18,85.93,1000.45,6.87,629.8,12.8,0.8,1.88,4.13,7.64,13.03,26.27,49.67,0.409,9,0,0,0,2,2
2018-01-26,6.14,27.96,964.43,78.57,1814.8,19.4,5.0,8.38,16.38,28.21,39.95,78.26,130.41,0.948,0,1,2,2,0,0
2018-01-26,43.62,80.32,987.48,72.23,1383.1,0.4,0.88,1.91,3.26,3.76,5.2,9.94,13.09,0.053,3,0,0,1,2,3
2018-01-26,32.87,52.4,1026.02,104.13,1186.0,25.5,5.54,10.84,20.12,36.68,61.32,108.13,130.99,0.807,0,2,2,1,0,0
2018-01-26,42.24,68.19,997.05,111.54,1572.1,32.9,5.28,11.39,14.46,23.51,31.83,76.15,114.41,0.681,8,1,2,2,3,1
2018-01-27,5.85,31.56,995.62,55.69,2118.2,34.6,3.54,7.01,9.87,18.3,29.85,47.42,78.61,0.623,0,1,2,1,0,0
2018-01-27,16.79,19.9,1004.45,79.15,1936.8,16.1,5.57,9.63,17.93,22.07,28.29,64.94,102.07,0.612,0,1,1,1,0,0
2018-01-27,19.06,66.4,990.74,138.49,469.2,3.8,0.87,1.57,2.97,4.92,8.15,19.35,32.89,0.361,0,0,0,2,0,1
2018-01-27,45.87,48.19,960.36,123.83,645.5,0.8,1.92,4.49,8.77,10.27,14.42,22.04,37.65,0.05,5,0,0,2,3,3
2018-01-27,46.27,90.04,1029.29,22.23,983.3,36.6,0.16,0.23,0.42,0.8,1.08,2.26,3.29,0.05,8,0,1,0,3,3
2018-01-28,14.96,17.72,976.12,120.14,1343.3,21.1,0.62,0.84,1.43,2.64,4.75,10.93,14.56,0.05,0,0,0,2,0,2
2018-01-28,32.16,86.46,973.51,111.78,2006.4,38.8,0.16,0.3,0.38,0.63,1.1,1.55,3.09,0.131,0,0,1,2,0,2
2018-01-28,22.24,82.46,1028.56,149.58,1936.0,49.1,6.56,14.36,25.15,30.68,37.31,49.14,60.23,0.591,0,1,2,2,0,1
2018-01-29,34.33,44.91,980.47,54.46,2257.4,37.7,0.05,0.09,0.13,0.15,0.27,0.57,1.23,0.05,0,0,1,1,0,3
2018-01-30,25.98,89.35,1013.83,83.45,1685.4,20.3,1.26,2.1,4.28,5.96,7.63,9.93,15.9,0.293,0,0,0,1,0,2
2018-01-30,47.28,19.02,953.29,8.23,126.3,19.1,6.74,9.14,17.63,29.71,47.93,74.67,158.04,0.676,2,2,1,1,2,1
2018-01-30,38.35,49.55,964.2,68.37,1655.2,38.9,1.24,1.77,3.78,5.24,8.59,19.49,34.84,0.097,7,0,1,1,2,2
2018-01-31,27.03,79.85,985.04,88.76,1671.3,0.3,1.32,1.81,3.01,4.73,7.04,12.13,19.26,0.257,0,0,0,1,0,2
2018-01-31,31.67,36.9,958.64,23.67,17.7,37.8,3.42,5.63,7.56,14.07,23.98,51.4,83.48,0.424,0,1,1,1,0,1
2018-01-31,36.72,64.09,994.12,30.12,696.6,49.5,5.96,7.38,9.8,13.51,22.16,48.62,103.57,0.644,7,1,2,0,2,1
2018-01-31,35.72,10.48,1010.55,127.18,1405.6,46.7,5.32,8.96,14.36,17.45,22.88,47.29,62.76,0.114,1,0,1,1,0,2
2018-01-31,33.05,24.07,1018.74,17.85,198.5,31.0,0.59,1.18,1.83,2.46,2.88,4.72,7.94,0.05,0,0,0,0,0,2
2018-02-01,21.93,57.97,1013.17,83.72,502.6,30.5,7.73,15.65,32.58,48.78,69.6,92.65,192.26,0.95,0,2,2,1,0,0
2018-02-01,27.31,58.67,1027.59,68.69,1668.8,9.8,3.15,5.03,6.05,11.82,16.35,24.26,45.86,0.326,0,0,0,0,0,1
2018-02-02,33.48,77.96,946.85,21.45,955.9,31.1,0.87,1.6,2.0,2.94,4.67,6.88,12.63,0.139,0,0,1,1,1,2
2018-02-02,43.5,41.96,1003.91,62.96,2393.3,12.9,2.29,4.8,5.82,8.23,13.39,25.28,47.15,0.089,5,0,0,1,2,3
2018-02-02,16.13,85.06,1005.97,63.4,1653.7,6.2,4.67,11.09,19.67,35.64,49.37,97.81,196.69,0.95,0,2,1,1,0,0
2018-02-02,41.34,99.97,971.41,135.59,2242.0,30.9,2.8,4.09,5.51,7.37,12.18,19.25,29.85,0.285,2,0,1,2,2,2
2018-02-03,34.2,26.94,942.6,107.96,2391.3,18.7,1.58,2.06,4.11,5.07,7.95,16.29,30.81,0.05,0,0,0,2,0,2
2018-02-03,11.74,33.7,998.63,74.95,919.8,28.8,0.82,1.46,2.77,4.27,7.66,13.8,30.22,0.253,0,0,1,1,0,1
2018-02-03,24.8,89.17,969.17,144.26,453.8,43.0,7.94,11.8,19.55,34.11,59.13,113.75,168.1,0.95,0,2,3,3,0,0
2018-02-03,17.28,48.86,973.21,99.29,299.9,39.5,7.49,9.16,19.91,33.39,47.2,89.52,171.24,0.95,0,2,2,2,0,0
2018-02-04,37.17,88.89,1029.36,155.42,353.4,32.8,1.19,1.43,2.86,4.16,6.15,8.84,18.74,0.198,7,0,1,2,2,2
2018-02-04,30.03,54.24,1015.29,36.93,701.2,23.9,0.68,0.94,1.15,1.74,2.64,4.22,7.93,0.05,0,0,0,0,0,2
2018-02-05,33.67,74.12,1004.68,134.71,2436.0,43.9,1.77,3.86,8.49,16.52,29.02,41.7,87.68,0.618,0,1,2,2,1,1
2018-02-06,23.56,31.54,966.16,125.93,1409.0,15.8,0.77,0.97,2.01,2.53,3.62,5.39,9.3,0.05,0,0,0,2,0,2
2018-02-06,10.9,42.76,975.61,56.99,335.6,34.2,0.35,0.84,1.48,2.01,2.9,6.32,13.25,0.193,0,0,1,1,0,2
2018-02-06,46.32,98.1,1006.24,50.93,1035.7,9.5,0.11,0.22,0.36,0.64,1.14,2.09,4.04,0.054,6,0,0,0,3,3
2018-02-06,25.94,38.05,1028.55,65.63,682.9,34.2,2.62,3.72,5.39,7.16,8.33,13.69,21.87,0.077,0,0,1,0,0,2
2018-02-07,27.11,86.05,1024.06,51.18,266.2,15.2,3.31,6.94,9.77,16.15,19.73,32.15,69.03,0.619,0,1,1,0,0,1
2018-02-07,25.07,52.81,966.79,83.72,1935.3,31.5,1.02,1.65,2.42,4.82,7.73,13.86,17.7,0.131,0,0,1,2,0,2
2018-02-07,28.51,83.32,1012.76,4.92,1097.1,29.1,1.82,3.93,7.28,10.45,18.64,31.8,50.37,0.467,0,0,1,0,0,1
2018-02-07,10.94,93.57,1029.69,13.34,1541.0,48.0,2.71,3.33,6.63,10.18,13.31,28.48,58.25,0.747,0,1,2,0,0,1
2018-02-08,17.88,25.94,1027.43,49.28,1856.0,30.0,1.14,2.31,3.35,4.27,7.59,15.86,23.02,0.104,0,0,1,0,0,2
2018-02-10,24.18,65.94,943.89,128.46,2379.6,46.6,0.3,0.39,0.71,1.29,2.18,4.76,9.37,0.15,0,0,1,3,0,2
2018-02-10,24.82,89.38,1018.21,118.7,2124.2,18.4,0.74,1.59,2.7,5.25,5.98,8.74,16.67,0.31,0,0,0,1,0,2
2018-02-10,6.09,83.73,962.86,116.28,2219.9,7.7,3.24,7.13,13.51,15.9,23.2,30.81,65.04,0.791,0,1,1,2,0,0
2018-02-11,39.41,31.39,953.12,128.7,1709.1,17.4,3.66,6.72,14.42,21.28,34.67,46.65,95.22,0.398,3,1,1,3,1,1
2018-02-11,26.8,28.15,1022.64,33.9,1836.0,3.5,5.66,13.26,21.0,27.69,39.2,47.83,94.85,0.505,0,1,1,0,0,0
2018-02-12,23.72,11.0,966.79,15.18,109.0,19.1,2.1,2.93,4.53,8.92,13.6,31.21,47.19,0.132,0,1,0,1,0,1
2018-02-13,36.22,84.8,999.53,1.01,864.4,47.1,14.04,30.97,49.32,70.34,87.23,136.44,188.61,0.95,6,2,3,1,2,0
2018-02-13,7.23,77.09,963.3,135.52,2498.2,47.7,1.77,4.06,7.1,8.52,12.88,20.85,33.41,0.536,0,0,2,2,0,1
2018-02-13,47.44,31.5,969.07,144.19,1257.2,48.8,0.75,1.59,2.47,4.62,5.36,12.46,22.06,0.05,4,0,1,2,2,3
2018-02-13,34.46,10.52,947.12,49.15,2065.3,1.2,10.03,20.1,33.98,39.84,48.1,96.86,180.88,0.914,0,2,1,2,0,0
2018-02-13,44.17,38.12,1017.63,101.34,1735.0,19.1,1.71,2.33,4.04,6.58,8.38,15.32,28.66,0.05,4,0,0,1,2,3
2018-02-13,41.01,56.1,1006.67,116.62,1690.9,20.5,0.04,0.09,0.18,0.26,0.44,0.79,1.44,0.05,7,0,0,1,2,3
2018-02-13,11.94,29.54,1021.45,59.96,274.8,39.2,2.0,4.21,6.79,12.74,18.57,24.67,39.43,0.291,0,1,1,0,0,1
2018-02-14,5.42,66.03,961.18,101.7,698.2,31.2,1.73,3.48,5.67,9.2,13.1,30.41,58.77,0.668,0,0,1,2,0,1
2018-02-14,23.69,81.42,947.38,81.25,1001.1,31.9,11.96,25.38,32.3,43.36,69.15,93.98,175.5,0.95,0,2,2,2,0,0
2018-02-14,36.11,23.02,946.29,106.18,1266.6,1.8,2.26,3.08,3.74,7.3,12.23,28.22,46.41,0.063,8,0,0,2,2,2
2018-02-15,10.65,86.88,953.26,97.24,1608.0,14.2,4.66,6.68,8.11,16.03,28.66,44.67,64.49,0.758,0,1,1,2,0,0
2018-02-15,43.37,73.25,1024.52,18.91,27.4,5.4,0.14,0.33,0.45,0.76,0.84,1.44,2.86,0.05,2,0,0,0,2,3
2018-02-15,16.03,99.03,1020.02,30.89,1467.4,49.7,0.48,0.65,0.92,1.11,1.32,2.49,2.99,0.355,0,0,1,0,0,2
2018-02-15,15.33,47.66,982.86,36.4,1541.8,12.6,3.13,4.55,6.27,11.08,13.7,19.88,40.78,0.357,0,0,0,1,0,1
2018-02-15,20.35,40.8,986.99,33.54,1804.8,33.7,3.04,4.67,7.25,11.63,20.25,46.21,63.75,0.425,0,0,1,1,0,1
2018-02-15,43.03,10.51,1025.75,65.14,980.4,31.2,3.37,5.43,9.51,14.99,18.27,31.76,43.88,0.05,3,0,1,0,2,3
2018-02-15,30.21,15.01,1002.48,68.93,1362.1,31.3,3.21,5.97,12.57,17.4,19.98,28.21,45.23,0.074,0,0,1,1,0,2
2018-02-16,23.86,54.67,1018.1,12.32,1686.4,36.2,5.53,10.08,12.44,15.91,27.05,55.37,120.11,0.835,0,1,2,0,0,0
2018-02-17,36.19,59.0,997.98,63.74,2069.5,34.7,5.76,13.59,19.2,29.32,33.33,74.73,143.24,0.888,4,1,2,1,1,0
2018-02-17,17.15,62.07,954.41,16.94,1945.6,48.9,4.68,11.1,20.83,28.27,37.54,80.75,167.15,0.95,0,1,3,1,0,0
2018-02-17,32.77,22.15,988.53,95.8,242.7,34.9,2.44,3.06,4.07,5.86,7.18,12.2,22.79,0.05,0,0,1,1,0,2
2018-02-18,36.31,13.4,966.7,40.38,2494.9,8.4,1.56,3.2,5.85,10.53,14.78,29.46,63.29,0.126,5,0,0,1,1,2
2018-02-18,15.8,60.25,959.91,71.32,2237.4,38.7,1.78,3.35,5.3,8.97,13.39,18.29,23.46,0.3,0,0,1,2,0,1
2018-02-19,28.63,24.12,1014.9,63.06,610.2,29.1,0.04,0.08,0.13,0.22,0.29,0.53,0.79,0.05,0,0,0,0,0,2
2018-02-19,17.67,60.13,945.4,67.19,1882.7,23.0,0.24,0.44,0.71,0.96,1.55,2.96,4.71,0.155,0,0,0,2,0,2
2018-02-20,43.44,99.93,959.2,93.88,192.5,23.8,0.81,1.23,2.7,4.4,6.23,9.62,15.4,0.168,4,0,0,2,3,3
2018-02-20,24.53,38.64,958.03,113.45,838.6,14.3,6.81,11.34,19.36,32.22,43.67,53.59,96.91,0.594,0,1,1,2,0,0
2018-02-20,7.47,48.12,952.28,149.66,878.1,19.1,5.35,7.31,15.19,24.01,39.33,89.73,165.93,0.95,0,1,2,3,0,0
2018-02-21,13.08,17.04,974.32,40.96,411.7,41.2,2.48,6.19,10.91,12.9,20.65,31.2,38.38,0.21,0,0,1,1,0,1
2018-02-21,32.7,33.85,995.61,19.06,2213.0,33.8,2.31,5.74,10.92,15.85,24.52,36.79,54.58,0.206,0,0,1,0,0,2
2018-02-22,12.53,27.14,979.18,76.32,707.5,12.8,0.81,1.23,2.02,3.56,4.58,6.66,12.41,0.093,0,0,0,1,0,2
2018-02-22,18.01,22.11,944.44,106.63,1043.3,40.6,1.96,2.37,4.25,7.41,11.45,14.32,21.74,0.075,0,0,1,2,0,2
2018-02-22,41.12,15.54,1019.05,104.32,557.6,43.5,7.6,16.55,23.73,36.19,59.26,144.78,295.22,0.95,4,2,3,1,2,0
2018-02-22,12.15,35.35,986.42,30.05,644.3,28.0,5.74,8.69,16.15,27.66,46.77,112.78,137.1,0.95,0,1,2,1,0,0
2018-02-23,7.12,30.79,985.88,114.05,1630.5,36.9,5.75,7.73,15.23,22.08,27.52,38.31,77.46,0.599,0,1,1,2,0,0
2018-02-23,14.78,37.0,976.78,11.63,1911.6,3.7,5.64,13.46,21.63,33.18,38.89,47.02,57.65,0.422,0,1,0,1,0,1
2018-02-23,21.96,74.71,957.16,58.45,871.0,36.7,2.03,3.12,6.41,12.56,16.83,21.56,39.04,0.414,0,0,1,1,0,1
2018-02-24,21.47,42.38,1003.6,144.27,951.8,16.7,4.51,9.37,15.07,22.83,32.5,41.01,75.5,0.501,0,1,1,2,0,1
2018-02-24,8.38,72.09,1007.94,13.87,981.1,6.6,4.28,5.48,10.76,18.58,26.16,48.61,71.99,0.757,0,1,1,0,0,0
2018-02-24,31.59,80.36,998.52,99.25,710.7,3.9,1.29,2.85,5.0,8.04,9.81,18.28,38.55,0.343,0,0,0,1,0,2
2018-02-25,24.71,21.46,998.81,6.97,59.0,34.0,1.59,2.35,3.73,5.62,7.23,14.37,28.94,0.053,0,0,1,0,0,2
2018-02-25,24.57,93.32,1020.84,2.91,279.5,13.3,4.54,6.66,11.72,21.2,33.2,69.58,108.43,0.944,0,2,1,0,0,0
2018-02-26,15.69,24.77,977.79,68.96,701.3,38.8,0.59,1.19,2.05,2.9,4.27,7.13,13.79,0.059,0,0,1,1,0,2
2018-02-26,40.9,18.42,1013.57,147.49,1890.2,22.9,6.59,12.01,17.88,24.25,36.67,61.14,105.09,0.384,1,1,1,2,1,1
2018-02-26,31.84,46.71,973.47,121.17,2409.7,5.5,13.54,22.16,48.43,88.37,112.28,155.65,240.37,0.95,0,3,2,3,0,0
2018-02-27,46.16,69.17,1006.95,30.56,780.9,38.0,7.84,12.57,23.1,31.89,36.91,85.87,183.28,0.95,9,2,2,0,3,1
2018-02-27,23.37,27.52,982.61,64.77,2390.8,43.1,0.12,0.21,0.4,0.78,1.04,1.63,3.29,0.05,0,0,1,1,0,2
2018-02-27,17.1,53.59,1019.11,44.03,998.0,12.2,2.44,3.63,4.78,6.55,9.93,15.79,28.49,0.287,0,0,0,0,0,1
2018-02-27,32.86,15.54,959.77,114.94,1140.9,29.3,2.57,4.61,5.98,9.33,16.05,33.27,72.15,0.23,0,0,1,2,0,1
2018-02-27,24.37,51.39,962.97,46.86,428.8,31.9,0.37,0.69,0.9,1.16,1.81,2.5,3.61,0.05,0,0,0,1,0,2
2018-02-28,15.85,72.96,1006.44,116.23,25.8,22.2,3.62,8.94,14.72,25.07,42.74,95.47,187.82,0.95,0,2,2,1,0,0
2018-02-28,45.67,72.39,992.98,68.07,455.0,12.9,0.13,0.27,0.56,0.72,1.04,1.36,1.83,0.05,8,0,0,1,3,3
2018-02-28,6.93,30.43,1025.16,81.89,1697.0,25.1,3.86,6.87,10.71,19.81,26.39,37.14,61.56,0.493,0,1,1,1,0,1
2018-03-01,8.65,34.2,1014.96,68.07,644.2,31.2,0.34,0.43,0.89,1.09,1.61,3.25,4.5,0.115,0,0,0,0,0,2
2018-03-01,39.88,21.12,949.5,64.53,732.2,18.4,2.3,3.95,7.31,13.35,18.71,24.46,49.64,0.05,9,0,0,2,2,2
2018-03-01,7.27,81.51,1001.47,3.04,2344.3,2.6,4.02,7.37,10.12,17.52,21.8,37.39,77.84,0.854,0,1,1,0,0,0
2018-03-02,20.25,23.94,1022.32,65.69,2139.6,19.1,0.05,0.11,0.2,0.41,0.73,1.19,1.99,0.05,0,0,0,0,0,2
2018-03-02,31.72,32.81,1018.06,31.43,2316.1,30.4,0.32,0.53,1.12,1.96,2.67,6.11,8.45,0.05,0,0,0,0,0,2
2018-03-03,6.25,33.59,1012.34,158.95,450.5,29.5,3.46,5.35,6.43,8.26,12.34,25.91,36.12,0.346,0,0,1,2,0,1
2018-03-03,41.44,88.92,974.3,148.26,1651.5,47.1,3.65,5.29,6.42,12.77,17.02,26.81,42.83,0.316,6,0,1,2,3,2
2018-03-04,44.94,64.95,997.45,35.36,532.7,47.0,0.14,0.17,0.33,0.52,0.77,1.27,2.07,0.05,9,0,1,0,3,3
2018-03-04,20.96,97.8,1013.31,147.25,1073.2,48.9,0.0,0.0,0.0,0.01,0.01,0.01,0.02,0.28,0,0,1,2,0,2
2018-03-04,39.37,78.77,943.15,33.24,693.6,13.8,0.3,0.68,1.23,1.84,2.68,5.65,7.82,0.052,4,0,0,1,2,3
2018-03-04,29.84,17.47,990.64,67.45,1274.5,9.2,2.42,3.57,4.82,6.88,9.66,22.63,39.12,0.05,0,0,0,1,0,2
2018-03-04,9.16,51.19,998.46,85.73,154.5,23.0,0.18,0.41,0.68,0.76,1.14,2.46,3.94,0.191,0,0,0,1,0,2
2018-03-05,14.05,26.81,977.42,116.19,1795.6,31.5,0.28,0.64,0.77,1.03,1.56,2.58,5.45,0.05,0,0,0,2,0,2
2018-03-05,47.85,97.66,955.27,130.1,216.6,25.2,1.84,2.87,5.62,9.34,11.13,23.89,31.81,0.222,5,0,1,3,3,3
2018-03-05,14.89,62.72,977.85,148.31,1576.6,20.1,6.01,8.67,14.5,28.1,47.59,70.86,150.47,0.95,0,2,2,2,0,0
2018-03-05,25.28,72.52,1011.09,63.05,2413.1,11.1,2.55,4.25,5.68,10.41,18.16,28.16,34.89,0.342,0,0,0,1,0,1
2018-03-06,9.75,54.78,990.44,30.2,2266.1,41.7,0.66,0.9,1.46,2.35,3.24,6.74,10.1,0.244,0,0,1,0,0,2
2018-03-06,45.71,35.0,1020.1,24.16,501.1,39.7,2.95,5.98,12.52,15.54,27.24,43.24,82.97,0.271,7,0,1,0,3,2
2018-03-06,10.42,71.31,946.66,126.24,246.6,25.3,2.96,4.55,7.83,9.02,11.58,25.02,37.76,0.504,0,1,1,3,0,1
2018-03-07,7.85,44.48,960.88,104.26,612.7,41.6,2.14,4.34,7.72,10.54,17.09,25.34,32.11,0.358,0,0,1,2,0,1
2018-03-08,32.89,52.24,1005.96,35.48,383.7,44.9,2.11,3.46,5.77,9.5,16.65,32.21,47.4,0.248,0,0,1,0,0,2
2018-03-09,16.4,83.64,1020.84,26.36,2273.1,24.5,0.72,1.35,2.79,3.16,4.64,8.44,16.11,0.362,0,0,1,0,0,1
2018-03-09,9.81,50.2,959.35,8.55,1035.2,11.8,1.5,3.68,6.1,6.92,7.86,17.0,27.26,0.335,0,0,0,1,0,1
2018-03-09,24.36,48.97,960.34,107.4,2059.6,49.3,5.59,9.18,15.2,19.8,25.94,43.15,66.79,0.447,0,0,2,2,0,1
2018-03-09,45.95,72.26,986.5,92.51,1498.6,11.6,0.24,0.42,0.61,1.22,1.55,2.36,3.04,0.05,9,0,0,1,3,3
2018-03-09,31.89,69.02,961.91,84.37,710.9,28.3,4.71,6.4,9.13,11.94,18.98,37.94,79.44,0.556,0,1,1,2,0,1
2018-03-09,32.36,23.53,998.19,66.29,2137.2,32.8,1.99,4.79,9.01,10.3,16.5,22.49,40.79,0.066,0,0,1,1,0,2
2018-03-10,37.33,94.81,989.81,84.94,726.5,49.3,6.53,12.79,17.56,27.41,38.79,80.36,161.14,0.95,8,1,3,1,2,0
2018-03-10,9.08,41.01,1028.9,65.48,2387.5,24.4,0.86,1.95,3.46,4.26,5.52,6.83,9.34,0.177,0,0,0,0,0,2
2018-03-10,39.59,68.37,1008.16,121.53,780.2,29.2,1.11,2.63,4.98,9.01,14.52,34.55,52.22,0.294,2,0,1,1,1,2
2018-03-11,26.76,46.26,961.23,110.94,314.5,7.0,3.86,8.97,15.26,16.94,28.46,65.25,138.53,0.887,0,1,1,2,0,0
2018-03-11,40.45,19.02,975.79,117.6,260.8,15.0,3.94,7.79,12.27,22.55,32.39,65.89,92.12,0.305,6,1,1,2,2,2
2018-03-12,24.96,41.62,946.09,131.1,2049.7,16.2,1.4,1.92,2.56,3.15,5.55,8.64,16.62,0.069,0,0,0,3,0,2
2018-03-12,41.96,63.63,946.36,127.45,2423.2,4.6,1.81,2.65,3.26,5.59,10.04,18.92,23.96,0.058,8,0,0,3,3,3
2018-03-12,19.67,21.68,945.04,61.66,685.5,2.3,2.33,3.73,7.38,13.08,16.08,20.0,42.94,0.198,0,0,0,2,0,1
2018-03-12,40.66,60.65,947.24,120.74,893.3,4.5,4.95,9.33,12.2,16.17,26.73,43.07,62.1,0.311,3,0,0,3,2,2
2018-03-12,16.24,36.82,966.65,152.38,383.6,32.8,4.2,6.51,10.65,12.08,17.07,33.09,56.17,0.396,0,0,1,3,0,1
2018-03-14,9.77,18.19,951.38,77.13,1082.4,41.2,0.19,0.44,0.79,1.44,2.27,3.09,5.82,0.05,0,0,1,2,0,2
2018-03-16,26.34,79.41,955.16,44.37,1256.1,12.0,1.51,2.66,3.71,5.76,7.02,14.72,28.22,0.322,0,0,0,1,0,1
2018-03-16,24.65,42.5,1013.79,145.39,114.1,25.5,15.29,26.27,43.35,70.11,97.01,233.5,316.09,0.95,0,3,3,2,0,0
2018-03-16,29.26,49.51,993.45,85.22,743.5,16.2,2.63,6.11,12.86,17.46,19.34,40.06,86.03,0.529,0,1,1,1,0,1
2018-03-17,38.15,58.29,986.03,131.59,717.6,48.4,21.66,41.6,73.9,141.94,248.09,586.46,988.35,0.95,9,3,3,3,2,0
2018-03-17,18.88,24.44,1002.48,110.91,2121.7,3.2,0.8,1.3,2.76,4.28,6.97,11.97,21.79,0.079,0,0,0,1,0,2
2018-03-18,40.23,69.58,1013.02,140.77,2246.9,4.8,3.71,4.83,7.11,10.61,18.96,31.34,43.4,0.235,2,0,0,2,2,2
2018-03-18,32.93,93.09,972.05,127.83,2225.1,39.7,2.44,4.04,8.17,13.88,24.05,38.32,72.71,0.621,0,1,2,2,1,1
2018-03-18,13.75,29.94,1029.81,41.12,199.4,13.0,4.75,11.03,13.55,16.3,28.2,65.56,101.6,0.69,0,1,1,0,0,0
2018-03-19,18.71,33.21,1014.66,99.63,514.0,34.5,0.91,1.45,1.85,2.72,3.93,7.79,13.18,0.067,0,0,1,1,0,2
2018-03-20,28.28,25.05,966.05,44.57,27.0,36.8,5.68,12.05,17.23,32.94,51.51,86.28,151.25,0.851,0,2,2,1,0,0
2018-03-21,44.21,71.19,946.04,102.93,162.6,24.4,0.05,0.11,0.2,0.25,0.31,0.76,1.47,0.05,5,0,0,2,3,3
2018-03-21,25.81,62.99,954.14,105.49,1371.9,33.5,2.63,6.48,12.38,20.0,27.17,35.47,64.67,0.488,0,1,1,2,0,1
2018-03-22,39.24,56.81,1019.84,89.23,959.3,17.1,1.26,2.85,4.54,8.15,10.71,26.36,48.4,0.214,4,0,0,1,2,2
2018-03-22,28.6,58.49,940.53,49.9,2064.7,42.1,7.49,12.67,21.84,32.76,48.66,98.54,202.07,0.95,0,2,3,2,0,0
2018-03-23,10.42,94.78,1026.27,62.92,1651.2,43.6,4.84,10.31,12.92,22.06,38.43,73.32,130.9,0.95,0,1,2,0,0,0
2018-03-23,24.32,29.94,977.7,35.8,249.6,40.0,0.75,1.59,2.17,3.25,5.25,10.52,17.3,0.05,0,0,1,1,0,2
2018-03-23,30.53,53.85,978.19,108.44,1521.5,15.2,2.13,5.2,9.98,12.9,19.03,23.91,47.83,0.283,0,0,0,2,0,2
2018-03-23,20.31,13.38,995.17,124.66,788.1,18.1,1.98,4.24,7.29,8.17,10.73,24.7,36.1,0.105,0,0,0,2,0,2
2018-03-23,43.59,42.35,968.54,13.38,1668.0,21.7,1.05,2.4,5.02,9.31,12.78,28.85,38.87,0.05,8,0,0,1,3,3
2018-03-24,33.39,30.08,1012.52,31.36,1718.0,15.0,4.51,6.39,13.56,17.23,30.02,39.27,58.54,0.207,0,0,1,0,0,2
2018-03-24,9.53,25.5,957.64,34.51,1309.2,46.9,1.58,2.67,3.48,6.61,10.23,15.88,29.11,0.226,0,0,1,1,0,1
2018-03-24,30.13,27.54,1006.49,85.98,2148.7,23.6,4.59,10.34,16.72,27.92,48.7,77.34,156.96,0.883,0,2,2,1,0,0
2018-03-24,32.55,46.18,983.72,89.38,510.3,27.9,2.43,3.84,7.82,11.97,17.99,24.51,43.95,0.198,0,0,1,1,0,2
2018-03-25,41.55,82.12,960.11,119.05,641.4,21.7,3.82,8.51,15.41,23.27,36.69,66.91,87.14,0.576,5,1,1,2,2,1
2018-03-25,34.05,60.2,957.39,135.97,2493.6,3.4,1.53,2.41,4.27,4.77,7.84,19.09,41.91,0.24,0,0,0,3,0,2
2018-03-25,27.31,21.78,949.1,13.67,2134.6,7.8,0.84,1.46,3.0,4.2,6.3,11.55,16.22,0.05,0,0,0,1,0,2
2018-03-25,35.88,99.59,1025.12,43.09,853.0,26.7,5.05,7.16,9.55,13.79,17.92,35.34,50.05,0.473,3,0,1,0,1,2
2018-03-26,18.66,23.92,964.46,110.29,1843.4,8.6,8.7,11.81,14.4,26.03,43.14,58.83,128.51,0.79,0,1,1,2,0,0
2018-03-26,43.58,85.8,954.55,121.25,1328.3,35.9,6.4,7.92,13.74,15.25,26.22,38.61,62.7,0.411,6,0,1,3,3,2
2018-03-27,24.45,15.98,985.01,61.05,1440.9,47.3,2.06,3.48,7.4,9.02,11.7,24.3,34.11,0.063,0,0,1,1,0,2
2018-03-27,34.18,83.0,953.53,61.62,490.1,4.1,2.87,6.69,10.94,14.1,23.25,55.12,81.38,0.616,0,1,1,2,1,1
2018-03-27,23.38,87.38,998.69,81.19,1218.4,26.6,4.98,9.14,15.24,26.27,47.08,74.98,153.16,0.95,0,2,2,1,0,0
2018-03-29,39.19,57.34,955.52,76.68,1867.1,19.2,0.75,1.07,1.48,2.94,3.75,8.97,14.66,0.05,3,0,0,2,2,3
2018-03-29,42.71,32.31,990.56,14.06,1726.0,46.1,0.78,1.83,2.98,3.47,5.08,6.35,7.74,0.05,3,0,1,0,2,3
2018-03-29,8.16,12.22,969.73,126.1,823.6,6.8,4.15,5.13,10.56,17.36,27.0,54.78,106.11,0.687,0,1,1,2,0,0
2018-03-30,10.4,39.07,988.68,65.11,1646.8,37.6,0.54,1.13,2.18,3.03,3.54,5.84,8.88,0.151,0,0,1,1,0,2
2018-03-30,19.41,58.08,997.55,12.46,2434.2,9.7,3.91,6.9,8.43,9.66,15.85,33.98,59.3,0.492,0,0,0,0,0,1
2018-03-31,6.1,21.26,954.78,101.04,2404.8,18.1,1.08,2.04,3.3,5.21,6.2,8.13,14.62,0.143,0,0,0,2,0,2
2018-03-31,8.31,50.12,943.81,52.45,1989.0,21.2,4.39,8.38,14.64,22.6,36.86,57.04,121.73,0.95,0,1,2,2,0,0
2018-04-01,30.08,90.93,1005.01,143.14,1983.5,15.9,0.52,0.7,1.52,2.89,4.54,10.36,13.44,0.244,0,0,0,2,0,2
2018-04-01,11.17,88.67,961.26,120.16,634.3,25.5,1.12,2.06,2.77,4.64,6.49,14.54,22.68,0.483,0,0,1,2,0,1
2018-04-02,19.3,37.5,1009.58,35.64,835.0,10.7,8.08,12.09,24.11,46.9,68.19,168.1,356.94,0.95,0,3,2,0,0,0
2018-04-02,29.79,76.99,972.33,12.9,571.5,25.7,1.08,2.21,4.4,7.47,8.43,14.86,19.17,0.215,0,0,1,1,0,2
2018-04-02,47.49,55.88,1012.55,113.02,1493.7,28.1,0.92,1.15,1.46,1.99,2.85,6.51,9.0,0.05,5,0,0,1,3,3
2018-04-03,16.58,17.69,977.07,132.35,2090.9,4.1,5.8,12.41,26.82,49.29,54.99,111.04,198.81,0.95,0,2,2,2,0,0
2018-04-03,44.92,64.6,950.21,105.55,1319.7,44.1,3.24,5.76,11.55,20.34,28.09,36.31,56.14,0.248,4,0,1,2,2,2
2018-04-03,29.25,33.66,975.82,59.46,2119.2,27.4,1.33,1.76,3.47,5.04,5.95,8.03,13.67,0.05,0,0,0,1,0,2
2018-04-03,13.94,30.67,1019.77,57.0,1995.6,41.7,6.6,12.83,17.35,19.55,28.87,63.41,118.92,0.807,0,1,2,0,0,0
2018-04-04,24.69,71.92,997.48,66.12,182.8,40.0,0.83,1.6,2.57,4.24,6.29,13.03,26.62,0.29,0,0,1,1,0,1
2018-04-04,36.32,21.03,963.65,117.01,1423.2,43.7,7.23,12.25,20.34,30.82,40.68,95.08,122.31,0.557,2,1,2,2,1,1
2018-04-04,18.49,68.61,960.49,134.15,639.1,20.3,3.69,5.69,12.0,18.69,32.26,64.85,110.3,0.893,0,1,1,3,0,0
2018-04-04,21.02,22.44,1022.99,64.0,2023.3,3.2,0.96,1.88,3.26,4.52,7.14,14.04,18.51,0.05,0,0,0,0,0,2
2018-04-04,17.74,42.85,976.34,26.68,595.3,18.8,0.92,1.35,1.62,3.19,4.73,10.43,22.55,0.187,0,0,0,1,0,2
2018-04-05,41.93,52.87,957.28,93.51,1258.0,45.5,1.75,2.23,3.7,5.0,7.82,19.43,37.14,0.093,4,0,1,2,2,3
2018-04-05,35.93,71.33,1003.43,10.1,297.9,13.0,4.78,8.2,10.25,16.71,19.49,24.87,53.87,0.356,6,1,0,0,2,2
2018-04-05,15.75,70.85,986.25,46.37,1951.2,24.1,2.75,5.08,6.5,11.02,15.15,34.88,67.99,0.65,0,1,1,1,0,1
2018-04-06,30.27,12.79,1005.05,13.81,2326.2,23.9,2.87,6.62,10.83,16.95,19.49,48.56,73.25,0.25,0,0,1,0,0,1
2018-04-06,39.79,41.14,967.0,78.21,1799.1,9.6,0.11,0.15,0.23,0.35,0.52,1.16,1.62,0.05,6,0,0,1,2,3
2018-04-06,6.17,29.26,1007.79,44.59,306.1,19.0,0.42,1.03,1.91,2.97,3.32,5.75,11.17,0.159,0,0,0,0,0,2
2018-04-06,34.83,84.86,982.11,107.47,2274.1,15.9,3.97,7.99,14.51,22.34,32.8,51.26,111.09,0.817,0,1,1,2,1,0
2018-04-06,5.06,90.02,988.02,15.48,533.5,28.5,1.79,3.53,6.25,10.27,14.83,33.66,62.71,0.818,0,1,1,0,0,0
2018-04-06,47.01,36.0,967.31,125.2,1110.6,15.2,9.0,13.05,24.81,39.11,49.22,89.34,154.73,0.741,7,1,1,2,3,1
2018-04-08,39.34,24.34,948.23,62.48,2022.0,1.1,0.88,1.26,1.95,3.37,5.08,9.25,13.64,0.05,2,0,0,2,1,3
2018-04-08,27.14,46.25,1027.29,92.97,2172.0,2.1,1.67,2.28,5.02,8.6,12.65,30.44,39.85,0.226,0,0,0,1,0,1
2018-04-08,7.23,62.16,958.28,25.05,1708.1,5.5,1.98,4.01,5.65,9.75,14.76,22.31,41.22,0.513,0,0,0,1,0,1
2018-04-09,23.27,41.3,983.98,109.03,1354.9,30.5,2.27,4.21,6.35,8.38,13.97,22.93,50.14,0.308,0,0,1,2,0,1
2018-04-09,40.19,50.29,971.86,45.45,1507.6,16.4,4.69,11.62,22.51,34.23,55.77,91.97,135.54,0.753,6,1,2,1,2,1
2018-04-10,14.61,94.06,989.62,59.64,1607.7,19.2,3.99,9.26,14.37,28.53,32.94,75.59,154.38,0.95,0,1,2,1,0,0
2018-04-10,19.44,19.73,992.56,8.89,1269.7,9.0,0.34,0.42,0.7,1.22,1.57,3.48,5.4,0.05,0,0,0,0,0,2
2018-04-10,45.46,35.31,1022.31,100.49,1487.6,29.9,8.69,13.9,21.67,30.18,41.51,101.85,210.46,0.95,2,2,2,1,2,0
2018-04-10,34.18,29.35,950.73,157.13,2431.4,1.6,0.5,0.69,1.28,1.5,2.63,3.89,7.58,0.05,0,0,0,3,0,3
2018-04-10,38.1,55.99,946.89,104.9,538.9,48.9,0.5,1.05,1.3,1.78,2.15,4.56,6.35,0.05,4,0,1,2,2,3
2018-04-11,10.19,57.1,1013.86,52.02,2237.1,3.2,4.01,5.37,9.73,14.49,16.43,36.09,69.91,0.65,0,1,0,0,0,1
2018-04-11,11.54,72.58,981.82,117.01,319.0,8.9,1.46,2.59,3.68,5.97,6.63,13.2,24.04,0.408,0,0,0,2,0,1
2018-04-11,20.58,65.72,976.05,63.6,1915.7,42.8,2.79,4.35,7.28,11.32,15.24,27.28,33.63,0.347,0,0,1,1,0,1
2018-04-11,12.89,94.86,1016.32,113.88,988.8,49.7,0.08,0.16,0.31,0.6,0.97,1.9,3.78,0.371,0,0,1,1,0,2
2018-04-12,6.55,16.5,980.45,47.54,1133.3,44.0,0.96,1.43,2.72,4.55,7.85,18.11,32.84,0.236,0,0,1,1,0,1
2018-04-12,44.93,80.6,972.62,143.46,968.0,36.4,1.98,2.4,2.96,3.99,6.75,15.92,29.91,0.153,4,0,1,2,3,3
2018-04-13,16.6,55.88,1001.12,114.54,614.6,42.3,2.49,3.72,5.28,6.56,7.9,15.5,20.78,0.252,0,0,1,1,0,2
2018-04-13,37.43,21.11,951.48,7.76,661.9,28.4,0.97,1.89,3.9,4.61,6.71,12.94,24.48,0.05,7,0,0,1,2,3
2018-04-14,19.1,19.57,980.56,156.1,679.6,41.8,5.53,8.16,9.8,17.69,26.77,58.3,78.64,0.431,0,1,2,2,0,1
2018-04-14,35.31,67.37,1029.14,22.57,121.6,44.1,0.14,0.21,0.34,0.42,0.73,1.45,2.79,0.05,6,0,1,0,2,3
2018-04-15,9.0,33.46,956.65,94.93,239.6,27.3,6.58,12.74,15.94,26.11,30.96,53.6,115.43,0.847,0,1,2,2,0,0
2018-04-15,27.2,27.17,993.5,32.78,1516.3,23.3,1.67,3.14,5.58,7.67,10.01,16.87,35.73,0.102,0,0,0,0,0,2
2018-04-16,29.75,41.99,988.84,29.96,176.3,33.7,3.19,6.17,7.84,14.39,23.38,52.42,108.21,0.634,0,1,1,1,0,0
2018-04-17,13.14,50.15,959.4,18.63,305.2,40.4,3.3,6.5,9.07,11.2,12.9,20.01,31.43,0.329,0,0,1,1,0,1
2018-04-17,40.39,77.15,1028.64,2.2,1454.7,31.5,4.89,7.85,13.6,20.64,30.77,50.77,87.28,0.564,2,1,1,0,2,1
2018-04-17,36.71,29.33,1017.06,144.78,2317.0,1.1,7.37,16.0,23.28,36.03,42.22,81.93,117.14,0.56,7,1,1,2,2,1
2018-04-17,14.76,47.83,964.06,79.39,884.7,24.7,0.99,2.29,4.08,5.38,9.41,20.73,43.31,0.38,0,0,1,2,0,1
2018-04-18,37.99,82.24,964.71,107.78,2347.2,15.1,6.56,13.13,24.95,47.33,52.15,84.52,165.41,0.95,1,2,2,2,1,0
2018-04-18,5.97,73.53,950.04,123.57,1290.2,1.2,3.95,5.88,7.33,12.9,16.59,22.75,37.63,0.559,0,0,0,3,0,1
2018-04-19,30.17,25.81,956.57,81.21,1066.8,49.9,1.27,2.38,3.51,6.26,8.49,14.57,28.9,0.05,0,0,1,2,0,2
2018-04-19,29.36,99.56,997.85,83.69,2051.7,33.6,1.16,2.22,4.45,8.55,12.47,30.58,36.92,0.45,0,0,1,1,0,1
2018-04-19,37.18,81.28,945.19,9.36,687.4,16.0,6.21,15.48,25.84,39.11,54.06,123.57,264.68,0.95,2,2,2,1,1,0
2018-04-19,9.91,34.42,965.99,92.74,485.3,13.3,6.68,10.26,12.66,20.81,33.96,45.82,60.62,0.477,0,1,1,2,0,1
2018-04-19,11.32,41.32,944.37,137.61,1199.0,3.5,6.0,12.03,25.88,43.34,72.75,177.06,252.93,0.95,0,2,2,3,0,0
2018-04-20,37.59,74.55,1028.71,80.15,489.7,16.3,1.51,3.07,6.36,9.01,12.65,29.16,45.31,0.299,2,0,0,1,1,2
2018-04-20,9.99,20.52,1003.62,82.39,948.1,40.4,8.45,16.76,29.56,53.9,90.77,226.44,391.3,0.95,0,3,3,1,0,0
2018-04-22,27.31,46.94,1008.66,139.88,1427.1,45.4,8.23,14.96,21.17,36.97,51.88,92.28,142.1,0.909,0,2,3,2,0,0
2018-04-22,39.59,97.35,982.1,144.75,2256.0,7.7,6.01,8.02,13.49,22.56,34.8,57.21,99.19,0.752,2,1,1,2,2,1
2018-04-22,28.88,10.82,968.21,52.96,1652.0,25.1,1.38,2.64,3.88,6.65,10.81,17.02,21.38,0.05,0,0,0,1,0,2
2018-04-23,10.35,38.41,971.09,81.44,2481.2,3.0,0.31,0.44,0.94,1.41,2.39,3.44,5.47,0.125,0,0,0,1,0,2
2018-04-23,10.99,10.13,999.1,123.49,1807.3,25.4,0.88,1.28,2.17,3.97,4.8,6.5,11.87,0.05,0,0,0,1,0,2
2018-04-23,45.58,53.27,1024.63,0.51,2486.2,14.9,2.71,6.62,13.37,15.28,26.47,48.85,74.31,0.306,1,0,1,0,2,2
2018-04-24,35.43,28.89,1005.14,134.82,1902.5,43.5,1.74,2.49,5.22,9.15,10.77,20.36,29.75,0.05,9,0,1,2,2,2
2018-04-24,22.52,54.47,989.22,140.68,685.1,48.0,4.24,8.29,11.87,20.58,33.24,66.72,118.42,0.837,0,1,2,2,0,0
2018-04-24,13.82,11.75,970.08,61.58,830.0,38.7,0.61,0.84,1.09,1.83,2.48,4.1,7.91,0.05,0,0,1,1,0,2
2018-04-25,38.9,56.81,966.65,113.37,2097.0,18.0,7.05,9.4,14.59,23.95,34.2,51.57,108.72,0.62,9,1,1,2,2,1
2018-04-26,10.82,32.62,968.76,145.24,520.5,49.3,1.23,1.66,3.49,5.48,6.1,10.33,20.06,0.189,0,0,1,2,0,2
2018-04-26,17.9,91.92,986.89,116.63,1806.0,43.1,7.45,16.31,23.44,43.3,63.72,77.61,109.28,0.95,0,2,3,2,0,0
2018-04-26,37.14,11.9,991.25,104.54,899.1,33.1,2.99,4.69,7.43,13.14,20.47,46.77,96.79,0.333,1,0,1,1,1,1
2018-04-26,41.03,16.85,976.11,14.48,1531.6,8.3,1.47,3.39,4.69,6.31,9.03,18.15,32.0,0.05,7,0,0,1,2,3
2018-04-26,18.81,55.46,974.37,127.73,1164.6,44.5,4.08,6.01,12.24,16.81,18.52,29.55,44.76,0.388,0,0,1,2,0,1
2018-04-26,13.64,90.07,984.75,29.43,1979.7,8.3,0.07,0.16,0.3,0.48,0.82,1.15,2.11,0.328,0,0,0,0,0,2
2018-04-26,42.14,78.19,981.69,159.81,564.6,48.7,5.25,8.54,14.61,20.47,34.92,86.62,144.46,0.933,1,1,3,3,2,0
2018-04-27,26.52,44.22,1017.98,21.39,1260.5,5.5,0.39,0.67,1.1,1.33,1.93,4.67,6.0,0.05,0,0,0,0,0,2
2018-04-27,17.36,34.65,999.03,70.16,517.9,34.7,0.71,1.39,2.49,4.05,5.13,9.98,19.53,0.13,0,0,1,1,0,2
2018-04-27,37.35,74.53,943.36,152.25,1770.9,9.7,6.25,13.1,20.85,27.45,41.13,84.48,126.26,0.841,1,1,1,3,1,0
2018-04-27,44.06,55.09,978.63,95.57,937.2,19.6,0.08,0.16,0.33,0.65,0.84,1.81,2.35,0.05,9,0,0,1,3,3
2018-04-27,9.48,51.89,983.97,53.15,842.5,16.4,2.48,4.05,4.97,7.3,9.15,16.38,25.69,0.336,0,0,0,1,0,1
2018-04-28,33.31,41.17,947.61,57.35,455.2,18.9,3.37,5.57,8.09,10.14,12.33,18.27,26.83,0.052,0,0,0,2,0,2
2018-04-28,11.29,63.37,955.17,65.46,1259.1,32.2,7.62,11.99,16.59,27.44,45.08,74.18,134.09,0.95,0,1,2,2,0,0
2018-04-28,13.03,93.64,988.36,105.36,739.1,46.7,4.56,9.71,17.86,24.71,41.19,71.38,85.89,0.911,0,1,2,2,0,0
2018-04-29,9.84,26.34,1007.4,90.23,756.5,0.1,6.64,9.96,17.98,21.43,24.21,30.86,39.37,0.296,0,0,0,1,0,1
2018-04-29,23.42,69.79,994.14,40.52,1535.9,9.9,0.12,0.17,0.34,0.58,0.72,1.39,2.67,0.133,0,0,0,0,0,2
2018-04-29,35.21,64.38,997.49,14.91,1282.9,44.9,3.94,9.68,17.09,29.1,34.15,42.24,81.23,0.511,8,1,2,0,2,1
2018-04-30,45.26,48.73,959.21,115.34,1152.2,44.1,1.18,2.23,4.4,5.2,7.78,13.3,21.88,0.05,7,0,1,2,3,3
2018-05-01,37.45,87.13,960.74,1.53,2254.2,46.1,3.43,5.12,6.15,8.0,12.57,28.23,55.01,0.428,8,0,1,1,2,2
2018-05-01,16.88,74.76,1012.66,30.57,1222.3,36.4,1.58,3.14,5.59,8.38,9.65,14.63,25.59,0.376,0,0,1,0,0,1
2018-05-01,38.46,32.2,999.05,102.26,541.6,48.4,3.17,4.47,6.95,13.89,21.58,40.66,67.36,0.226,3,0,1,1,1,2
2018-05-01,23.39,54.65,958.99,108.98,1449.2,27.7,2.78,5.28,6.94,12.64,16.89,41.78,56.21,0.414,0,0,1,2,0,1
2018-05-01,12.93,20.19,1006.19,97.3,154.5,29.2,0.91,2.17,3.06,5.19,6.65,13.8,21.47,0.115,0,0,1,1,0,2
2018-05-01,26.19,30.07,1025.88,132.83,1163.3,19.9,4.91,10.51,19.16,27.72,49.7,117.68,196.86,0.95,0,2,2,1,0,0
2018-05-01,13.26,60.11,1029.45,124.0,1775.6,18.1,6.12,7.97,14.12,20.61,29.03,49.59,70.76,0.64,0,1,1,1,0,1
2018-05-02,15.37,48.28,961.11,92.66,440.2,40.7,2.4,3.14,6.68,9.91,14.78,22.89,29.99,0.288,0,0,1,2,0,1
2018-05-02,47.74,96.6,1027.21,83.78,1192.8,38.1,1.52,2.67,5.36,7.7,13.38,29.9,38.88,0.265,9,0,1,1,3,3
2018-05-03,29.23,95.9,1012.78,108.03,1774.7,38.2,3.47,5.65,11.68,18.16,24.2,52.56,92.52,0.804,0,1,2,1,0,0
2018-05-03,14.65,38.08,1020.32,94.33,1979.6,15.2,3.42,6.86,11.03,21.07,26.81,43.38,61.84,0.456,0,0,1,1,0,1
2018-05-03,36.5,26.7,1010.83,49.33,1000.8,41.6,4.04,5.71,7.33,10.11,17.38,31.66,60.43,0.171,6,0,1,0,1,2
2018-05-05,31.26,97.25,1009.12,123.36,1935.5,36.7,0.15,0.24,0.5,0.92,1.31,1.58,2.2,0.188,0,0,1,1,0,2
2018-05-05,20.22,28.8,993.91,51.91,855.8,12.4,0.07,0.12,0.25,0.48,0.56,1.27,2.21,0.05,0,0,0,1,0,2
2018-05-05,30.51,59.32,1027.83,2.29,2140.2,10.0,0.15,0.28,0.58,0.78,0.86,2.11,4.46,0.05,0,0,0,0,0,2
2018-05-05,37.19,41.85,999.56,125.98,2289.4,48.2,0.3,0.53,1.06,1.52,2.27,4.01,6.01,0.05,6,0,1,1,2,3
2018-05-05,29.31,67.8,1013.33,18.0,2190.4,48.5,4.44,8.52,12.56,18.0,25.71,48.12,93.0,0.666,0,1,2,0,0,0
2018-05-05,12.68,93.86,947.56,114.66,266.5,27.2,6.67,16.0,24.56,39.21,50.84,65.43,88.62,0.933,0,2,2,3,0,0
2018-05-06,23.02,13.16,1019.78,52.05,256.8,5.8,1.73,3.85,7.12,10.89,19.0,40.94,66.24,0.277,0,1,0,0,0,1
2018-05-07,40.95,74.75,973.77,104.31,765.4,42.7,0.53,1.11,1.59,2.74,4.16,7.86,9.97,0.05,2,0,1,2,2,3
2018-05-07,46.39,51.97,994.12,54.65,1484.0,43.3,0.71,1.77,2.98,5.35,7.88,14.11,17.82,0.05,3,0,1,1,2,3
2018-05-08,44.84,64.3,941.67,140.52,452.3,9.8,0.02,0.05,0.11,0.16,0.25,0.48,1.05,0.05,3,0,0,3,2,3
2018-05-08,28.98,97.41,941.6,127.52,1158.1,22.6,2.49,3.07,4.36,8.59,10.96,14.61,30.46,0.4,0,0,1,3,0,2
2018-05-09,42.44,17.08,991.04,85.57,2464.4,25.3,5.15,6.93,15.04,28.64,45.76,112.32,206.77,0.95,5,2,2,1,2,0
2018-05-09,35.79,27.36,996.09,16.8,2453.2,25.4,2.08,2.84,6.2,11.02,15.34,36.13,63.34,0.201,8,0,1,0,2,2
2018-05-10,46.53,52.64,972.67,56.57,2413.3,40.5,1.93,3.49,5.02,7.78,13.03,19.02,36.01,0.05,5,0,1,1,3,3
2018-05-11,28.4,97.85,940.47,97.26,1968.4,6.7,0.21,0.46,0.65,1.21,1.66,3.17,5.03,0.239,0,0,0,2,0,2
2018-05-11,6.34,58.95,942.22,90.19,1062.9,47.0,10.41,24.61,43.87,75.28,130.03,177.02,367.0,0.95,0,3,3,3,0,0
2018-05-12,36.91,16.67,1027.89,3.2,1068.7,10.8,3.12,3.94,7.25,8.21,14.6,33.73,50.95,0.054,2,0,0,0,1,2
2018-05-12,7.99,38.82,941.66,159.72,1818.0,43.9,0.08,0.1,0.13,0.16,0.19,0.4,0.71,0.119,0,0,1,3,0,2
2018-05-12,33.92,88.49,984.21,1.6,1291.4,46.6,3.35,4.54,7.54,10.3,11.77,29.36,51.45,0.446,0,0,1,0,1,2
2018-05-13,17.29,82.93,1018.3,155.66,1310.6,38.9,0.95,1.8,2.45,3.69,4.17,9.93,16.56,0.352,0,0,1,2,0,1
2018-05-13,37.52,52.8,967.25,147.58,936.8,19.3,0.28,0.38,0.47,0.73,1.12,1.96,3.11,0.05,4,0,0,2,1,3
2018-05-13,12.56,29.64,965.27,6.79,1320.1,8.7,1.11,2.51,4.23,8.31,11.42,21.41,40.96,0.296,0,0,0,1,0,1
2018-05-14,10.1,55.19,970.74,113.13,1888.3,41.1,0.27,0.47,0.71,0.79,1.05,1.33,2.44,0.191,0,0,1,2,0,2
2018-05-15,6.79,45.13,1015.27,140.23,2238.5,26.3,0.61,0.92,1.27,1.98,3.03,5.51,10.91,0.23,0,0,0,1,0,2
2018-05-17,26.61,43.17,984.39,21.82,667.6,39.1,0.2,0.29,0.53,0.69,0.97,1.22,1.88,0.05,0,0,1,0,0,2
2018-05-17,14.48,85.2,954.77,105.82,1246.0,49.0,3.13,4.55,7.6,11.13,17.86,37.27,80.36,0.817,0,1,2,2,0,0
2018-05-18,46.72,39.95,1006.7,41.43,2196.5,26.3,19.71,29.88,65.09,109.47,122.91,198.12,331.34,0.95,9,3,3,1,3,1
2018-05-18,19.38,46.57,987.36,64.1,1563.6,4.8,12.51,29.89,59.1,71.82,96.59,183.69,263.3,0.95,0,3,2,2,0,0
2018-05-19,28.3,26.81,941.55,32.74,151.9,2.1,0.95,1.36,2.95,3.28,4.25,9.09,17.6,0.05,0,0,0,1,0,2
2018-05-19,15.6,24.16,981.77,68.79,2119.0,20.7,0.78,1.37,2.83,5.15,8.72,14.97,25.2,0.133,0,0,0,1,0,2
2018-05-19,11.45,92.53,956.47,158.12,1700.5,2.0,11.1,27.63,50.87,72.4,82.39,189.76,308.73,0.95,0,3,2,3,0,0
2018-05-20,14.99,64.86,996.43,130.97,1749.0,47.9,1.42,2.82,5.15,8.64,13.58,20.19,27.66,0.359,0,0,1,2,0,1
2018-05-21,22.08,44.52,1028.06,86.75,1487.3,23.8,0.28,0.51,0.65,1.15,1.83,2.78,5.27,0.05,0,0,0,1,0,2
2018-05-21,40.68,14.23,1008.01,150.74,2427.3,41.1,0.33,0.82,1.51,2.72,4.48,8.31,13.1,0.05,9,0,1,2,2,3
2018-05-21,45.08,79.41,956.84,159.79,1206.6,19.9,0.04,0.1,0.17,0.27,0.39,0.94,1.55,0.05,2,0,0,3,2,3
2018-05-21,41.3,92.56,957.62,111.28,381.5,41.6,2.06,4.26,5.9,6.67,10.98,25.08,49.86,0.382,9,0,1,2,3,2
2018-05-21,17.66,44.14,974.88,56.72,1544.3,35.3,0.95,1.99,2.96,4.53,6.24,9.12,16.22,0.152,0,0,1,1,0,2
2018-05-21,43.41,20.44,948.09,155.0,1231.7,46.4,3.56,8.87,14.3,17.15,28.26,62.68,125.05,0.502,8,1,2,3,3,1
2018-05-21,11.63,47.25,970.63,8.5,1752.1,11.4,0.08,0.18,0.39,0.57,0.86,1.8,2.93,0.14,0,0,0,0,0,2
2018-05-21,5.01,45.52,1013.3,132.24,1211.3,34.5,0.31,0.65,1.27,1.53,1.79,4.09,4.92,0.21,0,0,1,1,0,2
2018-05-22,28.77,40.63,961.37,122.03,2144.8,21.6,4.1,10.07,14.16,18.5,21.29,36.88,71.19,0.39,0,0,1,2,0,1
2018-05-22,43.58,67.85,961.01,107.3,1768.9,9.6,1.7,3.96,6.99,9.07,16.17,38.43,55.47,0.273,2,0,0,2,2,2
2018-05-22,36.73,68.85,962.81,127.55,882.4,35.3,5.31,7.01,9.09,12.21,15.06,25.54,43.67,0.268,2,0,1,2,1,2
2018-05-22,25.55,81.73,1003.71,96.26,871.7,30.0,1.6,3.58,6.38,11.87,19.51,41.65,67.81,0.605,0,1,1,1,0,1
2018-05-22,22.65,54.37,1008.3,17.89,2020.3,1.2,4.88,9.94,21.21,23.8,33.58,67.09,116.1,0.819,0,1,1,0,0,0
2018-05-23,41.29,73.02,1007.24,69.35,2373.1,26.2,6.66,12.44,18.45,33.88,51.61,96.08,169.47,0.95,6,2,2,1,2,0
2018-05-23,37.12,54.73,1029.17,52.1,1633.1,44.3,3.28,6.71,11.85,15.33,26.32,38.65,61.18,0.31,7,0,1,0,2,2
2018-05-23,8.52,13.27,965.08,64.62,1568.1,40.8,1.14,2.44,4.34,8.59,11.31,24.99,30.94,0.187,0,0,1,1,0,2
2018-05-23,14.62,46.72,948.21,86.3,867.5,29.6,0.91,1.74,3.53,5.95,9.27,19.27,39.0,0.347,0,0,1,2,0,1
2018-05-24,25.89,41.94,990.24,118.07,2149.7,32.7,0.56,0.86,1.43,2.36,3.63,8.49,13.58,0.05,0,0,0,2,0,2
2018-05-25,30.77,64.09,962.06,103.04,869.8,15.4,3.7,6.89,10.26,17.16,19.2,31.47,62.56,0.43,0,0,1,2,0,1
2018-05-25,8.8,20.33,981.28,116.11,2130.1,3.4,3.14,4.39,7.46,11.45,14.39,26.04,43.33,0.302,0,0,0,2,0,1
2018-05-25,18.19,17.55,1028.59,132.09,1217.1,22.6,0.77,1.89,2.36,2.61,3.64,4.57,6.98,0.05,0,0,0,1,0,2
2018-05-25,46.84,90.17,1011.78,96.39,1482.5,28.4,7.64,9.34,11.34,14.04,21.83,44.52,77.97,0.502,7,1,1,1,3,2
2018-05-25,13.37,87.28,984.7,23.55,484.0,11.0,7.88,16.19,29.38,47.83,67.15,131.41,198.94,0.95,0,2,2,1,0,0
2018-05-25,12.04,82.65,967.55,80.57,444.1,27.4,4.99,8.23,16.89,23.82,40.71,94.47,125.39,0.95,0,1,2,2,0,0
2018-05-26,16.77,19.62,1022.69,19.66,1824.1,25.3,1.4,3.18,6.45,11.81,18.04,26.62,42.85,0.216,0,0,1,0,0,1
2018-05-27,22.38,56.15,970.05,54.54,796.3,41.1,13.18,25.22,40.29,55.41,69.21,89.72,150.01,0.95,0,2,3,2,0,0
2018-05-27,23.28,65.4,978.57,40.08,57.1,37.6,2.51,3.11,5.3,9.88,13.77,30.43,65.86,0.533,0,1,1,1,0,1
2018-05-27,15.03,60.13,962.31,98.71,1589.8,20.6,1.74,4.32,8.95,17.79,30.67,48.14,58.72,0.542,0,1,1,2,0,1
2018-05-28,29.11,35.21,995.49,114.01,1946.5,43.2,1.5,3.55,4.84,8.18,12.03,20.21,37.11,0.132,0,0,1,1,0,2
2018-05-28,43.29,38.77,944.18,104.5,580.7,9.3,7.0,10.45,12.97,21.41,30.61,69.22,127.51,0.611,7,1,1,2,3,1
2018-05-28,6.78,70.34,968.75,125.58,1445.0,11.0,4.34,7.71,9.97,19.03,29.3,56.03,69.85,0.75,0,1,1,2,0,0
2018-05-29,25.81,82.45,941.95,37.14,2299.4,15.6,0.04,0.09,0.17,0.22,0.29,0.41,0.8,0.159,0,0,0,1,0,2
2018-05-29,38.4,10.37,954.99,40.59,687.2,1.2,0.25,0.58,0.86,1.45,1.91,2.34,3.35,0.05,7,0,0,1,2,3
2018-05-29,22.28,19.54,956.48,43.67,2026.6,45.8,9.09,21.3,42.35,59.23,97.53,143.97,233.6,0.95,0,3,3,2,0,0
2018-05-29,23.2,42.7,1001.84,17.62,1527.9,16.5,2.79,6.15,13.47,16.64,19.79,31.79,49.98,0.315,0,0,1,0,0,1
2018-05-29,43.23,45.87,994.42,85.44,848.1,22.3,1.22,2.76,4.61,5.43,9.33,20.61,38.32,0.053,4,0,0,1,2,3
2018-05-30,41.92,25.55,1025.54,42.57,1992.4,47.7,0.19,0.27,0.43,0.58,1.03,2.06,3.52,0.05,5,0,1,0,2,3
2018-05-30,25.28,60.05,979.63,58.37,971.3,28.6,1.82,3.35,6.16,7.59,11.14,18.96,38.11,0.301,0,0,1,1,0,1
2018-05-30,26.69,77.99,1007.96,87.52,1776.8,43.1,0.59,1.22,2.43,3.4,5.44,11.1,21.71,0.268,0,0,1,1,0,2
2018-05-30,26.23,35.51,999.04,151.86,63.4,10.8,4.92,8.01,17.01,26.24,37.94,78.97,135.89,0.821,0,2,1,2,0,0
2018-05-30,40.64,15.54,955.9,95.29,952.7,40.2,2.12,3.66,6.74,12.24,13.83,31.17,44.03,0.05,9,0,1,2,2,3
2018-05-31,22.68,18.18,998.0,127.65,2088.8,33.8,2.79,5.11,6.81,8.96,11.99,24.72,48.21,0.186,0,0,1,2,0,1
2018-06-01,15.21,65.03,1020.85,74.28,385.0,30.2,2.07,3.06,5.97,10.75,14.25,20.82,27.39,0.356,0,0,1,1,0,1
2018-06-01,27.94,39.42,1011.67,142.29,119.5,20.4,1.26,1.82,3.48,4.43,7.62,9.66,17.89,0.05,0,0,0,2,0,2
2018-06-02,5.0,31.62,990.21,114.65,1124.9,8.4,0.08,0.18,0.36,0.46,0.79,1.29,2.45,0.124,0,0,0,2,0,2
2018-06-02,16.25,74.82,946.59,116.8,151.4,1.3,0.94,1.85,3.78,5.77,10.1,20.59,39.1,0.472,0,1,0,2,0,1
2018-06-03,25.15,46.51,982.17,105.82,987.8,26.0,2.32,4.08,8.71,15.83,24.88,56.86,123.59,0.805,0,1,1,2,0,0
2018-06-03,15.64,28.28,962.93,72.14,1453.5,3.2,2.31,4.89,6.32,8.45,13.73,33.08,43.6,0.276,0,0,0,2,0,1
2018-06-03,14.47,24.6,977.08,100.22,1668.9,49.9,0.54,0.77,1.39,1.77,2.95,6.74,14.73,0.076,0,0,1,2,0,2
2018-06-04,20.61,38.85,940.71,121.47,1054.6,10.2,2.04,3.0,5.11,10.06,13.25,29.62,50.35,0.324,0,0,0,3,0,1
2018-06-04,46.52,67.53,1018.92,129.53,124.3,49.3,0.8,1.7,3.58,4.52,7.11,11.96,16.24,0.05,2,0,1,1,2,3
2018-06-05,17.96,20.19,992.44,52.62,602.0,40.8,6.27,10.01,14.21,18.42,28.78,51.89,88.86,0.514,0,1,2,1,0,0
2018-06-05,26.88,93.77,979.7,29.31,192.7,35.0,2.3,4.41,7.17,13.22,17.35,28.81,35.25,0.435,0,1,1,1,0,1
2018-06-06,44.6,40.53,993.22,83.21,582.5,29.0,6.28,12.43,21.29,41.96,50.72,119.67,214.31,0.95,8,2,2,1,3,0
2018-06-06,19.67,63.41,965.01,140.35,868.7,4.8,3.97,8.3,14.56,19.5,32.89,74.35,116.54,0.897,0,1,1,3,0,0
2018-06-06,46.71,76.35,989.74,63.62,1424.7,24.0,2.09,4.65,8.31,11.63,13.83,29.15,51.69,0.259,6,0,1,1,3,3
2018-06-06,12.22,78.84,1023.09,15.06,522.3,48.6,0.76,1.38,2.35,3.87,6.4,11.46,14.2,0.367,0,0,1,0,0,2
2018-06-06,9.51,88.75,968.54,71.96,2408.6,50.0,1.28,2.63,5.2,7.8,9.24,13.89,26.43,0.525,0,0,1,1,0,1
2018-06-07,46.09,86.91,1021.56,155.49,704.9,37.9,2.68,4.87,8.05,15.7,24.8,56.46,97.01,0.62,7,1,2,2,3,2
2018-06-08,46.44,60.69,1028.94,155.36,2117.2,8.4,6.74,10.41,20.47,38.34,49.75,118.32,165.41,0.942,8,2,2,2,3,1
2018-06-08,31.98,44.69,949.76,146.01,691.0,6.3,0.18,0.29,0.44,0.7,1.23,2.92,5.38,0.05,0,0,0,3,0,2
2018-06-09,7.21,84.51,943.16,114.09,1407.5,39.2,0.1,0.14,0.22,0.26,0.37,0.68,1.0,0.357,0,0,1,2,0,2
2018-06-09,24.68,29.24,989.17,111.3,1826.5,12.3,2.53,4.07,7.65,10.46,12.04,20.96,27.39,0.082,0,0,0,2,0,2
2018-06-09,34.92,53.42,1016.78,158.51,577.1,3.6,1.16,2.44,4.98,9.37,13.77,19.84,24.27,0.08,0,0,0,2,0,2
2018-06-09,25.11,51.23,1018.76,102.35,1036.4,45.2,3.46,8.15,10.23,16.05,27.23,48.79,102.65,0.689,0,1,2,1,0,0
2018-06-10,44.84,76.76,1008.39,146.17,1451.0,8.2,5.7,12.84,15.46,24.6,34.76,83.47,115.35,0.704,5,1,1,2,3,1
2018-06-10,16.68,43.61,963.94,48.93,28.1,5.9,1.92,4.76,7.59,11.41,19.97,35.45,47.64,0.369,0,1,0,1,0,1
2018-06-10,39.08,14.28,1019.54,83.73,23.2,44.3,0.37,0.57,1.07,1.19,1.4,3.24,4.76,0.05,2,0,1,1,1,3
2018-06-11,43.11,79.46,978.09,78.39,1252.0,25.3,7.65,11.57,22.87,40.49,45.64,110.27,212.67,0.95,8,2,2,2,3,0
2018-06-12,31.13,72.04,955.29,22.07,889.0,30.9,1.33,2.33,3.31,4.81,7.27,9.95,15.57,0.153,0,0,1,1,0,2
2018-06-12,31.95,21.47,1015.06,112.16,827.0,36.1,8.01,15.69,29.45,56.86,73.02,137.88,234.17,0.95,0,2,3,1,0,0
2018-06-12,44.04,88.88,997.98,150.02,1769.5,33.7,1.94,3.19,6.58,11.36,12.57,31.05,59.89,0.403,6,0,1,2,3,2
2018-06-12,23.48,78.17,969.9,38.96,2340.8,4.7,3.03,3.72,8.12,11.97,17.61,23.07,27.77,0.341,0,0,0,1,0,1
2018-06-13,42.36,34.11,1020.4,70.41,1013.3,37.2,4.86,7.2,14.17,27.68,48.31,88.42,153.99,0.774,1,1,2,1,1,0
2018-06-13,9.62,75.53,941.59,115.49,1268.2,1.8,0.5,0.92,1.58,1.86,2.65,5.86,7.15,0.329,0,0,0,2,0,2
2018-06-14,5.83,25.41,1029.35,143.79,241.0,20.9,1.82,2.78,4.44,7.4,10.49,17.32,34.84,0.301,0,0,0,1,0,1
2018-06-14,12.8,13.4,943.51,147.5,204.5,29.2,0.52,0.95,1.35,2.68,3.44,7.48,11.56,0.05,0,0,0,3,0,2
2018-06-14,34.54,87.61,964.9,151.86,1762.3,8.5,1.22,2.24,3.08,4.21,7.44,9.81,13.9,0.185,0,0,0,3,1,2
2018-06-15,8.77,53.11,1013.24,1.74,1208.6,40.2,0.63,1.03,1.96,2.33,3.68,5.86,8.21,0.233,0,0,1,0,0,2
2018-06-17,25.86,32.08,972.44,53.16,667.7,29.2,0.2,0.31,0.48,0.66,0.8,0.99,2.05,0.05,0,0,0,1,0,2
2018-06-17,9.9,47.66,958.4,86.02,675.6,19.3,6.58,12.14,18.3,22.91,29.98,56.32,77.13,0.654,0,1,1,2,0,0
2018-06-17,40.14,88.34,987.29,46.72,441.0,25.1,0.04,0.11,0.22,0.31,0.49,0.72,1.27,0.05,1,0,0,1,2,3
2018-06-17,18.98,12.74,962.16,127.47,2470.0,33.8,0.07,0.17,0.29,0.41,0.53,1.06,2.0,0.05,0,0,0,2,0,2
2018-06-17,47.46,22.59,998.8,78.28,355.9,22.0,7.39,13.64,16.93,24.26,41.9,96.24,136.7,0.55,6,1,2,1,3,1
2018-06-18,9.54,12.8,949.9,68.29,1343.8,49.4,2.26,3.36,6.61,10.38,15.61,21.71,36.34,0.211,0,0,1,2,0,1
2018-06-18,8.81,45.82,977.5,94.39,1286.5,26.0,0.34,0.51,0.93,1.62,2.46,5.28,7.52,0.191,0,0,0,1,0,2
2018-06-18,46.57,29.41,994.45,2.67,1615.6,5.8,4.27,7.17,11.75,18.62,31.93,41.37,75.75,0.186,8,0,0,0,3,2
2018-06-19,27.37,91.65,990.01,109.05,1822.1,10.8,1.35,2.34,3.31,4.77,5.5,12.32,25.03,0.351,0,0,0,1,0,2
2018-06-19,12.21,93.23,942.82,135.53,2309.9,31.8,2.57,6.07,12.41,15.18,19.96,43.61,64.43,0.774,0,1,1,3,0,0
2018-06-20,8.58,91.16,970.13,71.23,97.8,8.1,3.52,7.28,15.25,25.37,28.58,59.21,91.63,0.95,0,2,1,1,0,0
2018-06-20,22.32,53.68,980.61,97.67,1140.2,48.6,2.16,2.71,5.04,6.45,10.9,17.49,28.24,0.233,0,0,1,2,0,1
2018-06-21,8.74,89.79,955.3,118.4,970.4,5.6,1.88,3.19,6.08,8.79,10.74,18.47,38.28,0.617,0,0,0,2,0,1
2018-06-21,30.73,21.32,940.79,11.21,1692.8,11.6,1.59,3.82,7.31,11.21,19.21,44.73,56.55,0.176,0,0,0,1,0,2
2018-06-21,36.6,23.22,966.33,62.72,1028.7,11.7,1.12,2.57,4.64,9.27,16.28,37.11,72.73,0.235,2,0,0,1,1,2
2018-06-21,13.38,74.66,991.17,92.34,355.6,6.2,0.22,0.37,0.66,0.92,1.09,1.53,2.0,0.253,0,0,0,1,0,2
2018-06-21,35.89,21.06,1027.37,130.35,1551.8,17.3,1.92,4.51,6.65,10.15,15.71,38.21,60.85,0.152,4,0,0,1,1,2
2018-06-21,24.12,48.9,951.92,102.49,764.9,20.8,0.01,0.01,0.02,0.03,0.03,0.08,0.11,0.05,0,0,0,2,0,2
2018-06-22,24.17,69.11,961.14,119.5,1697.1,13.4,0.87,2.13,2.73,3.15,5.25,8.17,17.11,0.218,0,0,0,2,0,2
2018-06-23,30.94,79.23,990.89,116.34,708.0,25.1,0.35,0.74,1.41,1.93,3.38,8.13,15.18,0.188,0,0,0,2,0,2
2018-06-23,13.17,52.9,1005.75,96.42,413.4,8.0,2.74,4.6,10.04,19.06,22.18,52.16,73.82,0.625,0,1,1,1,0,0
2018-06-24,18.24,77.4,1021.75,71.51,568.3,36.1,4.83,5.94,9.79,16.3,22.19,33.24,42.94,0.491,0,0,1,1,0,1
2018-06-24,34.51,83.44,1009.68,158.2,215.4,2.8,0.33,0.55,0.89,1.77,3.09,7.66,15.35,0.174,0,0,0,2,1,2
2018-06-25,15.79,69.15,1028.99,35.3,2263.5,35.4,0.15,0.33,0.62,0.92,1.58,2.11,3.12,0.209,0,0,1,0,0,2
2018-06-25,23.19,87.82,967.64,28.92,323.4,42.9,6.04,14.36,28.81,37.77,57.15,99.64,132.66,0.95,0,2,3,1,0,0
2018-06-25,25.88,41.52,994.95,97.25,2499.0,20.8,1.94,4.71,7.17,14.22,17.71,36.45,56.51,0.326,0,0,1,1,0,1
2018-06-27,40.5,77.66,953.34,34.34,541.4,45.7,1.16,1.5,2.07,3.69,6.47,14.23,20.07,0.117,6,0,1,1,2,3
2018-06-27,6.69,37.43,946.99,45.48,1041.3,22.4,7.24,14.09,17.44,25.34,31.6,77.93,101.29,0.796,0,1,2,2,0,0
2018-06-28,43.38,33.85,1011.01,115.87,2374.5,5.0,0.94,2.34,4.55,6.79,12.02,17.45,24.59,0.05,2,0,0,1,2,3
2018-06-29,5.43,33.74,1012.65,135.22,2107.7,49.8,7.15,17.78,28.18,48.55,76.67,168.52,291.44,0.95,0,3,3,2,0,0
2018-06-30,35.17,56.13,953.68,66.71,524.2,37.2,1.41,3.28,5.88,10.14,12.29,14.79,24.92,0.095,9,0,1,2,2,2
2018-07-01,8.68,99.77,944.7,116.2,699.1,27.8,2.17,3.11,6.07,7.55,12.36,14.95,31.21,0.62,0,0,1,3,0,1
2018-07-01,15.85,18.21,1012.41,151.54,1074.6,28.0,2.94,5.44,10.62,19.95,22.72,31.1,45.92,0.239,0,0,1,2,0,1
2018-07-01,46.68,11.79,944.13,4.58,385.9,45.7,3.95,8.01,14.47,27.41,33.08,41.37,71.44,0.068,6,0,1,1,3,3
2018-07-02,22.71,50.52,963.47,28.94,346.2,32.7,1.97,2.6,5.13,8.1,14.57,27.87,44.25,0.32,0,0,1,1,0,1
2018-07-02,22.43,73.5,961.82,104.39,621.2,15.7,6.46,7.79,10.18,18.3,27.27,51.82,113.54,0.9,0,1,1,2,0,0
2018-07-02,15.69,45.06,991.53,80.8,590.7,42.8,1.64,3.25,6.17,9.4,15.89,33.79,69.45,0.531,0,0,1,1,0,1
2018-07-02,24.87,86.55,980.94,158.26,918.5,14.6,2.28,3.96,5.05,9.73,11.99,20.04,39.22,0.446,0,0,0,2,0,1
2018-07-03,13.79,60.64,962.67,13.93,149.6,35.5,0.61,1.28,1.64,3.08,3.85,7.12,12.27,0.247,0,0,1,1,0,2
2018-07-04,21.37,79.28,954.76,138.87,1339.2,7.1,4.14,7.53,15.64,29.87,36.19,79.1,114.86,0.948,0,1,1,3,0,0
2018-07-04,45.38,35.64,1015.88,72.88,2393.8,33.8,1.31,3.11,3.94,5.86,6.46,14.86,22.05,0.05,8,0,1,1,3,3
2018-07-05,31.5,72.49,973.15,49.3,2023.9,38.9,2.12,4.22,7.56,9.99,13.72,22.52,37.73,0.299,0,0,1,1,0,2
2018-07-05,36.15,20.58,981.12,51.19,2208.7,43.2,6.26,14.55,21.99,33.65,50.44,62.28,108.91,0.468,5,1,2,1,1,1
2018-07-06,46.56,20.35,955.25,155.0,487.0,39.3,1.29,2.79,5.12,7.52,8.63,11.95,15.91,0.05,6,0,1,3,3,3
2018-07-07,45.75,47.19,1016.57,89.91,150.2,16.9,0.27,0.65,1.17,2.11,3.6,7.92,13.68,0.05,1,0,0,1,2,3
2018-07-07,5.3,34.52,991.65,125.37,207.0,3.0,2.69,4.04,5.8,11.31,16.88,24.78,47.89,0.439,0,1,0,2,0,1
2018-07-08,12.51,40.4,941.56,115.49,1836.3,42.5,3.94,6.85,11.83,17.42,20.9,48.66,70.23,0.545,0,1,2,3,0,1
2018-07-08,29.7,63.65,1002.84,1.63,2329.9,41.0,0.93,1.92,3.59,5.35,9.5,18.23,32.28,0.236,0,0,1,0,0,2
2018-07-09,13.09,29.59,952.08,103.51,368.7,27.3,1.64,3.25,4.8,7.8,11.1,13.42,23.05,0.171,0,0,1,2,0,2
2018-07-10,37.63,60.9,977.32,143.47,191.5,44.4,0.13,0.22,0.3,0.38,0.66,1.03,1.38,0.05,7,0,1,2,2,3
2018-07-10,8.44,97.02,967.52,131.99,2051.0,41.9,7.19,15.01,25.98,49.45,56.16,101.54,214.12,0.95,0,2,3,3,0,0
2018-07-10,11.28,73.79,1001.88,104.26,1628.4,33.3,4.13,6.53,8.22,16.1,24.62,34.55,48.16,0.577,0,0,1,1,0,1
2018-07-11,29.35,16.38,1007.77,57.77,72.2,16.2,1.88,2.96,6.03,9.42,11.81,18.61,23.76,0.05,0,0,0,1,0,2
2018-07-11,17.57,46.16,970.01,5.38,369.1,45.5,0.86,1.48,2.52,3.74,5.0,7.81,17.01,0.168,0,0,1,0,0,2
2018-07-11,40.48,62.67,1008.7,129.94,1552.2,43.0,1.16,1.75,3.14,3.54,4.43,7.59,10.85,0.05,9,0,1,1,3,3
2018-07-11,30.88,26.51,1014.55,138.52,2168.5,5.8,6.78,9.95,16.73,22.31,35.21,64.39,141.63,0.768,0,1,1,2,0,0
2018-07-11,35.55,60.83,962.65,105.1,2055.4,39.7,2.41,5.24,8.59,10.39,17.62,36.39,61.91,0.361,3,0,1,2,1,2
2018-07-12,33.14,33.8,976.05,159.53,1302.2,49.7,0.01,0.03,0.05,0.09,0.1,0.23,0.5,0.05,0,0,1,2,0,3
2018-07-13,18.57,82.97,975.12,60.28,320.9,31.8,0.47,1.14,2.33,4.19,7.24,10.0,13.84,0.321,0,0,1,1,0,2
2018-07-13,15.83,42.55,1026.48,49.49,2280.9,47.5,2.17,3.69,4.95,9.07,11.31,26.22,53.36,0.41,0,0,1,0,0,1
2018-07-13,11.3,74.6,1001.22,11.63,906.2,41.2,3.17,4.16,7.22,9.72,13.84,27.19,32.98,0.48,0,0,1,0,0,1
2018-07-13,32.93,14.01,970.67,48.07,1022.2,39.8,5.2,12.89,26.56,34.94,55.93,79.84,156.28,0.783,0,2,2,1,0,0
2018-07-14,22.17,97.56,1002.33,118.14,1603.8,42.0,5.54,6.96,15.11,22.05,38.78,52.33,99.71,0.931,0,1,2,2,0,0
2018-07-14,35.39,89.79,1023.98,21.26,2008.9,18.3,1.76,3.49,5.89,6.54,10.72,18.75,31.57,0.306,9,0,0,0,2,2
2018-07-15,18.42,76.82,994.55,130.65,1083.1,34.4,0.25,0.3,0.64,1.09,1.93,4.37,7.95,0.253,0,0,1,2,0,2
2018-07-15,28.09,27.21,979.28,60.82,1568.8,36.3,10.85,21.61,42.19,54.17,66.77,94.07,135.27,0.757,0,2,2,2,0,0
2018-07-15,18.13,10.61,948.48,149.05,1582.6,31.2,3.65,7.33,13.37,25.48,31.25,76.9,100.63,0.543,0,1,2,3,0,0
2018-07-15,17.32,56.5,1026.45,50.03,2430.0,38.5,0.06,0.14,0.27,0.34,0.56,1.04,1.52,0.119,0,0,1,0,0,2
2018-07-15,10.54,46.98,993.38,72.86,1700.6,32.3,1.67,3.11,4.93,7.16,11.24,17.68,25.49,0.299,0,0,1,1,0,1
2018-07-16,32.17,44.05,974.86,37.82,120.3,34.2,2.09,4.3,8.64,13.23,18.48,38.75,71.21,0.373,0,1,1,1,0,1
2018-07-16,17.57,18.09,1018.73,32.75,1551.0,49.1,0.84,1.38,1.93,2.25,2.51,5.17,9.92,0.05,0,0,1,0,0,2
2018-07-17,19.73,81.42,1025.93,97.36,995.5,27.8,1.09,2.05,2.73,3.75,4.19,7.49,14.68,0.308,0,0,1,1,0,2
2018-07-19,41.37,82.38,956.52,154.36,2280.5,10.4,5.23,10.91,23.77,39.83,53.77,74.17,117.55,0.782,9,1,1,3,3,1
2018-07-19,46.59,20.61,998.14,154.09,1393.4,20.8,0.21,0.47,0.87,1.5,2.55,3.31,5.38,0.05,7,0,0,2,3,3
2018-07-19,44.84,34.36,988.75,73.49,2125.0,0.6,1.32,3.3,7.05,8.9,13.39,18.31,24.95,0.05,5,0,0,1,2,3
2018-07-19,8.25,29.81,961.27,135.4,1156.6,15.2,0.39,0.54,1.18,1.75,2.83,5.75,9.01,0.127,0,0,0,2,0,2
2018-07-19,18.21,59.29,965.38,46.63,2232.9,29.0,2.39,4.59,5.8,7.97,10.84,26.28,51.27,0.456,0,0,1,1,0,1
2018-07-20,12.78,45.48,1014.4,28.06,2082.0,44.4,3.05,4.64,9.35,12.87,18.52,31.57,40.59,0.37,0,0,1,0,0,1
2018-07-20,33.37,84.08,956.84,112.13,1892.3,3.0,2.34,3.93,6.28,8.04,12.54,22.36,44.01,0.38,0,0,0,2,1,2
2018-07-20,32.69,65.8,973.41,111.84,224.1,33.8,0.86,1.67,2.03,2.94,3.61,6.49,11.15,0.076,0,0,1,2,0,2
2018-07-21,43.31,25.04,982.76,100.0,1530.2,13.3,1.52,3.06,6.08,7.29,10.46,20.33,34.27,0.05,5,0,0,2,2,3
2018-07-22,39.22,75.01,1029.99,2.52,89.7,25.7,2.85,4.57,6.07,11.7,14.97,27.7,41.93,0.262,5,1,1,0,2,2
2018-07-22,8.12,53.58,960.68,136.83,1920.9,36.5,0.33,0.68,0.89,1.14,1.99,4.24,6.29,0.229,0,0,1,2,0,2
2018-07-22,21.25,72.91,970.49,150.27,419.4,20.1,2.87,4.48,7.65,10.48,11.87,25.44,55.51,0.522,0,0,1,3,0,1
2018-07-23,23.93,66.24,947.03,44.72,1838.7,28.4,0.85,1.82,2.99,5.5,9.18,11.43,23.38,0.248,0,0,1,1,0,2
2018-07-23,22.94,90.62,1012.89,21.73,553.7,7.5,3.3,5.37,8.99,15.11,18.03,31.04,55.63,0.595,0,0,1,0,0,1
2018-07-24,17.56,87.05,1016.94,114.44,2185.3,21.5,1.08,1.97,3.12,5.01,6.11,10.77,21.46,0.403,0,0,1,1,0,1
2018-07-25,27.59,90.98,1011.53,111.58,2046.9,19.7,0.93,1.29,1.61,2.67,4.35,5.89,10.51,0.249,0,0,0,1,0,2
2018-07-25,31.07,37.56,966.19,133.69,127.4,9.7,3.63,5.17,6.85,12.72,22.37,49.68,71.84,0.356,0,1,1,2,0,1
2018-07-25,46.9,29.96,1008.89,20.79,1590.3,18.9,3.2,5.56,11.28,18.74,27.24,64.44,137.35,0.596,5,1,1,0,3,1
2018-07-26,13.49,12.08,991.55,119.02,443.6,47.2,5.36,11.88,14.9,20.14,28.68,42.27,79.5,0.455,0,1,2,2,0,1
2018-07-27,15.07,43.05,981.2,32.36,984.2,17.4,3.69,8.78,17.13,19.97,28.56,64.25,85.81,0.637,0,1,1,1,0,0
2018-07-27,21.46,26.06,953.92,9.82,2446.9,7.5,0.47,1.17,1.59,2.57,2.87,5.85,7.4,0.05,0,0,0,1,0,2
2018-07-28,34.09,33.63,995.47,127.59,1819.2,48.8,4.8,9.44,16.85,21.84,33.19,58.28,91.11,0.435,0,1,2,2,0,1
2018-07-28,9.48,90.53,1019.13,11.34,1332.6,48.2,12.71,18.08,36.81,49.51,84.06,135.04,250.84,0.95,0,3,3,0,0,0
2018-07-28,13.34,63.94,979.07,138.1,1762.8,27.0,0.79,1.86,3.15,5.76,7.66,15.44,30.89,0.392,0,0,1,2,0,1
2018-07-28,32.8,29.46,976.9,148.36,2140.0,42.4,1.08,2.63,4.98,5.82,9.66,12.54,25.13,0.05,0,0,1,2,0,2
2018-07-28,10.18,80.86,1000.53,131.38,1574.9,8.7,3.1,6.91,14.65,23.34,36.37,67.3,123.16,0.95,0,1,1,2,0,0
2018-07-28,11.16,18.48,966.74,154.01,1705.2,10.3,0.03,0.05,0.07,0.11,0.19,0.3,0.61,0.05,0,0,0,3,0,2
2018-07-29,36.89,42.33,967.22,143.06,972.3,20.3,1.97,2.86,3.73,5.49,7.31,15.86,29.11,0.05,2,0,0,2,1,2
2018-07-30,19.34,97.77,953.02,71.02,1357.8,9.3,3.85,9.04,17.72,28.02,50.3,83.29,113.13,0.95,0,1,1,2,0,0
2018-07-31,16.84,71.53,955.26,115.24,795.8,12.3,2.29,3.69,6.83,12.58,15.89,21.68,44.78,0.488,0,0,0,2,0,1
2018-08-01,12.04,83.26,971.92,23.2,2134.0,0.3,0.94,1.8,2.59,4.43,6.2,12.09,18.74,0.421,0,0,0,1,0,1
2018-08-01,19.4,17.78,944.9,21.39,439.6,28.5,6.36,12.35,22.75,38.08,53.49,115.62,221.35,0.95,0,2,2,1,0,0
2018-08-01,24.28,48.23,949.1,145.53,689.7,6.7,1.29,2.25,3.35,4.97,6.68,14.71,30.59,0.202,0,0,0,3,0,1
2018-08-01,37.62,97.84,964.15,3.57,104.9,46.0,0.64,0.87,1.92,2.17,2.69,6.44,9.39,0.176,8,0,1,1,3,3
2018-08-02,15.94,40.2,1020.39,36.83,2338.8,8.9,0.43,0.71,1.26,2.36,3.49,6.08,11.85,0.121,0,0,0,0,0,2
2018-08-02,20.16,25.75,1015.16,94.09,117.0,35.9,3.32,5.28,6.77,10.55,12.09,17.82,36.73,0.172,0,1,1,1,0,1
2018-08-02,35.21,42.86,945.47,56.65,1346.6,30.6,7.34,14.08,25.8,34.19,38.23,60.55,98.23,0.517,6,1,1,2,1,1
2018-08-02,5.62,56.57,972.01,86.85,2413.5,26.2,1.33,2.47,4.02,4.77,8.57,19.7,31.84,0.439,0,0,1,2,0,1
2018-08-03,31.53,53.47,987.89,117.96,831.7,14.4,0.57,1.33,2.33,4.42,6.27,13.44,25.89,0.125,0,0,0,2,0,2
2018-08-03,47.68,51.04,1001.44,48.35,1047.7,23.8,16.44,37.77,79.54,109.45,132.75,215.1,351.26,0.95,4,3,3,2,3,1
2018-08-04,10.18,62.81,948.9,53.41,2354.1,31.7,1.32,2.98,6.06,10.98,16.5,30.32,58.59,0.603,0,0,1,2,0,1
2018-08-04,39.4,82.15,966.3,110.44,1328.6,21.8,8.93,10.97,15.31,21.55,23.94,31.99,65.08,0.451,4,0,1,2,2,2
2018-08-05,40.52,10.74,979.7,128.4,1201.3,12.1,2.6,3.6,6.96,13.7,21.74,29.81,56.12,0.05,8,0,0,2,2,2
2018-08-06,37.87,15.09,940.83,159.32,2202.3,37.7,3.89,6.92,12.44,23.96,34.12,41.18,78.4,0.219,4,0,1,3,1,2
2018-08-06,27.83,48.52,1014.65,53.16,1445.9,21.1,1.63,2.62,3.72,7.34,8.19,19.36,29.97,0.164,0,0,0,0,0,2
2018-08-06,16.64,90.02,991.21,65.79,1016.5,46.0,1.12,1.83,2.7,4.2,6.93,12.41,19.5,0.414,0,0,1,1,0,1
2018-08-06,22.33,96.82,1019.98,85.96,121.1,47.7,2.48,5.56,8.34,12.02,18.1,27.73,55.79,0.633,0,1,2,1,0,1
2018-08-06,32.26,18.71,959.74,29.52,1557.8,4.9,5.98,14.11,26.25,41.88,67.51,89.98,179.85,0.95,0,2,2,1,0,0
2018-08-07,8.54,72.74,1022.8,136.32,1093.1,49.7,10.24,15.32,29.31,50.15,64.56,111.68,136.37,0.95,0,2,3,2,0,0
2018-08-07,26.74,18.4,974.08,30.45,971.3,49.4,1.04,1.91,3.19,5.73,6.8,15.3,31.81,0.05,0,0,1,1,0,2
2018-08-08,9.04,16.76,1007.3,92.98,842.2,29.0,0.66,0.82,1.03,1.95,2.28,4.08,5.54,0.05,0,0,0,1,0,2
2018-08-08,27.33,52.83,956.82,70.03,153.3,4.5,1.09,2.5,4.66,7.0,8.43,20.91,42.3,0.273,0,1,0,2,0,1
2018-08-08,30.07,30.33,993.58,74.55,644.2,39.9,3.03,6.68,9.92,17.02,20.6,46.98,66.15,0.292,0,0,1,1,0,1
2018-08-08,16.42,67.24,1027.51,154.21,2253.0,20.1,5.55,10.62,19.94,23.29,40.58,56.54,112.71,0.923,0,1,1,2,0,0
2018-08-08,34.38,53.78,998.84,48.8,282.2,34.9,0.16,0.34,0.62,0.93,1.13,2.16,4.72,0.05,0,0,0,1,0,3
2018-08-09,40.37,95.65,1028.96,59.5,1547.8,8.4,0.39,0.83,1.19,2.19,2.99,5.0,8.16,0.129,3,0,0,0,2,3
2018-08-10,38.34,66.33,1002.89,46.48,859.2,21.7,2.12,4.19,6.02,10.29,11.77,15.95,34.19,0.176,4,0,0,0,2,2
2018-08-10,6.72,11.67,948.65,25.33,602.6,45.2,3.46,5.17,9.58,13.37,21.57,41.41,86.43,0.567,0,1,2,1,0,0
2018-08-10,24.24,40.42,959.38,88.13,1245.0,44.9,1.12,2.71,4.21,6.51,9.62,20.29,27.39,0.142,0,0,1,2,0,2
2018-08-11,14.48,94.25,956.24,100.36,1965.5,3.1,1.3,2.15,3.52,4.06,5.8,8.72,13.84,0.419,0,0,0,2,0,1
2018-08-11,8.84,78.86,955.27,122.62,2440.5,28.8,0.74,1.52,2.53,4.47,6.05,14.18,21.87,0.452,0,0,1,2,0,1
2018-08-11,10.2,51.64,973.52,88.19,1499.1,23.5,0.83,1.85,2.99,4.84,6.03,9.56,17.75,0.274,0,0,0,1,0,2
2018-08-12,16.67,57.67,1024.24,64.7,1229.8,48.4,4.76,5.9,10.59,12.36,17.13,28.05,38.79,0.38,0,0,1,0,0,1
2018-08-14,40.49,74.97,963.72,145.2,1187.9,9.2,2.94,7.19,11.88,14.19,24.23,33.2,67.35,0.419,7,0,0,3,3,2
2018-08-14,5.96,77.85,1019.47,117.25,1524.5,11.1,2.83,6.76,10.32,17.53,28.73,42.36,84.47,0.893,0,1,1,1,0,0
2018-08-14,26.26,33.6,981.94,109.85,1967.2,30.8,0.47,0.77,1.19,1.83,2.89,3.57,7.56,0.05,0,0,0,2,0,2
2018-08-14,28.05,89.22,989.19,41.07,483.2,17.7,0.13,0.24,0.43,0.49,0.58,1.05,1.91,0.178,0,0,0,1,0,2
2018-08-16,44.46,83.27,1014.43,23.35,994.6,27.4,4.34,9.3,16.12,19.77,32.02,40.22,62.54,0.389,2,1,1,0,2,2
2018-08-16,13.46,62.67,941.44,108.16,1496.2,44.4,6.77,16.7,23.47,45.04,62.76,110.88,151.61,0.95,0,2,3,3,0,0
2018-08-17,21.36,89.58,988.71,79.93,301.3,20.8,6.97,13.46,27.78,47.72,67.5,99.19,207.73,0.95,0,2,2,1,0,0
2018-08-17,38.81,34.75,958.76,40.21,1478.9,16.4,4.84,8.35,16.95,32.3,42.57,96.81,204.19,0.95,7,2,2,1,2,0
2018-08-18,17.94,55.17,1025.94,30.42,891.8,30.4,0.82,1.91,2.86,4.47,5.53,12.94,21.55,0.24,0,0,1,0,0,2
2018-08-19,28.52,55.6,1005.01,14.95,1630.4,6.3,0.69,1.15,2.09,3.25,4.59,6.88,10.58,0.063,0,0,0,0,0,2
2018-08-20,14.2,76.42,1008.27,72.95,2365.5,49.2,1.18,2.11,4.3,7.1,10.63,22.94,43.06,0.527,0,0,2,1,0,1
2018-08-20,29.26,10.08,953.65,26.05,472.7,22.2,3.05,4.16,6.32,7.69,10.8,19.67,32.48,0.05,0,0,0,1,0,2
2018-08-21,23.01,24.09,999.1,144.98,348.7,16.8,4.38,9.22,17.55,27.54,35.9,82.55,128.09,0.744,0,1,1,2,0,0
2018-08-21,21.46,24.64,1023.43,65.05,30.0,30.2,1.4,2.08,3.9,6.7,9.55,20.61,27.82,0.094,0,1,1,0,0,2
2018-08-22,28.15,56.03,977.64,91.97,1138.4,27.5,2.08,5.18,9.47,14.64,20.18,31.84,66.9,0.445,0,0,1,2,0,1
2018-08-22,45.78,25.29,1002.41,91.84,2267.0,49.7,3.57,6.49,11.0,15.6,24.07,43.17,60.04,0.069,2,0,1,1,2,3
2018-08-22,22.16,93.93,1026.53,20.16,682.3,36.3,0.86,1.73,2.52,4.11,4.94,11.37,20.9,0.387,0,0,1,0,0,1
2018-08-22,10.17,76.96,988.93,123.96,776.1,47.6,2.56,4.56,7.84,11.26,15.33,19.48,33.84,0.509,0,0,1,2,0,1
2018-08-23,38.4,67.73,979.46,47.47,1227.3,41.9,2.35,4.8,6.27,7.52,9.89,13.69,25.8,0.127,5,0,1,1,2,3
2018-08-23,32.28,21.45,967.71,138.47,2288.1,24.3,5.02,10.48,18.39,25.28,33.06,82.27,149.64,0.782,0,1,2,3,0,0
2018-08-23,27.86,87.31,991.88,66.7,2002.7,13.0,1.96,2.94,3.67,5.14,6.16,11.96,18.68,0.283,0,0,0,1,0,2
2018-08-23,42.18,36.06,1008.8,16.87,1523.6,1.5,1.48,2.77,4.25,7.18,8.92,13.9,21.38,0.05,7,0,0,0,2,3
2018-08-23,30.87,46.8,988.44,1.72,277.2,7.6,3.61,6.3,8.0,15.74,22.15,37.32,57.11,0.306,0,1,0,0,0,1
2018-08-23,17.78,19.07,1029.4,153.61,2291.3,43.8,0.03,0.07,0.08,0.09,0.14,0.28,0.51,0.05,0,0,1,1,0,2
2018-08-23,38.2,41.45,998.59,3.34,242.9,9.8,0.96,1.56,2.3,3.47,4.58,8.87,15.24,0.05,2,0,0,0,1,3
2018-08-24,27.3,35.08,1011.62,7.48,1408.3,2.0,0.13,0.27,0.55,0.84,1.29,2.65,4.01,0.05,0,0,0,0,0,2
2018-08-24,34.96,18.82,1000.66,139.86,1674.6,22.3,0.01,0.03,0.04,0.08,0.1,0.14,0.27,0.05,0,0,0,2,0,3
2018-08-25,41.9,30.9,1006.05,137.14,1396.8,3.9,1.28,2.16,4.61,7.58,10.92,19.59,37.74,0.05,9,0,0,2,3,3
2018-08-25,34.76,32.66,1000.73,43.99,215.0,34.1,4.34,6.65,12.28,19.98,25.43,54.11,87.68,0.4,0,1,1,1,0,1
2018-08-25,27.09,12.37,1004.26,17.53,1687.5,15.7,1.67,2.87,5.67,6.55,9.65,21.86,29.32,0.05,0,0,0,0,0,2
2018-08-25,38.92,99.64,1020.03,79.78,2083.1,14.4,4.01,8.18,17.87,31.16,45.79,99.93,155.11,0.95,1,2,2,1,2,0
2018-08-26,14.22,87.59,993.73,100.11,2077.1,38.3,0.53,1.09,2.16,3.19,5.38,11.71,20.2,0.43,0,0,1,1,0,1
2018-08-27,39.91,33.9,1014.04,18.97,201.9,35.4,3.38,5.37,7.9,12.23,15.95,26.19,34.62,0.05,7,0,1,0,2,3
2018-08-27,30.07,65.09,1010.53,133.97,2015.0,1.6,4.85,10.92,20.06,30.93,37.58,54.18,85.33,0.594,0,1,1,2,0,1
2018-08-27,45.99,49.95,953.22,135.3,1660.3,11.0,1.4,2.07,2.61,3.58,5.89,12.84,18.14,0.05,6,0,0,3,3,3
2018-08-27,47.7,93.22,971.45,92.19,1102.2,39.6,3.75,5.84,11.16,15.9,27.7,57.89,111.65,0.733,1,1,2,2,3,1
2018-08-28,22.07,52.93,958.16,139.11,233.2,5.9,1.14,1.61,2.37,4.66,6.48,9.29,20.32,0.179,0,0,0,3,0,2
2018-08-28,44.11,87.33,957.99,86.92,2134.6,9.8,5.52,10.25,16.51,21.27,24.7,45.43,94.4,0.625,9,1,1,2,3,1
2018-08-29,18.34,86.67,949.6,39.46,254.0,44.6,1.85,2.78,4.62,8.8,10.25,13.4,18.29,0.372,0,0,1,1,0,1
2018-08-29,10.11,41.26,966.0,79.9,1684.7,36.8,1.94,4.16,5.28,7.17,8.64,14.32,27.4,0.288,0,0,1,2,0,1
2018-08-29,26.02,96.11,1006.63,61.77,374.8,38.4,3.65,6.6,12.12,21.8,29.03,59.44,105.9,0.926,0,1,2,1,0,0
2018-08-29,17.07,42.69,999.5,144.02,2413.5,40.6,4.22,7.48,11.51,22.92,33.61,75.32,100.34,0.712,0,1,2,2,0,0
2018-08-29,30.3,66.67,976.56,42.12,260.9,39.7,1.66,3.23,5.4,8.5,10.28,21.45,35.54,0.267,0,0,1,1,0,2
2018-08-30,34.84,41.95,1001.21,75.67,1574.5,9.0,0.43,1.02,1.26,1.65,2.29,4.44,7.43,0.05,0,0,0,1,0,3
2018-09-01,41.89,95.77,1006.06,104.18,353.0,33.6,0.3,0.73,1.16,1.65,2.77,5.77,12.6,0.144,4,0,1,1,2,3
2018-09-02,47.17,25.31,971.14,96.46,2040.8,33.3,4.84,9.75,13.17,16.71,28.82,67.03,137.76,0.573,5,1,2,2,3,1
2018-09-02,23.57,59.16,955.71,52.77,637.7,33.1,6.32,8.05,11.47,21.99,31.44,44.32,92.57,0.677,0,1,2,1,0,0
2018-09-03,10.03,35.87,942.55,8.1,1468.0,2.0,0.43,1.07,2.14,3.18,5.12,10.01,15.2,0.18,0,0,0,1,0,2
2018-09-03,40.17,55.88,964.24,109.87,1075.4,38.3,0.29,0.36,0.44,0.74,1.12,2.45,4.5,0.05,7,0,1,2,2,3
2018-09-04,22.07,92.1,1003.24,83.24,608.6,9.1,0.91,1.71,3.5,6.39,7.64,11.87,23.09,0.394,0,0,0,1,0,1
2018-09-04,26.95,57.22,964.44,9.77,560.8,9.3,5.35,6.43,11.48,20.65,36.2,69.29,125.44,0.853,0,1,1,1,0,0
2018-09-05,16.42,72.33,1026.29,89.06,1259.9,25.5,0.31,0.75,1.41,2.01,3.56,6.27,9.96,0.264,0,0,0,1,0,2
2018-09-05,36.51,45.37,957.22,133.2,582.2,4.9,4.36,9.17,19.17,23.38,27.95,33.83,54.11,0.223,4,0,0,3,1,2
2018-09-05,34.6,48.65,1025.04,137.66,1819.3,8.5,8.9,20.75,42.73,56.79,85.3,150.46,234.68,0.95,0,3,2,2,0,0
2018-09-06,20.2,93.3,987.74,136.64,716.3,4.9,1.45,3.32,5.94,10.09,11.79,21.08,31.66,0.476,0,0,0,2,0,1
2018-09-07,26.86,44.83,971.14,58.62,868.9,5.4,1.68,2.21,3.26,4.28,6.82,9.25,19.43,0.085,0,0,0,1,0,2
2018-09-07,40.99,19.36,944.07,114.49,1321.4,1.5,1.41,1.88,2.56,4.08,6.97,11.17,23.56,0.05,8,0,0,2,2,3
2018-09-08,46.67,28.13,967.13,25.78,2252.2,40.1,0.05,0.06,0.13,0.22,0.36,0.75,1.06,0.05,8,0,1,1,3,3
2018-09-09,25.95,80.42,1012.83,135.56,968.4,34.9,1.85,3.57,7.48,8.31,12.36,19.26,31.66,0.354,0,0,1,1,0,1
2018-09-09,19.85,56.76,1009.19,23.98,1414.1,36.1,2.08,2.78,3.66,5.79,8.09,10.27,21.87,0.231,0,0,1,0,0,2
2018-09-10,43.19,28.15,986.97,81.25,790.6,43.6,1.91,3.16,4.97,8.92,9.98,16.09,22.85,0.05,7,0,1,1,2,3
2018-09-10,5.5,82.53,992.31,146.41,1766.2,27.6,0.67,0.82,1.38,2.19,2.55,3.85,7.61,0.408,0,0,1,2,0,2
2018-09-11,18.72,44.51,956.74,20.73,258.6,39.0,13.19,30.02,64.39,100.23,161.78,379.25,619.94,0.95,0,3,3,2,0,0
2018-09-11,13.25,70.12,956.8,32.72,315.1,15.2,0.27,0.6,0.92,1.8,3.16,6.34,12.72,0.303,0,0,0,1,0,2
2018-09-11,14.51,69.51,946.57,39.34,441.3,6.2,1.12,1.41,3.05,4.76,6.99,13.91,17.01,0.316,0,0,0,1,0,2
2018-09-13,14.65,92.65,987.31,61.39,1187.3,43.1,0.21,0.49,0.79,1.37,2.36,4.7,8.76,0.375,0,0,1,1,0,2
2018-09-13,23.95,16.99,976.06,23.95,1856.2,3.3,0.14,0.29,0.47,0.54,0.76,1.61,2.24,0.05,0,0,0,1,0,2
2018-09-14,35.15,19.95,1005.58,79.77,1468.6,16.0,0.16,0.29,0.44,0.51,0.64,0.8,1.09,0.05,8,0,0,1,2,3
2018-09-14,33.01,70.57,941.65,65.7,1332.7,32.9,0.35,0.88,1.16,1.44,1.91,3.73,5.88,0.062,0,0,0,2,0,3
2018-09-14,13.57,48.68,1013.57,145.09,1126.6,13.3,1.78,3.64,5.03,8.75,10.86,19.33,37.96,0.361,0,0,0,2,0,1
2018-09-14,10.29,34.3,983.37,131.86,1841.2,38.6,1.72,3.98,5.39,7.71,13.08,20.34,33.48,0.292,0,0,1,2,0,1
2018-09-14,33.24,75.67,965.34,10.73,2012.1,37.0,2.8,6.95,12.99,18.56,20.47,36.9,60.0,0.446,0,0,1,1,0,1
2018-09-16,32.19,48.3,972.97,110.38,1512.6,45.5,1.03,2.54,4.67,6.12,8.39,13.24,28.28,0.108,0,0,1,2,0,2
2018-09-16,41.05,16.0,941.46,50.15,2367.6,24.7,0.85,1.32,1.77,3.41,5.92,9.93,13.64,0.05,4,0,0,2,2,3
2018-09-16,45.3,93.0,1016.42,124.46,1315.2,20.0,1.14,1.51,2.42,3.26,4.5,6.61,11.54,0.089,6,0,0,1,3,3
2018-09-17,32.87,98.15,999.29,142.42,2228.2,2.3,4.41,7.09,11.66,19.08,34.2,75.06,123.09,0.95,0,1,1,2,1,0
2018-09-18,29.59,66.7,956.7,30.66,1270.6,21.0,0.01,0.02,0.04,0.07,0.1,0.13,0.27,0.05,0,0,0,1,0,2
2018-09-18,36.69,23.33,1024.02,135.39,526.5,47.8,2.08,3.09,6.21,8.69,10.94,21.49,29.17,0.05,6,0,1,1,1,2
2018-09-19,6.33,78.46,1027.23,142.58,1064.8,26.7,1.69,3.64,5.46,9.89,12.14,20.26,44.12,0.623,0,0,1,1,0,1
2018-09-19,15.47,92.12,960.83,135.13,1722.3,42.4,0.83,1.91,3.92,4.84,7.42,12.56,22.65,0.457,0,0,1,2,0,1
2018-09-19,37.3,11.65,1007.59,105.21,1366.4,0.9,2.72,4.41,6.76,10.59,14.5,24.07,43.79,0.05,3,0,0,1,1,2
2018-09-20,23.3,85.9,978.47,123.56,894.0,0.8,0.82,1.64,3.3,4.6,7.87,16.4,33.37,0.419,0,0,0,2,0,1
2018-09-20,19.92,74.59,946.97,19.65,2015.0,29.1,7.58,13.64,17.54,24.17,30.31,62.61,78.56,0.697,0,1,2,1,0,0
2018-09-20,11.53,81.15,1004.52,30.23,2087.1,39.4,0.58,1.0,1.65,2.39,2.74,6.71,10.05,0.357,0,0,1,0,0,2
2018-09-21,45.7,22.06,977.4,90.14,495.0,47.3,2.25,2.97,4.04,4.74,6.28,13.9,27.91,0.05,9,0,1,1,3,3
2018-09-22,39.51,76.24,1001.96,20.83,355.7,32.1,2.99,5.81,9.7,10.95,13.3,28.52,49.11,0.313,8,0,1,0,3,2
2018-09-22,19.03,42.68,1022.01,28.18,2386.4,39.6,12.19,15.29,24.96,29.64,49.41,109.42,229.93,0.95,0,2,3,0,0,0
2018-09-22,24.8,70.96,953.83,85.38,1546.4,41.0,1.24,1.55,1.92,2.3,2.56,6.01,10.57,0.177,0,0,1,2,0,2
2018-09-23,5.18,80.67,998.68,12.99,278.9,28.6,1.23,2.67,5.38,7.99,10.42,22.63,41.5,0.628,0,1,1,0,0,1
2018-09-24,20.84,11.07,1020.0,27.03,2079.1,9.8,1.31,1.81,2.76,3.45,5.68,8.85,17.25,0.05,0,0,0,0,0,2
2018-09-24,23.24,48.99,1013.54,40.54,1557.7,46.7,2.69,4.82,6.6,10.46,18.38,32.87,45.51,0.316,0,0,1,0,0,1
2018-09-24,39.61,78.47,1026.29,7.58,1117.8,38.1,2.48,3.77,4.86,9.22,12.3,16.51,30.52,0.2,2,0,1,0,2,2
2018-09-24,24.89,45.66,943.99,103.12,2021.3,2.7,17.44,21.53,26.58,43.45,52.28,64.24,91.57,0.59,0,1,1,3,0,0
2018-09-24,7.25,62.55,1002.77,33.32,2221.6,29.9,9.64,14.06,19.8,38.9,44.87,71.46,108.36,0.95,0,1,2,0,0,0
2018-09-25,47.02,85.3,987.69,141.61,236.9,47.2,0.13,0.32,0.54,0.91,1.28,3.0,5.66,0.05,7,0,1,2,3,3
2018-09-25,6.87,84.67,1017.34,141.7,1898.5,43.2,10.86,15.23,26.13,36.38,54.21,72.29,153.77,0.95,0,2,2,2,0,0
2018-09-26,21.04,27.0,985.08,133.05,1628.8,41.9,3.11,7.45,10.63,16.01,26.69,51.67,85.73,0.496,0,1,2,2,0,0
2018-09-26,25.01,44.45,1028.18,95.49,1360.0,9.8,3.67,6.71,13.35,23.38,39.06,51.27,76.22,0.48,0,1,1,1,0,1
2018-09-27,7.89,71.82,996.05,84.98,2269.5,18.9,2.86,3.51,6.12,11.63,14.01,18.48,34.55,0.511,0,0,1,1,0,1
2018-09-27,43.68,99.51,962.37,143.98,1524.7,47.3,0.75,1.13,1.45,2.64,4.46,10.94,14.81,0.159,2,0,1,2,2,3
2018-09-27,44.86,51.84,1009.94,15.98,1411.6,16.7,1.42,3.03,4.44,6.47,7.36,12.84,17.04,0.05,8,0,0,0,3,3
2018-09-28,47.58,75.61,1027.0,90.69,168.9,5.3,0.85,1.12,1.64,3.2,5.44,8.33,14.35,0.05,3,0,0,1,3,3
2018-09-28,43.78,12.77,941.23,99.38,635.7,14.0,3.65,8.93,16.86,21.83,30.42,46.47,82.09,0.173,4,0,1,3,2,2
2018-09-29,23.66,78.48,995.42,123.95,802.8,12.2,3.66,7.08,11.93,16.7,23.89,51.28,110.22,0.891,0,1,1,2,0,0
2018-09-29,11.5,86.96,976.81,37.72,228.0,32.8,5.35,9.12,16.2,27.29,30.39,58.7,103.42,0.95,0,2,2,1,0,0
2018-09-29,26.02,27.41,966.19,52.4,1191.2,2.5,0.99,1.99,3.08,5.52,7.7,16.13,31.5,0.087,0,0,0,1,0,2
2018-09-30,41.91,71.77,941.72,60.8,1583.8,10.2,3.18,6.03,11.77,19.14,31.27,61.43,124.38,0.769,9,1,1,2,3,1
2018-09-30,35.13,23.81,1004.54,25.23,1012.2,13.2,0.55,1.03,2.26,2.71,3.73,5.37,9.2,0.05,1,0,0,0,0,3
2018-09-30,42.44,83.42,987.88,112.4,2036.5,39.9,12.65,24.2,39.4,73.89,114.8,243.11,476.29,0.95,8,3,3,2,3,0
2018-10-01,23.38,31.02,965.2,106.94,1989.3,8.7,5.3,8.27,14.46,18.13,26.79,35.36,62.44,0.338,0,0,0,2,0,1
2018-10-01,14.72,91.88,997.94,96.61,761.2,18.1,0.02,0.05,0.08,0.1,0.14,0.33,0.63,0.316,0,0,0,1,0,2
2018-10-01,43.61,95.19,1012.18,134.98,1910.0,22.3,0.64,1.19,2.02,2.81,3.55,7.69,12.61,0.124,1,0,0,1,2,3
2018-10-01,15.48,58.0,1006.47,134.48,2322.4,34.3,0.02,0.06,0.08,0.15,0.19,0.44,0.66,0.14,0,0,1,1,0,2
2018-10-02,26.88,68.62,982.6,127.63,1014.8,39.1,1.18,2.85,5.0,9.82,17.28,41.07,62.09,0.488,0,0,1,2,0,1
2018-10-02,33.48,29.36,1015.46,33.17,1896.9,25.6,3.78,8.53,18.26,25.98,35.65,78.57,133.39,0.701,0,1,2,0,0,0
2018-10-03,38.97,14.44,946.09,76.03,878.5,49.0,0.69,1.66,2.94,5.58,8.79,15.17,22.01,0.05,2,0,1,2,1,3
2018-10-03,20.18,41.52,977.79,81.76,2052.6,48.6,4.88,7.47,10.59,18.02,26.93,43.62,92.33,0.621,0,1,2,1,0,0
2018-10-03,22.03,43.2,946.16,3.51,544.5,44.7,3.85,8.05,11.12,19.4,30.11,55.93,118.98,0.789,0,1,2,1,0,0
2018-10-03,36.18,40.62,960.99,98.79,646.9,24.8,6.78,9.46,14.41,20.61,36.12,45.28,58.73,0.233,7,0,1,2,2,2
2018-10-03,44.42,69.66,966.83,47.22,1351.5,34.5,1.17,2.46,3.41,4.64,7.05,15.36,26.06,0.078,9,0,1,1,3,3
2018-10-04,29.89,58.74,975.43,101.21,470.0,28.9,3.08,4.5,8.01,13.74,19.33,42.25,60.59,0.399,0,0,1,2,0,1
2018-10-05,46.99,21.46,944.33,75.79,1529.0,10.8,0.56,0.82,1.2,2.16,2.41,4.49,7.86,0.05,7,0,0,2,3,3
2018-10-06,37.26,24.24,978.55,135.17,355.9,0.1,0.83,1.57,2.68,4.64,6.11,14.13,30.28,0.05,2,0,0,2,1,2
2018-10-07,26.7,26.81,1009.37,128.62,1434.8,0.9,1.84,4.07,7.08,10.84,12.46,29.59,55.36,0.236,0,0,0,1,0,1
2018-10-08,38.21,95.44,981.74,132.93,2418.6,5.9,2.44,3.11,5.29,9.31,12.33,21.93,36.86,0.341,2,0,0,2,2,2
2018-10-08,10.24,73.12,962.66,81.97,1707.6,1.6,0.27,0.63,1.25,2.08,2.84,6.32,12.34,0.345,0,0,0,2,0,2
2018-10-08,21.89,61.36,1011.22,68.57,1064.0,18.8,2.16,3.39,5.31,7.74,11.89,15.87,31.72,0.299,0,0,0,1,0,1
2018-10-08,15.41,57.5,1006.98,2.49,2442.1,8.4,3.93,5.46,9.08,17.34,28.86,42.58,53.85,0.492,0,1,1,0,0,1
2018-10-09,37.71,40.49,952.34,20.45,663.2,13.3,0.47,1.09,1.74,3.08,4.52,10.11,13.11,0.05,2,0,0,1,1,3
2018-10-10,17.15,64.26,974.66,99.34,1635.6,11.0,3.36,5.77,7.86,9.55,14.04,34.92,60.74,0.555,0,0,1,2,0,1
2018-10-10,36.22,31.91,1012.51,123.0,1663.5,26.1,0.7,1.44,2.6,3.47,4.7,10.96,23.7,0.05,7,0,0,1,2,3
2018-10-11,19.62,38.33,980.44,82.56,469.6,4.5,4.5,5.64,8.04,11.6,13.76,29.98,63.92,0.422,0,0,0,1,0,1
2018-10-11,8.31,94.94,956.74,25.51,1590.9,8.5,4.21,6.38,8.41,14.45,23.49,45.89,55.72,0.763,0,1,1,1,0,1
2018-10-12,20.63,70.05,1029.26,3.33,1671.2,40.2,1.83,4.53,8.13,12.4,16.49,21.88,30.27,0.346,0,0,1,0,0,1
2018-10-12,34.61,36.03,947.19,86.0,64.7,2.7,0.23,0.48,1.03,1.8,2.63,5.26,8.02,0.05,0,0,0,2,0,3
2018-10-12,10.88,92.04,1018.09,41.5,2308.2,21.9,1.07,1.86,2.96,5.44,6.24,13.25,18.07,0.472,0,0,1,0,0,1
2018-10-12,22.66,97.88,1005.79,53.67,682.9,29.5,3.12,7.58,12.6,18.0,30.42,70.8,98.83,0.922,0,1,2,1,0,0
2018-10-13,41.56,66.03,1006.04,105.23,2492.8,43.5,8.15,17.2,32.09,43.83,52.38,111.91,221.08,0.95,2,2,3,2,2,0
2018-10-13,12.15,87.31,943.66,109.53,960.1,31.0,0.39,0.96,2.06,2.55,4.27,7.39,10.05,0.382,0,0,1,2,0,2
2018-10-14,27.04,73.78,947.57,104.78,58.1,45.8,0.58,0.73,1.03,1.17,1.78,3.04,4.19,0.126,0,0,1,2,0,2
2018-10-14,29.82,71.1,1010.84,17.2,1943.2,42.3,2.66,5.04,8.04,14.27,22.58,28.35,40.21,0.325,0,0,1,0,0,2
2018-10-14,15.88,30.7,965.34,109.79,565.7,5.5,4.15,8.6,15.86,27.86,33.7,83.12,129.05,0.855,0,1,1,2,0,0
2018-10-14,40.13,68.99,1005.59,28.23,854.0,39.2,1.01,1.48,2.3,3.65,5.72,13.37,21.43,0.087,1,0,1,0,1,3
2018-10-14,6.69,31.06,945.36,157.68,518.8,10.9,4.18,7.1,12.4,18.87,33.38,63.63,91.74,0.7,0,1,1,3,0,0
2018-10-15,30.76,79.74,948.29,44.6,923.2,33.2,0.29,0.36,0.59,0.82,1.4,2.64,4.11,0.118,0,0,1,1,0,2
2018-10-15,34.97,98.33,943.55,105.34,2469.3,11.7,0.61,1.43,1.73,3.2,5.46,11.71,20.56,0.279,0,0,0,2,1,2
2018-10-16,39.15,94.64,990.22,10.1,1585.2,3.9,8.24,17.78,24.65,43.01,74.73,142.21,236.86,0.95,3,2,2,0,2,0
2018-10-16,42.88,51.56,951.2,31.62,661.4,0.8,0.07,0.16,0.34,0.59,0.71,1.63,2.53,0.05,9,0,0,1,3,3
2018-10-16,36.53,45.35,1010.29,58.37,1720.9,30.4,11.61,16.02,33.42,49.3,84.94,194.74,328.62,0.95,8,3,3,1,2,0
2018-10-17,40.31,28.59,1008.08,101.11,1578.3,13.6,2.35,5.73,7.77,12.13,13.89,29.75,50.85,0.079,2,0,0,1,1,2
2018-10-18,41.21,39.94,982.81,142.8,658.1,15.8,3.29,5.38,7.86,12.88,17.1,29.05,60.04,0.188,6,0,0,2,2,2
2018-10-18,31.17,81.49,991.69,11.74,1158.2,40.1,2.57,3.37,6.98,10.79,13.76,18.16,33.32,0.318,0,0,1,0,0,2
2018-10-18,36.84,22.26,995.04,11.35,953.4,26.7,0.76,1.56,2.07,2.67,3.39,5.78,7.75,0.05,4,0,0,0,1,3
2018-10-19,32.36,59.47,998.91,116.94,1654.3,4.8,1.86,3.09,3.79,5.02,7.21,9.98,13.59,0.064,0,0,0,1,0,2
2018-10-19,14.23,32.76,1011.88,107.07,1483.9,7.2,2.53,3.78,6.52,9.59,15.69,31.35,55.38,0.391,0,0,0,1,0,1
2018-10-20,47.03,92.99,960.5,0.26,146.8,47.4,1.04,2.55,4.55,8.13,10.32,21.01,30.48,0.198,7,0,1,1,3,3
2018-10-21,35.37,33.2,948.94,135.32,360.2,9.2,2.84,4.89,10.54,17.23,25.64,38.57,83.46,0.369,6,1,0,3,1,1
2018-10-21,24.95,32.11,1019.94,115.88,1317.6,31.3,0.39,0.52,1.08,1.74,3.09,5.61,6.98,0.05,0,0,0,1,0,2
2018-10-22,7.91,26.91,974.03,143.42,2301.3,18.9,4.71,8.13,12.62,22.15,31.94,72.09,90.23,0.657,0,1,1,2,0,0
2018-10-22,11.71,96.61,1023.52,43.56,1077.6,35.0,2.31,3.48,5.06,8.41,13.36,28.87,47.97,0.686,0,0,1,0,0,1
2018-10-22,10.46,88.13,963.08,133.53,762.7,44.8,1.95,3.71,4.73,6.16,7.01,13.41,27.76,0.521,0,0,1,2,0,1
2018-10-22,15.28,18.41,1026.8,45.16,468.5,37.7,1.41,2.36,5.12,7.34,12.02,17.44,27.46,0.122,0,0,1,0,0,2
2018-10-23,33.32,81.45,1028.17,1.94,1259.7,8.5,2.51,5.36,6.8,11.86,18.54,38.98,70.7,0.545,0,0,1,0,1,1
2018-10-23,34.99,96.61,940.17,17.64,2110.1,24.1,4.45,10.09,19.0,27.01,48.48,96.86,140.73,0.95,0,2,2,1,1,0
2018-10-24,45.86,41.11,972.98,61.87,1593.2,25.5,21.31,34.3,41.28,69.55,112.44,157.13,221.33,0.95,8,3,3,2,3,1
2018-10-24,41.55,56.91,1010.07,10.44,974.4,14.8,4.65,7.77,16.08,29.53,44.47,53.47,92.97,0.489,1,1,1,0,1,1
2018-10-25,24.81,20.51,980.6,101.23,1133.8,31.8,3.23,4.68,8.74,16.84,23.38,50.21,104.47,0.551,0,1,1,2,0,0
2018-10-26,26.11,78.21,988.15,78.38,8.2,31.2,0.08,0.14,0.17,0.33,0.54,0.91,1.26,0.138,0,0,0,1,0,2
2018-10-26,21.53,61.66,1013.53,149.95,2464.1,27.1,0.35,0.85,1.13,1.62,2.9,5.93,11.89,0.172,0,0,0,2,0,2
2018-10-26,43.49,22.46,942.6,48.62,2316.9,31.8,2.91,3.5,6.41,10.55,16.45,28.48,43.74,0.05,9,0,1,2,3,3
2018-10-26,42.09,62.89,1016.93,78.86,2155.1,14.0,1.1,2.06,2.5,4.24,5.95,8.93,12.37,0.05,2,0,0,1,2,3
2018-10-27,45.45,72.07,1020.07,6.44,1663.5,43.1,2.29,4.43,8.64,9.6,11.85,26.14,42.21,0.187,2,0,1,0,2,3
2018-10-27,44.94,78.1,1016.39,109.63,942.8,18.9,0.75,1.19,2.03,2.35,3.24,6.15,7.46,0.05,9,0,0,1,3,3
2018-10-27,17.41,69.57,953.57,137.91,1669.2,46.9,0.13,0.27,0.36,0.48,0.56,0.96,1.95,0.187,0,0,1,3,0,2
2018-10-27,34.89,47.57,1024.98,133.32,284.9,29.4,2.0,2.66,4.15,4.92,8.24,11.52,23.18,0.05,0,0,0,1,0,2
2018-10-28,30.52,13.55,958.51,55.98,1020.9,20.8,10.76,14.08,30.82,52.16,63.37,111.15,191.35,0.95,0,2,2,2,0,0
2018-10-28,21.12,30.23,1014.97,0.16,480.2,28.9,0.72,0.94,1.2,2.06,3.19,7.56,12.31,0.05,0,0,0,0,0,2
2018-10-28,31.54,31.08,1008.82,46.54,2130.5,6.3,0.41,0.92,1.6,3.15,5.38,8.49,13.86,0.05,0,0,0,0,0,2
2018-10-29,39.47,36.78,1023.45,25.69,2176.6,21.9,1.41,1.84,3.34,5.56,7.96,12.92,27.14,0.05,5,0,0,0,2,3
2018-10-29,6.2,25.13,1016.75,50.09,931.4,19.5,2.01,2.79,4.88,7.14,9.64,16.73,31.86,0.276,0,0,0,0,0,1
2018-10-29,5.09,91.97,948.78,157.47,830.4,2.1,0.71,1.45,2.31,3.63,4.54,7.76,13.18,0.497,0,0,0,3,0,1
2018-10-29,20.2,76.2,945.75,56.22,1950.1,13.3,0.59,0.91,1.36,2.44,3.86,5.0,7.87,0.231,0,0,0,2,0,2
2018-10-29,17.38,95.27,945.76,56.84,555.5,35.0,1.97,2.59,4.95,6.38,10.28,16.8,25.51,0.473,0,0,1,2,0,1
2018-10-29,12.92,87.25,984.17,64.34,280.1,43.3,4.02,6.36,11.39,19.39,32.16,47.13,96.34,0.949,0,1,2,1,0,0
2018-10-30,42.73,85.83,1009.91,87.77,2272.1,14.2,4.76,8.2,16.81,21.11,30.45,66.17,100.58,0.672,6,1,1,1,3,1
2018-10-30,26.72,66.6,973.41,152.51,896.3,5.5,0.03,0.06,0.08,0.1,0.17,0.42,0.72,0.071,0,0,0,2,0,2
2018-10-30,33.3,91.97,1018.7,75.28,1214.5,31.0,0.62,0.86,1.35,1.6,1.96,2.9,5.96,0.167,0,0,0,1,1,2
2018-10-31,6.24,14.76,997.37,94.43,1061.2,39.1,1.77,3.19,4.93,8.15,10.14,15.3,25.2,0.179,0,0,1,1,0,2
2018-10-31,19.1,83.18,942.96,100.87,495.1,24.6,0.12,0.24,0.41,0.48,0.63,1.08,2.01,0.238,0,0,0,2,0,2
2018-10-31,33.66,99.8,1012.79,88.52,324.0,7.6,0.88,2.16,3.75,5.87,8.61,16.38,19.7,0.294,0,0,0,1,1,2
2018-10-31,29.64,25.17,958.4,54.79,1381.0,35.6,3.42,7.52,13.3,25.41,38.65,49.29,66.13,0.27,0,1,1,1,0,1
2018-10-31,5.39,71.98,985.09,146.66,2355.9,4.7,0.13,0.19,0.38,0.76,1.17,1.86,3.86,0.332,0,0,0,2,0,2
2018-10-31,33.34,68.24,975.1,118.1,319.9,6.5,2.41,5.43,7.21,9.79,14.6,19.6,33.69,0.232,0,0,0,2,0,2
2018-11-01,19.31,64.38,1007.15,119.37,1685.5,46.0,2.59,5.5,10.61,14.56,21.43,40.04,75.78,0.634,0,1,2,1,0,0
2018-11-01,33.98,54.83,985.36,6.89,2310.4,15.8,7.68,10.74,20.2,25.72,34.43,78.81,165.96,0.95,0,1,2,0,0,0
2018-11-02,30.42,31.2,1011.3,41.89,1497.1,36.0,1.53,3.64,4.85,8.23,10.92,20.34,29.22,0.05,0,0,1,0,0,2
2018-11-03,11.12,59.87,981.81,86.29,125.3,14.9,1.66,3.02,5.62,9.38,14.86,26.65,38.85,0.447,0,1,1,1,0,1
2018-11-03,28.35,11.37,959.34,21.7,1013.8,14.3,2.79,4.7,7.81,11.55,18.58,26.34,44.31,0.069,0,0,0,1,0,2
2018-11-03,13.29,23.49,984.32,81.77,1237.4,25.2,0.66,1.43,1.88,2.37,3.01,5.25,10.45,0.054,0,0,0,1,0,2
2018-11-04,13.06,58.51,1001.81,123.89,1784.7,48.3,1.24,2.93,5.45,10.86,15.72,28.68,53.25,0.517,0,0,2,1,0,1
2018-11-06,42.46,31.69,981.3,31.0,1429.7,23.2,0.52,1.09,2.14,2.56,3.24,4.31,7.56,0.05,5,0,0,1,2,3
2018-11-06,11.4,54.3,960.77,125.56,531.7,13.4,0.7,0.98,1.48,1.68,2.18,4.96,7.86,0.21,0,0,0,2,0,2
2018-11-06,23.32,82.91,1011.02,69.92,1384.2,47.6,1.89,3.9,5.53,9.38,11.21,24.35,46.47,0.491,0,0,1,1,0,1
2018-11-07,23.15,63.03,946.86,61.21,1361.1,34.0,2.62,5.77,7.64,12.55,20.02,24.5,34.55,0.314,0,0,1,2,0,1
2018-11-07,7.52,42.72,953.57,14.71,1014.2,17.9,0.0,0.01,0.02,0.02,0.03,0.06,0.1,0.139,0,0,0,1,0,2
2018-11-08,10.81,92.03,1002.76,53.97,8.9,13.7,5.13,12.42,15.18,29.66,33.7,58.4,87.32,0.934,0,2,1,1,0,0
2018-11-09,28.28,67.66,998.97,26.53,1498.8,47.7,4.71,6.92,15.17,27.2,30.28,53.05,84.86,0.621,0,1,2,0,0,1
2018-11-09,37.53,26.17,995.36,76.94,2319.9,25.9,1.14,1.82,3.05,3.46,4.12,5.96,12.63,0.05,5,0,0,1,1,3
2018-11-09,23.81,60.41,945.36,121.21,2449.5,1.6,6.67,16.43,31.22,42.39,48.43,83.87,129.2,0.925,0,1,1,3,0,0
2018-11-10,44.86,15.07,964.29,106.49,2003.6,29.0,3.4,5.75,10.37,15.65,18.52,33.15,59.82,0.05,3,0,1,2,2,3
2018-11-10,19.84,25.62,988.35,118.82,605.7,39.4,0.56,1.0,1.68,1.94,2.67,4.2,7.01,0.05,0,0,1,2,0,2
2018-11-10,39.03,18.55,944.28,158.33,1061.0,0.8,0.58,0.97,1.92,2.56,3.6,7.94,13.28,0.05,4,0,0,3,1,3
2018-11-12,13.42,64.85,944.17,108.98,503.0,23.7,1.68,2.02,3.95,6.67,7.52,15.92,21.19,0.331,0,0,1,2,0,1
2018-11-12,16.67,40.0,1011.37,142.72,1874.9,3.2,3.09,6.02,8.19,9.23,13.97,20.42,32.69,0.251,0,0,0,2,0,1
2018-11-12,24.85,84.04,1022.71,84.76,1660.1,32.5,0.36,0.88,1.1,2.08,2.36,5.41,8.58,0.229,0,0,1,1,0,2
2018-11-12,28.37,16.67,1007.5,58.28,1907.1,5.5,5.94,11.03,13.6,17.43,19.54,32.44,63.16,0.221,0,0,0,1,0,1
2018-11-13,46.51,99.28,975.29,65.39,1885.0,15.8,0.31,0.4,0.58,0.96,1.43,3.49,6.71,0.076,8,0,0,1,3,3
2018-11-14,47.59,17.93,1001.45,26.42,2060.4,33.4,2.12,3.65,4.53,7.16,9.02,19.57,25.55,0.05,2,0,1,0,2,3
2018-11-14,12.61,42.94,982.37,16.39,1294.8,39.5,0.65,1.62,3.32,4.13,6.34,14.35,23.66,0.246,0,0,1,0,0,2
2018-11-15,13.97,67.85,979.94,76.23,433.6,25.6,0.32,0.44,0.53,0.95,1.1,1.71,3.52,0.223,0,0,0,1,0,2
2018-11-15,43.35,26.2,971.18,141.46,545.2,40.9,0.04,0.09,0.15,0.26,0.33,0.49,0.75,0.05,4,0,1,2,2,3
2018-11-15,42.48,58.76,1016.5,156.7,1036.7,39.3,0.34,0.65,0.95,1.62,2.6,5.38,10.9,0.05,8,0,1,2,3,3
2018-11-16,23.03,71.87,991.64,149.12,1870.6,10.0,5.24,10.01,18.53,28.35,46.87,70.59,112.32,0.878,0,1,1,2,0,0
2018-11-16,39.55,66.57,958.51,121.93,1948.6,14.6,0.76,1.41,2.07,3.93,6.4,8.13,15.08,0.05,5,0,0,2,2,3
2018-11-16,41.9,35.91,991.1,51.47,141.9,17.1,3.89,6.16,13.11,17.32,27.21,39.25,80.37,0.296,8,1,1,1,3,2
2018-11-17,27.0,99.78,947.95,137.1,882.8,1.1,0.96,1.66,3.55,4.44,6.32,8.4,14.17,0.323,0,0,0,3,0,2
2018-11-18,8.26,75.91,1006.79,145.93,2365.5,43.6,0.16,0.24,0.48,0.59,0.93,2.06,3.19,0.318,0,0,1,2,0,2
2018-11-18,39.14,50.46,1015.33,34.79,1769.3,45.7,1.31,3.23,5.89,6.61,9.97,18.87,39.68,0.125,3,0,1,0,1,2
2018-11-18,16.35,27.46,947.42,46.44,398.5,46.7,0.89,1.59,2.37,2.66,4.28,5.83,8.81,0.05,0,0,1,1,0,2
2018-11-19,9.73,99.95,1027.65,97.35,1492.3,3.7,4.11,5.08,6.4,12.77,18.08,25.4,50.03,0.736,0,1,0,1,0,1
2018-11-19,8.23,85.15,1022.88,59.86,1256.0,4.7,2.52,3.61,6.46,7.24,12.24,25.54,31.64,0.554,0,0,0,0,0,1
2018-11-19,10.13,68.2,1026.44,82.14,1161.6,30.3,1.72,2.51,3.71,7.28,12.67,20.69,32.66,0.458,0,0,1,1,0,1
2018-11-20,36.35,13.16,1018.78,135.35,196.8,16.1,1.45,2.18,4.32,7.16,12.21,25.12,37.32,0.05,5,0,0,1,1,2
2018-11-20,40.87,13.6,1026.6,74.32,1064.5,37.4,1.0,1.93,3.17,6.18,10.73,16.54,28.84,0.05,6,0,1,0,2,3
2018-11-20,43.38,31.48,1016.83,130.76,2353.0,15.6,0.19,0.43,0.79,0.9,1.07,2.08,3.81,0.05,8,0,0,1,3,3
2018-11-21,8.42,11.06,961.91,68.96,2094.0,12.0,0.79,1.86,3.06,4.24,4.85,10.37,14.11,0.065,0,0,0,1,0,2
2018-11-21,12.13,30.76,941.52,72.59,2176.8,27.7,2.04,3.97,6.88,8.3,12.04,28.13,53.16,0.387,0,0,1,2,0,1
2018-11-21,47.57,83.62,1018.93,61.69,1054.5,46.0,0.28,0.56,0.83,1.3,1.57,3.5,5.18,0.05,8,0,1,0,3,3
2018-11-21,47.78,70.14,1023.35,139.41,772.1,45.4,0.5,0.66,0.87,1.71,2.23,2.89,4.96,0.05,6,0,1,1,3,3
2018-11-22,33.83,31.36,1003.73,142.36,2434.4,7.7,10.53,22.21,28.76,47.06,54.41,101.15,126.78,0.664,0,1,1,2,0,0
2018-11-22,13.86,76.3,1021.32,44.2,1482.4,22.8,0.99,2.01,4.04,4.48,5.47,9.56,16.67,0.354,0,0,0,0,0,1
2018-11-22,17.58,72.1,985.79,102.56,2033.4,13.0,3.85,6.09,12.15,13.55,20.29,29.35,47.2,0.499,0,0,1,2,0,1
2018-11-22,15.33,46.93,963.72,29.81,1764.9,24.1,0.18,0.24,0.5,0.71,1.09,1.39,2.87,0.1,0,0,0,1,0,2
2018-11-23,42.92,88.06,999.12,45.55,1546.5,30.9,4.79,9.68,20.76,37.37,51.2,87.71,130.49,0.881,9,1,2,1,3,1
2018-11-23,29.75,70.62,981.74,20.49,1335.3,10.6,0.5,1.0,1.24,2.0,2.44,3.28,4.07,0.083,0,0,0,0,0,2
2018-11-23,19.11,27.86,991.72,10.18,2132.9,34.0,2.0,2.74,5.0,6.73,11.89,27.08,51.06,0.289,0,0,1,0,0,1
2018-11-24,27.9,10.22,980.03,43.51,529.0,3.8,1.35,1.86,3.21,5.5,7.6,9.86,14.97,0.05,0,0,0,1,0,2
2018-11-24,47.32,35.5,1000.64,97.06,422.4,23.4,1.77,4.0,6.24,11.62,15.17,21.39,33.24,0.05,9,0,0,1,3,3
2018-11-24,19.14,17.8,1014.02,132.65,2241.9,48.4,1.94,4.41,7.48,9.84,11.85,16.94,21.31,0.05,0,0,1,1,0,2
2018-11-24,45.68,96.22,999.87,70.0,2464.8,6.6,2.27,4.14,7.61,13.45,23.84,38.3,58.46,0.414,8,0,0,1,3,2
2018-11-25,11.72,11.77,1013.57,105.52,235.3,28.6,0.84,1.25,2.18,2.43,4.36,8.95,15.53,0.05,0,0,0,1,0,2
2018-11-25,45.84,86.91,958.13,14.12,2165.3,31.2,2.08,3.76,6.21,6.87,7.6,10.54,21.04,0.116,3,0,1,1,3,3
2018-11-26,40.85,23.94,984.51,17.94,301.5,33.6,3.03,6.59,8.67,12.39,20.74,50.36,71.65,0.189,9,1,1,0,2,2
2018-11-27,41.2,73.83,958.02,70.73,1989.7,42.8,1.89,3.67,6.86,10.36,18.25,38.63,55.17,0.325,8,0,1,2,3,2
2018-11-27,38.01,43.43,982.82,115.25,1694.6,1.5,4.4,5.47,11.49,22.4,37.14,74.05,124.55,0.667,7,1,1,2,2,1
2018-11-28,12.86,79.65,958.9,134.02,233.8,22.2,2.81,3.6,4.56,7.84,13.91,27.05,42.41,0.552,0,1,1,2,0,1
2018-11-28,24.95,40.17,1016.74,58.72,1577.9,4.5,3.46,5.88,11.13,14.92,21.35,37.42,51.29,0.293,0,0,0,0,0,1
2018-11-28,13.16,88.94,1015.82,141.93,1568.0,23.9,14.37,35.72,64.65,113.4,178.14,380.56,534.37,0.95,0,3,3,2,0,0
2018-11-29,10.75,81.6,981.54,25.92,1335.8,18.1,2.14,4.68,8.44,10.57,12.44,20.38,42.6,0.585,0,0,1,1,0,1
2018-11-30,45.87,31.81,961.11,90.41,1559.5,17.2,5.33,10.31,20.88,29.2,49.81,71.31,101.0,0.374,1,1,1,2,2,2
2018-11-30,21.36,15.93,990.85,152.49,622.1,40.6,3.25,5.51,8.05,15.11,19.25,29.55,39.61,0.13,0,0,1,2,0,1
2018-12-01,25.17,64.94,1029.08,156.32,2221.0,5.3,3.5,5.45,8.34,14.73,16.84,22.95,42.83,0.359,0,0,0,2,0,1
2018-12-01,36.8,20.95,942.61,63.59,922.0,25.9,1.07,2.3,4.12,8.12,13.6,26.03,34.76,0.05,4,0,0,2,1,2
2018-12-02,9.7,76.0,982.16,114.01,208.6,15.6,2.8,6.11,13.18,22.75,37.5,61.61,99.88,0.949,0,2,1,2,0,0
2018-12-02,41.47,37.17,951.87,48.42,163.2,28.7,2.85,6.83,14.32,26.37,39.27,51.44,73.95,0.264,8,1,1,2,2,2
2018-12-03,11.4,93.89,977.07,77.39,611.4,46.9,3.93,9.1,16.78,25.9,31.31,56.69,118.28,0.95,0,1,2,1,0,0
2018-12-03,11.04,98.26,1011.98,115.77,67.2,27.2,0.02,0.02,0.04,0.05,0.06,0.13,0.22,0.382,0,0,1,1,0,2
2018-12-04,46.71,83.6,969.62,158.52,2046.0,44.8,3.17,7.25,15.26,29.46,35.31,59.04,103.48,0.641,8,1,2,3,3,1
2018-12-04,20.9,30.5,973.4,59.9,503.6,23.9,1.74,3.96,6.76,9.31,16.46,25.97,52.37,0.293,0,0,1,1,0,1
2018-12-04,29.49,49.42,942.08,44.43,2040.7,30.1,2.89,4.81,8.87,15.26,25.55,39.34,85.98,0.525,0,1,1,2,0,1
2018-12-04,26.75,12.89,994.85,10.44,845.8,25.3,6.02,11.76,25.69,33.05,49.23,113.92,226.19,0.95,0,2,2,0,0,0
2018-12-04,25.79,14.2,1001.07,31.3,526.5,27.6,11.95,14.84,19.4,28.53,42.83,92.65,181.28,0.95,0,2,2,0,0,0
2018-12-05,43.97,18.62,998.68,55.46,1228.2,11.2,1.39,3.05,4.26,7.47,11.14,15.32,22.86,0.05,8,0,0,1,3,3
2018-12-05,38.7,89.64,951.06,50.64,364.2,45.0,0.76,1.61,3.41,5.8,8.04,17.25,37.67,0.312,8,0,1,1,3,2
2018-12-06,20.48,88.55,1010.42,80.87,2479.4,14.9,5.77,13.97,22.57,44.8,75.75,165.62,294.91,0.95,0,3,2,1,0,0
2018-12-06,30.1,90.42,1015.5,24.78,2035.0,41.5,0.83,1.29,2.66,5.19,6.56,9.54,16.53,0.261,0,0,1,0,0,2
2018-12-06,43.96,54.53,962.44,132.57,701.5,49.5,0.94,1.42,2.46,4.45,7.64,15.3,23.79,0.05,1,0,1,2,2,3
2018-12-06,18.35,55.83,954.7,9.59,128.6,19.2,3.94,5.36,9.23,16.47,18.7,30.61,53.06,0.449,0,1,1,1,0,1
2018-12-07,47.4,97.19,985.71,52.64,1098.7,33.5,2.55,3.35,6.33,11.29,17.41,21.7,32.92,0.231,6,0,1,1,3,3
2018-12-07,26.18,27.21,953.47,29.62,74.0,14.8,2.46,5.36,10.95,17.5,21.56,44.17,59.7,0.272,0,1,1,1,0,1
2018-12-07,30.8,53.64,1026.29,104.87,350.9,12.4,0.62,0.82,1.57,2.14,3.27,5.38,6.96,0.05,0,0,0,1,0,2
2018-12-07,10.9,69.61,959.16,101.72,453.1,48.5,3.55,8.44,14.18,16.84,21.59,46.78,76.35,0.748,0,1,2,2,0,0
2018-12-07,26.14,13.95,971.22,6.07,2006.7,8.5,2.63,5.98,11.42,22.45,36.06,46.34,83.21,0.363,0,1,1,1,0,1
2018-12-08,23.6,77.57,1004.07,74.66,108.4,4.4,2.22,4.49,6.83,8.19,14.06,31.71,58.18,0.54,0,1,0,1,0,1
2018-12-09,38.93,71.71,1002.41,22.7,1561.4,4.8,2.09,4.14,7.15,9.05,12.99,31.88,69.89,0.435,9,0,0,0,3,2
2018-12-09,6.13,90.56,986.84,111.32,2372.0,22.7,9.65,18.26,32.23,40.47,50.86,125.98,264.19,0.95,0,2,2,2,0,0
2018-12-09,33.32,61.58,958.94,86.24,2057.1,36.4,0.67,1.33,1.69,2.01,3.32,7.85,16.54,0.085,0,0,1,2,0,2
2018-12-09,17.04,41.65,955.56,22.67,2127.0,32.1,3.88,5.05,6.55,8.71,11.88,27.84,40.86,0.31,0,0,1,1,0,1
2018-12-10,47.3,95.26,996.15,19.73,2042.6,10.0,1.67,3.93,6.04,10.55,17.99,37.84,69.08,0.464,5,0,1,0,3,2
2018-12-10,12.5,57.43,1001.3,146.44,2332.4,16.7,2.79,5.07,10.76,12.97,18.39,42.87,85.22,0.73,0,1,1,2,0,0
2018-12-10,12.82,56.52,943.16,110.9,1297.2,13.1,0.44,0.88,1.4,1.57,1.99,4.02,8.0,0.208,0,0,0,2,0,2
2018-12-10,9.6,79.34,977.73,8.53,2020.2,24.7,2.81,3.85,5.55,8.96,13.17,28.83,45.46,0.604,0,0,1,0,0,1
2018-12-10,46.31,54.62,1006.58,80.33,788.0,25.7,7.02,13.93,20.86,26.73,46.99,97.23,168.09,0.931,9,2,2,1,3,1
2018-12-10,17.78,42.6,1005.75,33.9,648.4,17.8,2.58,3.71,6.41,12.66,15.46,36.13,73.13,0.523,0,0,1,0,0,1
2018-12-11,42.72,38.92,978.09,32.81,674.3,15.4,3.68,8.49,15.73,22.7,33.32,81.62,125.59,0.605,2,1,1,1,2,1
2018-12-11,30.88,93.0,1011.09,149.05,1599.6,17.7,3.4,5.15,8.82,11.04,12.78,31.56,59.1,0.55,0,0,1,2,0,1
2018-12-11,35.73,55.86,1027.24,110.79,1075.5,46.8,9.27,16.46,21.78,32.37,35.84,48.35,91.81,0.534,8,1,2,1,2,1
2018-12-11,35.39,32.49,940.65,59.5,2236.2,49.1,2.87,5.12,9.78,15.56,23.04,36.04,61.81,0.221,2,0,1,2,1,2
2018-12-11,34.68,91.25,1021.3,15.2,1058.7,44.8,0.14,0.32,0.57,0.91,1.55,3.4,7.45,0.159,0,0,1,0,1,2
2018-12-12,47.91,54.14,943.8,77.38,2382.1,7.8,5.23,10.73,18.46,27.37,35.06,61.12,91.31,0.4,4,1,1,2,3,2
2018-12-12,7.83,67.05,959.57,68.63,1586.0,26.9,0.55,1.03,1.84,2.1,3.08,4.02,8.35,0.313,0,0,1,1,0,2
2018-12-12,41.86,42.19,992.3,57.05,1328.1,16.4,0.05,0.07,0.13,0.24,0.37,0.86,1.86,0.05,7,0,0,1,2,3
2018-12-12,29.89,81.56,1029.13,155.55,2054.4,27.2,1.43,3.11,3.78,7.16,11.31,26.13,33.26,0.331,0,0,1,2,0,2
2018-12-12,39.97,66.59,986.28,14.56,639.8,41.1,1.01,2.34,3.37,4.04,6.67,15.59,25.8,0.105,1,0,1,0,1,3
2018-12-13,25.3,34.77,996.21,156.18,265.7,10.4,1.92,3.26,5.65,7.51,9.28,21.32,30.4,0.124,0,0,0,2,0,2
2018-12-13,8.76,96.98,951.81,117.7,112.1,18.3,5.19,10.67,15.0,23.07,34.38,75.3,133.73,0.95,0,2,2,3,0,0
2018-12-13,44.48,72.08,957.65,155.11,1662.5,47.2,5.7,10.83,13.75,24.28,36.11,55.12,73.08,0.403,3,1,2,3,2,2
2018-12-13,6.69,88.26,964.3,147.67,1623.5,45.5,0.34,0.66,1.16,2.21,3.91,7.33,11.23,0.449,0,0,1,3,0,1
2018-12-14,39.62,32.02,964.0,151.74,1965.7,13.8,0.78,1.39,2.89,5.55,6.58,8.44,12.34,0.05,9,0,0,3,2,3
2018-12-14,28.25,53.67,971.01,27.32,2186.1,11.0,0.61,1.34,1.93,2.36,3.03,7.25,14.3,0.081,0,0,0,1,0,2
2018-12-14,17.79,83.51,1018.02,143.43,504.9,17.8,4.14,5.37,9.46,11.15,15.12,29.86,59.06,0.633,0,0,1,2,0,1
2018-12-14,33.24,61.8,982.46,92.12,1871.3,38.8,0.0,0.0,0.01,0.01,0.02,0.03,0.06,0.05,0,0,1,1,0,3
2018-12-14,21.48,41.54,988.87,146.32,763.0,27.6,2.25,3.19,6.49,9.94,13.92,23.23,50.81,0.332,0,0,1,2,0,1
2018-12-15,39.71,55.4,985.54,157.03,1046.0,23.1,1.58,3.77,6.28,10.07,13.34,25.67,47.03,0.193,5,0,1,2,2,2
2018-12-15,5.59,63.02,984.44,94.64,685.4,47.0,1.43,2.58,3.95,5.72,6.7,16.41,36.01,0.499,0,0,1,1,0,1
2018-12-16,44.09,19.58,1014.33,89.52,339.0,12.9,2.27,2.98,4.62,6.19,8.56,20.99,27.89,0.05,1,0,0,1,1,3
2018-12-16,20.66,58.32,1020.6,27.38,1288.0,33.2,0.23,0.47,0.99,1.7,2.59,5.39,9.3,0.147,0,0,1,0,0,2
2018-12-17,18.45,63.84,953.63,3.11,1952.1,25.2,0.86,1.33,2.74,4.7,7.15,15.51,28.47,0.325,0,0,1,1,0,1
2018-12-17,19.7,46.86,944.13,43.48,1163.3,29.7,2.56,6.0,9.53,11.47,14.76,18.34,27.33,0.219,0,0,1,2,0,2
2018-12-18,20.28,21.9,974.02,96.49,1902.1,26.2,0.48,1.13,1.87,2.89,4.49,7.4,12.21,0.05,0,0,0,2,0,2
2018-12-18,35.43,24.75,958.98,131.67,2123.2,29.5,0.75,1.7,3.49,6.97,12.36,26.17,49.77,0.101,2,0,1,2,1,2
2018-12-18,21.41,43.75,941.54,4.82,838.1,27.3,1.08,1.67,2.36,3.45,6.21,10.18,20.46,0.141,0,0,0,1,0,2
2018-12-18,11.32,19.35,989.58,29.8,2458.3,47.2,11.17,14.57,24.45,40.64,48.55,95.53,194.23,0.95,0,2,3,1,0,0
2018-12-18,11.52,35.24,953.57,2.82,582.7,47.8,1.71,3.85,5.46,8.45,9.99,22.03,30.06,0.261,0,0,1,1,0,1
2018-12-19,7.02,70.96,1020.38,130.28,2437.0,32.5,0.53,0.95,1.4,2.77,4.74,7.65,11.65,0.362,0,0,1,1,0,2
2018-12-19,39.91,11.83,986.36,65.28,404.5,33.8,4.14,6.33,13.89,22.19,26.95,50.09,78.39,0.183,2,0,1,1,1,2
2018-12-19,35.45,32.79,1028.13,28.63,193.3,15.2,1.33,2.18,3.09,4.35,7.46,14.27,20.98,0.05,5,0,0,0,1,2
2018-12-20,7.52,84.6,981.74,77.2,1230.3,29.3,0.1,0.24,0.47,0.67,1.08,2.26,4.67,0.379,0,0,1,1,0,2
2018-12-20,13.54,27.43,976.27,92.77,1639.1,38.1,1.95,4.55,6.92,9.69,11.26,23.02,31.34,0.211,0,0,1,2,0,1
2018-12-20,14.49,15.69,1007.8,152.45,1458.2,6.2,0.13,0.23,0.44,0.87,1.41,3.18,6.36,0.05,0,0,0,2,0,2
2018-12-21,33.54,27.9,985.29,80.24,634.7,38.8,0.77,1.06,2.08,2.64,3.48,6.74,9.14,0.05,0,0,1,1,0,3
2018-12-21,18.85,93.81,948.39,69.38,1334.1,7.2,0.72,1.58,2.06,2.76,4.76,11.8,20.17,0.415,0,0,0,2,0,1
2018-12-22,17.66,51.74,1000.11,27.55,1445.2,24.4,7.48,17.61,32.91,65.42,102.12,247.88,500.25,0.95,0,3,3,1,0,0
2018-12-22,8.01,31.65,994.63,30.27,883.8,34.3,0.29,0.7,1.51,1.94,3.1,6.34,13.54,0.168,0,0,1,0,0,2
2018-12-22,22.85,18.66,1006.55,123.02,514.1,3.1,1.86,2.99,4.24,7.21,8.4,17.2,31.65,0.076,0,0,0,1,0,2
2018-12-23,12.91,94.87,1014.84,81.18,727.7,37.5,2.23,5.01,10.45,16.5,20.3,49.83,63.67,0.77,0,1,2,1,0,0
2018-12-24,17.75,55.48,981.33,142.45,1390.0,48.5,0.94,1.42,3.09,3.84,5.73,10.88,23.4,0.256,0,0,1,2,0,2
2018-12-25,20.18,49.11,987.01,3.67,996.7,11.4,0.75,1.58,3.2,3.58,5.77,7.04,15.13,0.145,0,0,0,0,0,2
2018-12-25,41.86,27.87,990.65,141.18,13.4,7.7,5.01,11.24,17.05,30.45,46.59,105.33,188.92,0.95,3,3,2,2,2,0
2018-12-26,47.88,60.12,972.79,132.27,2228.1,35.0,2.78,6.22,8.78,13.35,16.79,39.2,54.19,0.183,7,0,1,2,3,3
2018-12-26,30.03,53.78,972.74,157.66,2440.8,0.5,0.56,0.82,1.47,1.72,2.17,4.48,5.99,0.05,0,0,0,2,0,2
2018-12-26,24.16,79.56,983.17,113.87,875.8,22.4,2.04,3.92,8.59,15.15,23.04,34.29,69.79,0.621,0,1,1,2,0,1
2018-12-26,11.05,54.97,1014.65,149.27,2066.5,2.6,1.04,2.41,3.14,5.97,10.26,20.8,37.11,0.412,0,0,0,2,0,1
2018-12-26,38.05,15.12,1010.06,135.72,218.7,24.8,0.29,0.62,1.17,2.23,2.72,6.8,13.53,0.05,9,0,0,1,2,3
2018-12-27,33.05,63.0,972.23,159.58,295.2,11.1,7.69,16.84,24.17,38.11,60.54,105.99,137.17,0.899,0,2,2,3,0,0
2018-12-27,29.94,91.73,986.99,74.23,1882.7,38.3,0.43,0.52,0.97,1.33,1.76,3.18,6.34,0.201,0,0,1,1,0,2
2018-12-27,15.71,53.95,987.65,135.67,823.5,1.2,3.69,7.41,14.6,22.18,35.2,85.39,114.82,0.878,0,1,1,2,0,0
2018-12-28,26.23,76.78,956.79,85.26,1905.0,45.9,9.35,16.32,34.89,63.07,99.43,176.42,304.24,0.95,0,3,3,2,0,0
2018-12-28,18.61,22.63,994.92,110.44,894.2,6.7,0.15,0.36,0.62,0.86,0.96,1.43,3.08,0.05,0,0,0,1,0,2
2018-12-28,12.01,56.03,984.23,99.25,1242.2,9.3,12.65,27.87,56.93,84.46,104.31,131.32,160.14,0.95,0,2,2,2,0,0
2018-12-29,7.99,82.23,942.74,11.52,464.8,16.6,0.44,0.82,1.18,1.62,2.12,3.59,7.68,0.382,0,0,0,1,0,2
2018-12-30,42.08,17.01,993.5,25.64,1547.0,26.7,0.52,0.74,1.15,1.73,2.86,5.53,9.59,0.05,3,0,0,0,2,3
2018-12-31,28.29,68.42,986.75,79.08,1258.9,23.0,2.04,3.51,5.04,8.51,12.96,18.96,39.84,0.325,0,0,1,1,0,1
2018-12-31,41.52,23.63,969.55,112.28,2327.4,12.3,2.76,6.73,12.73,18.29,31.75,51.9,70.08,0.17,1,0,1,2,1,2
2019-01-01,45.68,14.61,977.17,79.12,215.9,11.5,5.46,12.26,18.95,34.47,54.28,106.8,223.62,0.95,3,2,2,2,2,1
2019-01-01,19.55,72.27,1014.84,62.05,1119.3,44.1,6.86,14.66,28.8,43.4,49.34,95.67,179.71,0.95,0,2,3,1,0,0
2019-01-01,17.2,32.61,1006.24,134.27,2475.4,20.6,1.15,2.3,4.13,5.57,8.38,11.59,23.8,0.15,0,0,0,2,0,2
2019-01-02,10.51,64.51,1026.67,81.74,1896.4,24.1,1.15,2.75,3.83,7.01,8.37,18.78,29.04,0.411,0,0,1,1,0,1
2019-01-03,30.6,27.26,996.2,134.42,1472.5,40.5,0.8,1.69,2.6,3.51,5.74,13.58,27.0,0.05,0,0,1,2,0,2
2019-01-03,38.57,29.4,977.4,81.02,1473.0,41.2,1.17,2.2,3.05,4.52,7.18,11.4,21.62,0.05,5,0,1,1,2,3
2019-01-03,29.95,47.35,989.66,128.69,1862.0,12.7,4.25,5.46,7.14,8.26,11.89,29.65,57.05,0.318,0,0,0,2,0,1
2019-01-04,12.81,84.52,988.16,51.57,739.4,12.4,3.35,5.11,8.62,12.2,16.91,23.44,42.62,0.579,0,0,1,1,0,1
2019-01-04,20.88,32.12,980.69,34.32,112.3,35.7,1.0,2.06,2.74,3.79,6.06,7.39,15.89,0.058,0,0,1,1,0,2
2019-01-04,38.07,17.74,964.37,100.27,1669.5,45.8,2.14,3.69,7.13,14.01,18.45,31.12,50.88,0.05,7,0,1,2,2,2
2019-01-05,19.51,13.01,1006.98,69.49,1142.6,5.0,9.51,21.66,31.72,47.05,80.16,102.38,126.66,0.714,0,2,1,1,0,0
2019-01-05,36.27,54.04,1001.15,125.82,2095.9,34.9,3.2,6.25,9.54,15.65,20.31,47.12,81.91,0.454,5,0,1,2,1,1
2019-01-06,44.04,70.95,1016.03,20.38,1807.5,33.9,3.13,6.03,10.98,15.76,19.67,42.14,77.2,0.429,8,0,1,0,3,2
2019-01-07,31.34,86.72,964.45,43.31,976.4,37.6,2.15,4.87,6.57,8.85,10.35,19.56,34.55,0.351,0,0,1,1,0,2
2019-01-07,20.96,46.44,1003.96,125.32,1389.2,36.8,2.38,3.48,6.78,11.97,20.95,47.63,61.15,0.43,0,0,1,1,0,1
2019-01-08,32.09,31.21,953.44,5.65,67.3,33.8,2.16,4.15,8.11,9.23,10.88,20.79,43.89,0.128,0,1,1,1,0,2
2019-01-08,44.33,39.19,956.78,66.98,571.6,30.8,2.37,3.05,5.19,8.07,14.26,17.48,23.59,0.05,9,0,1,2,3,3
2019-01-08,30.6,19.01,961.05,93.9,603.0,16.5,3.15,7.72,12.65,17.61,22.02,44.12,63.85,0.215,0,0,1,2,0,1
2019-01-09,36.73,63.54,954.66,143.82,1514.9,26.4,3.09,7.61,10.3,11.51,13.86,24.96,54.19,0.312,6,0,1,3,2,2
2019-01-09,25.31,49.04,1015.75,117.49,2471.9,33.6,7.05,9.83,19.3,25.06,43.25,87.11,140.2,0.927,0,1,2,1,0,0
2019-01-10,27.04,90.54,955.95,18.89,74.0,4.5,2.4,3.15,5.27,9.63,12.24,22.61,45.81,0.488,0,1,0,1,0,1
2019-01-10,7.9,76.21,1018.2,122.11,750.7,19.6,4.24,8.64,18.15,24.77,28.37,37.18,79.15,0.83,0,1,1,1,0,0
2019-01-10,22.99,36.52,947.4,36.57,1162.2,32.7,6.31,7.85,13.54,21.95,36.69,64.34,128.03,0.806,0,1,2,1,0,0
2019-01-11,36.24,38.49,958.42,92.12,311.4,18.6,0.75,1.16,1.53,2.63,2.9,6.92,13.67,0.05,2,0,0,2,1,3
2019-01-11,46.42,59.94,989.47,138.4,75.9,46.7,2.02,3.14,3.84,5.66,9.69,20.47,39.78,0.101,3,1,1,2,2,3
2019-01-11,42.2,28.85,996.76,34.69,1559.9,6.8,0.9,1.63,2.47,4.31,4.91,10.49,18.42,0.05,6,0,0,0,2,3
2019-01-11,35.7,58.6,1021.3,102.82,2488.4,22.6,4.62,6.38,9.28,13.44,16.91,38.92,82.75,0.488,6,0,1,1,2,1
2019-01-11,20.26,10.45,946.92,158.48,65.1,26.7,0.49,1.15,2.41,3.13,4.39,10.92,22.59,0.05,0,0,0,3,0,2
2019-01-11,31.11,92.39,977.91,32.3,2084.7,5.6,5.55,10.82,15.35,20.87,29.27,66.76,98.59,0.808,0,1,1,1,0,0
2019-01-11,5.73,31.35,991.63,145.0,565.3,19.9,0.79,1.73,2.98,3.74,4.27,10.13,20.66,0.237,0,0,0,2,0,2
2019-01-11,22.42,60.55,991.06,38.19,2417.9,26.6,9.36,22.28,48.18,82.65,111.45,236.37,517.83,0.95,0,3,3,1,0,0
2019-01-12,5.05,71.36,979.72,63.66,1274.9,21.5,10.66,17.49,30.03,50.82,77.81,105.09,206.47,0.95,0,2,2,1,0,0
2019-01-13,30.61,86.11,999.05,135.51,844.1,22.6,0.42,0.65,0.79,1.56,1.83,3.44,6.2,0.166,0,0,0,2,0,2
2019-01-14,32.74,22.76,981.57,11.65,557.9,26.5,1.56,2.51,5.47,9.91,12.87,17.15,22.16,0.05,0,0,0,0,0,2
2019-01-15,7.64,45.82,992.22,130.11,728.2,11.7,5.6,11.15,20.5,36.55,51.32,98.14,194.64,0.95,0,2,2,2,0,0
2019-01-15,19.56,40.07,976.63,88.38,363.0,36.3,3.6,8.11,11.7,14.37,17.92,33.73,68.58,0.462,0,1,1,2,0,1
2019-01-15,19.26,62.66,1013.69,50.33,326.0,8.1,0.34,0.75,1.57,1.92,2.47,5.76,11.7,0.199,0,0,0,0,0,2
2019-01-15,5.66,78.12,948.15,46.48,966.6,47.2,3.49,5.15,8.21,13.54,17.52,28.0,45.95,0.64,0,0,2,1,0,1
2019-01-15,33.25,34.58,978.19,140.33,885.4,27.9,0.33,0.61,1.11,2.21,2.78,5.69,7.01,0.05,0,0,0,2,0,3
2019-01-16,34.93,94.01,959.4,127.46,874.5,26.3,1.16,2.36,3.55,4.14,7.04,12.57,27.13,0.302,0,0,1,2,1,2
2019-01-17,34.72,79.16,974.57,31.31,2323.0,49.9,2.56,4.3,8.33,9.27,11.6,23.64,42.39,0.331,0,0,1,1,1,2
2019-01-17,42.47,73.22,946.9,15.26,557.9,7.3,3.93,6.06,9.43,16.72,23.59,54.21,84.92,0.507,3,1,1,1,2,2
2019-01-18,38.7,52.1,1002.28,2.94,1958.6,5.0,1.12,2.56,4.46,6.48,7.52,12.56,24.08,0.05,7,0,0,0,2,3
2019-01-18,16.76,85.17,940.11,30.56,99.3,18.8,0.22,0.53,1.06,1.31,2.08,3.27,5.27,0.293,0,0,0,1,0,2
2019-01-19,16.09,11.98,946.54,45.77,944.5,31.2,5.02,6.74,10.08,15.6,20.6,26.37,43.42,0.188,0,0,1,2,0,1
2019-01-20,16.16,74.5,1000.65,50.43,1443.2,46.2,2.06,4.17,5.01,8.13,12.68,28.85,51.52,0.554,0,0,2,1,0,1
2019-01-20,20.39,92.9,966.01,36.56,260.0,1.0,4.83,10.43,18.81,37.51,61.54,133.3,163.29,0.95,0,2,2,1,0,0
2019-01-20,27.46,89.31,1020.21,105.52,1818.8,49.2,8.72,17.15,29.31,55.76,94.85,182.94,380.48,0.95,0,3,3,1,0,0
2019-01-20,21.89,61.35,988.87,13.89,1747.3,47.6,11.22,22.79,37.39,54.89,91.61,187.23,313.05,0.95,0,3,3,1,0,0
2019-01-21,14.66,86.77,954.12,35.61,1675.5,27.8,5.62,8.04,14.58,19.2,29.55,64.67,112.95,0.95,0,1,2,1,0,0
2019-01-21,45.35,79.5,990.42,148.17,1174.6,28.6,3.55,8.2,10.23,14.69,19.03,31.86,45.19,0.245,3,0,1,2,2,3
2019-01-21,44.44,70.03,1002.36,36.39,1817.4,39.4,0.33,0.55,1.17,2.05,2.37,4.22,5.24,0.05,1,0,1,0,2,3
2019-01-21,44.13,86.36,1019.99,110.99,236.4,47.0,1.18,2.06,3.89,7.52,10.63,15.25,20.51,0.127,1,0,1,1,2,3
2019-01-22,25.93,25.16,941.83,131.45,1358.9,34.7,5.61,12.61,23.12,29.93,47.82,115.47,229.45,0.95,0,2,2,3,0,0
2019-01-22,17.43,14.97,987.47,110.36,2284.1,12.4,5.11,9.39,18.53,22.73,26.0,40.79,63.73,0.325,0,0,1,2,0,1
2019-01-22,32.04,12.51,985.07,153.84,1165.9,44.5,5.24,6.77,9.7,14.89,17.95,28.42,50.66,0.08,0,0,1,2,0,2
2019-01-22,7.45,72.16,1011.82,67.91,1541.1,31.9,2.46,4.6,9.28,11.59,17.33,35.54,43.1,0.574,0,0,1,1,0,1
2019-01-23,37.95,79.43,997.27,142.82,1184.9,32.6,2.49,4.49,8.27,14.49,21.64,30.04,42.28,0.299,4,0,1,2,2,2
2019-01-23,25.43,67.76,1012.53,3.11,1065.2,44.4,2.73,5.49,10.26,19.31,28.97,66.31,80.8,0.623,0,1,2,0,0,0
2019-01-23,34.88,43.46,957.21,155.49,2400.1,41.9,1.05,2.13,3.4,4.11,5.92,9.65,18.84,0.05,0,0,1,3,0,2
2019-01-23,42.43,27.94,1011.93,29.62,1059.9,39.1,1.47,2.19,3.08,3.73,4.4,9.28,13.23,0.05,5,0,1,0,2,3
2019-01-24,12.99,76.23,946.41,122.96,721.7,37.1,0.56,0.96,1.22,1.6,2.57,5.4,11.06,0.325,0,0,1,3,0,2
2019-01-25,46.18,72.16,994.19,129.51,960.7,32.3,5.37,9.03,12.47,13.78,17.28,27.85,54.37,0.261,7,0,1,2,3,3
2019-01-27,15.55,95.83,1014.15,103.95,1134.6,34.4,0.71,1.63,3.04,3.6,4.99,10.59,22.32,0.472,0,0,1,1,0,1
2019-01-28,27.28,65.12,980.56,34.98,678.7,19.4,1.82,2.26,4.15,6.29,8.77,21.51,26.55,0.23,0,0,0,1,0,2
2019-01-29,9.22,45.24,945.03,143.51,901.0,13.6,5.65,8.53,14.56,23.59,37.61,77.12,129.09,0.95,0,1,1,3,0,0
2019-01-29,28.1,87.85,956.19,41.71,444.7,28.6,6.87,14.7,19.96,29.73,36.79,81.92,115.52,0.928,0,1,2,1,0,0
2019-01-29,7.84,40.25,960.64,54.4,853.9,7.9,1.83,3.99,5.34,8.59,11.43,22.26,32.83,0.342,0,0,0,1,0,1
2019-01-30,32.64,37.37,995.92,104.23,1500.5,19.5,1.61,3.62,5.86,8.48,10.05,19.89,27.79,0.05,0,0,0,1,0,2
2019-01-30,11.64,20.32,964.27,105.62,1432.2,44.9,0.33,0.75,1.03,1.47,2.14,4.72,9.32,0.05,0,0,1,2,0,2
2019-01-31,12.26,71.15,969.31,69.56,196.4,4.9,3.68,7.86,11.64,18.08,22.34,48.9,69.21,0.695,0,1,1,1,0,0
2019-01-31,22.68,78.77,972.4,116.42,1688.0,48.4,0.2,0.48,0.88,1.15,1.64,2.59,4.93,0.2,0,0,1,2,0,2
2019-01-31,26.61,92.02,1027.95,94.4,999.4,27.0,7.5,13.85,21.68,24.63,38.7,91.47,136.05,0.95,0,1,2,1,0,0
2019-01-31,38.93,30.42,1000.57,137.01,2100.6,25.8,0.2,0.28,0.57,0.99,1.09,2.71,5.81,0.05,8,0,0,2,2,3
2019-01-31,17.3,23.0,1004.01,125.14,2303.3,28.9,2.2,2.78,4.72,8.18,9.96,19.33,25.94,0.115,0,0,1,1,0,2
2019-02-01,12.01,61.23,969.45,148.25,393.6,33.8,4.04,6.91,10.64,15.83,26.82,52.1,65.84,0.625,0,1,2,3,0,1
2019-02-01,29.48,25.28,1017.88,42.29,775.6,45.8,2.99,4.72,7.56,10.75,14.98,35.11,64.15,0.259,0,0,1,0,0,1
2019-02-01,32.19,37.11,996.54,117.08,2446.5,26.6,6.02,10.09,13.86,23.12,26.73,64.54,97.27,0.512,0,1,1,2,0,1
2019-02-01,38.96,76.43,966.64,87.36,201.6,3.5,2.6,5.3,11.2,20.57,22.9,47.09,58.9,0.385,1,1,0,2,1,2
2019-02-02,9.57,76.6,1000.28,27.7,1437.9,25.3,0.25,0.43,0.74,1.15,1.9,4.61,8.97,0.347,0,0,0,0,0,2
2019-02-03,25.27,43.87,984.67,58.69,822.7,47.6,2.64,3.69,8.05,11.33,12.89,22.13,33.53,0.19,0,0,1,1,0,1
2019-02-03,28.55,37.3,956.79,35.2,1764.6,23.5,1.13,1.51,2.52,4.15,6.56,14.44,27.15,0.082,0,0,0,1,0,2
2019-02-03,10.18,61.27,982.44,54.86,460.9,13.3,9.52,15.54,21.57,31.58,39.44,56.67,68.95,0.664,0,1,1,1,0,1
2019-02-04,28.37,88.32,1022.01,82.57,621.4,42.0,8.43,15.24,29.12,46.91,70.45,143.74,178.85,0.95,0,2,3,1,0,0
2019-02-04,22.16,53.91,981.13,32.01,2161.4,2.9,5.6,7.82,9.56,13.5,15.33,28.77,41.81,0.327,0,0,0,1,0,1
2019-02-05,16.91,43.41,952.18,146.08,84.0,16.0,6.6,10.41,20.42,33.73,46.82,58.16,113.66,0.806,0,2,1,3,0,0
2019-02-05,7.88,57.91,1010.03,132.81,881.6,4.6,0.48,0.93,1.92,3.52,4.81,11.22,19.44,0.34,0,0,0,1,0,1
2019-02-06,46.33,42.11,1014.75,150.67,172.4,9.9,1.64,3.41,6.79,13.21,15.65,33.62,57.02,0.127,7,1,0,2,3,3
2019-02-06,25.4,59.14,963.92,157.55,495.0,25.9,6.32,14.7,31.35,45.61,68.8,134.58,240.66,0.95,0,2,3,3,0,0
2019-02-06,39.64,97.36,1019.45,46.69,2287.7,30.8,4.76,10.22,13.98,27.0,34.33,72.28,100.05,0.757,5,1,2,0,2,1
2019-02-06,10.48,67.25,956.07,119.86,1289.1,18.4,1.42,2.47,3.38,6.5,10.8,17.01,20.86,0.371,0,0,0,2,0,1
2019-02-07,43.19,31.19,966.22,133.05,2091.9,36.2,0.88,1.96,3.65,6.39,10.42,14.55,23.82,0.05,1,0,1,2,1,3
2019-02-07,43.88,44.78,992.34,104.36,2458.0,29.6,7.61,12.19,19.1,32.6,51.45,72.62,113.62,0.543,2,1,2,2,2,1
2019-02-07,18.89,43.06,1026.28,116.38,1329.9,49.9,0.76,1.34,2.16,2.58,4.31,6.05,12.89,0.112,0,0,1,1,0,2
2019-02-09,7.49,32.69,954.45,75.5,1357.0,28.8,11.01,15.82,26.73,41.03,59.04,143.18,236.3,0.95,0,2,3,2,0,0
2019-02-09,27.68,43.62,982.05,49.65,556.5,18.1,2.93,4.49,8.02,9.38,10.91,27.03,53.71,0.299,0,0,0,1,0,1
2019-02-10,37.47,77.94,1019.32,109.07,2085.1,7.9,0.44,0.94,2.04,3.19,4.01,5.51,9.15,0.076,9,0,0,1,3,3
2019-02-10,33.46,66.16,1021.68,66.71,1193.4,4.9,7.16,17.78,24.28,33.74,54.61,135.73,164.22,0.95,0,2,2,1,0,0
2019-02-10,5.95,56.66,990.0,138.46,1448.8,49.4,6.36,8.52,13.91,19.26,26.95,34.89,71.96,0.704,0,1,2,2,0,0
2019-02-11,46.89,72.24,1020.51,64.79,1227.8,31.5,0.38,0.77,0.96,1.76,2.29,5.57,9.85,0.05,3,0,0,0,3,3
2019-02-11,40.3,27.45,945.8,81.08,2150.8,27.3,1.24,1.61,1.99,2.45,4.11,9.79,16.26,0.05,1,0,0,2,1,3
2019-02-11,26.17,98.02,975.16,153.74,1714.4,34.1,3.9,9.2,13.47,16.69,26.94,32.36,60.4,0.631,0,1,1,3,0,1
2019-02-12,9.28,23.45,1025.83,150.48,2421.0,30.2,4.59,5.93,7.91,13.57,19.01,43.24,88.61,0.615,0,1,1,2,0,0
2019-02-12,20.98,48.39,967.66,82.61,1181.4,13.1,1.52,2.01,3.0,4.79,7.2,12.01,15.27,0.134,0,0,0,2,0,2
2019-02-13,24.62,94.69,992.06,121.3,2128.4,42.5,9.17,12.79,18.2,34.97,62.38,123.26,177.59,0.95,0,2,3,2,0,0
2019-02-14,27.42,53.31,964.24,26.29,1168.2,36.6,0.29,0.54,0.94,1.13,1.83,3.16,5.71,0.05,0,0,1,1,0,2
2019-02-14,16.9,27.74,1018.54,51.66,819.5,37.1,0.01,0.02,0.04,0.07,0.11,0.13,0.26,0.05,0,0,1,0,0,2
2019-02-15,9.72,56.23,988.55,159.49,1965.1,29.4,1.5,3.09,6.09,7.07,11.36,27.26,53.11,0.538,0,0,1,2,0,1
2019-02-15,36.71,21.07,941.05,11.48,1244.0,21.9,1.02,1.24,1.59,2.59,4.64,7.16,14.13,0.05,3,0,0,1,1,3
2019-02-15,18.95,57.82,1017.55,87.67,1319.3,3.9,7.26,15.59,21.02,27.51,38.24,72.33,102.8,0.785,0,1,1,1,0,0
2019-02-15,31.09,51.79,944.75,67.57,2479.4,23.6,0.64,0.8,1.66,2.56,3.12,7.35,14.65,0.05,0,0,0,2,0,2
2019-02-15,16.23,74.66,1006.44,83.29,290.3,24.1,4.78,7.86,9.58,18.48,29.31,60.41,98.26,0.866,0,1,2,1,0,0
2019-02-15,21.21,24.6,1025.69,87.92,1652.7,34.3,0.03,0.07,0.09,0.15,0.17,0.35,0.69,0.05,0,0,0,1,0,2
2019-02-15,18.99,75.43,1012.77,134.09,2353.5,8.5,8.44,15.16,20.43,31.24,44.19,72.15,155.12,0.95,0,1,1,2,0,0
2019-02-16,15.19,39.12,964.25,97.5,817.0,11.8,0.38,0.82,1.04,1.27,1.88,2.28,3.26,0.066,0,0,0,2,0,2
2019-02-16,11.71,49.12,979.15,145.52,928.9,13.8,0.42,0.74,1.15,1.85,2.64,5.87,9.29,0.19,0,0,0,2,0,2
2019-02-17,35.5,64.85,946.45,3.05,213.1,29.5,9.69,13.54,22.54,40.61,65.0,135.18,182.26,0.95,7,2,3,1,2,0
2019-02-17,31.84,28.05,1029.65,159.98,318.1,30.5,2.89,6.58,12.39,23.64,28.96,46.91,61.78,0.234,0,1,1,2,0,2
2019-02-17,33.88,82.24,943.9,36.99,1610.8,9.9,5.64,12.42,26.58,50.28,83.62,176.21,253.48,0.95,0,3,2,2,1,0
2019-02-18,45.25,32.79,1021.96,156.81,2434.8,0.1,0.02,0.05,0.08,0.13,0.22,0.53,0.75,0.05,9,0,0,2,3,3
2019-02-18,21.65,94.81,993.94,2.44,496.9,22.4,0.99,1.21,2.0,3.17,4.5,7.08,14.04,0.351,0,0,0,0,0,2
2019-02-18,14.16,39.12,962.38,103.02,2184.4,5.2,0.55,0.7,0.93,1.03,1.31,2.55,4.84,0.086,0,0,0,2,0,2
2019-02-18,12.39,19.41,942.37,139.22,919.8,29.5,2.32,3.07,5.42,6.53,7.93,16.86,28.52,0.163,0,0,1,3,0,2
2019-02-19,26.89,95.04,985.85,25.55,1605.5,39.4,3.36,5.84,12.3,17.58,23.64,54.66,93.71,0.831,0,1,2,1,0,0
2019-02-19,25.97,56.23,971.83,124.22,1168.5,10.4,5.39,12.65,27.57,30.79,41.66,92.57,170.27,0.95,0,2,2,2,0,0
2019-02-20,36.26,61.91,953.38,148.57,1697.1,37.6,10.38,19.64,31.62,51.2,59.93,81.39,157.58,0.95,5,2,2,3,2,0
2019-02-20,47.25,92.57,945.12,64.29,1471.7,14.7,0.48,0.86,1.7,1.93,2.98,3.77,6.33,0.05,1,0,0,2,3,3
2019-02-20,14.72,66.58,985.59,104.45,982.4,19.2,2.27,3.8,4.76,5.25,6.74,13.64,21.92,0.332,0,0,0,2,0,1
2019-02-20,11.99,82.69,1028.42,123.18,314.1,7.5,0.57,1.11,1.92,3.53,5.56,7.74,15.71,0.398,0,0,0,1,0,1
2019-02-20,34.76,20.18,950.21,1.8,1182.3,41.1,9.48,21.03,41.77,82.3,135.08,324.65,615.08,0.95,0,3,3,1,0,0
2019-02-21,14.92,42.11,1021.61,92.34,1140.7,41.9,2.7,6.54,11.29,19.57,30.95,40.53,51.63,0.406,0,0,1,1,0,1
2019-02-21,5.44,68.2,972.75,84.84,129.7,16.4,0.31,0.48,0.63,1.11,1.98,2.95,5.18,0.321,0,0,0,1,0,2
2019-02-21,21.11,68.34,998.89,103.31,1713.8,31.9,7.45,18.11,34.18,37.83,61.24,107.66,180.6,0.95,0,2,2,2,0,0
2019-02-22,17.34,31.76,1002.35,126.74,63.1,36.6,0.32,0.56,0.81,1.35,2.03,3.26,4.66,0.05,0,0,1,1,0,2
2019-02-22,37.6,32.03,1021.81,4.63,1456.1,22.7,1.08,1.33,2.56,3.51,5.33,11.96,23.15,0.05,8,0,0,0,2,3
2019-02-23,27.9,91.62,1004.97,100.39,462.9,44.0,6.54,10.68,22.29,24.59,35.16,84.5,169.47,0.95,0,1,2,1,0,0
2019-02-24,45.54,44.73,988.73,53.58,1531.7,37.0,1.79,2.66,5.7,10.78,16.58,31.79,53.36,0.124,6,0,1,1,3,3
2019-02-24,42.28,82.28,961.37,54.53,1964.4,31.3,0.71,1.14,2.0,3.38,5.41,7.29,14.33,0.084,3,0,0,1,2,3
2019-02-25,44.11,16.01,1014.53,82.79,1955.0,18.7,1.25,3.0,5.82,7.97,13.66,23.48,33.2,0.05,9,0,0,1,3,3
2019-02-25,17.59,18.56,982.19,108.56,692.2,34.3,2.33,3.4,7.2,9.53,14.46,28.88,52.7,0.268,0,0,1,2,0,1
2019-02-25,28.7,37.49,1002.54,9.42,593.1,21.9,0.85,1.3,2.17,4.31,5.2,6.48,10.17,0.05,0,0,0,0,0,2
2019-02-26,25.65,74.64,957.03,25.97,354.3,48.8,4.87,9.48,11.73,20.96,26.64,35.89,51.4,0.459,0,1,2,1,0,1
2019-02-26,15.47,80.83,963.16,35.24,975.3,23.2,2.14,3.78,5.92,11.15,12.42,18.01,35.43,0.486,0,0,1,1,0,1
2019-02-26,21.93,85.29,1002.52,79.95,1042.1,13.8,1.48,2.0,3.85,6.32,11.32,20.9,34.51,0.437,0,0,0,1,0,1
2019-02-26,20.49,96.25,962.68,47.0,1784.6,33.4,0.91,2.16,3.06,5.15,8.6,18.27,31.37,0.485,0,0,1,1,0,1
2019-02-26,13.02,23.68,968.91,156.03,919.0,12.6,6.09,9.34,19.86,27.73,32.49,70.91,137.59,0.905,0,1,1,3,0,0
2019-02-27,15.57,36.62,1001.17,62.09,1934.4,4.9,1.05,1.71,2.55,3.2,5.5,7.5,10.5,0.097,0,0,0,1,0,2
2019-02-28,41.24,11.35,1009.99,69.98,1900.7,12.0,6.49,13.37,16.42,18.21,32.19,75.39,133.7,0.536,5,1,1,1,2,1
2019-02-28,25.36,68.07,969.12,74.91,717.8,44.5,1.54,3.68,6.34,12.35,22.02,45.71,63.74,0.512,0,0,2,1,0,1
2019-02-28,12.14,94.03,950.26,11.31,144.3,5.1,0.51,1.17,2.4,4.11,5.43,9.74,18.06,0.469,0,1,0,1,0,1
2019-02-28,46.56,27.27,966.27,106.1,713.8,24.3,1.49,2.83,4.39,7.59,12.78,28.74,46.69,0.05,2,0,0,2,2,3
2019-02-28,47.29,70.82,980.65,141.89,591.5,30.8,0.91,1.65,2.9,5.4,9.36,19.51,34.4,0.11,2,0,1,2,2,3
2019-03-01,40.31,39.54,972.32,134.98,2451.3,24.6,0.27,0.61,1.34,2.47,3.5,6.3,8.49,0.05,9,0,0,2,3,3
2019-03-01,8.09,88.62,1028.43,55.23,1736.2,38.2,0.63,1.48,2.64,3.64,5.82,14.49,24.38,0.525,0,0,1,0,0,1
2019-03-01,38.76,73.79,1013.28,148.31,2243.6,8.6,0.92,1.34,1.64,1.97,3.55,6.42,11.33,0.057,4,0,0,2,2,3
2019-03-02,21.22,92.39,987.15,116.94,1352.6,6.0,0.84,1.41,2.93,4.31,6.41,15.84,20.5,0.386,0,0,0,2,0,1
2019-03-02,32.31,34.63,954.03,120.17,2371.5,17.8,3.79,6.95,9.97,15.72,24.75,58.46,78.63,0.374,0,0,1,2,0,1
2019-03-02,7.94,13.5,957.35,19.87,380.9,18.9,4.03,5.76,7.63,13.9,21.79,44.0,63.72,0.413,0,1,1,1,0,1
2019-03-02,20.26,92.37,993.67,35.26,228.1,39.8,3.33,5.84,9.62,15.18,20.85,36.4,49.74,0.591,0,1,1,1,0,1
2019-03-03,12.17,21.44,988.73,58.06,119.1,1.5,4.72,10.85,18.31,20.91,31.44,51.5,90.36,0.588,0,1,1,1,0,0
2019-03-04,26.42,61.61,1026.48,45.82,1057.9,5.8,3.72,8.02,11.17,13.72,17.62,29.18,48.78,0.369,0,0,0,0,0,1
2019-03-04,19.96,44.65,994.61,98.18,152.6,10.9,0.89,2.05,4.4,6.99,8.19,13.32,19.53,0.154,0,0,0,1,0,2
2019-03-05,42.55,51.15,981.96,122.44,1816.3,26.3,0.99,1.71,2.84,4.03,4.85,11.29,14.35,0.05,8,0,0,2,3,3
2019-03-05,43.32,97.2,969.73,69.33,437.9,6.6,2.93,4.42,7.9,10.93,12.5,15.5,33.16,0.274,5,0,0,1,3,3
2019-03-05,29.06,37.3,1010.11,29.84,733.3,11.0,0.32,0.67,0.97,1.81,2.82,3.86,5.18,0.05,0,0,0,0,0,2
2019-03-05,33.78,10.96,983.2,131.86,2422.4,30.6,2.83,3.92,5.7,8.47,12.54,20.46,32.77,0.05,0,0,1,2,0,2
2019-03-06,16.64,17.46,1019.38,55.49,2065.2,17.1,7.18,14.94,31.49,61.55,84.61,172.87,371.67,0.95,0,3,3,1,0,0
2019-03-06,18.9,25.9,957.86,9.36,1522.6,4.7,6.12,9.81,15.8,29.59,41.49,96.78,133.07,0.828,0,1,1,1,0,0
2019-03-06,25.26,95.58,986.02,104.32,703.3,41.6,3.9,6.41,11.54,19.27,25.2,48.19,98.1,0.879,0,1,2,2,0,0
2019-03-08,6.31,88.42,977.86,90.36,633.2,14.8,4.26,9.25,15.21,26.42,31.83,63.41,108.3,0.95,0,1,1,2,0,0
2019-03-08,25.28,22.49,962.3,21.14,311.9,3.5,8.05,17.28,28.44,36.82,58.23,71.46,116.28,0.635,0,2,1,1,0,0
2019-03-08,30.09,94.48,943.26,23.07,1115.3,8.6,1.64,3.36,4.89,9.03,15.75,26.38,57.72,0.556,0,0,0,1,0,1
2019-03-08,39.34,60.46,943.13,149.13,758.7,25.8,0.08,0.12,0.21,0.23,0.34,0.8,1.39,0.05,8,0,0,3,2,3
2019-03-09,39.55,50.33,1009.42,57.91,1252.5,3.6,0.25,0.57,1.06,1.67,2.23,3.37,5.11,0.05,2,0,0,0,1,3
2019-03-10,23.49,57.77,1013.86,4.2,130.5,32.0,2.71,3.33,6.08,11.99,17.72,32.14,64.23,0.482,0,1,1,0,0,1
2019-03-10,10.04,33.88,970.48,51.15,809.0,33.7,2.69,4.4,6.33,12.55,15.98,30.38,44.15,0.363,0,0,1,1,0,1
2019-03-10,22.39,83.16,1003.6,109.63,2402.5,13.0,7.99,12.8,28.09,52.15,62.48,75.63,150.49,0.95,0,2,2,2,0,0
2019-03-11,17.72,64.07,1021.77,80.11,307.1,19.6,10.34,22.64,29.84,56.01,64.88,93.8,196.44,0.95,0,2,2,1,0,0
2019-03-11,45.62,60.92,1029.06,152.91,898.0,32.2,0.64,0.87,1.16,1.77,2.99,4.03,7.98,0.05,9,0,0,1,3,3
2019-03-12,20.85,47.15,988.82,103.2,1183.8,24.6,9.82,20.91,29.65,43.32,71.14,127.13,221.68,0.95,0,2,2,2,0,0
2019-03-14,20.86,25.45,961.63,117.23,142.3,25.6,0.33,0.81,1.06,1.25,2.01,3.96,6.35,0.05,0,0,0,2,0,2
2019-03-14,9.6,15.51,1018.64,91.47,1725.6,9.8,1.28,2.55,4.48,7.6,11.31,19.71,31.91,0.194,0,0,0,1,0,1
2019-03-14,14.36,59.97,955.42,98.06,58.9,9.6,0.47,1.15,1.87,3.43,4.76,10.01,21.09,0.297,0,1,0,2,0,1
2019-03-15,33.23,51.01,996.21,25.68,167.5,39.8,0.62,1.11,1.88,2.73,3.82,5.27,7.35,0.05,0,0,1,0,0,3
2019-03-16,19.25,11.62,1017.39,40.98,1446.5,35.7,0.54,1.15,1.93,3.5,5.25,12.87,17.11,0.05,0,0,1,0,0,2
2019-03-16,26.53,15.29,954.11,8.02,1884.2,23.3,6.57,16.4,27.05,48.75,79.76,127.45,173.09,0.95,0,2,2,1,0,0
2019-03-16,39.0,45.53,997.7,52.85,1513.6,11.6,8.34,15.38,28.02,45.58,69.22,157.92,252.8,0.95,2,2,2,1,1,0
2019-03-17,22.68,79.5,958.79,143.93,573.8,15.4,4.57,6.78,13.2,19.88,23.94,48.71,90.86,0.776,0,1,1,3,0,0
2019-03-17,45.19,46.89,1002.87,94.72,101.5,45.3,2.57,4.59,7.99,13.83,18.58,29.06,47.83,0.101,8,1,1,1,3,3
2019-03-18,32.74,56.07,999.79,141.04,1588.5,20.7,1.07,1.59,2.32,3.33,5.03,6.85,13.54,0.05,0,0,0,2,0,2
2019-03-18,40.69,66.2,965.14,70.84,1580.4,17.1,4.86,7.27,12.68,22.98,33.76,47.57,99.72,0.589,9,1,1,2,3,1
2019-03-18,30.99,14.32,953.11,82.34,252.8,2.0,0.49,0.86,1.42,2.68,4.15,9.53,15.25,0.05,0,0,0,2,0,2
2019-03-18,44.79,87.91,997.49,46.11,1466.2,31.3,0.72,1.77,2.49,4.54,7.84,18.16,27.57,0.176,3,0,1,1,2,3
2019-03-18,47.83,10.73,978.47,24.41,967.8,42.2,1.04,1.53,2.92,4.48,7.61,15.86,20.14,0.05,7,0,1,1,3,3
2019-03-19,32.14,45.12,964.41,36.51,68.7,2.3,0.14,0.23,0.4,0.67,0.76,1.03,1.72,0.05,0,0,0,1,0,3
2019-03-19,22.2,47.21,1027.45,35.8,1028.0,20.1,1.53,2.4,3.99,6.51,8.06,13.23,25.56,0.184,0,0,0,0,0,2
2019-03-19,32.48,19.95,1005.0,94.1,2450.7,37.5,0.58,0.96,1.67,2.9,3.33,7.3,12.05,0.05,0,0,1,1,0,2
2019-03-19,22.14,47.59,982.03,80.83,1675.4,25.5,0.39,0.81,1.62,1.93,2.51,5.77,8.08,0.07,0,0,0,1,0,2
2019-03-20,40.0,94.03,956.94,122.83,311.5,49.3,1.92,4.17,7.57,8.52,9.69,13.34,18.74,0.195,7,0,1,2,3,3
2019-03-20,7.67,54.27,942.25,93.89,938.3,34.2,3.08,6.23,9.37,16.07,26.32,35.98,76.62,0.705,0,1,1,2,0,0
2019-03-20,38.34,45.4,987.74,45.54,1470.1,43.2,3.91,6.77,8.22,13.92,20.06,44.52,83.59,0.401,4,0,1,1,1,1
2019-03-21,16.56,76.05,1002.9,96.56,1345.8,29.9,2.04,2.52,4.3,4.83,8.43,14.66,27.46,0.398,0,0,1,1,0,1
2019-03-22,43.38,14.71,993.66,70.21,1922.8,39.2,3.04,4.07,4.88,8.04,10.18,24.31,30.0,0.05,2,0,1,1,1,3
2019-03-22,45.12,57.68,1003.65,159.44,653.4,22.2,2.65,6.31,11.18,16.28,18.39,26.18,37.9,0.09,2,0,0,2,2,3
2019-03-23,46.14,49.61,1019.31,10.14,2082.8,16.2,3.57,7.51,15.47,25.84,36.61,53.52,104.4,0.483,3,1,1,0,2,2
2019-03-23,17.0,48.88,947.96,146.23,2392.2,48.8,3.0,6.64,14.45,19.91,24.7,50.95,109.55,0.805,0,1,2,3,0,0
2019-03-23,30.74,72.03,1007.99,146.79,1635.1,23.0,1.08,1.42,2.01,3.68,6.34,8.65,11.72,0.131,0,0,0,2,0,2
2019-03-23,19.03,69.5,995.99,93.78,2227.1,4.1,8.91,15.4,30.28,58.4,77.47,113.35,185.77,0.95,0,2,2,2,0,0
2019-03-23,24.27,67.14,984.2,109.36,889.0,30.0,0.23,0.48,0.69,1.27,2.22,4.04,6.17,0.134,0,0,0,2,0,2
2019-03-24,23.88,31.43,1023.09,146.63,2429.1,13.2,12.39,25.64,50.9,66.97,119.61,154.82,312.74,0.95,0,3,3,2,0,0
2019-03-24,30.07,67.9,1016.3,76.89,318.5,45.3,5.25,10.46,15.95,21.98,39.51,91.61,167.63,0.95,0,2,3,1,0,0
2019-03-24,10.37,68.83,963.59,32.09,1241.2,35.5,2.18,4.06,5.02,7.54,12.29,26.52,46.65,0.551,0,0,1,1,0,1
2019-03-25,21.33,16.19,992.8,74.6,1036.0,25.7,4.7,11.27,24.53,39.64,70.25,150.47,206.3,0.95,0,2,3,1,0,0
2019-03-25,23.11,84.84,976.17,140.35,1287.1,43.1,0.28,0.57,1.09,1.55,2.23,3.07,5.27,0.228,0,0,1,2,0,2
2019-03-26,22.49,60.71,948.11,25.41,654.1,47.3,8.76,19.13,34.63,67.79,121.23,181.43,286.28,0.95,0,3,3,2,0,0
2019-03-26,33.94,62.27,1023.18,69.11,449.8,46.4,0.16,0.32,0.63,1.1,1.94,2.84,4.87,0.05,0,0,1,0,0,3
2019-03-27,45.36,84.09,943.52,114.62,1177.0,26.4,0.46,0.87,1.36,1.55,2.46,4.22,6.46,0.05,4,0,0,2,3,3
2019-03-28,34.02,86.09,956.45,157.48,1834.7,0.7,2.72,3.91,6.03,7.93,8.89,11.06,19.93,0.223,0,0,0,3,1,2
2019-03-28,11.68,45.36,970.61,37.68,1423.8,34.0,4.47,10.11,19.86,38.69,52.21,70.38,150.92,0.95,0,2,2,1,0,0
2019-03-29,10.59,70.39,990.11,52.04,106.5,33.0,6.13,10.75,20.89,24.51,39.18,76.41,119.46,0.95,0,2,2,1,0,0
2019-03-30,32.96,68.24,942.5,40.6,2391.7,47.7,3.26,4.78,9.63,15.73,18.54,25.96,49.51,0.342,0,0,1,2,0,2
2019-03-31,11.02,24.1,1008.71,12.84,1074.6,32.8,1.58,2.65,5.07,6.96,9.7,18.58,27.3,0.192,0,0,1,0,0,2
2019-03-31,46.86,21.8,1029.64,28.35,60.6,40.0,1.34,2.35,4.49,6.84,9.2,19.74,32.97,0.05,7,1,1,0,3,3
2019-03-31,45.95,45.03,973.02,12.05,1185.6,47.6,0.98,2.06,3.35,4.25,7.62,16.05,34.98,0.05,2,0,1,1,2,3
2019-03-31,33.27,89.24,1028.58,26.9,557.1,4.0,1.04,1.95,2.77,4.56,6.97,9.73,18.32,0.236,0,0,0,0,1,2
2019-03-31,22.26,55.32,1015.59,2.43,713.3,28.9,0.35,0.75,1.37,2.72,3.41,6.96,14.12,0.148,0,0,0,0,0,2
2019-04-01,41.76,74.94,1022.83,97.0,2028.2,34.1,11.25,16.67,29.39,50.81,56.82,138.08,259.08,0.95,3,2,3,1,2,0
2019-04-01,27.77,22.21,985.92,26.28,2103.0,38.6,4.5,9.17,18.74,21.13,28.05,51.32,75.83,0.339,0,0,1,1,0,1
2019-04-02,46.05,48.91,1006.12,87.24,605.5,22.4,2.57,6.33,9.8,17.03,23.79,35.62,53.27,0.139,3,0,1,1,2,3
2019-04-02,12.22,58.81,942.68,156.47,1634.1,25.3,3.81,7.05,12.76,22.32,27.26,52.53,63.38,0.594,0,1,1,3,0,1
2019-04-02,29.3,14.03,1025.59,10.08,1522.9,1.0,5.19,12.0,17.76,23.29,33.93,78.24,147.5,0.761,0,1,1,0,0,0
2019-04-03,44.34,43.0,1022.7,6.43,1644.3,40.5,9.91,18.51,28.02,51.1,87.15,210.98,417.94,0.95,7,3,3,0,3,0
2019-04-03,22.48,65.13,970.68,50.78,2335.1,14.8,9.94,23.17,35.61,64.41,73.26,169.85,356.57,0.95,0,3,2,1,0,0
2019-04-04,32.16,15.85,945.13,110.57,1446.0,25.7,5.46,12.9,25.96,44.54,76.17,115.26,140.01,0.691,0,2,2,3,0,0
2019-04-04,47.6,27.0,1028.12,140.81,1625.3,43.2,0.04,0.08,0.15,0.26,0.36,0.88,1.46,0.05,8,0,1,1,3,3
2019-04-04,13.77,34.58,1008.43,156.45,2171.8,47.7,3.3,7.84,17.2,28.55,46.87,85.75,120.37,0.838,0,1,3,2,0,0
2019-04-05,36.33,27.7,976.74,114.58,2128.1,46.7,1.21,1.63,2.74,5.04,6.96,17.17,22.34,0.05,3,0,1,2,1,3
2019-04-05,36.05,32.03,1007.19,134.79,2227.7,9.0,2.35,4.63,7.21,12.3,18.86,38.92,75.32,0.302,7,0,0,2,2,2
2019-04-05,37.47,21.52,974.73,78.21,831.5,1.8,2.86,3.52,6.75,7.77,12.39,16.04,26.1,0.05,4,0,0,1,1,3
2019-04-06,42.24,76.67,987.07,3.12,964.8,22.5,0.13,0.18,0.34,0.48,0.78,1.78,2.64,0.05,4,0,0,0,2,3
2019-04-06,41.94,63.13,966.89,70.01,293.2,29.1,1.63,2.13,3.08,3.82,4.79,7.14,10.86,0.05,8,0,0,1,3,3
2019-04-06,42.7,30.91,1024.17,54.09,1716.0,12.0,0.84,1.4,2.59,4.37,7.3,12.65,16.51,0.05,4,0,0,0,2,3
2019-04-06,31.99,35.25,1003.56,57.18,727.8,6.8,0.7,1.23,2.38,3.31,5.87,8.61,11.8,0.05,0,0,0,1,0,2
2019-04-06,39.31,88.44,978.61,46.78,777.9,22.0,1.57,2.67,5.19,9.83,15.77,20.3,38.81,0.308,6,0,1,1,2,2
2019-04-06,34.77,47.73,952.27,55.04,111.0,27.8,1.23,2.45,3.26,4.96,6.03,14.91,30.55,0.095,0,0,0,1,0,2
2019-04-07,10.51,27.2,1025.31,119.7,1391.7,40.6,11.73,22.67,47.34,58.74,101.85,146.63,196.7,0.95,0,3,3,2,0,0
2019-04-07,39.22,27.54,975.02,115.12,918.8,3.8,8.73,13.65,26.44,48.86,66.43,146.6,189.29,0.95,8,2,2,2,2,0
2019-04-07,15.19,83.79,1008.37,2.07,2320.1,38.6,6.56,10.39,21.82,28.34,48.94,79.52,138.99,0.95,0,2,2,0,0,0
2019-04-07,30.69,11.81,947.68,80.09,2281.2,1.8,2.63,5.63,8.76,10.7,15.35,28.06,54.99,0.119,0,0,0,2,0,2
2019-04-07,5.46,16.41,991.95,31.53,1976.2,11.8,16.93,35.68,59.59,66.93,110.8,159.71,329.79,0.95,0,3,3,1,0,0
2019-04-08,18.03,61.38,986.17,35.74,1901.5,4.7,0.57,0.79,1.23,2.08,2.67,6.46,12.09,0.207,0,0,0,1,0,2
2019-04-08,35.2,64.46,979.42,151.86,729.6,45.1,0.17,0.3,0.47,0.75,1.34,3.16,6.63,0.05,2,0,1,2,1,3
2019-04-09,12.93,64.57,945.1,87.0,1136.1,43.9,0.01,0.02,0.03,0.05,0.08,0.11,0.21,0.195,0,0,1,2,0,2
2019-04-09,27.69,60.98,968.54,122.15,691.0,48.7,1.1,2.45,4.17,5.59,8.6,10.35,14.88,0.127,0,0,1,2,0,2
2019-04-09,36.85,55.08,973.43,126.05,1143.9,14.4,0.71,0.99,1.84,2.03,2.68,5.27,10.16,0.05,1,0,0,2,1,3
2019-04-09,42.81,87.36,991.79,6.26,2066.4,11.9,10.22,15.56,29.51,38.9,54.5,109.42,149.11,0.95,7,2,2,0,3,0
2019-04-09,41.69,77.6,1012.48,132.29,1633.7,38.6,0.82,1.88,2.63,4.15,5.11,8.43,12.35,0.053,3,0,1,1,2,3
2019-04-10,5.22,29.9,1013.23,17.05,863.7,9.5,2.55,3.17,5.82,11.36,13.82,33.48,46.27,0.406,0,0,0,0,0,1
2019-04-10,46.53,30.78,1024.69,3.36,809.1,11.7,0.93,1.4,2.05,3.48,5.59,11.32,17.27,0.05,1,0,0,0,2,3
2019-04-10,12.99,68.92,958.34,93.69,1708.4,23.3,15.37,23.78,43.81,78.97,113.18,146.99,182.98,0.95,0,3,3,2,0,0
2019-04-12,33.71,91.83,996.69,58.65,1652.2,6.7,4.96,7.88,11.19,16.52,25.39,39.89,55.15,0.49,0,0,1,1,1,1
2019-04-12,23.38,65.74,997.54,23.0,25.6,45.7,8.94,12.42,23.35,40.35,57.3,102.48,205.61,0.95,0,3,3,1,0,0
2019-04-12,18.57,76.07,946.91,63.32,2167.4,43.3,1.43,2.17,4.68,9.14,14.96,29.8,53.03,0.548,0,0,1,2,0,1
2019-04-12,32.41,80.01,996.31,139.25,2.7,15.7,3.56,5.75,9.42,12.58,22.28,41.04,60.05,0.476,0,1,1,2,0,1
2019-04-12,19.64,11.99,979.79,133.43,1303.9,48.6,2.09,4.05,5.33,10.49,16.62,38.6,78.14,0.385,0,0,2,2,0,1
2019-04-12,21.33,29.16,973.37,67.02,2000.9,23.3,1.85,3.79,5.89,6.82,9.66,17.1,31.74,0.144,0,0,0,1,0,2
2019-04-13,5.49,74.84,958.47,143.99,2412.0,46.1,4.27,8.71,16.51,19.45,33.75,51.94,93.8,0.945,0,1,2,3,0,0
2019-04-13,39.34,87.22,966.45,29.37,57.2,21.5,0.81,1.53,2.37,3.18,4.86,9.29,13.54,0.133,8,0,0,1,3,3
2019-04-14,37.42,25.66,944.64,35.31,1968.6,13.1,5.74,14.17,29.72,32.93,53.17,126.14,234.24,0.95,5,2,2,2,1,0
2019-04-14,7.12,47.43,946.89,92.05,1402.5,13.3,1.09,1.82,3.04,5.73,6.53,14.29,25.0,0.333,0,0,0,2,0,1
2019-04-14,19.74,12.87,980.67,81.42,57.2,8.3,2.76,3.62,5.67,8.84,10.09,22.18,46.2,0.175,0,1,0,1,0,1
2019-04-14,31.15,32.39,974.37,59.84,116.4,49.8,0.45,0.93,1.36,1.89,2.87,5.45,9.65,0.05,0,0,1,1,0,2
2019-04-15,32.1,58.91,1003.43,112.48,1567.3,9.3,0.07,0.13,0.23,0.36,0.45,1.1,1.99,0.05,0,0,0,1,0,3
2019-04-15,14.12,24.02,959.54,39.79,2217.2,9.6,2.24,2.96,5.81,8.2,9.68,23.48,47.49,0.296,0,0,0,1,0,1
2019-04-15,31.54,71.74,944.13,56.05,2378.1,8.4,0.28,0.62,0.74,0.91,1.31,1.64,2.01,0.057,0,0,0,2,0,2
2019-04-16,16.98,63.68,982.83,87.49,1230.3,45.7,1.65,2.74,3.54,5.7,9.32,17.86,39.25,0.41,0,0,1,1,0,1
2019-04-16,45.78,91.98,995.18,130.07,2198.3,19.2,1.49,1.95,3.67,5.68,7.46,12.75,16.76,0.114,4,0,0,2,3,3
2019-04-16,47.9,62.91,1006.29,125.59,1277.3,19.9,0.62,0.84,1.58,2.83,3.31,5.94,9.28,0.05,4,0,0,1,3,3
2019-04-17,7.69,63.38,993.67,130.79,1157.1,20.1,0.0,0.01,0.01,0.01,0.03,0.06,0.08,0.241,0,0,0,2,0,2
2019-04-17,19.47,44.11,1007.91,52.46,2127.6,38.4,4.68,5.97,10.43,13.86,22.8,43.01,67.47,0.476,0,0,1,1,0,1
2019-04-17,7.97,50.98,984.81,48.59,1747.7,38.1,2.82,3.56,6.94,12.06,15.75,26.52,33.42,0.398,0,0,1,1,0,1
2019-04-17,32.08,12.72,965.6,49.64,2374.6,10.9,2.9,4.02,7.83,9.85,14.82,26.28,39.76,0.05,0,0,0,1,0,2
2019-04-18,40.24,73.03,945.6,22.96,1599.5,24.5,4.62,8.64,11.68,21.0,26.73,50.38,87.45,0.546,9,1,1,1,3,1
2019-04-18,46.19,82.37,971.78,37.67,229.3,7.6,3.42,4.95,9.7,12.85,17.14,41.98,62.87,0.369,4,1,0,1,3,2
2019-04-18,14.13,55.17,1016.29,119.32,1455.3,35.9,4.47,7.18,10.89,12.07,17.86,29.39,43.04,0.421,0,0,1,1,0,1
2019-04-18,24.0,42.96,962.89,15.07,1194.1,5.9,4.55,10.67,17.49,22.16,30.32,58.05,76.09,0.482,0,1,1,1,0,1
2019-04-19,23.66,35.1,1020.88,74.16,1140.2,27.9,2.61,5.52,12.07,19.54,24.57,47.35,67.05,0.386,0,0,1,1,0,1
2019-04-20,35.23,93.99,994.72,141.26,1481.9,45.2,5.8,7.34,9.33,12.06,16.3,37.78,56.35,0.493,5,0,2,2,2,1
2019-04-20,18.32,12.01,985.52,124.98,2194.7,36.8,2.75,6.36,11.25,15.47,22.21,49.88,102.34,0.559,0,1,1,2,0,0
2019-04-20,37.49,17.37,966.74,50.13,1380.4,19.9,0.93,1.8,3.63,6.7,9.72,12.48,18.4,0.05,2,0,0,1,1,3
2019-04-21,30.28,65.23,941.47,156.82,706.6,7.7,0.55,0.92,1.7,1.92,2.93,5.02,8.88,0.083,0,0,0,3,0,2
2019-04-22,39.09,82.96,997.3,63.08,910.5,17.4,4.94,11.75,15.45,17.91,30.94,71.87,154.4,0.95,8,1,1,1,3,0
2019-04-22,28.12,52.11,979.49,96.82,608.7,47.2,1.37,3.3,6.88,13.64,24.46,54.58,112.58,0.73,0,1,2,2,0,0
2019-04-22,5.36,43.11,941.12,97.7,335.6,33.0,11.48,22.58,44.41,66.88,120.15,201.4,319.11,0.95,0,3,3,3,0,0
2019-04-23,8.43,91.0,1002.9,134.52,520.9,15.5,3.17,6.71,12.19,22.84,30.19,50.36,73.01,0.857,0,1,1,2,0,0
2019-04-23,36.92,86.39,998.28,103.97,1024.2,10.5,4.79,11.48,23.29,36.03,48.06,112.2,167.66,0.95,7,2,2,2,2,0
2019-04-24,14.58,10.28,942.3,110.06,2143.5,2.8,0.27,0.34,0.57,0.94,1.15,2.39,5.0,0.05,0,0,0,2,0,2
2019-04-24,31.51,32.7,989.38,150.28,2368.7,41.4,3.8,9.32,16.93,33.54,42.06,98.49,187.58,0.95,0,2,3,2,0,0
2019-04-25,11.86,12.87,1007.44,19.83,508.6,25.9,7.06,10.71,18.61,22.78,26.93,43.5,75.91,0.452,0,1,1,0,0,1
2019-04-25,7.76,74.83,943.29,24.14,123.4,18.0,1.9,3.15,4.89,9.77,10.9,16.91,36.33,0.539,0,1,1,1,0,1
2019-04-25,11.14,39.45,1023.12,14.78,2268.3,42.9,0.1,0.2,0.25,0.5,0.86,1.04,1.34,0.095,0,0,1,0,0,2
2019-04-26,18.71,68.14,1025.82,28.84,1317.3,48.5,4.73,6.34,10.52,15.39,17.83,22.45,46.82,0.466,0,0,2,0,0,1
2019-04-26,33.44,88.86,976.38,115.41,989.5,8.2,1.72,2.28,2.9,5.47,8.64,14.7,29.77,0.308,0,0,0,2,1,2
2019-04-26,30.53,93.52,972.38,155.8,1803.5,28.6,6.14,14.98,20.26,36.14,48.69,109.57,224.16,0.95,0,2,2,3,0,0
2019-04-26,40.27,69.6,994.54,31.36,1942.9,24.5,0.98,1.18,2.07,3.93,6.14,13.27,26.08,0.119,4,0,0,0,2,3
2019-04-28,12.41,32.68,979.46,1.85,1864.9,41.3,0.44,0.76,1.01,1.97,2.95,5.42,6.6,0.083,0,0,1,0,0,2
2019-04-28,22.67,54.55,947.18,157.58,2112.1,12.8,2.17,5.29,6.85,8.33,9.16,22.5,37.29,0.295,0,0,0,3,0,1
2019-04-29,17.22,56.85,975.69,154.52,2296.4,6.1,12.53,26.79,50.73,59.63,79.6,169.34,270.67,0.95,0,3,2,3,0,0
2019-04-29,29.83,11.61,993.65,137.18,1647.8,21.8,4.07,8.17,17.35,28.77,44.01,65.22,80.17,0.294,0,1,1,2,0,1
2019-04-29,29.82,11.71,1011.84,152.67,1836.8,44.7,0.7,1.48,2.57,3.03,4.16,5.51,8.14,0.05,0,0,1,2,0,2
2019-04-29,19.71,99.25,964.01,124.79,76.2,18.5,3.27,6.75,14.56,24.05,37.97,67.78,120.34,0.95,0,2,2,2,0,0
2019-04-29,17.45,22.67,1020.59,101.66,1780.3,36.5,3.85,4.75,9.23,15.4,18.08,31.61,63.19,0.36,0,0,1,1,0,1
2019-05-01,33.39,59.12,952.63,124.76,381.1,33.0,0.42,0.82,1.18,1.68,2.4,3.55,7.69,0.05,0,0,0,2,0,3
2019-05-02,38.15,20.78,953.35,85.93,420.0,0.3,9.12,21.97,37.16,68.34,122.01,215.59,435.56,0.95,6,3,3,2,2,0
2019-05-02,47.46,46.25,967.14,44.61,150.1,43.5,6.95,10.16,19.58,27.69,39.32,94.91,161.66,0.834,8,2,2,1,3,1
2019-05-03,20.49,38.77,982.28,73.77,1264.0,45.8,0.56,1.22,2.21,3.22,3.68,9.1,18.65,0.113,0,0,1,1,0,2
2019-05-03,8.24,48.15,1004.25,69.43,879.5,20.3,6.23,14.79,23.36,34.07,44.4,96.44,161.86,0.95,0,2,2,1,0,0
2019-05-03,13.42,55.33,965.34,53.43,61.1,38.5,0.34,0.81,1.17,2.03,2.32,3.65,6.27,0.184,0,0,1,1,0,2
2019-05-03,37.92,92.13,954.45,23.6,424.9,30.0,2.11,3.9,6.02,8.64,11.66,22.12,43.72,0.373,3,0,1,1,2,2
2019-05-04,38.36,66.49,1024.71,81.35,1884.5,40.9,4.13,9.72,20.94,35.65,39.78,89.74,129.55,0.812,9,1,2,1,3,0
2019-05-04,44.95,35.7,1023.7,37.39,1765.4,5.3,0.94,1.54,2.68,4.34,5.86,13.11,26.61,0.05,4,0,0,0,2,3
2019-05-05,27.32,70.32,953.32,57.38,1934.1,45.6,5.34,12.6,26.7,48.23,61.57,116.91,226.09,0.95,0,2,3,2,0,0
2019-05-05,45.49,87.35,957.47,109.15,422.5,8.5,0.59,1.03,2.15,4.1,6.8,12.55,21.82,0.127,3,0,0,2,3,3
2019-05-05,23.95,89.45,1010.44,119.65,1352.3,42.2,0.58,1.3,2.24,3.06,4.9,11.37,19.55,0.338,0,0,1,1,0,1
2019-05-06,19.38,90.78,991.54,109.83,2025.6,37.5,4.34,6.7,10.01,13.15,20.69,50.29,70.65,0.731,0,1,2,2,0,0
2019-05-08,23.41,25.01,942.99,15.76,1320.1,44.7,2.4,4.69,7.83,11.41,17.39,25.36,41.52,0.168,0,0,1,1,0,1
2019-05-08,25.81,59.33,988.52,140.05,1573.4,35.7,5.06,11.75,16.76,23.66,33.39,56.35,80.75,0.577,0,1,2,2,0,1
2019-05-08,18.4,24.38,995.85,38.7,860.4,0.2,1.49,1.92,3.17,5.44,9.02,14.15,21.74,0.083,0,0,0,0,0,2
2019-05-08,23.12,33.63,1017.75,2.24,2231.5,45.6,10.8,18.13,33.92,65.7,111.28,179.61,366.9,0.95,0,3,3,0,0,0
2019-05-09,24.96,11.09,999.17,157.21,128.7,39.0,0.45,0.99,2.07,2.63,4.18,7.45,12.82,0.05,0,0,1,2,0,2
2019-05-09,39.9,64.31,993.2,4.92,616.3,7.2,0.67,1.0,1.56,1.82,2.98,5.95,7.57,0.05,7,0,0,0,2,3
2019-05-09,40.92,54.01,995.26,70.35,217.1,48.1,2.52,6.02,13.2,21.2,31.85,42.02,68.2,0.316,7,1,2,1,2,2
2019-05-10,25.97,16.27,955.47,94.96,855.6,48.4,0.19,0.44,0.74,0.83,1.39,2.75,5.79,0.05,0,0,1,2,0,2
2019-05-10,45.55,83.87,978.37,112.16,1285.7,25.7,0.19,0.32,0.7,1.33,1.84,2.72,5.25,0.05,3,0,0,2,3,3
2019-05-11,5.83,62.69,955.13,83.69,1762.5,37.7,0.69,1.23,2.64,4.49,5.58,12.56,21.53,0.399,0,0,1,2,0,1
2019-05-12,8.51,74.87,975.16,97.73,555.2,39.7,0.13,0.31,0.64,1.25,1.46,2.41,2.91,0.309,0,0,1,2,0,2
2019-05-12,38.81,40.2,964.56,81.02,2403.8,45.8,1.2,2.42,4.1,7.36,9.74,22.53,48.12,0.134,3,0,1,2,1,2
2019-05-13,27.48,14.71,955.95,5.68,1289.4,36.0,1.07,2.38,4.75,8.86,15.71,33.73,50.36,0.134,0,0,1,1,0,1
2019-05-13,22.11,24.57,961.33,107.3,179.7,7.6,9.36,21.88,42.35,83.1,93.51,168.47,210.25,0.95,0,3,2,3,0,0
2019-05-14,26.05,15.66,1000.61,26.63,1481.9,9.7,2.02,4.89,6.08,8.9,10.91,22.31,30.45,0.05,0,0,0,0,0,2
2019-05-14,6.36,21.61,986.51,121.99,1402.8,5.7,3.16,5.65,8.9,16.08,23.67,46.38,95.97,0.684,0,1,1,2,0,0
2019-05-14,38.5,72.09,1009.84,10.56,2445.5,42.3,2.64,6.31,13.76,25.53,43.42,81.93,144.25,0.937,9,1,2,0,3,0
2019-05-14,32.15,37.69,964.44,26.14,1951.1,16.3,4.11,7.89,15.83,24.15,31.38,55.43,95.83,0.506,0,1,1,1,0,1
2019-05-14,32.93,20.94,1010.12,107.56,1032.4,8.8,4.79,8.45,16.18,30.87,44.64,61.57,115.81,0.547,0,1,1,1,0,1
2019-05-14,17.29,34.53,964.51,54.57,1051.8,43.2,1.1,2.63,3.6,6.8,9.72,16.52,28.39,0.189,0,0,1,1,0,2
2019-05-15,42.65,88.69,969.15,24.46,2092.5,21.6,3.86,6.3,9.13,11.88,15.6,26.24,43.57,0.307,8,0,1,1,3,2
2019-05-15,18.95,45.75,952.02,59.33,47.6,22.0,0.29,0.35,0.46,0.58,0.75,1.55,2.33,0.055,0,0,0,1,0,2
2019-05-15,35.6,90.62,981.0,8.48,1757.5,0.3,1.13,2.47,3.31,6.53,10.78,25.43,36.34,0.339,2,0,0,0,1,2
2019-05-15,23.45,28.24,963.84,66.32,173.7,20.2,5.85,10.59,17.06,26.35,34.39,63.02,81.83,0.452,0,1,1,2,0,1
2019-05-16,41.34,94.49,1003.24,7.43,897.2,10.9,5.37,10.5,14.33,19.53,26.95,51.88,74.33,0.555,8,1,1,0,3,2
2019-05-16,45.35,61.66,1021.37,48.53,1934.5,44.9,0.98,1.98,3.2,5.33,8.71,15.05,28.89,0.05,7,0,1,0,3,3
2019-05-17,29.44,47.41,1022.97,147.68,1449.0,3.7,2.4,3.76,6.85,7.79,13.78,25.04,54.29,0.305,0,0,0,1,0,1
2019-05-18,16.5,51.79,1002.27,92.83,884.1,13.0,5.33,12.2,17.39,28.09,45.44,94.27,194.95,0.95,0,2,2,1,0,0
2019-05-18,40.94,18.97,1022.85,64.14,651.7,19.7,1.46,1.96,3.62,6.92,8.09,19.45,36.67,0.05,8,0,0,0,2,3
2019-05-18,44.1,90.08,969.89,75.37,699.8,41.5,0.29,0.56,1.12,1.44,1.87,4.61,8.4,0.065,5,0,1,1,3,3
2019-05-19,9.75,48.64,950.59,24.65,2496.0,11.8,1.7,2.97,4.77,7.56,10.67,16.02,29.66,0.343,0,0,0,1,0,1
2019-05-19,45.59,35.17,1006.55,60.48,1677.3,1.3,0.78,1.54,3.09,5.97,9.83,12.51,23.01,0.05,2,0,0,1,2,3
2019-05-19,5.7,11.3,982.92,49.23,455.8,17.1,6.71,11.56,25.43,40.21,51.74,66.07,125.3,0.835,0,1,1,1,0,0
2019-05-19,18.45,29.39,969.31,102.24,1982.0,20.5,1.85,3.53,5.71,11.07,14.1,34.33,73.45,0.452,0,0,1,2,0,1
2019-05-20,8.01,25.71,970.76,29.17,2323.3,9.6,1.54,2.18,4.3,6.37,7.37,14.1,25.32,0.217,0,0,0,1,0,2
2019-05-20,41.08,39.59,989.01,16.34,1766.7,12.2,1.49,2.46,4.16,5.1,8.97,14.3,25.76,0.05,2,0,0,0,1,3
2019-05-21,45.18,70.61,958.4,69.82,742.1,32.3,1.27,2.37,5.17,10.26,14.32,29.23,44.93,0.201,8,0,1,2,3,3
2019-05-21,38.64,55.07,1003.37,159.38,1150.4,32.7,0.48,1.11,2.37,2.91,4.18,5.08,9.35,0.05,4,0,0,2,2,3
2019-05-23,33.53,40.35,992.32,115.44,1401.0,42.4,0.85,1.62,2.7,3.25,3.71,7.29,15.83,0.05,0,0,1,2,0,2
2019-05-23,11.72,90.35,1007.12,84.61,812.0,43.9,0.87,1.76,3.8,6.71,10.55,16.47,32.72,0.553,0,0,1,1,0,1
2019-05-24,28.34,81.46,978.55,120.19,1817.0,2.2,9.61,19.77,30.86,36.62,47.8,108.25,218.97,0.95,0,2,1,2,0,0
2019-05-25,18.92,81.11,993.24,88.08,679.9,16.8,0.61,0.89,1.41,2.11,3.03,5.47,10.25,0.285,0,0,0,1,0,2
2019-05-25,37.68,14.49,1029.08,11.53,1430.5,0.1,0.98,1.52,3.07,5.99,8.86,15.91,33.2,0.05,8,0,0,0,2,2
2019-05-27,11.87,21.84,987.83,126.13,803.8,37.3,2.64,6.51,12.58,15.84,24.16,50.01,101.8,0.669,0,1,2,2,0,0
2019-05-27,29.18,24.15,1016.06,45.53,1186.9,27.4,0.89,1.95,3.68,4.09,7.23,11.64,22.43,0.05,0,0,0,0,0,2
2019-05-27,46.53,50.63,1015.27,111.87,2056.8,8.0,0.36,0.5,0.66,0.87,1.07,1.65,2.03,0.05,7,0,0,1,3,3
2019-05-30,41.72,78.18,1001.8,26.16,358.1,18.9,4.19,5.13,9.39,13.88,21.62,48.03,80.52,0.51,2,1,1,0,2,2
2019-05-30,24.8,30.82,1018.83,134.8,986.0,46.0,3.97,6.91,10.37,13.7,17.33,40.62,67.42,0.356,0,0,1,1,0,1
2019-05-30,32.66,51.92,970.36,100.84,1823.3,8.9,1.58,2.71,4.58,6.51,11.12,19.41,24.1,0.094,0,0,0,2,0,2
2019-06-01,39.14,50.51,1013.37,86.41,732.4,46.3,2.43,3.61,4.35,7.02,11.43,17.42,22.15,0.05,1,0,1,1,1,3
2019-06-02,5.2,56.83,989.59,44.57,257.0,33.3,0.71,1.44,2.38,4.45,6.9,12.28,23.91,0.392,0,0,1,1,0,1
2019-06-02,16.69,99.42,1007.17,134.39,840.6,31.6,0.78,0.95,1.96,3.53,5.05,8.25,11.57,0.407,0,0,1,1,0,1
2019-06-03,5.94,75.76,1019.49,135.02,2481.1,4.0,1.89,3.35,6.93,13.52,16.17,24.6,43.68,0.611,0,0,0,1,0,1
2019-06-03,47.32,56.82,965.94,134.91,1073.9,48.1,3.08,4.45,7.8,14.92,17.71,33.15,70.4,0.28,5,0,1,2,3,2
2019-06-03,25.91,22.61,960.89,123.9,690.3,34.4,1.69,2.67,3.86,5.86,7.62,15.09,25.72,0.05,0,0,1,2,0,2
2019-06-04,6.75,15.03,989.81,32.44,2430.9,41.1,2.05,4.5,6.48,10.67,14.06,32.07,58.59,0.398,0,0,1,1,0,1
2019-06-04,31.39,75.26,972.37,118.75,155.0,39.0,4.08,6.55,12.58,14.61,17.33,23.78,30.83,0.268,0,1,1,2,0,2
2019-06-04,7.56,89.21,972.51,93.65,1505.1,5.1,1.06,2.11,4.37,5.26,7.01,17.39,21.23,0.512,0,0,0,2,0,1
2019-06-04,39.04,17.18,1026.74,33.33,201.4,9.7,6.58,13.94,27.54,41.93,63.61,96.05,193.65,0.95,5,3,2,0,1,0
2019-06-05,39.58,91.26,1010.64,136.34,491.2,5.7,0.12,0.28,0.5,0.7,0.93,1.91,2.61,0.078,3,0,0,1,2,3
2019-06-05,27.03,48.6,996.6,79.56,915.4,14.7,3.4,6.63,11.91,15.39,24.9,62.02,102.46,0.656,0,1,1,1,0,0
2019-06-05,42.83,70.37,1000.29,91.9,2450.0,10.2,0.92,1.86,3.72,6.86,7.94,16.32,30.69,0.128,8,0,0,1,3,3
2019-06-05,23.01,83.75,977.87,41.44,1227.4,24.3,0.28,0.61,0.99,1.89,2.94,6.88,14.98,0.289,0,0,0,1,0,2
2019-06-06,32.64,75.75,992.77,3.7,480.1,25.8,2.95,5.68,8.99,12.37,16.35,29.69,55.31,0.421,0,0,1,0,0,1
2019-06-06,27.94,61.51,1018.71,44.01,396.2,49.2,4.48,8.12,14.06,21.27,36.98,54.07,88.25,0.616,0,1,2,0,0,1
2019-06-06,42.53,37.11,944.12,29.6,1194.2,43.6,0.59,0.97,1.51,3.02,5.14,11.95,14.35,0.05,2,0,1,1,2,3
2019-06-07,25.63,90.97,1013.88,18.83,1281.7,11.6,13.35,20.82,34.56,53.39,65.4,122.22,202.34,0.95,0,2,2,0,0,0
2019-06-08,31.57,49.34,993.65,99.72,1706.1,47.2,3.56,7.66,13.45,17.12,22.03,52.76,94.65,0.562,0,1,2,1,0,1
2019-06-08,26.46,13.4,989.07,154.01,308.3,27.5,3.22,5.04,6.25,12.33,17.08,28.41,60.79,0.208,0,0,1,2,0,1
2019-06-09,10.04,37.37,1008.21,86.07,591.3,29.2,3.92,5.34,8.39,15.63,27.26,32.91,72.38,0.569,0,1,1,1,0,1
2019-06-10,39.14,40.55,956.78,58.78,1200.3,32.9,0.7,0.97,1.19,2.24,3.58,7.55,11.28,0.05,4,0,0,1,2,3
2019-06-10,29.6,90.29,949.76,104.63,1317.7,9.2,0.86,1.93,3.11,5.78,7.84,15.97,32.18,0.37,0,0,0,2,0,2
2019-06-11,30.58,11.35,957.98,42.51,495.2,3.6,0.03,0.06,0.11,0.2,0.31,0.53,1.14,0.05,0,0,0,1,0,2
2019-06-11,9.54,99.88,980.33,4.71,1756.4,16.7,4.71,7.41,11.7,18.22,20.54,43.61,90.16,0.95,0,1,1,0,0,0
2019-06-12,32.08,26.56,986.06,138.09,231.6,16.5,0.21,0.28,0.39,0.76,1.19,1.87,4.09,0.05,0,0,0,2,0,2
2019-06-12,14.42,65.59,1013.23,113.4,1436.1,27.8,2.33,4.28,7.33,9.69,13.6,33.02,39.86,0.45,0,0,1,1,0,1
2019-06-13,6.73,79.77,1029.71,147.27,2062.1,7.5,0.39,0.82,1.14,1.31,2.02,4.64,6.78,0.377,0,0,0,1,0,2
2019-06-13,45.28,64.15,1023.36,39.63,124.2,13.1,6.42,8.8,16.31,26.03,36.86,70.36,142.02,0.815,7,2,1,0,3,1
2019-06-13,38.07,16.79,953.45,114.02,60.4,48.1,2.12,4.45,9.71,11.26,18.24,37.62,69.63,0.167,6,1,1,2,2,2
2019-06-13,34.96,57.7,991.67,34.88,2145.4,8.2,1.62,3.27,6.98,13.19,20.36,27.13,49.56,0.269,0,0,0,1,1,2
2019-06-14,42.04,43.15,948.64,149.84,266.8,46.0,0.43,0.76,1.65,1.87,2.08,4.79,8.78,0.05,1,0,1,3,1,3
2019-06-14,46.41,31.03,948.39,132.63,2109.1,10.1,0.16,0.22,0.33,0.6,1.02,1.9,2.92,0.05,4,0,0,3,2,3
2019-06-15,9.84,76.01,983.97,156.2,1756.2,10.7,2.81,3.84,7.95,13.79,16.18,30.47,48.5,0.605,0,0,1,2,0,1
2019-06-15,7.42,71.93,986.3,2.31,2301.3,39.6,1.39,2.66,4.97,9.48,14.47,20.15,32.36,0.501,0,0,1,0,0,1
2019-06-15,29.68,62.93,990.0,12.03,1582.5,9.1,0.27,0.6,1.13,2.1,2.99,4.43,5.97,0.058,0,0,0,0,0,2
2019-06-16,12.06,51.37,959.6,135.61,1328.3,11.2,14.66,19.22,34.52,46.04,73.46,161.22,220.1,0.95,0,2,2,3,0,0
2019-06-16,6.8,63.92,981.34,74.98,2154.7,13.7,0.34,0.46,0.59,1.12,1.52,2.5,3.13,0.272,0,0,0,1,0,2
2019-06-17,24.76,96.4,941.65,31.28,395.6,49.6,3.53,5.05,6.34,8.7,15.42,23.71,46.57,0.545,0,1,2,1,0,1
2019-06-17,46.76,81.34,1000.78,149.51,1108.8,45.7,2.78,3.53,7.23,11.68,13.45,23.18,47.39,0.255,4,0,1,2,3,3
2019-06-17,26.18,76.56,1008.09,18.2,981.2,38.3,9.08,22.31,29.61,37.23,52.5,118.3,166.64,0.95,0,2,3,0,0,0
2019-06-18,28.87,54.16,989.77,18.47,33.7,46.8,0.19,0.45,0.77,0.91,1.38,2.57,3.25,0.05,0,0,1,0,0,2
2019-06-18,12.82,26.17,956.08,126.88,2457.8,15.8,1.13,1.65,2.61,3.07,4.38,10.92,14.46,0.099,0,0,0,2,0,2
2019-06-18,23.93,87.99,958.62,105.96,2394.5,1.6,7.93,11.05,23.55,39.06,55.72,98.94,213.34,0.95,0,2,1,2,0,0
2019-06-19,11.64,70.5,1024.53,157.44,643.8,27.4,3.42,6.37,8.63,14.36,18.95,22.94,45.94,0.542,0,0,1,2,0,1
2019-06-19,30.52,46.32,1015.32,125.18,630.7,47.6,3.62,6.6,9.08,11.23,15.17,32.81,68.19,0.381,0,0,1,1,0,1
2019-06-20,29.11,63.71,946.32,38.2,330.6,10.8,7.36,9.27,15.95,29.7,51.09,70.75,130.52,0.898,0,2,1,1,0,0
2019-06-20,18.18,14.87,954.49,97.73,1896.3,24.0,1.36,2.81,6.07,9.88,15.24,18.71,30.98,0.099,0,0,0,2,0,2
2019-06-20,38.09,35.86,942.34,13.18,1284.4,21.4,8.15,14.78,23.72,36.74,42.7,59.62,111.56,0.542,7,1,1,1,2,1
2019-06-21,47.35,24.78,981.21,6.13,455.4,9.4,0.63,1.54,2.93,3.6,4.06,9.72,12.96,0.05,6,0,0,0,3,3
2019-06-21,11.98,80.05,942.59,49.65,849.4,3.7,2.46,5.05,9.0,15.89,27.35,46.22,94.89,0.913,0,1,1,2,0,0
2019-06-22,13.02,13.93,944.91,97.29,2258.8,18.8,0.91,1.8,3.43,6.62,10.89,22.91,31.85,0.152,0,0,0,2,0,2
2019-06-22,43.64,68.52,1008.64,131.1,1842.3,31.1,9.28,13.63,16.6,25.41,35.57,74.68,130.74,0.778,9,1,2,2,3,1
2019-06-22,35.02,28.11,1012.6,108.99,544.5,48.2,5.03,6.49,8.4,11.19,13.78,17.94,34.96,0.05,6,0,1,1,1,2
2019-06-23,40.52,56.89,990.62,45.12,40.7,26.1,0.86,2.07,4.09,6.93,8.9,16.31,23.72,0.05,9,0,0,1,3,3
2019-06-23,22.68,37.61,945.45,70.56,2076.9,17.5,1.91,3.12,5.4,9.59,13.47,22.43,27.93,0.147,0,0,0,2,0,2
2019-06-24,15.83,55.28,952.26,15.96,1664.6,9.2,2.85,5.66,6.89,11.54,13.86,17.12,27.08,0.299,0,0,0,1,0,1
2019-06-25,25.0,64.81,974.12,110.64,270.6,34.8,4.57,6.87,14.09,27.67,34.89,58.37,79.36,0.603,0,1,2,2,0,0
2019-06-25,25.39,69.65,1002.73,54.45,219.3,25.6,0.79,1.07,1.29,2.46,3.46,4.62,7.76,0.146,0,0,0,1,0,2
2019-06-25,8.5,57.66,962.0,124.48,1005.2,14.3,0.25,0.33,0.68,1.03,1.44,3.06,6.3,0.245,0,0,0,2,0,2
2019-06-26,26.5,11.67,1023.87,36.86,2480.2,4.6,4.3,9.28,17.76,20.62,35.71,52.25,107.31,0.509,0,1,1,0,0,0
2019-06-26,38.62,52.51,1000.0,14.46,2222.7,30.2,2.91,7.02,11.33,18.48,31.16,62.68,114.52,0.64,5,1,2,0,2,1
2019-06-26,8.74,26.08,953.13,59.0,689.2,34.5,4.96,10.53,15.52,30.56,37.84,61.43,84.01,0.603,0,1,2,2,0,0
2019-06-28,21.3,43.57,960.95,34.47,1866.7,34.8,3.16,6.44,9.16,10.64,16.31,25.93,53.42,0.361,0,0,1,1,0,1
2019-06-29,32.88,53.22,948.36,17.56,303.9,17.1,1.67,2.22,4.36,5.09,6.6,15.26,30.91,0.143,0,0,0,1,0,2
2019-06-29,6.53,30.61,1011.09,106.25,1551.9,16.6,0.06,0.09,0.18,0.32,0.48,1.15,1.62,0.099,0,0,0,1,0,2
2019-06-29,34.09,18.16,976.83,135.78,1178.3,7.2,0.16,0.21,0.29,0.45,0.73,1.45,2.36,0.05,0,0,0,2,0,3
2019-06-30,14.89,33.42,1027.15,43.49,842.9,38.4,5.08,10.68,22.37,43.67,62.46,140.35,271.92,0.95,0,2,3,0,0,0
2019-06-30,31.11,92.5,1027.18,55.69,1506.6,26.5,1.13,1.67,2.66,4.74,6.19,12.0,25.09,0.319,0,0,1,0,0,2
2019-06-30,44.34,55.23,1003.51,95.65,1407.2,17.1,0.69,0.86,1.71,2.66,3.88,6.85,9.71,0.05,3,0,0,1,2,3
2019-06-30,8.53,30.69,993.01,86.57,2128.2,40.1,3.8,8.49,11.72,15.16,25.48,58.75,108.61,0.792,0,1,2,1,0,0
2019-06-30,34.94,85.25,1000.66,64.1,1392.7,21.4,3.38,5.51,9.11,16.87,26.33,46.08,85.96,0.65,0,1,1,1,1,1
2019-07-01,30.4,45.43,951.43,100.66,2137.0,31.9,8.74,18.48,25.38,29.3,36.74,90.08,190.77,0.95,0,2,2,2,0,0
2019-07-01,47.78,95.87,959.04,16.92,2236.2,19.2,0.65,1.2,1.86,2.75,3.67,7.4,9.36,0.064,9,0,0,1,3,3
2019-07-01,33.53,81.32,997.69,46.68,363.2,36.7,6.23,12.68,18.91,30.27,49.72,104.78,133.19,0.95,0,2,2,1,1,0
2019-07-01,39.95,66.67,1027.6,120.54,2056.8,12.7,3.07,7.59,13.89,27.42,47.45,106.22,204.49,0.95,3,2,2,1,2,0
2019-07-01,11.25,83.26,987.63,140.09,1436.3,5.2,1.65,4.05,7.36,13.28,19.37,40.56,52.69,0.655,0,1,1,2,0,1
2019-07-01,12.11,58.32,1017.46,109.21,1641.4,18.1,4.78,7.42,13.37,20.46,34.18,84.31,116.45,0.947,0,1,2,1,0,0
2019-07-01,31.4,79.96,1004.38,5.05,2051.1,43.9,1.48,3.53,7.19,12.46,15.3,28.47,59.89,0.485,0,0,1,0,0,1
2019-07-01,43.1,10.63,1028.86,127.55,1137.9,43.0,1.7,3.65,5.92,8.71,14.27,26.2,44.06,0.05,3,0,1,1,2,3
2019-07-02,9.15,18.79,979.74,99.49,1657.8,0.7,3.11,7.05,14.39,17.33,30.03,47.6,71.97,0.482,0,1,0,2,0,1
2019-07-02,37.33,77.57,971.36,50.24,2071.2,3.0,0.84,1.9,4.01,7.66,11.35,27.81,33.46,0.238,4,0,0,1,2,2
2019-07-02,27.66,10.07,1026.09,79.59,828.1,18.6,1.84,2.56,5.48,6.09,8.04,14.34,24.12,0.05,0,0,0,1,0,2
2019-07-03,28.03,44.3,1007.71,94.47,33.4,38.0,7.63,10.47,18.22,29.31,34.13,75.84,98.66,0.599,0,2,2,1,0,0
2019-07-03,14.04,13.4,951.5,60.55,306.6,38.2,4.53,8.97,18.55,29.87,45.0,70.96,101.52,0.603,0,1,2,2,0,0
2019-07-03,26.74,79.92,1025.4,143.84,2452.6,15.7,1.31,2.1,2.65,3.8,5.83,9.35,19.7,0.263,0,0,0,1,0,2
2019-07-03,43.7,30.58,959.43,114.85,2317.2,4.0,0.3,0.65,1.11,1.64,2.13,2.78,4.31,0.05,4,0,0,2,2,3
2019-07-04,26.12,83.84,954.31,51.95,2450.9,12.0,2.71,5.81,12.49,18.14,25.35,33.97,54.11,0.519,0,0,1,1,0,1
2019-07-04,32.24,70.22,959.48,121.76,603.7,46.5,5.98,13.13,20.33,31.79,53.01,126.18,217.45,0.95,0,2,3,3,0,0
2019-07-04,5.78,40.45,975.69,113.63,949.9,21.0,1.66,2.88,3.51,5.42,7.58,15.5,19.2,0.272,0,0,0,2,0,2
2019-07-04,13.26,93.19,959.37,112.74,1066.5,22.0,5.63,11.55,16.07,31.66,43.72,59.07,110.46,0.95,0,1,2,2,0,0
2019-07-05,27.69,74.26,1001.34,144.86,2260.7,23.7,1.04,1.75,2.4,4.33,6.71,15.73,24.93,0.261,0,0,0,2,0,2
2019-07-06,17.85,56.46,1011.07,122.13,1488.8,32.6,3.95,8.44,11.62,21.04,36.38,88.2,174.84,0.95,0,1,2,1,0,0
2019-07-06,21.97,95.2,1004.55,118.71,707.2,16.0,0.94,1.27,2.69,4.66,5.78,13.86,28.69,0.448,0,0,0,1,0,1
2019-07-07,11.08,61.49,1015.47,142.1,122.3,14.4,0.18,0.39,0.68,0.93,1.34,2.9,5.74,0.235,0,0,0,1,0,2
2019-07-08,46.13,28.86,1022.41,7.49,2380.1,42.0,3.31,5.79,8.26,13.86,24.9,49.88,101.46,0.359,2,1,1,0,2,2
2019-07-08,11.2,68.07,971.4,70.44,1790.4,24.7,11.06,21.27,46.78,62.48,80.82,130.95,214.04,0.95,0,2,3,2,0,0
2019-07-09,39.09,91.48,1004.73,92.31,1692.4,26.6,0.47,1.14,2.1,3.85,4.5,9.08,12.54,0.15,9,0,0,1,3,3
2019-07-09,16.19,46.55,971.33,61.67,340.7,37.4,1.85,4.53,8.99,16.41,18.26,35.57,75.78,0.576,0,1,1,1,0,1
2019-07-09,18.92,20.13,1014.24,6.95,548.5,47.5,1.21,3.02,5.93,7.22,8.19,18.1,31.57,0.122,0,0,1,0,0,2
2019-07-09,34.11,98.15,993.99,121.37,537.1,44.9,2.43,3.58,7.72,8.63,12.96,19.79,26.82,0.329,0,0,1,2,1,2
2019-07-10,27.78,81.28,981.29,149.02,419.0,49.0,1.8,2.45,4.22,7.89,13.93,30.63,51.5,0.472,0,0,2,2,0,1
2019-07-11,33.94,76.25,1012.81,47.39,2261.3,37.1,0.5,0.61,0.93,1.03,1.34,1.67,2.64,0.059,0,0,1,0,1,3
2019-07-11,31.24,34.66,957.04,14.32,1047.2,31.5,0.42,0.82,1.45,2.62,4.64,7.51,15.45,0.05,0,0,0,1,0,2
2019-07-12,35.73,77.89,961.07,129.98,1663.2,44.9,9.52,14.95,19.01,22.78,28.51,56.7,70.5,0.502,1,1,2,3,1,1
2019-07-13,47.64,86.77,991.07,121.84,1825.2,30.7,8.02,15.87,33.55,58.72,81.37,145.65,318.66,0.95,8,3,3,2,3,1
2019-07-13,14.28,17.49,993.93,153.22,1193.4,40.9,3.22,4.3,7.46,12.37,20.23,47.59,94.64,0.576,0,1,2,2,0,0
2019-07-13,40.02,97.11,987.46,105.98,38.4,21.5,0.57,1.24,2.5,3.74,6.38,9.5,16.81,0.197,3,1,0,1,2,3
2019-07-14,23.99,95.28,981.29,95.76,473.7,48.1,3.43,7.06,8.61,15.88,24.82,30.55,45.32,0.539,0,1,2,2,0,1
2019-07-14,16.64,98.64,958.92,94.67,1935.0,19.9,5.55,13.45,25.18,39.65,46.99,68.47,110.6,0.95,0,1,2,2,0,0
2019-07-14,24.22,38.5,946.26,128.95,2136.3,19.5,1.71,3.67,4.48,6.8,10.32,15.27,29.89,0.15,0,0,0,3,0,2
2019-07-15,46.4,18.08,1018.2,41.67,950.7,41.6,2.25,3.19,5.23,7.71,11.54,18.66,32.24,0.05,8,0,1,0,3,3
2019-07-15,5.27,33.62,990.55,11.0,2391.6,25.4,9.75,13.99,20.13,29.07,46.63,81.86,159.41,0.95,0,2,2,0,0,0
2019-07-16,30.61,30.89,955.09,111.95,303.1,3.0,4.09,9.97,16.11,18.55,26.61,59.53,118.81,0.64,0,1,1,2,0,0
2019-07-16,40.09,99.39,960.37,95.16,653.6,31.9,2.1,4.7,6.31,8.73,10.07,22.16,41.27,0.371,9,0,1,2,3,2
2019-07-16,10.3,81.09,980.42,148.1,1002.7,33.0,0.05,0.12,0.18,0.28,0.35,0.82,1.43,0.312,0,0,1,2,0,2
2019-07-16,12.13,96.42,1000.54,91.6,1431.6,32.4,1.62,2.2,3.21,6.17,7.66,18.98,32.26,0.576,0,0,1,1,0,1
2019-07-17,7.68,66.86,1009.34,70.08,1151.3,9.8,1.78,3.43,5.26,8.92,13.38,21.7,30.24,0.459,0,0,0,1,0,1
2019-07-17,31.79,78.07,1023.8,21.85,1044.9,0.6,6.46,10.72,22.67,44.77,77.19,134.38,167.75,0.95,0,2,2,0,0,0
2019-07-18,40.32,40.25,983.74,4.17,155.1,37.2,1.91,4.6,9.8,11.81,19.5,46.87,80.19,0.333,3,1,1,0,1,2
2019-07-18,44.23,73.4,963.17,9.3,1165.6,45.6,0.97,2.32,3.9,5.08,5.87,9.09,14.15,0.05,8,0,1,1,3,3
2019-07-19,5.37,42.11,1003.04,155.55,180.6,18.8,1.17,2.41,4.0,6.98,7.68,10.94,16.58,0.267,0,0,0,2,0,2
2019-07-19,5.49,54.26,1000.08,129.09,1177.8,47.9,4.38,8.41,10.16,18.75,29.35,61.64,120.59,0.95,0,1,2,2,0,0
2019-07-20,17.29,54.42,1001.73,130.34,1738.8,42.5,8.48,11.35,14.85,24.77,39.18,81.38,108.12,0.82,0,1,2,2,0,0
2019-07-20,17.12,90.09,1021.08,103.81,1736.7,6.4,3.18,3.98,5.42,5.97,8.57,13.13,19.33,0.408,0,0,0,1,0,1
2019-07-21,29.37,34.81,980.84,42.15,1571.6,31.9,0.2,0.31,0.43,0.79,0.87,1.34,2.05,0.05,0,0,0,1,0,2
2019-07-21,25.86,58.71,998.55,95.19,1014.8,37.4,1.01,1.46,3.16,3.89,4.52,9.26,17.2,0.15,0,0,1,1,0,2
2019-07-21,38.76,98.39,941.66,85.39,1617.6,42.7,5.27,11.63,25.51,45.62,65.52,109.06,192.7,0.95,1,2,3,2,1,0
2019-07-21,47.02,72.34,1011.2,116.76,1169.0,11.6,0.38,0.92,1.36,2.45,3.97,7.91,10.4,0.05,3,0,0,1,3,3
2019-07-22,20.35,46.32,954.65,34.38,2225.2,5.8,0.23,0.47,0.99,1.24,1.78,2.51,3.95,0.054,0,0,0,1,0,2
2019-07-22,42.39,12.23,1006.65,78.59,0.9,37.9,2.33,4.94,6.7,8.34,13.84,24.03,39.79,0.05,7,1,1,1,2,3
2019-07-23,9.36,84.99,1022.7,2.37,1674.1,34.5,7.73,14.18,26.06,48.02,77.81,152.27,214.94,0.95,0,2,3,0,0,0
2019-07-23,37.67,64.83,1026.19,68.43,154.7,24.5,6.33,11.76,16.56,23.53,33.84,43.33,64.27,0.376,2,1,1,1,1,2
2019-07-23,45.55,83.1,975.41,59.49,312.6,27.3,3.25,8.08,10.15,15.63,19.97,45.04,86.77,0.538,2,1,1,1,2,2
2019-07-23,13.62,23.8,942.96,68.21,2091.2,43.3,9.78,23.79,47.97,63.26,106.7,152.29,270.37,0.95,0,3,3,2,0,0
2019-07-23,5.78,20.16,1005.75,94.36,1754.7,32.0,4.11,9.87,21.37,30.16,40.88,94.66,202.37,0.95,0,2,2,1,0,0
2019-07-24,15.35,65.31,951.79,7.06,1916.1,5.9,0.23,0.46,0.63,1.04,1.38,2.06,2.81,0.192,0,0,0,1,0,2
2019-07-24,42.73,52.81,1014.45,24.1,1011.2,13.5,1.41,3.47,5.85,6.72,11.31,15.34,31.99,0.05,4,0,0,0,2,3
2019-07-25,46.02,26.96,947.08,124.79,911.0,46.6,0.52,0.89,1.2,2.19,3.19,7.18,10.7,0.05,4,0,1,3,2,3
2019-07-25,42.34,41.45,1012.93,27.38,747.2,23.1,2.71,3.72,4.92,5.51,9.53,17.58,35.03,0.05,2,0,0,0,2,3
2019-07-25,41.6,30.86,946.05,91.59,1813.4,28.0,1.51,3.33,5.11,9.75,13.47,25.26,42.07,0.05,8,0,1,2,2,3
2019-07-25,25.43,86.7,1026.9,51.62,1580.6,27.9,1.6,3.97,7.73,13.98,16.61,38.48,72.88,0.665,0,1,1,0,0,0
2019-07-27,26.03,48.98,955.01,98.87,1798.3,36.6,3.44,7.69,9.33,15.34,25.99,51.06,81.22,0.526,0,1,1,2,0,1
2019-07-27,6.96,59.08,955.53,26.14,740.0,22.8,4.0,5.29,8.23,15.53,20.7,48.66,103.85,0.918,0,1,1,1,0,0
2019-07-27,5.52,62.04,990.89,11.96,1874.6,32.2,5.96,13.26,23.2,26.2,46.41,72.75,99.45,0.918,0,1,2,0,0,0
2019-07-28,7.2,89.6,964.66,148.83,363.8,3.9,0.04,0.08,0.14,0.23,0.33,0.66,1.09,0.383,0,0,0,3,0,2
2019-07-29,21.99,49.31,968.08,41.36,397.0,34.0,2.35,5.52,10.91,13.99,16.81,28.14,57.12,0.407,0,0,1,1,0,1
2019-07-29,20.75,18.93,1027.68,153.14,1546.1,33.9,0.57,1.13,1.41,1.97,2.53,5.63,11.67,0.05,0,0,0,1,0,2
2019-07-29,40.17,40.87,1002.52,54.31,585.4,31.3,3.22,6.15,12.57,15.53,19.34,34.02,55.12,0.17,9,0,1,1,3,2
2019-07-29,27.37,40.07,983.78,141.11,27.8,22.9,4.25,6.72,8.38,15.02,25.72,48.98,100.04,0.594,0,1,1,2,0,0
2019-07-30,38.11,41.52,984.2,9.48,1378.0,20.1,1.2,2.4,3.81,7.04,11.08,27.04,47.14,0.141,5,0,0,0,2,2
2019-07-30,30.07,11.66,944.12,56.14,600.9,39.8,1.66,3.55,5.7,10.83,18.2,37.4,76.66,0.269,0,0,1,2,0,1
2019-07-31,24.21,50.33,998.43,156.46,195.3,38.8,1.52,2.52,4.28,7.83,9.35,17.72,36.26,0.251,0,0,1,2,0,1
2019-07-31,38.56,20.2,994.1,23.5,796.5,4.3,3.06,5.19,10.83,16.95,27.17,54.25,116.85,0.494,4,1,1,0,1,1
2019-07-31,39.66,80.16,992.43,97.68,650.6,16.4,1.07,1.42,1.72,2.28,2.9,5.45,10.08,0.071,3,0,0,1,2,3
2019-07-31,6.06,33.71,994.18,106.86,287.4,46.9,4.99,11.81,18.91,25.68,37.78,88.28,108.37,0.83,0,1,2,2,0,0
2019-08-01,36.89,85.79,1020.79,126.0,1792.9,22.9,1.38,2.98,4.32,7.38,8.14,18.84,25.02,0.227,1,0,0,1,1,2
2019-08-01,7.01,71.87,1010.1,2.64,1465.4,35.3,4.12,5.83,8.31,13.24,16.62,41.21,67.68,0.74,0,1,2,0,0,0
2019-08-01,21.15,94.91,996.29,69.4,2135.7,49.7,6.02,9.6,20.62,26.81,40.62,77.9,117.58,0.95,0,1,3,1,0,0
2019-08-01,22.73,34.0,988.83,125.64,2482.9,49.9,6.26,11.43,23.44,29.14,39.82,76.61,149.33,0.938,0,1,3,2,0,0
2019-08-02,25.78,34.68,1024.8,148.8,2212.2,13.9,0.87,1.54,2.12,3.98,6.52,12.79,21.01,0.056,0,0,0,1,0,2
2019-08-02,5.54,64.77,977.33,7.98,967.8,21.3,1.05,2.21,2.81,3.95,5.95,13.4,28.61,0.459,0,0,1,0,0,1
2019-08-02,38.73,62.05,947.2,17.07,2358.8,24.2,3.58,5.19,10.01,17.75,19.91,25.44,53.84,0.282,2,0,1,1,1,2
2019-08-04,45.33,27.01,947.79,77.16,1112.7,31.5,0.64,1.3,2.51,3.25,3.83,8.57,15.47,0.05,7,0,0,2,3,3
2019-08-04,18.59,27.66,1024.01,147.94,2255.0,1.1,1.78,3.55,6.02,11.95,20.8,33.37,61.02,0.359,0,0,0,1,0,1
2019-08-04,24.74,20.7,1012.23,124.47,2180.0,20.4,2.1,4.32,8.68,16.21,18.18,39.04,79.0,0.383,0,0,1,1,0,1
2019-08-05,30.7,80.98,975.24,79.27,2150.4,15.3,4.62,7.64,11.86,14.76,19.89,32.22,41.51,0.375,0,0,1,1,0,2
2019-08-05,6.72,99.04,943.22,73.6,1220.0,8.0,2.26,3.48,5.9,6.54,9.32,19.09,29.3,0.623,0,0,0,2,0,1
2019-08-05,28.85,23.86,1021.02,84.24,2021.4,7.9,1.3,2.21,4.03,6.59,8.26,12.51,25.95,0.05,0,0,0,1,0,2
2019-08-06,12.55,21.51,994.92,9.04,456.5,27.1,0.79,1.68,3.36,4.85,5.7,7.27,9.97,0.05,0,0,0,0,0,2
2019-08-06,41.83,56.64,1016.94,142.23,165.0,32.9,0.95,1.67,2.61,4.29,5.69,7.64,16.04,0.05,7,0,1,1,3,3
2019-08-07,9.33,81.56,1008.09,41.58,432.6,23.7,0.02,0.03,0.04,0.06,0.08,0.2,0.31,0.317,0,0,0,0,0,2
2019-08-07,28.23,57.01,968.83,18.35,1492.0,41.3,4.33,5.83,7.5,9.59,10.69,19.67,25.43,0.172,0,0,1,1,0,2
2019-08-08,40.39,87.22,971.9,72.94,1328.4,38.0,4.83,8.56,12.09,22.7,38.45,71.06,104.02,0.726,9,1,2,1,3,1
2019-08-08,25.32,88.62,1002.04,102.38,1185.5,47.6,0.25,0.31,0.61,0.68,0.78,1.54,2.27,0.205,0,0,1,1,0,2
2019-08-08,30.77,53.83,966.44,92.01,1788.4,20.9,2.92,3.72,7.77,11.74,15.23,29.14,36.05,0.202,0,0,1,2,0,2
2019-08-08,41.8,36.86,1013.48,23.93,1734.1,4.3,0.34,0.41,0.58,0.68,1.05,2.2,4.66,0.05,8,0,0,0,3,3
2019-08-09,40.89,51.61,946.38,53.04,1550.3,34.7,3.63,8.75,15.36,29.09,48.47,81.18,116.77,0.628,5,1,2,2,2,1
2019-08-09,45.18,82.89,1008.18,128.24,598.9,28.2,3.03,4.88,6.47,8.98,11.87,17.82,30.66,0.167,2,0,1,1,2,3
2019-08-09,8.03,34.65,1025.63,158.25,1886.3,39.0,1.99,3.78,4.64,7.78,12.02,29.97,57.7,0.478,0,0,1,2,0,1
2019-08-09,40.75,63.18,1007.79,37.36,1738.4,34.9,10.43,14.66,26.96,31.7,56.49,94.71,196.96,0.95,6,2,2,1,2,0
2019-08-10,29.87,23.46,981.16,49.88,1127.2,12.2,2.27,3.59,7.75,9.26,14.51,24.29,49.26,0.147,0,0,0,1,0,2
2019-08-10,45.95,96.35,986.33,63.88,2092.5,42.1,1.19,2.44,4.58,8.23,13.94,34.85,58.28,0.411,5,0,1,1,3,2
2019-08-12,43.14,28.84,966.36,107.31,136.7,44.8,0.18,0.44,0.87,1.69,2.25,3.3,5.82,0.05,1,0,1,2,1,3
2019-08-12,8.93,44.48,1011.31,144.09,187.1,1.3,1.53,1.98,2.63,3.8,4.59,6.97,14.38,0.229,0,0,0,2,0,2
2019-08-13,22.53,11.26,995.29,64.69,2464.4,39.4,3.23,5.28,10.31,20.02,31.77,46.95,97.22,0.479,0,1,2,1,0,0
2019-08-13,29.52,32.03,978.86,5.89,736.2,33.7,9.83,19.15,30.61,43.47,55.82,68.3,115.9,0.638,0,1,2,1,0,0
2019-08-13,10.5,42.86,952.35,132.88,1868.3,17.6,3.36,5.03,10.22,15.43,20.49,49.09,86.35,0.685,0,1,1,3,0,0
2019-08-14,30.67,63.09,957.57,151.64,1196.7,38.8,2.72,4.72,8.63,13.9,16.46,37.84,47.11,0.323,0,0,1,3,0,2
2019-08-14,30.41,50.7,941.03,21.06,1041.0,41.4,5.02,10.29,14.61,19.28,28.1,49.94,95.86,0.589,0,1,2,1,0,1
2019-08-14,35.32,29.3,984.85,115.1,1863.1,47.2,2.17,5.0,6.01,8.85,11.52,28.1,43.91,0.086,9,0,1,2,2,2
2019-08-14,37.29,42.75,943.71,34.78,973.6,34.5,1.17,1.57,3.34,4.06,6.13,10.83,20.28,0.05,4,0,1,1,1,3
2019-08-14,29.63,98.76,965.09,22.67,463.0,35.3,1.1,2.4,3.5,5.34,9.19,20.43,31.51,0.408,0,0,1,1,0,2
2019-08-15,23.34,65.58,944.03,129.69,1337.1,29.7,3.95,6.22,12.26,18.22,26.24,47.13,93.32,0.717,0,1,1,3,0,0
2019-08-15,34.29,41.59,1012.0,120.2,1592.6,39.5,3.49,7.11,14.9,25.5,31.84,50.55,84.23,0.427,0,1,2,1,0,1
2019-08-15,36.45,96.74,945.45,28.48,1499.1,1.4,6.14,11.81,16.19,26.86,43.94,73.15,157.78,0.95,7,2,1,1,2,0
2019-08-16,19.06,45.53,1017.05,139.24,1249.8,20.9,14.12,27.97,33.86,56.5,100.63,174.11,242.81,0.95,0,3,3,2,0,0
2019-08-17,29.66,65.32,982.42,107.49,2404.9,38.4,7.1,11.48,14.56,24.64,43.99,71.08,104.68,0.728,0,1,2,2,0,0
2019-08-17,11.93,20.39,944.09,123.98,370.5,6.9,0.05,0.08,0.14,0.28,0.49,1.14,1.46,0.05,0,0,0,3,0,2
2019-08-17,26.51,13.22,960.69,148.84,816.0,40.9,0.36,0.56,0.68,0.79,1.08,1.36,2.44,0.05,0,0,1,3,0,2
2019-08-17,31.25,71.12,1006.05,26.37,2446.1,29.2,1.31,1.97,4.26,7.32,10.48,19.42,31.54,0.253,0,0,1,0,0,2
2019-08-18,16.81,80.83,944.89,68.95,799.4,24.2,3.71,4.9,6.62,11.88,13.95,23.84,35.28,0.471,0,0,1,2,0,1
2019-08-19,41.65,63.14,1020.52,123.04,2436.4,4.5,12.49,28.06,57.87,89.89,121.99,147.9,286.87,0.95,3,3,2,2,2,0
2019-08-19,20.94,12.92,960.88,38.73,347.6,16.3,0.59,1.43,2.72,3.34,3.76,9.1,13.5,0.05,0,0,0,1,0,2
2019-08-20,46.71,81.33,998.34,73.72,2030.1,35.3,10.01,17.52,31.94,55.95,86.99,189.29,310.18,0.95,5,3,3,1,3,1
2019-08-20,40.9,64.62,1022.92,33.47,1136.4,12.4,0.46,0.72,1.47,2.61,3.85,9.61,17.17,0.05,9,0,0,0,3,3
2019-08-21,37.19,87.51,948.01,154.24,2410.9,6.6,5.45,7.92,16.46,23.73,36.58,74.21,136.23,0.95,9,1,1,3,3,0
2019-08-21,29.85,67.4,978.53,16.79,321.0,44.4,5.61,10.92,14.32,27.25,35.46,60.44,72.81,0.524,0,1,2,1,0,1
2019-08-21,20.55,24.83,972.25,121.6,1751.1,11.7,2.61,5.33,8.92,17.01,28.46,44.56,64.34,0.348,0,0,1,2,0,1
2019-08-21,32.04,66.11,1001.15,152.6,253.3,40.6,4.0,9.36,13.02,22.42,35.01,80.08,114.12,0.771,0,1,2,2,0,0
2019-08-22,12.04,45.56,1009.52,100.06,1846.2,14.1,0.38,0.65,1.42,2.36,3.4,6.62,11.31,0.183,0,0,0,1,0,2
2019-08-22,5.19,13.13,957.17,135.12,1575.8,28.8,0.89,2.07,2.93,3.43,6.03,10.68,20.18,0.148,0,0,0,2,0,2
2019-08-23,27.58,45.43,967.38,35.05,1298.7,26.2,2.77,6.76,13.28,22.46,37.13,58.91,82.97,0.504,0,1,1,1,0,1
2019-08-23,27.26,55.37,1026.12,123.21,539.1,37.1,10.26,18.01,34.15,45.63,70.38,97.33,144.22,0.95,0,2,3,2,0,0
2019-08-23,19.76,65.65,1026.59,0.4,786.7,6.1,4.75,10.41,16.27,19.84,28.71,59.81,77.52,0.647,0,1,1,0,0,0
2019-08-23,29.09,85.76,964.83,51.17,1480.5,15.1,1.87,4.45,8.59,17.11,24.55,54.43,84.24,0.7,0,1,1,1,0,1
2019-08-23,9.12,25.17,1010.26,30.89,270.9,22.0,4.5,7.61,16.46,26.49,40.17,49.3,103.7,0.726,0,1,1,0,0,0
2019-08-24,15.04,28.22,968.3,113.28,2001.8,43.9,0.19,0.4,0.5,0.64,0.83,1.4,2.62,0.05,0,0,1,2,0,2
2019-08-24,22.53,38.45,980.61,46.35,2354.4,24.3,4.2,6.12,12.66,17.61,30.26,69.34,148.82,0.95,0,1,2,1,0,0
2019-08-24,10.1,32.05,984.59,65.0,853.5,4.7,0.19,0.35,0.53,0.72,1.18,2.64,3.54,0.083,0,0,0,1,0,2
2019-08-26,30.95,50.05,953.91,7.82,1041.7,46.2,3.26,4.42,7.36,8.64,9.84,14.81,20.41,0.077,0,0,1,1,0,2
2019-08-26,11.07,11.73,970.72,153.03,562.0,48.9,1.42,3.09,3.91,4.49,6.79,9.2,17.03,0.061,0,0,1,3,0,2
2019-08-26,18.07,99.62,971.25,155.57,142.0,8.4,1.46,1.88,2.38,3.38,5.54,9.42,18.8,0.443,0,1,0,3,0,1
2019-08-27,35.49,13.65,995.42,117.67,1853.5,18.6,2.45,6.1,11.44,14.94,24.28,49.87,105.16,0.414,7,1,1,2,1,1
2019-08-27,29.8,18.03,962.55,94.51,141.5,49.0,4.44,6.5,9.27,10.28,14.52,27.59,34.97,0.05,0,0,1,2,0,2
2019-08-28,30.22,43.05,953.07,77.1,1508.8,42.8,5.5,13.21,25.42,35.01,51.42,84.71,179.46,0.95,0,2,3,2,0,0
2019-08-28,27.92,98.94,1006.16,8.55,2131.9,32.3,1.28,3.07,4.21,5.29,6.51,15.47,26.2,0.39,0,0,1,0,0,2
2019-08-28,15.65,14.74,957.52,108.62,602.5,14.8,12.08,27.38,47.06,62.47,86.78,192.27,316.3,0.95,0,3,3,3,0,0
2019-08-28,7.45,91.76,975.9,70.93,1887.3,5.9,3.75,7.42,12.77,22.74,31.18,49.46,106.55,0.95,0,1,1,1,0,0
2019-08-30,35.42,36.77,980.08,52.08,147.6,34.1,1.15,2.31,4.84,6.77,8.37,18.78,33.41,0.052,8,0,1,1,2,2
2019-08-30,32.79,35.8,949.8,72.5,1554.5,26.3,1.91,3.13,4.04,4.71,7.32,9.12,16.55,0.05,0,0,0,2,0,2
2019-08-30,39.55,36.1,999.62,111.33,1619.7,40.9,2.71,4.69,8.77,10.66,14.01,24.82,42.56,0.069,4,0,1,1,2,2
2019-08-30,9.94,81.8,1029.6,61.91,1007.6,15.8,2.07,3.19,4.32,7.97,12.97,20.66,27.06,0.49,0,0,1,0,0,1
2019-08-31,12.79,81.01,973.74,77.07,1700.7,28.1,2.78,6.17,8.33,9.3,15.53,21.13,33.58,0.501,0,0,1,1,0,1
2019-08-31,6.85,36.24,1007.05,131.05,2068.5,9.8,0.65,1.56,2.02,3.32,4.75,7.47,13.29,0.201,0,0,0,1,0,2
2019-09-01,7.58,65.11,1015.32,99.85,1963.2,33.7,1.54,1.94,2.9,4.35,7.6,17.71,35.74,0.488,0,0,1,1,0,1
2019-09-01,34.13,96.66,951.86,44.94,194.8,3.4,0.12,0.27,0.51,0.66,1.14,1.79,3.79,0.167,0,0,0,1,1,2
2019-09-01,12.12,56.14,1023.54,158.62,2435.2,29.5,3.12,5.08,10.74,21.16,34.79,71.12,109.0,0.886,0,1,2,2,0,0
2019-09-02,40.3,58.38,1022.51,157.43,403.1,31.0,0.5,0.87,1.72,3.01,4.75,9.37,18.59,0.05,6,0,0,2,2,3
2019-09-02,33.76,36.69,984.19,105.02,1947.0,1.6,11.31,21.15,40.9,66.82,106.88,182.4,357.31,0.95,0,3,2,2,0,0
2019-09-02,21.63,25.37,994.5,60.37,2142.8,30.9,2.83,6.65,13.06,14.42,24.65,35.22,53.4,0.267,0,0,1,1,0,1
2019-09-03,33.97,94.78,988.2,93.23,56.5,27.3,1.31,2.45,5.16,8.69,14.91,24.86,43.26,0.423,0,1,1,1,1,2
2019-09-03,26.22,12.63,998.84,44.63,2461.2,42.9,6.08,11.15,22.37,44.04,67.92,93.95,155.05,0.835,0,2,3,1,0,0
2019-09-03,18.26,10.02,952.98,38.91,774.2,33.9,2.17,3.69,7.63,11.34,14.91,23.47,50.3,0.203,0,0,1,1,0,1
2019-09-03,37.96,36.31,1005.75,115.47,1063.6,42.5,0.6,1.19,2.22,2.64,3.78,8.88,13.31,0.05,1,0,1,1,1,3
2019-09-04,18.08,84.6,953.09,125.61,1800.5,5.7,0.27,0.36,0.58,1.15,2.04,2.94,6.33,0.284,0,0,0,2,0,2
2019-09-04,11.02,62.9,980.45,35.06,701.4,0.4,5.42,11.91,20.12,33.43,37.68,67.75,94.27,0.833,0,1,1,1,0,0
2019-09-04,13.42,58.43,1027.62,58.65,2084.5,3.7,13.98,16.94,20.69,34.04,40.92,92.66,178.06,0.95,0,2,1,1,0,0
2019-09-04,39.3,19.39,971.75,137.84,1869.6,11.3,0.63,1.27,1.86,3.39,5.66,12.41,22.73,0.05,7,0,0,2,2,3
2019-09-04,7.08,60.91,1005.86,63.12,1525.4,31.5,1.66,3.12,5.24,10.39,13.45,30.04,60.46,0.637,0,0,1,1,0,1
2019-09-04,22.53,73.92,972.91,47.3,1764.6,42.8,0.22,0.34,0.69,0.98,1.24,1.69,3.43,0.167,0,0,1,1,0,2
2019-09-05,32.84,80.33,981.32,150.02,1177.5,6.5,1.07,2.09,2.82,3.34,4.7,5.81,10.6,0.144,0,0,0,2,0,2
2019-09-05,30.83,75.55,1016.33,65.65,1633.9,20.0,8.2,13.67,22.06,28.43,31.84,72.94,90.15,0.67,0,1,1,1,0,1
2019-09-05,43.93,56.09,1027.4,55.34,1025.3,30.0,3.74,5.85,11.94,14.14,18.72,32.07,48.96,0.168,7,0,1,0,3,3
2019-09-05,6.58,61.52,972.89,91.29,145.1,47.8,0.72,1.73,3.47,4.7,7.81,10.4,13.95,0.335,0,1,1,2,0,2
2019-09-06,15.68,16.97,991.49,7.31,2314.3,32.2,2.74,4.45,6.46,9.41,10.8,13.76,22.55,0.078,0,0,1,0,0,2
2019-09-07,44.42,36.81,987.38,20.01,1187.9,37.6,3.56,8.9,11.04,21.53,33.54,60.28,110.05,0.474,6,1,2,0,2,1
2019-09-07,46.37,83.03,966.63,59.84,967.9,36.4,0.83,1.85,2.37,3.16,3.67,6.44,8.26,0.05,1,0,1,1,2,3
2019-09-07,29.97,59.76,1019.55,75.27,1842.3,32.1,0.96,1.29,2.61,3.14,5.57,13.08,20.02,0.133,0,0,1,1,0,2
2019-09-07,7.18,70.02,988.4,111.88,1062.9,36.3,1.91,2.7,4.42,7.88,12.24,30.33,38.76,0.537,0,0,1,2,0,1
2019-09-07,34.43,23.78,1020.63,39.22,785.4,20.0,3.53,5.64,9.33,10.84,13.52,29.8,57.45,0.158,0,0,0,0,0,2
2019-09-09,27.56,59.22,1015.3,142.29,1930.7,5.1,2.92,5.43,7.91,9.53,10.84,23.61,30.88,0.226,0,0,0,2,0,2
2019-09-09,41.4,36.62,948.66,84.78,1915.7,37.4,4.51,7.65,14.38,19.84,24.41,42.77,64.88,0.202,3,0,1,2,2,2
2019-09-09,35.79,52.78,965.1,32.12,53.8,8.3,2.56,4.84,6.07,9.7,12.68,27.45,43.42,0.196,1,1,0,1,1,2
2019-09-10,14.38,60.1,1015.54,15.88,878.8,35.7,4.26,6.59,12.88,14.32,24.94,30.64,60.96,0.563,0,1,1,0,0,1
2019-09-12,11.91,74.0,968.69,128.34,1797.4,41.6,0.05,0.11,0.21,0.33,0.36,0.6,0.92,0.257,0,0,1,2,0,2
2019-09-12,23.88,63.66,972.54,29.63,536.6,38.0,15.38,20.86,34.67,56.66,86.86,208.46,411.26,0.95,0,3,3,1,0,0
2019-09-14,46.95,34.85,1023.45,42.61,962.2,39.3,2.82,6.89,11.1,20.63,35.59,58.85,81.44,0.248,5,1,1,0,3,2
2019-09-14,28.15,67.79,1008.55,118.25,1511.7,12.1,2.39,5.17,10.61,15.0,25.11,44.82,83.15,0.612,0,1,1,1,0,1
2019-09-14,46.35,28.8,954.74,140.16,1534.9,19.6,6.75,14.97,24.84,35.5,53.62,103.3,165.14,0.781,7,2,2,3,3,1
2019-09-15,44.55,83.0,957.61,98.89,798.0,19.3,3.24,4.36,6.62,7.3,9.02,18.93,26.7,0.147,7,0,0,2,3,3
2019-09-15,12.77,44.54,1014.93,108.62,149.2,21.3,1.23,2.78,5.31,9.27,12.19,28.41,53.86,0.454,0,1,1,1,0,1
2019-09-15,8.35,36.21,979.52,80.51,1410.4,17.7,4.76,8.56,14.63,20.62,35.22,68.11,146.4,0.95,0,1,2,1,0,0
2019-09-15,19.92,31.77,969.21,158.98,650.5,36.9,4.52,7.13,12.89,19.09,26.23,37.44,54.46,0.323,0,0,1,3,0,1
2019-09-16,39.75,68.34,1008.47,7.18,58.3,17.8,1.15,2.12,4.24,5.85,10.18,18.52,30.93,0.15,1,1,0,0,1,3
2019-09-16,9.11,14.96,981.03,115.9,1111.0,32.6,2.73,3.33,5.18,10.27,16.14,29.35,54.89,0.35,0,0,1,2,0,1
2019-09-16,34.09,84.88,1010.78,112.47,47.8,11.4,2.09,4.38,7.1,13.71,17.45,22.58,34.05,0.311,0,1,0,1,1,2
2019-09-16,45.67,86.21,974.25,153.96,2019.1,6.6,1.92,4.79,10.13,11.49,14.95,32.42,58.57,0.365,2,0,0,3,2,2
2019-09-17,21.91,85.64,1001.49,8.13,1879.0,21.8,0.34,0.64,1.18,1.3,1.85,3.97,6.21,0.251,0,0,0,0,0,2
2019-09-17,5.49,65.39,960.37,36.06,1569.1,17.4,0.72,1.76,2.64,4.78,7.83,11.29,21.18,0.413,0,0,0,1,0,1
2019-09-17,24.61,18.16,979.55,110.56,1014.9,38.4,6.08,12.76,24.48,30.31,44.1,93.84,144.49,0.808,0,1,2,2,0,0
2019-09-17,20.29,17.16,952.89,117.35,243.8,34.4,0.46,1.11,2.17,3.54,5.81,9.64,13.29,0.05,0,0,1,2,0,2
2019-09-18,14.98,57.49,983.45,19.55,926.3,21.8,0.08,0.14,0.2,0.35,0.42,0.68,1.12,0.145,0,0,0,0,0,2
2019-09-18,16.59,82.5,980.61,123.76,2353.9,36.1,4.65,9.53,19.48,35.63,42.26,77.33,150.48,0.95,0,1,2,2,0,0
2019-09-19,20.0,92.31,967.7,89.82,1979.6,9.4,0.41,0.67,0.93,1.85,2.39,3.47,5.09,0.295,0,0,0,2,0,2
2019-09-19,23.0,58.06,959.23,18.38,2118.0,28.3,1.32,1.78,2.2,4.13,7.15,14.75,24.4,0.223,0,0,1,1,0,2
2019-09-19,39.52,53.4,953.22,152.62,884.0,10.8,0.13,0.29,0.56,0.92,1.49,2.48,3.65,0.05,1,0,0,3,1,3
2019-09-20,24.72,11.04,948.95,87.67,1540.4,49.6,0.4,0.7,1.46,2.03,3.61,8.48,13.36,0.05,0,0,1,2,0,2
2019-09-20,34.83,23.27,942.9,81.17,180.9,3.1,1.58,2.67,5.22,9.14,15.75,27.79,42.56,0.052,0,0,0,2,0,2
2019-09-20,26.6,87.51,1020.52,53.51,1096.4,38.8,8.8,13.42,16.21,29.52,48.19,105.92,209.77,0.95,0,2,3,0,0,0
2019-09-20,41.74,18.95,941.58,52.95,1036.1,9.2,3.53,7.9,10.01,13.96,19.18,24.73,54.08,0.05,3,0,0,2,1,2
2019-09-21,26.35,50.79,965.55,126.36,612.9,41.1,0.33,0.5,0.84,1.34,2.21,3.49,5.75,0.05,0,0,1,2,0,2
2019-09-21,28.82,68.62,999.81,53.97,81.3,23.4,8.27,13.03,15.95,24.41,28.1,61.6,107.23,0.77,0,2,1,1,0,0
2019-09-21,8.98,61.88,981.93,109.88,150.7,7.6,1.43,2.77,5.15,9.11,13.31,29.92,43.5,0.51,0,1,0,2,0,1
2019-09-22,30.27,77.94,950.72,147.97,1268.0,5.9,0.37,0.83,1.81,2.47,3.62,5.37,8.5,0.144,0,0,0,3,0,2
2019-09-22,20.15,47.86,1004.13,107.96,1725.6,20.8,4.51,8.92,15.76,27.28,46.38,94.77,195.72,0.95,0,2,2,1,0,0
2019-09-22,14.24,20.11,941.09,30.95,700.6,10.3,5.95,9.6,13.39,25.72,35.18,82.72,120.24,0.76,0,1,1,1,0,0
2019-09-23,14.81,66.75,1012.26,149.05,276.7,19.3,0.21,0.27,0.46,0.79,1.3,2.28,4.34,0.215,0,0,0,2,0,2
2019-09-23,8.26,52.36,958.77,115.07,755.9,37.7,9.17,20.91,43.52,66.5,114.09,192.51,276.73,0.95,0,3,3,3,0,0
2019-09-23,25.47,44.02,993.32,16.05,2278.2,1.3,0.21,0.29,0.49,0.55,0.98,1.18,2.52,0.05,0,0,0,0,0,2
2019-09-23,42.8,47.16,1013.54,70.42,560.9,0.5,2.49,5.97,9.42,11.02,17.64,31.51,41.89,0.087,8,0,0,1,3,3
2019-09-23,46.94,69.45,946.34,20.25,1469.4,9.8,4.37,8.44,16.78,29.84,42.42,76.16,106.57,0.588,8,1,1,1,3,2
2019-09-23,45.94,74.51,999.54,132.71,1120.2,14.2,0.47,0.78,1.44,2.06,2.43,5.4,7.41,0.05,2,0,0,2,2,3
2019-09-23,26.64,57.18,989.5,118.31,551.6,46.8,0.6,1.01,1.65,2.84,4.78,10.86,20.76,0.158,0,0,1,2,0,2
2019-09-24,19.88,94.38,1024.71,135.17,1116.6,9.6,7.95,12.16,17.65,32.88,57.36,100.59,171.45,0.95,0,2,2,1,0,0
2019-09-24,31.7,25.88,991.19,43.42,482.1,41.1,1.32,1.78,2.66,2.94,4.55,8.83,19.1,0.05,0,0,1,1,0,2
2019-09-24,15.79,24.41,975.11,93.24,474.5,32.1,1.19,1.9,2.81,4.45,5.85,8.44,13.27,0.053,0,0,0,2,0,2
2019-09-24,26.76,41.98,984.95,99.06,1331.8,5.1,4.69,10.15,14.58,24.92,42.41,83.35,110.48,0.679,0,1,1,2,0,0
2019-09-26,8.62,79.72,962.69,118.37,703.8,45.5,2.42,3.49,6.32,12.04,17.21,27.3,53.14,0.667,0,0,2,2,0,1
2019-09-26,14.68,40.91,980.87,70.48,1960.4,5.5,2.18,4.69,6.54,12.31,13.88,26.2,54.31,0.42,0,0,0,1,0,1
2019-09-26,47.8,47.06,979.0,124.66,1928.0,48.0,0.61,1.31,2.52,4.39,7.11,8.85,16.32,0.05,4,0,1,2,3,3
2019-09-27,33.66,46.64,1008.55,123.82,1630.4,46.5,2.88,6.06,11.25,21.62,24.0,48.28,104.55,0.594,0,1,2,1,0,1
2019-09-27,16.7,31.6,946.74,143.72,2289.5,40.5,6.35,11.34,15.66,25.87,41.39,57.98,72.83,0.476,0,1,2,3,0,1
2019-09-28,7.48,49.25,1001.11,35.25,1513.6,41.1,9.96,20.08,25.73,48.44,54.04,123.31,150.64,0.95,0,2,3,1,0,0
2019-09-28,17.75,87.72,951.2,130.73,336.3,39.1,0.39,0.75,1.06,1.8,2.49,3.46,5.33,0.297,0,0,1,3,0,2
2019-09-29,29.17,76.27,969.9,77.26,2202.3,46.7,0.48,0.77,1.38,2.47,3.99,7.57,14.82,0.188,0,0,1,1,0,2
2019-09-29,45.46,71.21,950.82,137.73,1428.8,11.0,3.65,6.74,11.89,17.41,22.45,43.57,81.69,0.446,4,0,1,3,3,2
2019-09-29,26.37,55.03,1001.9,60.91,742.2,39.0,3.58,8.23,11.19,15.89,25.68,41.79,70.44,0.481,0,1,1,1,0,1
2019-09-30,10.89,22.29,987.51,9.09,95.5,4.4,1.52,2.23,4.22,7.55,10.24,13.89,29.51,0.199,0,1,0,0,0,2
2019-09-30,25.36,22.41,1001.07,29.47,203.4,1.9,4.71,7.56,13.68,21.48,28.63,56.38,78.53,0.382,0,1,0,0,0,1
2019-10-01,16.72,55.02,967.25,139.93,254.2,47.6,5.25,7.21,13.17,19.75,34.9,86.38,148.24,0.95,0,2,3,3,0,0
2019-10-01,46.29,99.28,952.65,45.14,1071.6,18.6,7.1,10.56,19.72,32.73,45.09,105.68,208.85,0.95,7,2,2,2,3,1
2019-10-01,6.55,61.19,1008.86,88.32,1035.0,12.4,2.67,5.95,8.26,11.01,16.74,24.9,43.69,0.532,0,0,1,1,0,1
2019-10-02,31.64,16.53,1023.5,142.52,1618.4,24.2,0.97,1.19,2.26,3.62,5.87,9.48,19.95,0.05,0,0,0,1,0,2
2019-10-02,8.64,55.12,984.87,107.16,1290.5,0.4,8.86,21.47,40.82,68.18,110.53,212.93,268.95,0.95,0,3,3,2,0,0
2019-10-02,40.73,61.8,941.45,58.38,1228.8,41.4,0.6,1.35,2.17,3.36,4.45,10.44,22.4,0.051,1,0,1,2,1,3
2019-10-03,37.78,11.15,1001.73,7.18,2148.7,12.3,2.04,2.86,4.84,9.63,12.84,23.06,32.04,0.05,1,0,0,0,1,3
2019-10-03,44.34,58.97,1017.0,3.31,1026.9,43.4,6.5,14.76,19.41,26.35,40.08,52.49,67.33,0.3,6,1,2,0,3,2
2019-10-04,23.66,74.45,990.45,93.41,2218.7,48.6,0.21,0.49,0.73,1.26,2.24,5.43,7.12,0.183,0,0,1,1,0,2
2019-10-05,21.75,32.21,971.82,97.52,1519.6,14.3,4.12,9.09,13.75,23.11,31.98,59.5,129.67,0.808,0,1,1,2,0,0
2019-10-06,18.28,71.06,969.09,97.64,54.7,5.9,4.17,8.79,10.65,17.07,19.12,39.53,83.15,0.727,0,1,1,2,0,0
2019-10-07,37.52,13.96,947.23,51.04,2485.0,9.4,0.51,1.03,1.35,2.57,2.9,6.39,13.39,0.05,7,0,0,1,2,3
2019-10-07,14.09,54.51,1008.76,78.09,688.2,33.6,4.14,9.47,17.71,30.88,45.69,78.6,142.38,0.95,0,1,2,1,0,0
2019-10-08,34.37,71.94,1012.13,63.23,969.8,0.8,1.45,2.0,3.27,5.34,9.47,13.2,21.32,0.158,0,0,0,0,1,2
2019-10-08,22.98,77.43,1018.98,135.59,638.4,45.8,6.64,8.52,11.25,17.52,29.1,71.29,103.53,0.848,0,1,2,1,0,0
2019-10-08,18.21,37.32,976.57,122.72,760.1,17.9,5.27,8.06,16.83,23.5,39.16,63.8,88.05,0.591,0,1,1,2,0,0
2019-10-08,39.4,28.33,992.2,5.46,76.3,39.5,3.93,9.78,16.65,27.67,31.18,71.78,90.65,0.352,4,1,2,0,1,2
2019-10-08,16.57,33.07,1007.21,64.49,1319.0,6.8,1.85,4.46,9.32,15.86,27.04,59.53,121.07,0.807,0,1,1,1,0,0
2019-10-09,32.77,68.81,1009.66,114.96,1797.1,17.8,2.64,4.26,6.43,10.74,18.34,44.9,89.95,0.616,0,1,1,1,0,1
2019-10-09,17.94,88.83,955.77,48.75,563.2,20.9,0.1,0.24,0.29,0.57,0.71,1.46,2.26,0.28,0,0,0,1,0,2
2019-10-10,38.56,93.22,1009.68,2.18,122.2,9.4,0.24,0.36,0.54,0.91,1.45,3.49,5.88,0.12,5,0,0,0,2,3
2019-10-10,9.23,11.88,951.09,78.64,2214.7,28.9,10.38,18.55,40.14,49.33,72.67,90.86,122.71,0.785,0,2,2,2,0,0
2019-10-10,19.96,21.93,965.36,114.64,1542.5,31.6,2.86,4.29,5.68,8.23,14.79,29.49,61.18,0.318,0,0,1,2,0,1
2019-10-11,5.47,38.31,959.55,134.59,2440.7,11.5,1.5,3.75,6.18,11.74,20.07,26.84,56.17,0.511,0,0,1,2,0,1
2019-10-11,15.11,71.03,1006.85,89.24,550.2,6.4,0.41,0.95,1.4,1.99,2.41,5.02,8.21,0.259,0,0,0,1,0,2
2019-10-13,35.78,54.39,954.78,153.3,2463.0,49.1,8.4,20.36,34.74,45.15,60.76,74.23,137.45,0.831,9,2,3,3,2,0
2019-10-13,36.97,72.94,948.92,19.58,285.5,13.9,1.3,1.85,2.65,3.05,5.43,10.6,22.37,0.144,5,0,0,1,2,2
2019-10-14,17.79,68.25,1000.5,78.95,1326.3,35.1,1.97,4.1,8.7,14.8,23.62,31.31,66.7,0.608,0,1,1,1,0,1
2019-10-14,14.28,13.21,969.72,34.59,1501.7,11.5,4.85,10.4,17.59,20.06,22.37,52.06,64.08,0.35,0,0,1,1,0,1
2019-10-15,46.27,19.05,991.99,1.72,989.6,6.6,0.85,1.54,2.7,3.64,5.86,14.37,18.79,0.05,9,0,0,0,3,3
2019-10-17,43.1,93.94,978.34,80.81,180.2,9.9,0.68,1.62,3.55,4.63,6.9,12.93,24.91,0.205,4,0,0,1,3,3
2019-10-17,37.31,20.51,1017.58,144.17,226.5,21.4,4.27,10.23,16.66,19.59,25.98,49.48,67.75,0.181,5,1,1,2,1,2
2019-10-17,27.22,47.62,1000.82,140.9,1744.0,17.6,10.69,17.05,34.2,62.07,108.48,163.85,350.41,0.95,0,3,3,2,0,0
2019-10-17,5.95,47.27,957.78,98.42,2366.1,42.1,4.99,7.19,10.08,15.36,26.88,42.67,61.44,0.586,0,1,2,2,0,1
2019-10-17,27.6,21.59,970.46,113.44,958.6,1.6,2.31,3.39,5.3,9.66,17.05,36.87,63.52,0.255,0,0,0,2,0,1
2019-10-18,8.47,80.38,974.12,143.29,1867.7,33.5,7.75,14.45,23.73,33.66,39.89,84.99,171.52,0.95,0,2,2,3,0,0
2019-10-18,25.9,50.8,1017.09,158.35,980.3,12.9,4.02,5.32,10.58,20.92,25.25,38.0,54.01,0.355,0,0,1,2,0,1
2019-10-19,31.9,49.82,984.14,133.59,927.5,19.3,1.78,2.4,2.95,5.18,8.67,14.7,18.48,0.053,0,0,0,2,0,2
2019-10-19,26.62,52.32,1021.87,30.78,2246.6,3.1,8.25,12.94,18.13,33.73,48.25,90.17,134.91,0.895,0,1,1,0,0,0
2019-10-19,17.61,44.7,950.1,34.76,1270.1,32.1,0.42,0.67,0.81,1.4,2.51,3.39,5.33,0.083,0,0,0,1,0,2
2019-10-20,46.63,77.33,1010.59,158.3,670.9,3.8,6.06,12.17,16.86,23.66,41.48,81.17,98.92,0.58,7,1,1,2,3,2
2019-10-20,37.56,94.47,979.24,17.31,438.3,21.2,6.84,9.24,20.04,32.32,56.15,120.87,161.09,0.95,4,2,2,1,2,0
2019-10-22,32.35,19.09,1029.23,75.33,230.3,33.2,1.78,3.88,7.79,13.2,23.19,44.34,96.57,0.416,0,1,1,1,0,1
2019-10-22,32.73,95.25,984.87,12.43,18.3,5.1,2.76,4.75,8.79,15.03,17.22,24.78,33.45,0.372,0,1,0,0,1,2
2019-10-23,13.99,15.55,1000.07,99.74,225.3,11.6,4.82,9.9,15.31,21.68,31.7,57.93,126.55,0.781,0,2,1,1,0,0
2019-10-23,41.6,40.37,1009.85,107.41,963.2,33.9,2.6,5.06,6.35,10.65,15.25,25.76,40.41,0.055,3,0,1,1,2,3
2019-10-24,18.78,40.68,953.24,144.86,554.1,0.2,1.47,2.11,4.21,8.11,10.77,17.19,32.48,0.232,0,0,0,3,0,1
2019-10-24,21.23,61.75,993.32,6.86,729.1,22.3,1.64,2.13,4.68,8.71,12.03,29.03,60.92,0.503,0,0,1,0,0,1
2019-10-25,6.95,98.2,1011.1,124.57,448.3,26.1,1.13,2.67,4.06,5.55,7.34,16.42,24.96,0.588,0,0,1,1,0,1
2019-10-25,5.6,95.78,1029.27,150.47,2143.2,34.5,1.05,2.12,3.74,5.51,8.85,12.4,17.95,0.543,0,0,1,1,0,1
2019-10-25,31.54,64.77,949.47,126.04,1365.5,9.9,0.82,1.27,2.7,4.12,6.82,8.23,11.13,0.083,0,0,0,3,0,2
2019-10-25,12.27,19.95,965.19,1.82,580.9,22.8,1.42,3.45,5.03,5.79,9.49,12.09,16.19,0.085,0,0,0,1,0,2
2019-10-27,23.68,30.55,982.13,144.52,1722.3,24.3,4.8,10.38,16.56,26.6,45.24,108.86,173.06,0.95,0,2,2,2,0,0
2019-10-27,17.57,37.49,1023.34,95.69,451.2,3.0,2.95,5.78,10.77,13.89,20.49,38.82,51.39,0.354,0,0,0,1,0,1
2019-10-27,21.88,27.23,941.93,5.16,1418.5,25.4,3.24,6.36,11.81,17.74,30.7,71.3,107.33,0.633,0,1,1,1,0,0
2019-10-27,22.86,72.8,1027.03,158.97,742.8,21.0,7.21,14.43,27.88,45.61,68.76,165.75,300.96,0.95,0,3,3,2,0,0
2019-10-28,46.97,84.55,941.08,52.66,316.3,23.2,5.79,13.73,25.28,36.76,44.24,60.09,92.64,0.571,9,1,1,2,3,2
2019-10-28,13.74,22.15,1007.16,13.52,955.4,44.6,0.94,1.23,1.73,3.2,5.51,8.14,16.78,0.085,0,0,1,0,0,2
2019-10-28,32.19,54.53,1001.54,59.31,1020.1,46.4,10.24,23.55,31.14,59.24,68.26,150.07,267.62,0.95,0,2,3,1,0,0
2019-10-28,45.08,96.55,1014.14,110.71,2224.3,8.2,1.67,4.1,7.33,9.64,15.52,26.21,50.36,0.368,6,0,0,1,3,2
2019-10-29,30.51,39.09,979.43,139.17,23.0,38.3,2.35,4.82,9.77,15.13,17.99,40.58,83.82,0.449,0,1,1,2,0,1
2019-10-29,36.36,22.56,972.8,156.69,768.5,9.9,4.08,10.14,17.48,27.96,49.49,120.87,166.18,0.857,3,2,2,3,1,0
2019-10-29,12.07,98.74,989.57,64.69,3.1,32.7,0.4,0.82,1.03,1.88,3.01,4.84,9.17,0.434,0,1,1,1,0,1
2019-10-29,44.11,88.37,965.63,156.0,803.0,3.5,0.92,1.65,2.03,3.01,4.86,7.82,16.36,0.11,1,0,0,3,2,3
2019-10-29,26.98,46.72,1016.76,112.27,262.2,26.4,3.48,7.18,8.91,14.98,17.4,25.74,46.55,0.274,0,1,1,1,0,1
2019-10-30,26.71,45.28,1010.23,13.8,704.7,32.5,2.92,3.87,5.08,8.74,11.31,22.88,35.47,0.196,0,0,1,0,0,2
2019-10-30,46.37,95.64,985.53,22.45,914.1,13.3,1.35,1.66,3.63,7.24,9.96,13.67,18.7,0.139,8,0,0,0,3,3
2019-10-30,9.42,68.84,1001.97,43.98,107.2,46.6,6.95,12.76,19.74,36.44,47.94,113.5,174.74,0.95,0,2,3,1,0,0
2019-10-30,40.15,30.79,991.7,131.3,2490.4,10.5,0.99,1.37,2.7,3.51,6.06,14.35,24.9,0.05,5,0,0,2,2,3
2019-10-31,44.26,16.39,1001.22,114.56,212.3,31.7,1.22,2.84,5.99,10.47,11.61,23.22,40.76,0.05,4,0,1,1,2,3
2019-11-02,42.35,83.75,961.14,109.35,1767.3,17.3,7.43,11.4,19.25,26.94,35.99,86.44,156.61,0.95,7,1,2,2,3,0
2019-11-02,33.48,46.96,986.72,85.81,2477.3,18.5,1.8,2.37,2.89,4.23,5.91,13.72,26.93,0.08,0,0,0,1,0,2
2019-11-03,26.17,21.15,1024.72,106.97,1163.6,49.1,2.8,6.26,9.31,11.27,12.89,24.24,33.27,0.066,0,0,1,1,0,2
2019-11-03,27.13,35.93,960.07,40.43,2449.6,38.5,1.4,2.82,4.56,5.27,7.75,19.08,26.31,0.084,0,0,1,1,0,2
2019-11-03,24.39,40.03,983.32,8.98,886.9,35.6,4.37,10.14,21.79,40.79,64.47,143.62,283.82,0.95,0,2,3,1,0,0
2019-11-04,13.27,92.87,989.7,111.86,1236.3,15.6,5.22,10.0,21.28,28.22,34.15,55.33,73.09,0.819,0,1,1,2,0,0
2019-11-04,15.09,49.03,998.39,146.84,698.2,20.4,7.74,11.58,24.55,27.34,31.72,74.59,96.48,0.737,0,1,1,2,0,0
2019-11-05,7.23,34.72,988.28,159.54,2249.4,30.8,2.61,6.05,8.59,11.15,15.05,20.35,39.02,0.361,0,0,1,2,0,1
2019-11-05,27.96,14.65,1018.88,67.7,909.6,18.6,0.22,0.4,0.48,0.96,1.43,2.55,4.37,0.05,0,0,0,0,0,2
2019-11-06,10.31,94.38,961.98,129.15,174.2,43.5,5.01,9.13,17.76,34.17,46.49,80.72,103.27,0.95,0,2,2,3,0,0
2019-11-07,44.96,65.95,981.15,37.12,2003.6,6.5,18.7,40.82,54.08,66.95,117.78,186.87,269.09,0.95,5,3,3,1,3,0
2019-11-07,6.49,89.75,944.02,156.92,914.0,4.7,7.14,16.93,21.5,29.88,49.54,93.5,124.36,0.95,0,1,1,3,0,0
2019-11-07,19.37,27.47,956.54,138.46,1436.3,36.5,1.02,1.99,4.03,6.23,7.86,13.12,19.77,0.075,0,0,1,3,0,2
2019-11-08,7.91,73.68,947.01,50.19,1340.8,35.5,6.51,11.37,17.04,24.69,28.81,60.28,117.79,0.95,0,1,2,2,0,0
2019-11-08,19.89,27.75,1008.81,112.89,1077.9,15.0,8.0,16.36,23.71,26.93,38.37,94.48,151.1,0.947,0,1,2,1,0,0
2019-11-08,42.41,28.47,1028.32,65.41,842.2,26.4,3.92,6.74,8.21,10.0,14.23,19.66,26.72,0.05,8,0,0,0,3,3
2019-11-08,7.43,56.4,951.08,151.44,1704.7,40.9,6.03,8.27,15.72,18.22,25.09,60.59,102.49,0.891,0,1,2,3,0,0
2019-11-08,7.42,42.88,995.45,83.04,368.0,30.6,5.28,7.65,10.41,13.22,19.76,44.43,67.73,0.592,0,1,1,1,0,1
2019-11-09,30.63,67.06,996.88,159.6,901.8,17.3,5.65,13.83,17.86,32.83,38.02,74.89,149.42,0.95,0,1,2,2,0,0
2019-11-09,34.25,59.42,978.53,111.6,2338.2,8.3,1.47,2.64,4.52,7.55,11.14,19.28,26.2,0.129,0,0,0,2,0,2
2019-11-09,36.08,33.84,1029.41,88.39,1737.4,48.9,1.28,2.28,4.09,5.39,9.01,11.88,19.46,0.05,3,0,1,1,1,3
2019-11-09,15.39,46.24,953.28,72.13,811.7,17.5,0.03,0.06,0.09,0.14,0.2,0.25,0.51,0.081,0,0,0,2,0,2
2019-11-09,32.02,36.89,1022.28,84.49,1600.5,15.5,4.89,7.25,13.28,23.63,28.74,63.75,85.78,0.436,0,1,1,1,0,1
2019-11-10,13.59,88.73,1007.42,72.48,2384.9,10.7,9.9,16.77,32.26,62.42,98.55,233.0,344.74,0.95,0,3,3,1,0,0
2019-11-11,24.1,56.18,1016.63,35.94,2373.1,8.1,0.3,0.52,1.05,1.74,2.31,5.46,7.5,0.09,0,0,0,0,0,2
2019-11-11,17.46,25.69,1028.42,9.0,1062.7,10.4,0.91,1.3,2.84,4.27,5.66,11.01,16.54,0.064,0,0,0,0,0,2
2019-11-11,36.08,19.07,970.41,137.29,1581.4,20.5,2.18,5.29,9.29,16.8,29.69,44.23,72.8,0.22,8,0,1,2,2,2
2019-11-11,5.75,16.1,964.2,84.97,1113.2,10.3,7.47,16.73,34.02,57.7,93.28,192.9,295.46,0.95,0,3,3,2,0,0
2019-11-12,42.68,96.39,1022.16,121.21,323.2,0.1,0.45,0.68,1.01,1.43,2.52,3.79,5.5,0.092,1,0,0,1,2,3
2019-11-12,30.96,82.28,950.27,122.47,737.5,27.3,19.02,40.62,62.01,119.73,187.46,341.06,416.31,0.95,0,3,3,3,0,0
2019-11-13,23.7,52.36,940.55,22.44,984.0,16.7,2.9,4.8,6.06,7.58,9.34,21.19,32.93,0.244,0,0,0,1,0,1
2019-11-13,29.84,72.71,1001.17,91.01,1826.1,26.6,6.25,14.42,30.04,44.95,79.08,180.68,321.13,0.95,0,3,3,1,0,0
2019-11-13,19.87,55.44,946.54,86.61,568.1,30.1,1.57,3.69,6.82,9.33,14.66,29.62,38.21,0.333,0,0,1,2,0,1
2019-11-13,15.84,76.61,954.89,114.73,71.7,33.0,7.27,8.95,12.23,18.58,23.77,40.87,66.73,0.669,0,1,1,2,0,1
2019-11-13,6.52,82.28,1015.43,9.96,28.0,46.7,0.86,1.08,1.99,3.97,5.81,6.99,14.17,0.441,0,1,1,0,0,1
2019-11-14,34.41,82.99,1020.27,78.17,322.6,43.2,6.71,13.75,29.66,43.87,49.65,76.0,155.42,0.95,0,2,2,1,1,0
2019-11-14,11.45,69.35,1011.15,52.28,2066.4,36.8,3.29,7.5,14.0,15.58,25.27,46.76,70.77,0.704,0,1,2,1,0,0
2019-11-15,43.38,78.26,982.61,83.56,852.1,4.4,6.44,14.93,21.93,40.15,54.85,122.64,252.93,0.95,9,2,2,2,3,0
2019-11-16,41.44,35.94,983.08,106.59,1344.2,26.0,0.37,0.56,0.71,1.05,1.35,3.2,4.79,0.05,9,0,0,2,3,3
2019-11-17,45.26,93.94,962.27,90.0,1357.9,16.2,0.06,0.12,0.24,0.44,0.51,0.63,1.1,0.05,7,0,0,2,3,3
2019-11-18,22.68,24.16,1007.31,144.14,1431.5,44.0,0.07,0.16,0.35,0.58,0.86,2.03,3.2,0.05,0,0,1,2,0,2
2019-11-19,16.18,26.23,977.05,135.58,564.0,20.0,1.26,2.04,2.55,3.8,6.7,11.36,17.39,0.085,0,0,0,2,0,2
2019-11-19,22.74,47.23,1024.66,153.07,1764.1,44.9,0.98,2.3,3.79,5.75,9.06,13.75,26.07,0.183,0,0,1,2,0,2
2019-11-19,29.82,56.54,946.81,21.43,826.5,11.6,0.95,2.29,3.9,4.4,7.17,12.92,17.57,0.102,0,0,0,1,0,2
2019-11-19,36.75,13.45,993.63,156.08,1313.8,33.7,9.36,14.91,27.08,41.18,54.27,129.39,232.4,0.95,1,2,3,2,1,0
2019-11-19,44.18,34.66,994.72,121.48,2091.8,45.8,0.06,0.12,0.19,0.36,0.52,0.86,1.07,0.05,1,0,1,2,2,3
2019-11-19,47.47,73.6,978.76,108.39,572.9,14.0,5.91,12.55,19.61,36.18,44.08,68.63,142.18,0.841,1,1,1,2,2,1
2019-11-19,29.85,18.98,975.15,93.62,2361.0,2.3,1.83,2.55,4.93,8.19,12.07,27.46,54.42,0.159,0,0,0,2,0,2
2019-11-19,20.25,88.6,941.82,17.14,1137.5,20.6,1.48,2.53,3.94,5.33,8.93,20.97,36.91,0.487,0,0,1,1,0,1
2019-11-20,21.05,45.76,955.07,157.04,321.5,31.2,3.33,5.0,9.76,18.49,28.16,58.53,103.83,0.71,0,1,2,3,0,0
2019-11-20,39.2,18.07,1014.57,15.06,2127.6,4.8,2.89,3.54,4.33,5.34,9.32,15.88,22.75,0.05,8,0,0,0,2,3
2019-11-20,31.31,47.62,976.02,76.16,945.0,47.6,0.87,1.47,2.86,3.98,4.61,10.06,19.72,0.056,0,0,1,1,0,2
2019-11-21,31.05,21.87,1013.58,0.48,24.5,45.1,0.2,0.46,0.61,0.85,1.28,2.55,5.26,0.05,0,0,1,0,0,2
2019-11-21,16.02,86.53,987.15,6.14,2088.5,14.1,1.76,3.41,6.2,9.02,10.96,18.76,23.41,0.429,0,0,0,0,0,1
2019-11-23,26.6,48.06,943.0,85.19,565.5,29.3,0.47,0.58,1.17,1.56,2.55,5.73,8.92,0.05,0,0,0,2,0,2
2019-11-23,26.96,35.62,981.72,115.79,2473.2,9.1,0.59,0.91,1.1,1.27,1.68,2.26,3.33,0.05,0,0,0,2,0,2
2019-11-24,36.34,20.73,978.84,33.61,1534.0,22.3,0.73,0.98,1.86,2.97,4.34,9.53,19.46,0.05,7,0,0,1,2,3
2019-11-24,42.49,48.51,1029.35,131.89,1663.9,32.6,6.55,16.17,25.84,43.08,73.24,88.21,140.06,0.751,7,2,2,2,3,1
2019-11-24,36.85,92.04,989.89,62.59,1652.9,23.7,1.14,2.36,4.57,7.81,11.79,18.85,36.4,0.334,4,0,1,1,2,2
2019-11-24,36.71,67.06,968.02,109.89,1662.3,48.4,8.85,17.42,21.05,28.17,33.51,53.61,113.43,0.724,1,1,2,2,1,1
2019-11-25,19.05,49.15,971.05,3.51,1027.6,33.2,3.04,4.54,6.95,7.81,11.23,17.86,32.99,0.275,0,0,1,0,0,1
2019-11-25,30.42,43.62,1001.76,150.37,1625.1,6.4,0.32,0.43,0.53,0.86,0.97,1.41,1.96,0.05,0,0,0,2,0,2
2019-11-25,15.63,32.14,1001.34,76.25,174.3,7.7,4.41,8.18,10.9,15.91,25.95,32.43,59.84,0.403,0,1,0,1,0,1
2019-11-25,9.76,20.16,1004.59,95.17,747.3,8.5,5.08,9.55,13.11,20.96,36.69,44.94,56.69,0.381,0,1,1,1,0,1
2019-11-25,44.94,86.23,975.36,43.09,304.9,25.1,4.45,10.41,16.06,24.2,28.71,55.46,72.68,0.466,7,1,1,1,3,2
2019-11-25,9.0,32.75,961.86,48.48,1502.9,49.1,0.88,1.42,1.94,3.73,6.68,16.18,26.07,0.248,0,0,1,1,0,1
2019-11-26,45.8,31.03,988.95,40.49,1052.7,31.6,8.11,17.46,37.11,58.96,86.39,104.99,212.46,0.95,9,2,3,1,3,1
2019-11-26,20.26,94.34,985.93,114.14,1168.1,28.7,1.54,3.35,5.98,6.61,8.79,19.34,33.01,0.489,0,0,1,2,0,1
2019-11-28,17.35,26.46,1000.7,18.91,1290.0,29.7,0.42,0.79,1.28,2.28,2.53,3.67,5.97,0.05,0,0,0,0,0,2
2019-11-28,24.47,80.16,1005.28,148.62,70.6,18.7,3.0,4.21,7.27,13.26,20.6,41.97,88.55,0.746,0,1,1,2,0,0
2019-11-28,40.76,67.33,989.07,130.42,2041.5,5.1,1.27,2.27,4.99,8.9,10.27,24.15,33.35,0.151,7,0,0,2,2,3
2019-11-29,26.59,63.91,947.55,157.16,8.1,13.5,11.78,24.14,42.13,51.47,78.89,137.02,212.25,0.95,0,3,2,3,0,0
2019-11-30,17.26,21.73,949.27,154.62,2159.7,12.2,0.2,0.44,0.84,1.32,1.45,2.38,5.19,0.05,0,0,0,3,0,2
2019-11-30,21.81,76.1,949.32,116.07,807.3,27.0,2.73,3.81,5.2,7.58,8.63,11.51,16.51,0.272,0,0,1,2,0,2
2019-12-02,35.19,54.33,954.03,79.83,327.1,14.8,0.63,1.26,2.48,2.96,4.11,8.11,14.27,0.05,4,0,0,2,1,3
2019-12-02,22.95,75.02,984.49,47.16,934.8,25.9,2.71,4.32,6.66,8.47,10.38,20.03,42.93,0.432,0,0,1,1,0,1
2019-12-02,36.51,19.34,986.04,100.28,1757.7,30.7,2.84,4.55,7.4,11.42,18.44,30.39,53.61,0.089,8,0,1,1,2,2
2019-12-02,28.77,34.09,971.86,107.83,1901.8,31.8,15.89,19.27,27.14,32.32,39.21,95.09,158.63,0.94,0,1,2,2,0,0
2019-12-03,45.62,28.41,975.36,69.88,1497.1,32.4,6.17,14.85,27.9,31.47,52.41,111.1,177.5,0.869,3,2,2,2,2,1
2019-12-03,7.31,94.3,942.74,9.55,1475.1,8.9,9.28,12.1,15.46,22.91,35.62,48.21,88.54,0.95,0,1,1,1,0,0
2019-12-03,33.92,22.08,1022.16,26.07,935.8,35.5,0.46,0.93,1.72,3.03,4.48,10.12,15.84,0.05,0,0,1,0,0,2
2019-12-04,7.87,12.2,1006.74,142.93,2056.2,49.4,1.44,2.55,3.16,5.67,9.49,18.27,38.03,0.236,0,0,1,2,0,1
2019-12-04,12.95,67.04,1015.91,53.29,2383.3,17.1,0.63,1.53,2.7,3.65,4.65,10.73,15.23,0.307,0,0,0,0,0,2
2019-12-04,39.64,64.3,1018.31,67.29,951.7,13.1,0.33,0.47,0.69,0.89,1.09,2.55,5.05,0.05,9,0,0,0,3,3
2019-12-04,35.62,79.56,997.15,110.18,2221.1,26.0,1.46,3.07,5.89,8.13,13.58,21.92,43.46,0.331,4,0,1,1,1,2
2019-12-04,30.08,59.5,963.88,100.87,70.4,31.2,2.32,5.55,8.85,15.45,21.53,26.93,46.22,0.305,0,1,1,2,0,2
2019-12-04,16.69,84.72,944.43,52.98,365.3,48.4,15.18,26.29,55.5,68.23,75.55,135.45,237.47,0.95,0,3,3,2,0,0
2019-12-05,42.5,35.7,1025.72,92.92,1040.5,44.6,6.39,15.93,24.91,48.17,62.47,110.78,238.42,0.95,9,2,3,1,3,0
2019-12-06,17.81,60.7,987.09,90.14,28.9,11.3,1.01,1.96,2.61,3.7,6.08,8.66,18.16,0.246,0,1,0,1,0,2
2019-12-06,28.75,19.81,956.27,131.76,228.9,42.1,2.51,4.56,9.0,16.34,26.14,55.16,79.3,0.34,0,1,2,3,0,1
2019-12-08,33.78,74.25,1013.41,130.54,1143.6,34.3,4.13,8.08,10.32,17.63,27.02,64.4,119.74,0.832,0,1,2,1,1,0
2019-12-08,32.96,31.07,1006.95,155.36,1115.8,15.4,1.37,2.66,3.71,5.5,8.81,20.26,42.61,0.11,0,0,0,2,0,2
2019-12-10,30.5,18.03,1008.77,117.46,465.1,34.7,1.77,2.42,4.37,5.94,7.7,10.28,18.76,0.05,0,0,1,1,0,2
2019-12-10,39.55,83.83,1020.16,63.2,1494.2,8.5,1.04,1.72,2.92,3.8,6.63,10.8,18.93,0.15,8,0,0,0,3,3
2019-12-10,25.77,29.78,965.62,52.35,2409.9,33.1,0.48,0.62,1.27,1.59,1.78,2.97,4.0,0.05,0,0,0,1,0,2
2019-12-10,19.9,61.42,980.09,120.52,984.4,15.1,0.08,0.18,0.32,0.47,0.55,0.79,0.95,0.114,0,0,0,2,0,2
2019-12-10,11.55,66.1,980.47,21.21,2259.3,7.1,1.71,3.24,5.09,6.48,8.6,13.13,17.29,0.33,0,0,0,1,0,2
2019-12-10,22.44,22.0,975.39,142.69,2359.2,6.7,16.42,26.89,32.87,42.65,65.25,158.48,302.82,0.95,0,3,2,3,0,0
2019-12-11,13.81,90.66,949.62,106.76,1003.1,43.8,3.02,4.34,7.81,11.94,21.13,29.41,42.0,0.595,0,0,2,2,0,1
2019-12-12,38.56,29.81,971.91,153.22,419.5,3.4,0.38,0.77,1.68,3.08,4.41,9.12,12.19,0.05,2,0,0,2,1,3
2019-12-12,14.14,71.92,1010.13,157.45,518.2,18.1,0.1,0.19,0.35,0.62,1.0,1.73,2.64,0.236,0,0,0,2,0,2
2019-12-12,10.91,38.69,949.52,52.79,1297.1,23.1,2.44,3.86,4.88,8.87,14.97,26.64,57.18,0.466,0,0,1,1,0,1
2019-12-14,36.94,56.13,990.89,30.57,648.7,9.5,7.85,9.77,19.33,35.65,50.84,70.41,118.19,0.699,6,1,1,1,2,1
2019-12-14,32.37,87.78,966.72,95.29,548.5,42.3,1.32,1.67,2.08,2.63,3.57,4.99,7.13,0.163,0,0,1,2,0,2
2019-12-14,14.37,31.74,995.14,92.22,1806.6,34.6,2.47,5.37,9.82,14.34,23.07,41.88,59.34,0.411,0,0,1,1,0,1
2019-12-14,32.27,14.7,967.96,72.68,2314.1,12.7,0.76,1.21,2.25,2.66,3.35,4.98,9.33,0.05,0,0,0,1,0,2
2019-12-15,40.61,32.7,954.1,141.44,1345.5,39.0,3.37,6.63,8.04,12.36,19.57,25.82,52.2,0.105,1,0,1,3,1,2
2019-12-15,44.59,27.85,1028.34,12.75,301.4,14.5,2.81,6.22,12.93,23.07,32.64,74.14,91.43,0.303,4,1,1,0,2,2
2019-12-16,21.21,17.65,992.96,41.89,559.4,26.2,0.49,0.79,1.52,2.37,3.99,5.82,9.02,0.05,0,0,0,1,0,2
2019-12-16,45.1,98.74,1004.89,143.88,1602.1,36.7,0.74,1.55,2.89,3.78,5.79,12.11,16.4,0.152,4,0,1,2,3,3
2019-12-16,11.64,82.8,1024.23,41.5,2025.6,3.3,0.23,0.33,0.69,0.86,1.16,1.9,3.75,0.323,0,0,0,0,0,2
2019-12-16,31.49,73.55,993.71,43.29,966.4,32.2,2.84,5.42,6.71,12.09,18.78,45.9,55.99,0.426,0,0,1,1,0,1
2019-12-16,34.05,59.15,985.09,130.79,2163.2,8.7,2.36,3.64,6.44,12.14,14.86,36.43,78.15,0.476,0,0,0,2,0,1
2019-12-17,35.86,16.68,961.34,120.57,1018.5,40.0,1.23,1.96,3.56,4.38,4.93,6.66,8.71,0.05,9,0,1,2,2,3
2019-12-17,46.34,65.27,970.75,44.69,90.8,18.1,5.26,11.44,23.04,32.37,38.75,70.1,88.79,0.455,7,1,1,1,3,2
2019-12-17,19.52,16.97,950.22,80.74,1831.1,15.4,6.59,8.86,12.33,21.2,25.02,43.09,63.37,0.312,0,0,1,2,0,1
2019-12-18,40.72,18.04,946.51,85.68,957.0,12.3,6.11,11.07,23.64,37.74,49.33,66.14,88.41,0.272,8,1,1,2,2,2
2019-12-20,13.7,42.85,992.93,6.42,718.9,13.3,2.09,4.5,7.59,14.09,16.78,32.31,48.68,0.402,0,0,1,0,0,1
2019-12-20,20.86,95.86,1024.44,29.78,2276.7,28.0,3.58,7.04,9.95,19.12,26.6,36.33,62.18,0.685,0,1,1,0,0,1
2019-12-21,29.02,81.09,1009.26,81.89,581.9,29.2,1.05,2.29,4.73,9.38,12.5,25.07,49.12,0.443,0,0,1,1,0,1
2019-12-21,16.42,82.81,984.64,137.73,1655.9,4.6,3.55,8.58,18.48,26.66,32.96,46.58,57.96,0.636,0,1,1,2,0,1
2019-12-21,43.8,40.49,948.7,157.69,1286.5,25.2,3.19,6.31,10.23,16.07,27.95,68.46,134.26,0.66,5,1,1,3,2,1
2019-12-21,17.51,70.68,966.31,38.37,2001.7,49.9,0.16,0.2,0.43,0.72,1.29,2.18,4.73,0.21,0,0,1,1,0,2
2019-12-22,31.06,47.51,1018.39,145.68,2237.9,16.5,0.1,0.22,0.44,0.6,0.86,1.6,2.22,0.05,0,0,0,1,0,2
2019-12-22,20.95,52.37,957.78,93.33,531.8,16.6,11.24,14.25,30.05,52.56,68.16,129.84,226.76,0.95,0,2,2,2,0,0
2019-12-22,41.91,15.27,1017.82,107.36,2055.7,11.1,1.96,2.96,4.31,5.91,10.5,23.73,44.54,0.05,3,0,0,1,1,3
2019-12-22,27.79,45.77,1007.06,124.62,86.2,37.8,1.71,3.94,7.93,15.85,21.28,31.07,62.16,0.365,0,1,1,1,0,1
2019-12-23,42.25,16.56,1018.28,148.92,1125.7,20.3,5.76,11.77,21.67,31.68,45.64,86.1,172.59,0.811,3,1,2,2,2,0
2019-12-24,9.65,12.55,985.11,136.73,1675.7,9.0,5.86,12.95,21.24,34.65,59.96,91.21,133.83,0.859,0,2,2,2,0,0
2019-12-24,24.95,29.24,1027.49,38.6,69.8,34.9,6.23,11.05,23.2,44.31,50.65,114.93,166.53,0.95,0,2,2,0,0,0
2019-12-25,46.92,41.71,977.5,110.14,1216.0,39.3,2.46,4.41,8.14,15.88,20.75,29.43,38.93,0.05,5,0,1,2,3,3
2019-12-25,35.93,29.91,956.66,58.74,1245.0,4.1,2.38,4.69,7.1,8.61,9.56,13.58,27.68,0.05,7,0,0,1,2,2
2019-12-25,40.76,45.78,1026.81,132.82,463.9,31.2,0.16,0.36,0.46,0.83,0.98,1.75,2.62,0.05,4,0,0,1,2,3
2019-12-26,18.34,58.92,994.86,10.75,1212.6,7.1,1.83,3.48,7.48,9.15,16.4,25.57,55.31,0.48,0,0,0,0,0,1
2019-12-26,21.21,94.46,1007.33,62.07,1637.5,30.0,6.89,12.15,23.88,33.7,39.66,94.68,202.83,0.95,0,2,2,1,0,0
2019-12-26,17.13,19.4,1007.54,27.56,1893.8,12.3,1.93,3.83,7.89,13.04,22.08,35.33,62.35,0.341,0,0,0,0,0,1
2019-12-27,14.06,45.59,994.82,138.08,1028.6,44.7,7.64,15.9,32.59,64.11,73.74,127.33,169.99,0.95,0,2,3,2,0,0
2019-12-27,6.98,31.88,970.83,62.15,1529.6,32.1,0.88,1.74,3.62,6.79,8.71,19.24,34.23,0.318,0,0,1,1,0,1
2019-12-28,44.97,47.36,950.14,114.13,43.5,39.0,2.11,4.63,9.81,13.75,23.9,54.92,104.9,0.486,5,1,2,2,2,2
2019-12-28,25.97,13.57,1028.34,36.86,157.6,45.6,6.4,14.15,21.71,35.95,61.68,84.14,131.9,0.688,0,2,2,0,0,0
2019-12-28,28.95,72.1,941.56,63.81,614.0,29.1,2.83,7.07,8.81,9.8,15.09,19.07,35.02,0.304,0,0,1,2,0,2
2019-12-28,37.79,97.76,996.49,100.14,456.5,19.5,0.31,0.66,1.07,1.31,2.33,3.27,5.88,0.15,1,0,0,1,1,3
2019-12-28,30.85,39.99,998.06,91.99,442.9,16.7,9.94,20.14,43.15,49.05,65.61,108.89,229.54,0.95,0,2,2,2,0,0
2019-12-29,46.69,59.98,1007.09,109.4,1933.9,21.3,1.66,3.09,5.64,9.39,14.7,36.63,59.14,0.227,7,0,1,1,3,3
2019-12-29,18.6,30.97,988.23,63.7,197.1,39.2,7.44,9.29,13.95,24.29,35.16,60.5,73.3,0.458,0,1,2,1,0,1
2019-12-31,35.64,13.44,1021.66,111.47,476.1,34.2,1.49,3.6,5.84,11.37,18.84,41.03,72.51,0.194,4,0,1,1,1,2
2020-01-01,12.45,68.59,970.71,129.62,1925.8,27.9,0.07,0.17,0.29,0.4,0.67,1.58,3.04,0.239,0,0,0,2,0,2
2020-01-01,20.28,79.7,998.85,6.25,876.2,10.9,3.01,6.12,9.74,14.74,16.76,36.42,70.38,0.665,0,1,1,0,0,0
2020-01-01,19.42,47.64,1005.57,90.8,727.9,27.9,2.6,3.72,7.18,9.5,16.82,39.35,65.81,0.483,0,0,1,1,0,1
2020-01-02,47.71,55.28,977.6,53.52,404.5,17.4,1.98,2.46,4.53,5.05,5.69,11.59,20.57,0.05,5,0,0,1,3,3
2020-01-02,38.04,70.94,957.49,143.72,1854.2,21.6,2.61,3.44,7.12,8.07,12.36,15.6,29.93,0.174,3,0,0,3,1,2
2020-01-02,12.2,16.73,988.15,92.32,336.0,28.7,9.23,11.59,22.36,24.73,43.27,87.7,139.78,0.894,0,2,2,2,0,0
2020-01-02,27.34,57.27,1015.4,131.39,1014.3,43.2,0.77,1.28,2.56,3.49,4.06,5.8,12.19,0.094,0,0,1,1,0,2
2020-01-03,15.74,31.71,954.48,21.66,844.6,45.2,2.19,4.67,7.69,13.59,18.52,37.04,55.44,0.371,0,0,1,1,0,1
2020-01-04,41.77,49.86,958.02,100.55,587.3,5.5,6.12,9.96,13.64,24.33,36.95,57.89,117.22,0.613,7,1,1,2,2,1
2020-01-06,22.23,57.91,986.93,119.33,587.1,0.7,1.44,3.12,5.1,5.65,9.84,14.25,20.34,0.203,0,0,0,2,0,2
2020-01-06,25.84,13.01,961.93,130.86,1396.8,27.4,0.04,0.1,0.18,0.24,0.35,0.85,1.34,0.05,0,0,0,2,0,2
2020-01-07,25.0,85.1,955.03,27.08,1248.1,11.8,2.43,5.44,9.47,13.05,21.54,44.22,73.85,0.668,0,1,1,1,0,0
2020-01-07,32.69,86.91,983.06,144.05,1492.1,39.5,2.72,5.54,6.87,10.41,11.62,16.65,24.55,0.271,0,0,1,2,0,2
2020-01-07,12.98,49.06,1026.61,148.6,975.7,31.0,0.98,1.48,2.4,3.63,6.52,13.27,27.92,0.302,0,0,1,1,0,1
2020-01-08,12.66,20.9,980.95,141.14,2173.9,37.8,5.07,11.15,15.75,29.58,52.38,130.65,205.57,0.95,0,2,3,2,0,0
2020-01-08,31.14,64.6,969.94,155.11,114.7,43.1,0.16,0.37,0.63,1.19,1.65,2.74,5.57,0.05,0,0,1,2,0,2
2020-01-08,14.82,94.8,985.89,94.57,557.5,27.2,3.99,6.34,10.34,13.75,15.67,30.34,51.22,0.667,0,0,1,1,0,1
2020-01-08,45.23,74.27,1009.08,28.04,1009.4,28.8,0.93,1.71,2.42,2.84,4.77,9.61,16.01,0.05,4,0,0,0,3,3
2020-01-08,34.78,60.17,974.88,148.5,2045.2,25.0,4.8,6.11,7.61,11.02,15.55,28.81,56.15,0.327,0,0,1,2,1,2
2020-01-09,12.08,10.99,981.66,119.24,571.8,42.8,1.05,1.73,3.23,3.78,5.79,13.02,28.05,0.121,0,0,1,2,0,2
2020-01-09,12.46,95.32,967.46,13.02,418.7,45.0,1.79,3.51,5.01,8.34,9.52,23.49,45.22,0.654,0,0,2,1,0,1
2020-01-09,28.88,29.37,956.44,14.09,104.6,37.2,3.52,8.62,16.17,31.47,46.51,96.07,163.68,0.949,0,2,2,1,0,0
2020-01-09,14.18,12.88,967.83,13.18,1214.1,41.0,1.53,2.45,4.29,5.82,9.27,12.94,27.72,0.107,0,0,1,1,0,2
2020-01-10,25.53,41.77,957.31,151.12,1622.0,27.0,0.29,0.66,1.06,1.59,2.5,3.69,7.42,0.05,0,0,0,3,0,2
2020-01-11,26.41,69.47,980.94,83.98,266.7,17.6,1.0,1.55,2.4,3.09,3.63,5.92,8.45,0.14,0,0,0,1,0,2
2020-01-11,33.96,11.89,944.4,38.94,2298.4,31.5,3.19,6.39,7.92,14.44,16.89,37.29,49.9,0.053,0,0,1,1,0,2
2020-01-11,10.16,59.96,953.1,137.17,1510.5,1.8,5.98,10.74,15.0,21.53,29.97,56.38,85.5,0.768,0,1,1,3,0,0
2020-01-11,22.66,66.5,1008.51,59.21,2392.5,27.9,2.66,4.61,9.7,16.0,21.33,50.24,74.94,0.605,0,1,1,1,0,0
2020-01-12,44.03,21.4,967.16,60.74,936.1,37.7,2.4,2.92,6.24,10.51,18.18,32.62,43.88,0.05,6,0,1,1,2,3
2020-01-12,23.45,39.66,954.06,56.51,1098.1,29.5,0.82,1.16,1.76,2.53,3.24,6.38,11.82,0.05,0,0,0,1,0,2
2020-01-13,19.2,61.36,958.96,95.14,2218.0,33.2,3.41,7.48,16.36,31.4,54.74,90.11,141.53,0.95,0,2,2,2,0,0
2020-01-13,9.49,86.63,1020.59,38.09,1996.9,17.3,2.2,4.07,6.58,9.41,13.36,20.87,40.54,0.609,0,0,1,0,0,1
2020-01-13,17.78,63.04,940.16,85.68,1620.3,33.8,5.91,12.38,16.72,22.14,39.49,54.92,112.91,0.89,0,1,2,2,0,0
2020-01-13,14.4,68.83,963.81,7.85,2279.0,7.8,1.1,2.08,4.05,7.33,9.14,20.83,38.12,0.454,0,0,0,1,0,1
2020-01-14,26.31,37.29,1021.73,104.34,2066.3,6.1,0.88,1.09,2.27,3.63,6.38,10.64,20.99,0.063,0,0,0,1,0,2
2020-01-14,26.01,35.19,1025.82,3.36,1880.6,19.7,3.22,6.84,13.06,24.1,31.8,59.49,93.21,0.537,0,1,1,0,0,0
2020-01-14,5.62,80.86,983.92,32.95,1974.9,49.7,0.6,0.98,1.44,2.52,3.26,6.52,11.51,0.425,0,0,1,1,0,1
2020-01-15,23.9,14.42,982.73,156.46,979.3,26.0,3.98,5.05,9.43,11.94,13.93,33.81,68.69,0.291,0,0,1,2,0,1
2020-01-15,15.88,65.09,970.85,106.62,2360.1,34.3,7.9,18.63,34.76,56.95,91.0,150.92,197.47,0.95,0,2,3,2,0,0
2020-01-16,24.31,80.44,944.99,57.61,502.8,46.6,0.63,1.21,2.51,4.24,5.39,7.94,10.17,0.227,0,0,1,2,0,2
2020-01-16,8.56,23.11,997.93,113.32,865.0,30.1,5.68,10.91,21.63,30.94,37.83,56.05,119.04,0.824,0,1,2,2,0,0
2020-01-16,8.55,49.83,989.49,130.83,622.7,9.7,2.61,6.47,8.42,16.51,27.59,62.5,105.0,0.864,0,1,1,2,0,0
2020-01-17,36.89,93.62,1024.55,34.45,767.6,21.7,0.23,0.37,0.77,0.97,1.7,4.15,8.09,0.153,2,0,0,0,1,3
2020-01-17,26.87,91.53,1011.75,6.68,1519.4,2.5,1.76,3.36,6.59,11.35,13.33,20.18,35.39,0.425,0,0,0,0,0,1
2020-01-18,24.09,67.86,957.55,23.54,219.3,39.0,2.55,5.01,9.61,11.69,19.49,33.51,69.12,0.559,0,1,1,1,0,1
2020-01-18,19.7,66.01,1005.63,51.81,271.8,35.9,0.79,1.69,2.46,4.52,6.01,13.65,18.91,0.259,0,0,1,0,0,2
2020-01-18,26.5,54.03,1012.72,150.57,2498.5,48.2,2.35,3.72,6.3,7.19,10.24,15.55,26.58,0.182,0,0,1,2,0,2
2020-01-18,39.24,22.4,968.47,119.61,280.7,5.3,0.16,0.24,0.32,0.59,0.8,1.27,1.78,0.05,3,0,0,2,1,3
2020-01-19,6.05,11.83,990.45,65.31,1002.2,3.2,0.35,0.84,1.72,2.7,3.68,7.38,10.93,0.072,0,0,0,1,0,2
2020-01-19,33.93,49.79,978.53,15.29,1630.6,10.1,3.17,4.59,5.81,8.7,11.11,24.59,31.12,0.117,0,0,0,0,0,2
2020-01-20,34.09,46.42,950.1,3.91,2241.2,26.8,1.26,2.3,4.33,8.27,11.21,26.79,37.92,0.144,0,0,1,1,0,2
2020-01-20,27.85,17.58,985.02,9.46,1878.0,27.4,0.03,0.06,0.11,0.2,0.26,0.61,0.92,0.05,0,0,0,0,0,2
2020-01-20,35.55,28.28,994.88,18.94,1669.3,31.3,0.39,0.61,1.04,2.0,2.4,5.67,11.58,0.05,8,0,0,0,2,3
2020-01-21,31.93,14.24,1000.68,159.37,605.9,33.0,1.09,2.47,4.36,7.3,8.82,11.63,25.25,0.05,0,0,1,2,0,2
2020-01-22,22.15,95.17,1023.7,0.16,772.6,39.7,0.91,2.04,4.1,6.01,7.71,18.66,40.58,0.525,0,0,1,0,0,1
2020-01-22,13.83,83.72,1018.33,86.07,1505.5,45.1,1.91,2.68,4.15,5.75,9.23,22.6,49.01,0.607,0,0,1,1,0,1
2020-01-24,26.76,97.62,1015.81,52.76,657.6,16.1,6.69,14.36,21.44,33.77,38.73,89.16,159.14,0.95,0,1,2,1,0,0
2020-01-24,16.68,29.95,1021.85,58.87,498.7,16.4,0.47,0.61,1.16,1.85,2.47,3.82,8.23,0.05,0,0,0,0,0,2
2020-01-25,42.11,39.57,990.91,11.8,2373.2,1.5,4.66,10.0,21.78,32.04,54.84,85.51,159.86,0.843,1,2,1,0,1,0
2020-01-25,47.35,79.66,965.86,99.24,139.9,35.8,3.49,6.05,9.78,16.7,22.72,50.76,77.16,0.439,7,1,1,2,3,2
2020-01-26,34.77,58.02,1028.25,116.19,553.0,31.1,3.17,5.2,9.52,14.57,22.43,49.79,78.8,0.468,0,1,1,1,0,1
2020-01-26,46.43,56.7,957.35,110.76,427.1,33.3,0.81,1.87,3.18,5.28,6.83,12.28,21.99,0.05,5,0,1,2,3,3
2020-01-26,31.1,83.52,1005.67,10.36,1372.6,7.8,3.32,4.06,8.25,11.19,13.65,21.24,36.71,0.351,0,0,0,0,0,2
2020-01-27,36.48,88.52,961.81,75.51,139.3,48.2,0.01,0.02,0.03,0.06,0.08,0.12,0.24,0.079,4,0,1,1,2,3
2020-01-27,42.17,41.6,1010.22,77.32,790.3,41.8,1.78,4.1,6.95,8.2,11.1,24.23,31.06,0.05,1,0,1,1,1,3
2020-01-27,15.4,90.8,986.64,130.77,1801.7,11.6,3.68,5.08,8.25,13.21,15.02,26.97,37.49,0.55,0,0,1,2,0,1
2020-01-28,18.99,57.44,1006.48,150.75,2050.8,41.0,1.22,1.58,3.29,6.07,8.16,20.18,32.65,0.315,0,0,1,2,0,1
2020-01-28,43.45,35.3,1024.53,110.94,134.1,35.5,3.45,8.08,12.2,14.1,21.15,33.96,71.37,0.218,1,1,1,1,2,2
2020-01-28,8.17,56.54,959.14,90.59,1809.4,48.4,1.27,1.59,2.54,3.93,6.77,15.75,30.09,0.402,0,0,1,2,0,1
2020-01-28,15.35,41.0,975.35,140.56,1500.5,37.2,3.97,7.98,16.53,32.83,47.84,116.9,250.33,0.95,0,2,3,2,0,0
2020-01-28,40.28,15.87,1025.42,58.47,182.8,25.4,1.09,1.82,2.27,3.1,5.4,7.16,15.51,0.05,8,0,0,0,2,3
2020-01-29,5.04,51.21,948.95,113.53,1507.3,18.2,0.02,0.04,0.07,0.09,0.12,0.18,0.28,0.208,0,0,0,2,0,2
2020-01-30,20.39,41.01,952.66,79.59,1907.9,22.9,2.21,5.48,11.49,21.11,23.32,30.12,45.43,0.304,0,0,1,2,0,1
2020-01-30,15.74,44.78,981.69,101.38,1423.9,19.4,7.96,13.98,23.56,29.66,41.71,56.86,92.44,0.683,0,1,1,2,0,0
2020-01-31,45.13,57.88,995.97,55.44,67.4,38.5,4.62,6.29,8.23,13.66,15.42,26.18,55.72,0.21,4,1,1,1,2,3
2020-01-31,36.16,44.92,957.8,106.99,1789.7,44.9,0.77,1.27,2.14,3.44,5.45,11.09,23.07,0.05,9,0,1,2,2,3
2020-01-31,22.6,72.83,946.78,31.41,1495.3,6.0,6.33,15.05,26.59,33.57,47.42,84.84,126.65,0.95,0,1,1,2,0,0
2020-01-31,46.92,94.77,966.6,67.65,586.5,32.3,0.47,1.16,2.33,2.96,4.21,5.71,10.33,0.074,1,0,0,1,2,3
2020-02-02,43.89,10.84,976.33,4.36,2268.0,5.1,1.17,2.76,5.9,7.12,7.91,17.76,36.26,0.05,9,0,0,0,3,3
2020-02-03,18.65,74.41,976.82,145.93,2047.7,24.9,7.38,13.99,29.47,52.84,79.11,195.69,255.13,0.95,0,3,3,3,0,0
2020-02-03,11.28,59.1,941.18,55.59,1902.2,3.0,0.27,0.67,1.19,2.24,2.62,6.46,9.88,0.249,0,0,0,2,0,2
2020-02-04,39.5,29.79,984.03,157.68,956.9,49.6,0.49,0.77,1.57,1.82,2.06,4.2,5.53,0.05,4,0,1,2,1,3
2020-02-05,16.17,60.39,979.15,25.77,986.6,14.0,0.93,2.2,4.32,5.39,6.12,15.29,29.35,0.336,0,0,0,1,0,1
2020-02-05,34.35,21.77,950.46,15.29,360.9,35.3,15.04,30.55,40.97,60.64,103.57,204.11,437.77,0.95,0,3,3,1,0,0
2020-02-06,27.84,53.67,1022.56,85.55,1507.9,44.9,1.59,2.53,4.21,7.39,9.6,22.34,44.06,0.284,0,0,1,1,0,1
2020-02-06,34.12,50.44,999.23,121.43,1685.8,40.6,2.13,4.98,8.77,10.18,16.47,33.64,53.01,0.264,0,0,1,2,0,2
2020-02-06,46.33,17.69,953.47,90.19,1563.5,5.5,0.66,1.29,2.07,3.18,4.34,7.2,12.98,0.05,5,0,0,2,2,3
2020-02-06,19.8,95.96,1010.39,125.99,314.5,15.5,3.05,6.43,12.49,24.91,40.5,88.13,127.08,0.95,0,2,2,1,0,0
2020-02-07,45.59,93.5,941.22,137.27,256.1,3.3,4.27,5.35,11.07,18.07,30.01,70.7,134.6,0.909,6,2,1,3,3,1
2020-02-07,6.72,19.81,985.1,15.35,2481.9,31.5,1.17,1.45,3.09,5.25,6.45,11.61,23.48,0.188,0,0,1,0,0,2
2020-02-07,29.79,37.9,965.68,71.6,183.9,12.9,1.15,1.91,2.8,4.28,6.79,9.7,20.94,0.05,0,0,0,1,0,2
2020-02-07,22.39,75.76,955.27,144.56,788.6,43.3,4.35,5.23,9.96,12.08,17.48,30.11,48.88,0.481,0,0,1,3,0,1
2020-02-07,42.66,29.8,972.65,102.03,1393.5,6.0,1.59,3.66,5.26,9.41,10.63,19.56,42.86,0.05,6,0,0,2,2,3
2020-02-08,26.74,67.37,945.64,41.19,49.0,14.0,2.2,3.75,6.22,10.11,14.88,27.44,49.03,0.396,0,1,0,1,0,1
2020-02-08,9.59,84.95,986.68,139.15,808.2,13.0,0.17,0.36,0.46,0.9,1.14,1.43,2.01,0.342,0,0,0,2,0,2
2020-02-08,25.75,90.23,1014.45,7.26,872.4,50.0,2.33,5.61,7.24,8.97,14.51,26.62,47.76,0.512,0,0,2,0,0,1
2020-02-08,31.87,52.33,971.94,141.61,740.7,14.3,9.5,12.57,21.27,40.93,72.54,139.61,284.92,0.95,0,3,2,3,0,0
2020-02-09,32.15,97.49,998.09,5.42,351.4,24.3,2.74,4.85,6.59,11.49,16.92,29.42,61.97,0.579,0,1,1,0,1,1
2020-02-09,46.56,24.82,958.06,155.08,1764.1,10.5,14.23,24.68,33.86,45.19,62.25,111.06,227.67,0.95,7,2,2,3,3,1
2020-02-09,26.73,28.32,977.01,157.78,622.3,0.4,0.05,0.11,0.21,0.33,0.58,1.12,1.34,0.05,0,0,0,2,0,2
2020-02-09,29.3,68.92,993.11,22.21,2015.6,41.0,0.89,1.63,2.62,2.95,4.83,10.25,14.66,0.149,0,0,1,0,0,2
2020-02-10,15.25,27.94,961.8,13.79,2151.8,19.2,0.13,0.29,0.43,0.76,1.15,1.91,3.98,0.05,0,0,0,1,0,2
2020-02-10,31.68,72.61,945.19,64.69,175.5,34.3,3.73,5.26,7.52,10.45,15.41,31.66,44.75,0.345,0,1,1,2,0,2
2020-02-10,28.62,65.63,978.85,37.95,1365.7,35.5,5.4,10.42,13.81,17.59,25.9,42.18,63.27,0.464,0,0,1,1,0,1
2020-02-11,20.54,23.01,958.57,29.44,488.6,36.9,0.79,1.51,2.21,2.49,2.75,6.41,8.83,0.05,0,0,1,1,0,2
2020-02-11,29.88,38.24,1012.38,30.51,908.0,2.8,10.27,21.17,39.74,59.13,93.22,119.01,212.45,0.95,0,3,2,1,0,0
2020-02-11,18.03,23.27,961.75,77.18,1962.3,6.1,0.26,0.6,0.86,1.02,1.19,1.54,1.99,0.05,0,0,0,2,0,2
2020-02-12,8.8,88.87,1014.7,103.4,2107.6,41.2,1.45,2.99,3.73,7.21,9.33,13.03,17.27,0.471,0,0,1,1,0,1
2020-02-13,32.57,14.93,983.32,131.54,1345.6,13.9,3.48,5.24,8.17,10.49,12.98,17.51,22.09,0.05,0,0,0,2,0,2
2020-02-13,6.73,30.11,1005.61,69.6,1292.8,5.1,1.74,2.53,4.28,7.39,8.64,19.64,31.97,0.296,0,0,0,1,0,1
2020-02-15,42.13,46.62,961.16,38.11,2332.2,38.8,0.5,1.03,2.06,3.96,4.68,8.56,12.37,0.05,6,0,1,1,2,3
2020-02-16,41.92,99.89,1022.7,60.38,1882.6,26.3,3.53,4.92,8.67,15.25,24.16,54.36,93.09,0.701,2,1,1,0,2,1
2020-02-16,30.59,69.25,957.17,151.57,93.1,46.3,2.43,5.38,6.61,10.08,17.3,32.43,44.04,0.334,0,1,1,3,0,2
2020-02-17,12.48,16.03,997.15,45.92,2378.5,46.4,0.01,0.03,0.06,0.08,0.13,0.31,0.64,0.05,0,0,1,0,0,2
2020-02-17,17.7,32.81,963.31,124.08,1774.2,31.3,3.58,6.76,9.4,13.42,18.81,38.75,50.48,0.324,0,0,1,2,0,1
2020-02-19,16.16,86.63,1010.77,82.14,1219.5,5.1,1.26,1.8,2.25,3.94,4.36,9.12,11.18,0.346,0,0,0,1,0,2
2020-02-19,21.65,36.82,950.61,154.02,727.8,9.9,0.04,0.06,0.12,0.19,0.26,0.37,0.61,0.05,0,0,0,3,0,2
2020-02-19,39.95,63.57,950.9,114.83,457.2,10.7,5.81,7.74,12.16,20.68,24.92,54.66,90.63,0.523,7,1,1,2,2,1
2020-02-20,37.72,72.58,1015.78,33.83,187.2,44.4,1.54,3.07,6.76,10.6,18.86,43.21,53.73,0.344,8,1,1,0,2,2
2020-02-20,35.93,87.55,968.01,137.52,1865.2,40.1,1.12,2.46,5.22,5.79,7.1,12.47,15.73,0.183,3,0,1,2,1,2
2020-02-20,26.81,72.11,959.81,86.19,2360.4,34.4,6.96,14.91,26.68,43.86,52.17,128.51,212.5,0.95,0,2,3,2,0,0
2020-02-20,7.0,19.1,967.83,113.74,2406.3,8.8,2.37,4.13,5.54,8.83,12.22,25.74,32.36,0.241,0,0,0,2,0,1
2020-02-20,38.94,83.28,989.66,149.38,2246.2,20.4,1.12,2.54,3.27,5.55,8.13,10.9,13.44,0.117,1,0,0,2,1,3
2020-02-21,23.58,49.56,986.09,90.97,1337.1,33.4,12.58,26.96,51.0,62.91,104.89,130.36,263.76,0.95,0,3,3,2,0,0
2020-02-21,32.95,42.81,994.13,55.38,408.6,41.8,0.33,0.67,1.0,1.51,2.25,4.69,8.85,0.05,0,0,1,1,0,2
2020-02-22,5.47,37.11,998.84,72.54,872.3,46.3,3.85,7.88,13.41,18.51,28.17,51.32,77.43,0.647,0,1,2,1,0,0
2020-02-23,25.39,36.68,956.43,14.06,1483.6,22.8,2.47,6.1,8.67,11.98,17.2,29.43,49.68,0.261,0,0,1,1,0,1
2020-02-23,42.04,81.12,1028.65,10.34,1355.4,10.8,2.59,4.96,6.16,6.82,10.68,20.43,38.66,0.243,9,0,0,0,3,2
2020-02-23,11.23,14.53,952.42,69.21,415.6,41.9,1.65,1.98,3.66,7.04,9.55,21.78,41.24,0.235,0,0,1,2,0,1
2020-02-26,36.67,40.42,1000.29,146.1,2418.4,35.3,0.53,1.15,2.41,3.43,6.14,10.2,15.31,0.05,5,0,1,2,1,3
2020-02-26,32.69,50.65,993.91,74.79,1593.7,38.9,0.32,0.7,1.34,1.92,3.2,7.26,12.33,0.05,0,0,1,1,0,2
2020-02-26,10.59,95.26,956.73,27.23,1993.6,43.6,2.65,6.14,10.19,12.8,20.43,30.34,66.43,0.813,0,1,2,1,0,0
2020-02-27,26.63,49.86,986.96,95.04,146.3,4.3,5.27,11.78,17.0,29.26,39.67,98.55,142.66,0.934,0,2,1,2,0,0
2020-02-28,17.82,25.6,970.24,135.4,1612.6,29.3,7.6,17.91,38.2,59.71,82.2,166.51,211.67,0.95,0,2,3,3,0,0
2020-02-28,5.73,10.34,953.38,55.73,969.7,26.3,5.09,7.7,10.96,16.47,26.89,64.47,129.81,0.86,0,1,2,2,0,0
2020-02-28,15.68,54.74,1016.57,148.55,174.6,6.9,2.44,4.26,8.09,12.1,13.44,30.8,37.06,0.364,0,1,0,2,0,1
2020-02-28,17.75,38.37,982.62,95.54,1740.2,18.3,1.28,1.77,2.84,3.79,4.76,11.69,15.66,0.119,0,0,0,1,0,2
2020-02-29,5.82,96.03,984.54,50.01,1614.1,32.6,1.12,1.46,3.04,4.13,5.05,7.72,10.03,0.489,0,0,1,1,0,1
2020-02-29,46.76,86.32,1004.97,67.27,53.6,7.9,0.95,1.22,1.63,3.13,4.13,5.86,9.56,0.05,2,0,0,1,3,3
2020-03-01,38.68,41.38,955.1,1.45,2446.6,25.0,4.26,5.39,10.34,18.86,29.21,44.05,81.59,0.364,3,1,1,1,1,2
2020-03-01,15.63,20.89,981.21,113.22,139.2,3.7,0.83,1.47,2.56,3.46,5.24,8.58,17.96,0.068,0,0,0,2,0,2
2020-03-02,45.35,28.0,964.88,68.76,1905.1,36.8,2.81,3.75,4.98,6.94,11.12,22.4,30.48,0.05,7,0,1,1,3,3
2020-03-03,17.9,15.91,942.77,67.54,140.4,42.1,4.3,8.43,10.79,21.55,31.14,56.05,76.45,0.41,0,1,2,2,0,1
2020-03-03,10.33,41.61,988.67,1.58,1062.7,8.5,1.32,2.35,3.69,7.08,12.5,15.98,20.37,0.241,0,0,0,0,0,2
2020-03-03,20.81,43.0,983.67,136.42,2152.8,3.5,0.11,0.24,0.35,0.56,0.96,1.28,1.92,0.05,0,0,0,2,0,2
2020-03-04,43.63,65.39,1029.71,3.53,231.1,30.8,5.87,10.47,12.91,23.23,29.59,60.72,99.88,0.556,1,1,1,0,2,1
2020-03-04,17.26,61.26,998.59,152.25,732.7,8.5,1.19,2.7,4.67,6.14,7.25,17.61,24.93,0.3,0,0,0,2,0,1
2020-03-04,9.83,55.83,1011.33,91.73,536.5,48.3,2.46,4.0,7.73,14.06,18.88,30.55,38.32,0.436,0,0,2,1,0,1
2020-03-04,10.78,11.01,994.83,77.73,1650.1,26.1,4.62,11.51,18.06,29.12,38.93,51.04,81.47,0.49,0,1,1,1,0,1
2020-03-04,36.05,25.4,1017.6,8.32,2245.8,12.1,3.56,4.84,8.65,14.05,24.32,31.33,37.99,0.05,1,0,0,0,1,2
2020-03-04,27.33,25.02,952.34,148.77,98.9,19.9,8.82,19.65,32.85,43.82,51.02,86.07,179.89,0.95,0,2,2,3,0,0
2020-03-04,23.17,49.94,1006.24,89.3,2024.0,18.4,1.25,2.98,4.06,8.07,14.0,27.3,52.94,0.371,0,0,1,1,0,1
2020-03-05,46.5,55.45,995.6,56.29,1226.2,30.6,19.46,33.75,64.31,84.77,108.4,193.68,290.26,0.95,2,3,3,2,2,1
2020-03-05,15.64,89.94,1004.9,143.11,1576.6,22.4,4.58,11.05,20.75,31.76,56.56,84.87,106.81,0.95,0,1,2,2,0,0
2020-03-05,34.89,93.01,1010.84,131.92,1040.5,15.2,0.71,1.53,1.99,2.7,4.41,10.66,21.05,0.256,0,0,0,1,1,2
2020-03-05,17.83,75.85,1019.65,40.77,1608.3,7.5,0.53,0.7,0.85,1.29,1.45,2.6,5.48,0.238,0,0,0,0,0,2
2020-03-05,8.51,60.64,995.2,146.6,1244.5,17.0,0.93,1.58,3.4,5.06,7.36,13.7,29.04,0.412,0,0,0,2,0,1
2020-03-06,14.12,50.46,975.97,79.29,1993.0,26.5,1.6,3.66,5.05,7.43,9.1,11.17,17.82,0.23,0,0,1,1,0,2
2020-03-06,32.4,11.17,965.29,2.82,2369.5,8.8,0.43,0.75,0.96,1.09,1.69,3.26,6.69,0.05,0,0,0,1,0,2
2020-03-06,13.85,16.66,991.11,73.4,1069.3,24.3,1.11,2.34,4.31,5.89,9.11,22.36,28.13,0.132,0,0,0,1,0,2
2020-03-06,43.59,44.02,999.65,133.13,31.6,45.4,1.93,3.02,5.68,8.04,10.18,14.65,27.61,0.05,5,1,1,2,2,3
2020-03-07,22.58,75.12,977.77,8.91,1615.5,12.8,1.27,1.81,3.67,5.44,8.22,12.64,21.48,0.293,0,0,0,0,0,1
2020-03-07,32.56,81.14,1021.27,58.37,1576.7,21.9,0.44,1.02,1.8,2.89,4.83,8.87,18.94,0.206,0,0,0,0,0,2
2020-03-07,47.41,80.24,1015.61,20.85,1731.3,16.7,12.54,23.46,29.73,46.33,72.03,159.3,260.61,0.95,6,2,2,0,3,1
2020-03-08,30.01,53.22,955.45,91.54,236.1,0.8,2.86,4.79,8.27,9.24,10.6,12.96,17.31,0.081,0,0,0,2,0,2
2020-03-08,47.14,13.85,963.73,142.15,433.1,25.1,2.15,3.81,6.72,8.71,11.59,15.91,21.19,0.05,4,0,0,3,2,3
2020-03-08,25.48,20.13,994.63,52.0,1492.4,32.7,0.38,0.7,1.11,2.08,2.36,3.21,7.03,0.05,0,0,0,1,0,2
2020-03-08,40.51,75.69,988.39,102.77,1035.2,11.7,0.79,1.68,2.03,3.49,5.45,7.98,11.29,0.05,7,0,0,1,3,3
2020-03-09,30.21,37.32,955.69,124.36,536.8,40.9,0.34,0.64,1.38,2.56,4.1,7.98,11.19,0.05,0,0,1,2,0,2
2020-03-09,39.11,69.3,992.2,120.74,101.0,31.8,2.51,6.26,10.7,21.34,32.38,40.61,68.48,0.412,5,1,1,2,2,2
2020-03-09,24.31,34.53,1014.83,107.17,1958.0,43.3,6.09,14.05,25.71,28.98,31.91,45.12,86.97,0.509,0,1,2,1,0,0
2020-03-10,18.04,75.68,1021.46,81.63,715.4,42.9,7.68,16.47,36.04,65.22,93.65,144.65,184.33,0.95,0,2,3,1,0,0
2020-03-10,19.97,69.77,989.54,69.7,1294.3,12.7,7.88,9.82,11.98,13.46,22.1,55.04,113.46,0.906,0,1,1,1,0,0
2020-03-10,16.85,67.61,957.75,73.19,361.1,38.6,4.1,7.76,15.54,26.0,41.62,93.56,184.29,0.95,0,2,2,2,0,0
2020-03-10,30.77,13.35,967.18,67.47,1308.1,14.8,8.79,14.64,26.73,40.25,70.51,167.27,281.57,0.95,0,2,2,2,0,0
2020-03-10,15.4,23.11,979.04,146.23,1621.8,30.8,5.59,7.83,14.13,25.68,43.54,79.62,112.9,0.714,0,1,2,2,0,0
2020-03-11,43.7,82.95,986.33,54.08,1535.8,23.0,2.87,4.14,8.13,12.59,15.35,33.91,62.71,0.396,8,0,1,1,3,2
2020-03-11,24.16,14.0,996.02,19.35,838.5,0.1,0.03,0.08,0.17,0.27,0.38,0.54,0.79,0.05,0,0,0,0,0,2
2020-03-11,34.69,37.75,1020.14,84.91,2376.0,6.2,8.07,13.64,27.52,40.17,49.8,95.84,167.58,0.95,0,2,1,1,0,0
2020-03-13,17.82,84.44,987.9,53.47,1247.9,23.0,0.81,1.47,2.15,3.8,4.71,10.46,14.43,0.34,0,0,0,1,0,2
2020-03-13,33.45,39.78,961.38,149.09,1826.9,13.0,0.44,0.65,1.0,1.13,1.99,4.24,5.59,0.05,0,0,0,3,0,3
2020-03-13,12.78,66.99,962.24,118.81,1973.8,42.6,1.73,2.19,3.49,4.66,7.4,15.17,32.08,0.421,0,0,1,2,0,1
2020-03-13,43.8,47.53,971.49,25.34,1737.0,43.3,1.04,2.44,3.66,6.19,9.7,22.05,29.01,0.05,9,0,1,1,3,3
2020-03-13,24.9,25.4,999.98,80.54,719.6,10.0,1.51,3.07,5.47,9.91,15.49,21.84,42.44,0.161,0,0,0,1,0,1
2020-03-14,34.87,31.66,986.66,2.42,537.4,48.6,1.06,2.16,2.83,5.54,8.6,14.76,25.81,0.05,0,0,1,0,0,2
2020-03-15,24.58,91.96,1024.83,2.7,816.9,8.4,0.15,0.25,0.49,0.98,1.35,1.7,3.26,0.236,0,0,0,0,0,2
2020-03-16,21.9,98.73,947.41,123.84,1710.3,35.4,6.12,11.51,16.93,29.79,42.79,100.93,171.23,0.95,0,2,2,3,0,0
2020-03-17,22.5,68.57,1015.91,63.88,1407.4,45.5,1.43,1.81,3.6,5.26,6.57,14.42,31.51,0.328,0,0,1,0,0,1
2020-03-17,28.19,70.49,1008.4,130.5,1521.7,8.7,8.8,11.48,14.62,21.99,25.48,52.56,102.49,0.754,0,1,1,2,0,0
2020-03-18,25.18,28.4,989.62,31.42,745.7,37.8,4.53,7.65,13.06,19.88,35.47,84.09,183.63,0.95,0,1,2,1,0,0
2020-03-18,34.08,95.53,945.53,37.03,2209.2,19.0,6.83,14.7,24.08,34.91,38.44,68.37,118.39,0.926,0,1,2,2,1,0
2020-03-19,30.01,29.46,993.68,80.79,2097.6,2.8,0.21,0.33,0.46,0.79,1.0,1.26,1.97,0.05,0,0,0,1,0,2
2020-03-20,13.68,35.16,1016.99,113.62,759.3,23.9,2.67,4.57,9.3,13.88,21.16,35.83,55.61,0.41,0,0,1,1,0,1
2020-03-20,38.53,16.53,1001.16,71.86,2381.9,38.7,0.77,1.79,3.46,6.49,10.18,15.66,30.75,0.05,1,0,1,1,1,3
2020-03-22,15.65,47.91,1008.71,131.18,2447.3,8.8,3.78,5.47,10.4,18.47,25.28,33.09,44.09,0.377,0,0,0,2,0,1
2020-03-23,44.75,96.36,1025.8,93.68,1644.3,31.6,1.37,2.31,4.19,7.7,9.87,19.19,27.88,0.22,5,0,1,1,3,3
2020-03-23,41.08,56.18,983.35,39.53,2331.8,0.6,3.82,6.82,10.16,14.07,23.47,56.88,93.49,0.493,2,1,0,1,2,1
2020-03-23,42.33,40.57,960.44,37.63,2431.0,19.7,2.26,3.51,6.37,10.56,18.73,46.13,94.87,0.412,8,0,1,1,3,2
2020-03-24,5.71,66.33,1019.15,147.96,1297.4,47.1,1.43,2.92,3.81,5.03,8.07,19.19,35.79,0.513,0,0,1,1,0,1
2020-03-24,36.34,87.22,971.92,124.05,69.0,48.2,10.0,20.17,28.51,32.48,53.26,89.82,155.46,0.95,2,2,3,2,1,0
2020-03-24,20.04,20.38,1011.84,39.62,1273.2,26.3,1.63,2.4,4.7,6.07,8.44,16.07,30.55,0.105,0,0,0,0,0,2
2020-03-25,10.62,90.61,964.38,65.5,1165.6,13.7,0.82,1.39,2.99,3.9,4.37,6.53,10.82,0.419,0,0,0,1,0,1
2020-03-25,23.94,26.17,971.38,34.85,2395.9,45.8,0.64,1.08,1.47,1.96,2.4,5.63,7.45,0.05,0,0,1,1,0,2
2020-03-26,44.19,52.64,965.22,143.12,825.7,24.6,9.7,18.85,30.35,57.81,102.96,237.65,443.48,0.95,9,3,3,3,3,0
2020-03-26,32.9,44.58,974.34,150.4,715.7,1.0,0.22,0.53,0.93,1.67,2.32,5.24,6.78,0.05,0,0,0,2,0,3
2020-03-26,5.86,81.3,976.61,28.73,1758.6,47.4,1.45,2.06,4.4,8.42,9.88,20.58,25.74,0.519,0,0,1,1,0,1
2020-03-26,42.82,84.99,953.15,127.89,2443.4,14.4,1.28,2.94,4.06,5.62,9.79,24.37,51.63,0.341,4,0,0,2,2,2
2020-03-28,22.28,39.7,1009.3,70.81,1511.2,3.7,3.19,5.92,11.03,18.26,20.37,34.42,70.57,0.446,0,0,0,1,0,1
2020-03-28,25.49,34.17,1016.71,95.39,623.5,18.8,0.42,0.94,1.78,2.04,3.4,7.17,13.74,0.05,0,0,0,1,0,2
2020-03-28,28.8,79.25,943.54,127.29,379.5,44.0,1.92,2.98,3.84,4.97,6.41,7.78,13.62,0.199,0,0,1,3,0,2
2020-03-28,22.88,40.13,1029.46,133.64,0.3,40.0,0.24,0.48,0.79,1.25,2.2,4.01,6.81,0.05,0,0,1,1,0,2
2020-03-28,39.95,59.92,957.27,7.09,1155.2,38.6,2.19,2.94,3.96,5.63,8.2,11.2,17.07,0.05,7,0,1,1,2,3
2020-03-28,33.86,82.87,983.93,144.91,2443.1,27.6,8.84,21.3,32.17,47.56,62.23,103.01,207.86,0.95,0,2,2,3,1,0
2020-03-28,7.86,91.2,1010.7,44.1,1748.9,23.1,2.13,5.05,10.25,20.12,30.14,55.05,119.42,0.95,0,1,2,0,0,0
2020-03-28,10.55,18.1,1017.07,9.32,1073.0,12.9,2.58,5.35,11.47,21.77,31.88,72.19,134.2,0.88,0,1,1,0,0,0
2020-03-29,12.96,86.91,964.43,2.9,369.1,44.8,1.6,2.12,4.38,5.34,6.07,10.31,16.97,0.418,0,0,1,1,0,1
2020-03-29,33.21,27.83,966.74,149.37,0.5,5.0,0.26,0.43,0.65,1.02,1.33,2.54,4.48,0.05,0,0,0,2,0,3
2020-03-30,9.34,77.34,959.79,69.86,2482.4,37.1,8.82,17.94,33.73,53.24,86.68,151.12,191.01,0.95,0,2,3,2,0,0
2020-03-30,31.16,45.83,1022.0,56.21,2291.1,24.7,0.51,1.24,2.4,3.81,4.87,11.69,17.47,0.05,0,0,0,0,0,2
2020-03-31,42.18,85.75,957.01,107.6,2413.9,8.4,1.66,2.58,5.02,9.22,15.12,30.63,50.35,0.343,3,0,0,2,2,2
2020-03-31,39.69,63.42,1024.22,64.82,963.5,44.3,3.06,5.04,8.24,14.49,20.53,28.53,59.99,0.32,2,0,1,0,1,2
2020-03-31,5.33,83.85,989.47,109.18,463.6,1.1,1.07,2.04,3.06,3.41,4.7,6.14,8.99,0.426,0,0,0,1,0,1
2020-03-31,47.02,85.72,990.19,28.53,2393.8,9.9,2.21,5.37,9.83,14.7,25.87,33.92,67.18,0.406,2,0,0,1,3,2
2020-04-01,27.35,58.29,1020.01,97.65,2405.1,48.0,0.97,1.47,2.76,5.4,6.55,12.72,21.37,0.16,0,0,1,1,0,2
2020-04-02,36.22,10.76,981.41,99.25,2390.2,40.1,1.81,2.34,4.29,7.57,11.73,14.34,30.99,0.05,7,0,1,2,1,2
2020-04-02,21.42,61.01,950.92,128.89,1372.5,9.4,1.66,2.86,3.95,5.76,9.24,16.33,34.52,0.321,0,0,0,3,0,1
2020-04-03,44.41,90.22,1001.88,104.76,173.2,8.0,1.13,2.14,2.84,4.36,5.12,10.67,16.28,0.116,6,0,0,1,3,3
2020-04-03,34.78,45.72,1008.45,126.4,1120.9,49.4,0.8,1.78,3.74,5.76,6.94,8.96,13.45,0.05,0,0,1,1,0,3
2020-04-03,13.69,37.47,994.25,132.92,2316.7,31.8,1.8,3.36,4.56,6.31,8.53,18.73,28.47,0.24,0,0,1,2,0,1
2020-04-04,19.35,59.23,986.35,34.51,1046.7,46.6,1.89,2.44,4.82,6.63,9.55,23.58,51.61,0.447,0,0,1,1,0,1
2020-04-05,30.59,19.73,998.21,134.43,2394.0,13.0,1.1,1.55,2.07,3.54,5.68,13.39,19.06,0.05,0,0,0,2,0,2
2020-04-05,32.58,55.29,958.71,59.92,2204.4,41.3,0.53,1.12,2.39,3.87,6.77,14.18,25.91,0.123,0,0,1,1,0,2
2020-04-05,27.15,31.97,1011.55,129.38,274.8,24.8,0.14,0.3,0.67,1.06,1.58,3.41,5.17,0.05,0,0,0,1,0,2
2020-04-05,39.85,75.44,1028.77,63.25,2391.5,47.3,1.49,1.81,3.23,4.96,6.78,11.94,25.47,0.149,9,0,1,0,3,3
2020-04-06,43.54,10.33,1018.66,92.45,1397.2,1.1,4.62,9.81,15.65,20.91,35.09,86.24,189.54,0.88,4,1,1,1,2,0
2020-04-07,26.32,51.48,956.42,102.09,2365.7,48.0,2.26,2.93,3.52,4.8,8.38,18.76,40.79,0.266,0,0,1,2,0,1
2020-04-07,33.88,55.25,1001.19,70.02,1663.4,45.6,4.21,7.85,11.82,22.0,30.72,61.94,135.67,0.842,0,1,2,1,0,0
2020-04-08,23.51,42.78,1017.33,118.2,879.0,28.6,2.67,4.0,7.8,8.71,13.96,33.62,70.43,0.448,0,0,1,1,0,1
2020-04-08,43.51,63.12,1000.46,36.93,1287.7,19.8,18.26,42.35,79.17,143.67,194.07,243.64,379.82,0.95,6,3,3,1,3,0
2020-04-08,31.99,37.39,955.59,47.19,953.8,23.3,1.12,2.63,3.89,7.54,12.31,20.54,34.17,0.095,0,0,0,1,0,2
2020-04-09,11.82,56.65,956.16,47.44,1812.9,2.6,3.96,6.48,12.01,20.31,34.13,60.05,124.21,0.95,0,1,1,1,0,0
2020-04-09,6.4,87.65,955.28,10.21,1351.6,8.6,2.7,4.21,7.95,9.34,12.74,18.87,23.59,0.532,0,0,0,1,0,1
2020-04-09,13.98,93.3,1012.73,142.13,883.5,37.8,2.7,5.88,11.94,20.93,29.14,37.93,71.49,0.803,0,1,2,2,0,0
2020-04-10,23.53,86.73,953.42,57.78,819.2,22.9,1.99,3.66,4.81,5.95,10.62,19.25,39.84,0.464,0,0,1,1,0,1
2020-04-10,24.75,37.34,999.4,147.97,633.6,49.6,9.51,21.84,31.15,41.92,53.74,118.5,225.29,0.95,0,2,3,2,0,0
2020-04-11,25.51,95.88,955.25,158.09,596.6,49.5,5.68,13.23,25.46,29.93,53.65,108.84,181.17,0.95,0,2,3,3,0,0
2020-04-11,5.82,85.2,1021.34,47.52,810.6,36.1,1.94,3.23,6.88,13.19,22.92,49.95,94.61,0.95,0,1,2,0,0,0
2020-04-11,14.5,29.28,985.36,82.47,1956.4,49.9,3.32,5.03,9.58,19.1,25.78,35.91,55.4,0.371,0,0,2,1,0,1
2020-04-11,12.82,50.95,958.96,33.29,2201.9,18.7,7.03,16.85,31.45,42.06,59.65,113.94,148.78,0.95,0,2,2,1,0,0
2020-04-11,14.37,30.91,1023.72,13.97,855.2,20.4,1.15,2.34,3.92,4.95,8.67,16.62,20.53,0.148,0,0,0,0,0,2
2020-04-12,7.45,44.3,981.2,58.65,2416.7,40.4,0.5,0.79,1.73,2.65,4.73,6.22,11.86,0.226,0,0,1,1,0,2
2020-04-13,30.06,12.2,1016.62,150.04,95.2,2.6,0.8,1.81,3.25,3.95,5.79,11.1,20.81,0.05,0,0,0,2,0,2
2020-04-14,6.34,59.2,1028.4,57.27,2218.4,33.9,13.85,22.58,28.27,33.6,41.51,102.05,138.55,0.95,0,1,2,1,0,0
2020-04-16,12.98,27.99,1004.29,116.09,1702.4,9.9,2.64,6.25,13.2,16.67,19.07,23.68,51.96,0.356,0,0,0,1,0,1
2020-04-16,26.69,46.82,998.78,78.37,824.9,34.4,1.04,2.19,2.9,4.88,8.17,18.5,36.15,0.208,0,0,1,1,0,2
2020-04-16,40.58,34.71,991.42,156.05,0.6,22.1,0.27,0.67,1.45,1.67,2.87,3.55,6.76,0.05,4,0,0,2,2,3
2020-04-16,43.45,10.84,944.2,57.88,1989.1,34.5,3.26,7.64,16.08,19.36,28.71,43.55,89.71,0.218,1,0,1,2,1,2
2020-04-17,18.0,72.02,976.01,108.27,2452.0,11.8,14.49,26.74,42.21,81.22,138.77,199.22,303.32,0.95,0,3,3,2,0,0
2020-04-17,27.14,18.37,1017.93,48.35,541.1,10.7,1.01,1.46,2.06,3.83,6.81,9.54,12.82,0.05,0,0,0,0,0,2
2020-04-17,6.07,73.56,995.7,34.07,520.8,32.7,10.66,21.37,34.75,62.52,87.27,143.13,294.68,0.95,0,3,3,1,0,0
2020-04-17,37.74,94.72,944.41,120.08,1118.9,39.2,3.06,3.91,5.1,9.52,14.79,21.31,35.74,0.334,9,0,1,3,3,2
2020-04-18,47.29,79.34,949.95,73.35,1779.2,14.6,1.23,1.83,3.93,4.56,5.63,11.15,13.51,0.05,7,0,0,2,3,3
2020-04-18,31.23,77.65,960.3,40.49,1108.5,8.6,0.26,0.59,0.88,1.18,1.74,4.33,5.81,0.115,0,0,0,1,0,2
2020-04-18,13.66,53.3,1026.77,46.95,2379.1,40.9,0.3,0.36,0.78,1.03,1.67,2.42,4.1,0.157,0,0,1,0,0,2
2020-04-18,40.79,37.67,1000.17,48.47,1714.5,46.9,4.93,6.8,12.01,20.86,36.91,58.57,81.19,0.322,3,1,2,1,2,2
2020-04-19,30.84,18.48,1014.29,148.35,1412.5,30.4,0.57,0.88,1.68,2.49,4.18,6.91,13.11,0.05,0,0,0,2,0,2
2020-04-19,37.76,68.86,953.1,45.17,827.4,19.9,0.95,1.66,2.23,3.06,3.53,5.1,11.18,0.05,5,0,0,1,2,3
2020-04-19,32.02,23.14,961.05,155.66,781.0,7.0,0.56,1.4,2.33,4.52,5.55,9.42,15.15,0.05,0,0,0,3,0,2
2020-04-20,45.95,87.45,957.87,131.24,966.1,22.3,3.86,5.67,8.33,12.54,16.42,37.9,55.27,0.346,3,0,1,3,3,2
2020-04-20,8.15,49.88,945.0,114.44,56.0,20.7,2.41,3.59,6.13,7.5,12.85,23.18,46.66,0.479,0,1,1,2,0,1
2020-04-21,5.44,26.92,947.03,124.57,1616.5,43.7,8.97,18.2,36.85,52.73,83.1,175.17,269.08,0.95,0,3,3,3,0,0
2020-04-22,24.43,13.39,1016.54,94.58,1838.2,15.0,5.91,14.55,19.26,26.91,43.35,54.57,99.51,0.486,0,1,1,1,0,0
2020-04-22,36.78,10.24,977.67,144.2,467.6,8.0,0.33,0.68,1.31,1.66,2.0,4.0,5.37,0.05,2,0,0,2,1,3
2020-04-22,36.82,69.77,1013.19,138.83,1584.7,11.1,7.53,12.9,19.78,37.44,49.57,88.68,189.64,0.95,6,2,2,2,2,0
2020-04-22,32.6,74.29,983.37,11.94,163.7,22.9,0.46,1.02,1.33,2.31,4.1,6.68,13.22,0.134,0,0,0,0,0,2
2020-04-23,45.85,41.7,1019.21,154.75,748.2,10.4,0.6,1.41,2.73,3.95,5.56,11.27,22.63,0.05,4,0,0,2,2,3
2020-04-23,45.88,87.09,959.26,151.99,2016.0,38.2,0.95,1.29,2.49,4.82,6.08,11.18,21.0,0.117,5,0,1,3,3,3
2020-04-23,35.39,37.64,976.39,10.2,1575.5,23.4,1.63,2.06,3.92,5.06,7.42,12.68,21.52,0.05,3,0,0,0,1,2
2020-04-24,25.53,17.98,996.61,149.35,487.9,31.7,3.42,6.98,9.36,15.84,21.77,43.08,83.42,0.391,0,0,1,2,0,1
2020-04-24,35.27,98.74,968.66,116.62,1695.8,15.3,10.34,14.13,18.26,25.53,37.45,82.8,140.53,0.95,6,1,2,2,2,0
2020-04-24,17.81,29.43,972.59,47.2,1615.8,21.6,10.44,20.94,28.34,36.08,62.72,117.85,228.69,0.95,0,2,2,1,0,0
2020-04-25,5.25,54.67,948.44,159.46,1732.1,36.2,4.11,7.68,13.76,22.95,37.13,69.42,84.89,0.787,0,1,2,3,0,0
2020-04-25,31.52,83.12,983.53,98.03,568.9,7.6,4.36,7.2,14.88,25.82,37.39,63.64,108.88,0.826,0,1,1,2,0,0
2020-04-25,18.89,95.42,953.46,118.96,1076.7,36.1,0.78,1.64,2.84,4.46,6.47,7.81,14.56,0.385,0,0,1,2,0,1
2020-04-26,47.08,11.05,949.34,81.2,1015.2,21.5,1.47,2.1,2.54,3.82,5.88,7.69,15.87,0.05,5,0,0,2,2,3
2020-04-26,11.99,46.86,966.25,89.57,1116.4,13.3,0.36,0.72,1.27,1.56,2.08,4.14,6.06,0.155,0,0,0,2,0,2
2020-04-27,27.42,93.51,1029.51,141.06,632.1,34.4,1.89,3.98,7.36,14.3,21.72,31.36,57.79,0.579,0,0,1,1,0,1
2020-04-27,11.07,90.02,999.62,31.17,979.5,41.3,2.63,6.31,13.42,25.58,39.83,96.43,206.25,0.95,0,2,2,0,0,0
2020-04-27,26.05,84.31,976.22,23.7,1140.1,18.3,4.56,9.89,13.14,23.89,29.82,58.8,78.25,0.683,0,1,1,1,0,0
2020-04-28,37.25,93.83,976.97,9.18,2253.7,0.0,20.98,32.63,55.49,85.16,113.93,197.51,379.77,0.95,4,3,3,1,2,0
2020-04-28,25.09,73.73,972.51,102.34,1236.4,8.7,6.46,12.19,16.79,32.9,38.27,77.32,137.67,0.95,0,1,1,2,0,0
2020-04-28,29.74,34.67,955.85,52.23,1312.1,8.8,3.45,6.14,10.48,17.15,19.65,25.0,50.65,0.214,0,0,0,1,0,2
2020-04-28,7.81,49.93,1029.09,91.87,2480.2,1.4,3.23,4.55,7.14,13.0,17.56,40.04,81.08,0.712,0,1,0,1,0,0
2020-04-28,44.49,66.24,983.08,155.44,1960.0,31.4,0.52,0.77,1.32,1.61,1.83,2.54,3.29,0.05,2,0,0,2,2,3
2020-04-29,45.34,22.1,943.09,37.5,1101.9,27.9,1.27,1.99,2.43,3.64,5.92,9.75,14.83,0.05,7,0,0,1,3,3
2020-04-29,25.1,11.65,940.37,101.68,1889.4,38.4,0.82,1.79,3.7,5.86,6.62,10.63,16.93,0.05,0,0,1,2,0,2
2020-04-29,9.45,80.55,1010.68,46.55,2288.3,46.0,6.35,12.73,18.72,36.85,60.76,110.62,156.85,0.95,0,2,3,1,0,0
2020-04-30,14.14,23.76,968.37,107.12,1500.0,40.0,0.08,0.1,0.18,0.32,0.5,0.97,1.36,0.05,0,0,1,2,0,2
2020-05-01,26.39,18.54,942.04,149.17,1607.9,44.1,7.39,16.84,32.9,46.16,54.57,75.72,159.59,0.893,0,2,2,3,0,0
2020-05-01,24.59,36.34,967.32,131.44,1233.8,42.3,6.3,14.36,25.35,43.98,71.96,89.0,128.23,0.791,0,2,3,3,0,0
2020-05-01,27.42,65.83,983.27,55.62,597.4,28.5,7.89,17.88,27.57,31.67,46.56,79.38,165.9,0.95,0,2,2,1,0,0
2020-05-01,40.61,53.31,1029.41,153.33,898.8,38.4,0.88,1.23,2.53,3.26,4.31,6.43,12.75,0.05,5,0,1,2,2,3
2020-05-01,11.59,29.25,940.68,127.42,2039.0,14.6,5.05,7.0,9.42,16.27,24.25,33.89,51.85,0.376,0,0,1,3,0,1
2020-05-02,43.78,63.49,963.91,142.0,334.7,22.9,4.77,10.71,13.23,15.29,26.67,37.09,74.34,0.375,5,1,1,3,2,2
2020-05-02,26.18,29.9,1007.62,14.5,47.4,25.7,4.74,8.12,13.88,19.71,22.07,53.24,68.34,0.343,0,1,1,0,0,1
2020-05-03,19.73,52.22,1006.99,19.26,1307.9,18.5,1.13,2.73,3.7,7.27,12.73,19.13,40.94,0.337,0,0,0,0,0,1
2020-05-03,31.11,27.35,1023.12,144.03,367.6,49.6,2.13,4.26,5.18,7.27,12.05,15.79,30.88,0.05,0,0,1,1,0,2
2020-05-03,29.51,91.52,989.11,126.03,2176.5,46.9,0.21,0.45,0.72,1.1,1.22,2.51,4.72,0.194,0,0,1,2,0,2
2020-05-05,46.27,21.74,943.67,105.72,1723.5,12.7,2.1,3.46,7.48,12.8,18.1,43.64,57.87,0.05,7,0,0,2,3,3
2020-05-05,28.51,73.49,1000.49,36.14,2495.3,40.2,1.66,2.87,4.79,9.17,14.98,26.72,48.44,0.405,0,0,1,0,0,1
2020-05-06,40.34,20.33,969.85,97.08,1475.3,39.0,0.12,0.15,0.3,0.51,0.8,1.37,2.92,0.05,2,0,1,2,1,3
2020-05-07,40.04,12.81,986.15,95.27,1810.7,24.6,3.68,5.69,7.65,15.04,26.01,51.41,102.67,0.348,2,1,1,1,1,1
2020-05-07,34.52,48.86,961.65,57.26,134.9,45.5,6.1,8.62,16.93,32.52,51.24,119.3,234.17,0.95,0,3,3,1,0,0
2020-05-07,28.57,98.33,988.8,20.62,967.5,39.5,3.19,7.93,12.05,16.06,27.26,57.11,83.14,0.76,0,1,2,0,0,0
2020-05-07,47.49,33.62,974.17,39.92,667.4,5.4,9.19,17.12,32.5,46.64,67.54,167.52,240.93,0.95,6,2,2,1,3,1
2020-05-07,34.42,21.41,990.15,117.92,1213.0,2.0,1.0,1.61,2.55,3.98,7.12,9.12,11.65,0.05,0,0,0,2,0,3
2020-05-08,28.76,46.26,1013.72,78.48,1842.3,48.0,0.5,0.89,1.64,2.54,3.95,4.99,6.09,0.05,0,0,1,1,0,2
2020-05-08,34.09,82.66,991.47,137.66,2104.4,25.0,1.87,2.56,5.55,9.5,10.87,22.53,45.05,0.373,0,0,1,2,1,2
2020-05-08,29.62,36.21,959.04,31.67,102.5,2.0,1.9,3.33,6.18,10.97,17.23,35.17,48.29,0.207,0,1,0,1,0,2
2020-05-09,46.31,42.68,979.99,125.81,318.7,16.2,0.8,1.12,1.64,2.28,3.74,8.15,9.8,0.05,2,0,0,2,2,3
2020-05-09,41.2,18.07,1023.36,46.05,102.9,12.2,0.23,0.34,0.69,0.97,1.35,2.13,4.03,0.05,1,0,0,0,1,3
2020-05-09,15.57,24.3,978.74,86.1,736.0,4.0,12.64,18.32,34.07,46.75,53.7,78.42,97.57,0.616,0,1,1,2,0,0
2020-05-10,23.02,18.0,1021.69,13.03,1097.0,34.7,10.79,19.84,30.02,50.58,87.97,125.74,209.1,0.95,0,2,3,0,0,0
2020-05-10,14.07,54.63,976.56,21.35,1636.6,4.6,0.79,1.87,3.31,4.36,7.66,18.26,23.0,0.286,0,0,0,1,0,1
2020-05-11,19.38,47.83,1008.6,99.82,945.3,44.5,2.13,4.41,6.87,10.27,18.44,28.39,45.7,0.35,0,0,1,1,0,1
2020-05-11,37.07,13.97,986.42,14.02,1602.8,17.3,0.43,0.6,0.73,0.9,1.47,2.96,4.09,0.05,6,0,0,0,1,3
2020-05-12,39.18,55.82,1023.39,39.92,1583.4,5.9,4.89,10.08,20.09,39.21,45.6,67.62,131.82,0.766,2,1,1,0,1,1
2020-05-12,10.35,95.81,943.26,19.64,1470.9,1.4,2.34,3.59,5.5,9.29,15.14,28.75,43.69,0.667,0,0,0,1,0,1
2020-05-12,18.32,20.26,1009.73,10.21,147.0,7.9,5.46,9.69,16.69,32.04,35.47,87.53,167.29,0.95,0,2,1,0,0,0
2020-05-12,9.88,60.32,994.5,74.14,1005.4,12.6,5.8,11.8,25.51,46.44,58.86,128.45,222.47,0.95,0,2,2,1,0,0
2020-05-13,43.4,35.91,996.75,40.16,1611.1,15.3,0.97,1.62,2.89,4.63,5.72,8.4,16.72,0.05,8,0,0,0,3,3
2020-05-13,30.95,25.55,986.96,107.65,811.2,24.7,2.95,5.01,8.8,10.78,14.99,21.66,31.19,0.05,0,0,0,2,0,2
2020-05-13,14.64,17.54,975.29,79.4,1392.9,9.1,0.02,0.04,0.06,0.11,0.13,0.28,0.6,0.05,0,0,0,1,0,2
2020-05-14,25.73,16.71,1010.0,67.28,600.1,23.5,6.47,14.95,28.01,41.35,74.2,175.3,244.71,0.95,0,2,3,1,0,0
2020-05-14,8.28,32.92,1017.35,23.19,828.4,34.6,0.24,0.33,0.71,1.32,1.67,3.25,6.34,0.124,0,0,1,0,0,2
2020-05-14,41.99,50.59,957.07,9.92,964.8,44.8,0.79,1.21,2.04,3.01,5.09,6.87,9.75,0.05,2,0,1,1,2,3
2020-05-15,34.11,93.96,983.94,34.12,28.3,0.3,1.74,3.83,6.64,12.14,17.77,32.15,39.05,0.389,0,1,0,1,1,2
2020-05-16,7.6,95.4,990.98,159.38,1283.5,3.4,4.27,8.25,18.02,30.61,54.2,119.84,181.14,0.95,0,2,2,2,0,0
2020-05-16,41.07,32.08,1021.08,141.02,2421.6,36.4,2.23,2.76,5.56,10.11,12.09,15.13,27.11,0.05,1,0,1,1,1,3
2020-05-17,46.44,74.81,958.85,19.18,897.0,7.6,1.42,3.03,6.43,12.59,21.19,28.22,38.23,0.165,6,0,0,1,3,3
2020-05-17,40.54,94.41,975.28,151.26,2297.3,36.7,1.05,2.01,4.01,7.13,12.07,29.3,56.8,0.445,8,0,1,2,3,2
2020-05-17,43.31,93.46,944.29,152.61,33.6,36.3,0.75,0.97,1.18,1.5,1.91,3.82,6.56,0.078,4,0,1,3,3,3
2020-05-17,45.06,37.88,1013.4,69.85,1505.5,37.4,8.09,19.6,24.85,31.18,52.34,114.01,218.38,0.95,2,2,3,1,2,0
2020-05-18,42.24,81.92,986.47,145.04,596.0,2.5,0.81,1.92,3.29,3.77,4.5,5.87,7.5,0.05,7,0,0,2,3,3
2020-05-18,28.42,72.77,985.99,24.1,902.5,7.4,4.3,9.42,12.23,22.07,32.18,76.13,97.27,0.728,0,1,1,1,0,0
2020-05-18,8.06,31.02,1021.78,137.97,501.9,5.2,2.09,3.39,6.08,10.14,12.55,21.41,44.94,0.374,0,0,0,1,0,1
2020-05-20,24.74,89.35,1012.17,51.21,1260.1,20.6,0.9,1.91,2.45,3.48,6.03,13.95,28.33,0.388,0,0,0,0,0,1
2020-05-20,31.58,89.35,1019.79,0.2,396.6,9.9,1.61,2.48,5.23,8.5,10.16,18.33,23.03,0.284,0,0,0,0,0,2
2020-05-20,41.21,77.1,983.42,65.87,217.5,36.1,5.94,12.1,15.66,27.95,32.42,51.11,103.38,0.663,7,1,2,1,3,1
2020-05-20,25.69,12.58,1009.59,101.83,161.2,35.6,5.22,11.8,22.16,33.58,55.98,103.48,195.04,0.95,0,2,2,1,0,0
2020-05-20,25.73,57.59,966.16,103.79,646.8,11.5,2.56,4.61,9.76,15.49,27.8,41.37,88.49,0.621,0,1,1,2,0,0
2020-05-21,8.13,89.37,1014.49,127.03,2181.8,36.8,3.81,7.89,12.77,14.94,23.98,44.99,72.62,0.85,0,1,2,1,0,0
2020-05-21,10.09,89.1,964.6,83.53,2088.1,43.3,2.97,4.19,5.14,6.65,11.45,15.15,19.39,0.474,0,0,1,2,0,1
2020-05-22,16.13,23.44,1016.84,114.19,2181.4,2.5,1.72,2.7,4.23,8.24,11.34,22.96,34.7,0.187,0,0,0,1,0,1
2020-05-23,16.04,94.62,984.39,144.99,1822.2,42.1,0.33,0.82,1.38,1.99,2.32,3.28,4.81,0.345,0,0,1,2,0,2
2020-05-23,46.96,49.88,964.66,104.73,536.6,18.6,0.38,0.65,1.19,2.13,2.67,5.31,7.72,0.05,5,0,0,2,3,3
2020-05-23,26.98,26.72,1004.41,115.64,2169.0,3.0,5.22,6.7,12.22,19.77,22.48,45.71,84.15,0.425,0,0,0,1,0,1
2020-05-24,21.21,95.92,958.36,95.02,585.4,26.9,2.04,4.53,9.43,12.57,18.79,26.43,54.7,0.632,0,0,1,2,0,1
2020-05-24,22.04,53.56,963.28,18.45,1380.1,17.4,0.67,1.33,1.87,3.45,5.77,10.04,21.76,0.192,0,0,0,1,0,2
2020-05-24,18.3,49.71,992.41,143.79,708.4,8.9,3.47,4.37,5.73,9.45,16.11,38.3,68.51,0.522,0,0,1,2,0,1
2020-05-24,6.45,58.14,1024.76,88.3,2305.4,28.9,5.36,10.42,16.41,25.92,44.38,93.58,142.26,0.95,0,1,2,1,0,0
2020-05-24,30.67,48.9,989.07,64.36,514.0,20.8,0.07,0.17,0.34,0.62,0.9,1.47,2.03,0.05,0,0,0,1,0,2
2020-05-24,42.78,74.8,1005.41,30.28,474.8,1.3,8.59,14.61,31.6,42.77,67.35,100.25,197.61,0.95,9,2,1,1,3,0
2020-05-25,39.8,41.5,1023.16,24.86,1790.3,12.0,4.19,9.82,15.05,25.42,31.03,76.81,116.8,0.588,7,1,1,0,2,1
2020-05-26,27.49,21.42,947.95,92.15,997.8,34.1,1.08,1.84,2.88,4.01,5.87,9.13,11.28,0.05,0,0,1,2,0,2
2020-05-26,25.81,45.23,951.76,104.46,480.3,27.2,4.26,9.84,15.67,25.07,42.58,57.81,94.56,0.598,0,1,1,2,0,0
2020-05-26,11.02,43.33,1007.81,150.08,76.1,30.0,0.21,0.26,0.4,0.54,0.77,1.55,2.28,0.122,0,0,0,2,0,2
2020-05-27,27.56,49.48,1001.4,118.5,2047.0,49.5,2.59,5.24,7.81,11.96,15.48,34.57,64.91,0.404,0,0,2,1,0,1
2020-05-28,5.82,51.85,944.93,3.97,2107.0,14.2,0.65,1.56,1.9,3.28,5.63,7.41,15.15,0.302,0,0,0,1,0,2
2020-05-29,28.51,78.94,973.4,57.08,1558.1,30.3,0.49,0.96,1.83,2.79,4.48,10.69,18.11,0.23,0,0,1,1,0,2
2020-05-29,25.13,38.95,1020.76,37.96,1892.2,9.6,1.04,1.92,2.83,4.39,5.26,7.88,17.01,0.057,0,0,0,0,0,2
2020-05-29,40.14,42.63,997.27,54.01,2299.6,12.0,4.59,8.25,10.48,15.42,21.04,29.14,36.44,0.055,6,0,0,1,2,3
2020-05-29,43.61,96.85,969.24,8.74,996.9,20.5,3.68,4.6,6.24,9.96,17.6,22.24,41.13,0.322,7,0,1,1,3,2
2020-05-30,39.82,59.06,1011.75,130.67,1810.4,27.9,0.59,1.36,2.74,3.29,3.67,5.74,7.13,0.05,7,0,0,1,2,3
2020-05-30,34.2,87.25,988.04,100.84,1246.2,18.5,2.54,4.31,8.21,14.58,24.29,45.94,66.28,0.536,0,1,1,1,1,1
2020-05-30,7.82,46.34,992.18,120.35,1132.6,29.8,0.15,0.27,0.39,0.61,0.77,1.87,3.88,0.179,0,0,0,2,0,2
2020-05-30,16.55,13.67,947.56,89.26,991.6,15.8,2.2,3.24,6.9,9.3,13.28,25.97,44.68,0.201,0,0,0,2,0,1
2020-05-30,28.27,49.2,986.37,118.34,2083.4,29.3,3.41,7.73,14.79,28.21,35.75,55.19,107.53,0.68,0,1,2,2,0,0
2020-05-31,26.53,45.87,957.94,102.12,1410.6,44.7,3.78,5.35,8.17,12.93,16.23,40.11,85.13,0.532,0,0,2,2,0,1
2020-05-31,35.48,73.75,954.61,158.3,330.6,36.2,0.61,0.8,0.96,1.64,2.31,5.4,7.38,0.063,3,0,1,3,1,3
2020-06-02,43.61,99.88,1014.34,6.89,2181.9,35.8,2.44,4.68,6.07,10.29,17.41,39.91,61.05,0.47,2,0,1,0,2,2
2020-06-02,19.87,29.08,991.82,148.39,1673.0,15.5,2.78,6.23,11.25,21.09,35.16,58.65,94.32,0.575,0,1,1,2,0,0
2020-06-02,41.31,17.89,983.35,156.02,1508.1,47.4,0.6,0.81,1.76,3.18,4.73,9.83,16.77,0.05,1,0,1,2,1,3
2020-06-03,40.36,16.5,959.75,28.03,558.7,44.4,0.79,1.49,2.81,5.47,8.1,18.69,33.52,0.05,3,0,1,1,1,3
2020-06-03,19.75,78.52,959.94,86.5,1541.7,0.5,4.52,10.86,15.82,26.25,42.7,95.36,177.4,0.95,0,2,1,2,0,0
2020-06-04,32.92,87.89,944.92,71.55,1466.6,37.0,10.87,25.15,54.49,75.56,116.75,246.78,457.99,0.95,0,3,3,3,1,0
2020-06-04,12.89,77.81,996.19,140.18,543.9,41.0,1.0,1.3,1.6,3.12,4.31,8.04,9.93,0.326,0,0,1,2,0,2
2020-06-04,25.37,76.9,951.28,80.8,1164.9,33.9,2.38,3.64,7.45,12.6,19.61,35.96,63.12,0.552,0,0,1,2,0,1
2020-06-05,7.59,43.24,977.02,143.22,1312.9,35.3,0.81,1.0,1.63,2.94,4.65,7.6,14.81,0.239,0,0,1,2,0,2
2020-06-06,13.78,54.15,966.21,98.87,1836.0,12.8,2.06,3.47,4.82,7.66,13.7,33.08,47.02,0.446,0,0,1,2,0,1
2020-06-07,31.12,66.08,985.22,81.24,2393.3,31.6,15.13,36.33,49.74,72.89,88.02,205.51,407.91,0.95,0,3,3,2,0,0
2020-06-07,27.99,28.22,1024.75,125.63,897.7,31.4,1.77,3.92,6.3,12.46,20.12,25.01,48.05,0.182,0,0,1,1,0,1
2020-06-07,8.13,91.71,967.06,8.51,1433.3,24.7,1.55,3.8,5.73,6.44,8.22,16.44,24.31,0.539,0,0,1,1,0,1
2020-06-07,33.51,53.46,950.65,98.34,1964.0,12.3,3.41,4.83,10.6,13.98,21.88,45.01,80.59,0.469,0,1,1,2,0,1
2020-06-08,38.64,40.07,979.82,64.86,1965.5,15.9,1.05,1.44,2.25,3.71,6.24,14.58,29.35,0.05,7,0,0,1,2,3
2020-06-09,37.84,65.38,945.04,79.19,1850.8,16.0,0.04,0.06,0.11,0.17,0.24,0.54,0.72,0.05,3,0,0,2,1,3
2020-06-09,42.66,22.6,946.17,39.06,194.5,23.8,1.84,3.05,4.1,7.56,11.29,28.01,34.76,0.05,5,0,0,1,2,3
2020-06-09,38.78,13.47,971.56,80.34,1855.1,5.0,4.82,12.0,19.46,25.16,39.3,65.24,80.31,0.215,4,1,0,2,1,2
2020-06-10,23.66,84.21,999.57,122.82,1100.5,46.2,2.67,5.18,7.65,8.72,10.91,17.59,33.36,0.407,0,0,1,2,0,1
2020-06-10,22.04,47.88,987.81,155.5,1291.1,26.0,0.43,0.61,1.31,1.79,3.18,5.07,7.28,0.068,0,0,0,2,0,2
2020-06-10,31.14,28.55,996.55,61.16,798.0,42.7,5.32,11.36,15.57,20.89,36.46,52.46,86.08,0.405,0,1,2,1,0,1
2020-06-10,23.01,80.66,981.19,155.12,2139.7,10.6,2.02,4.65,10.13,14.06,24.63,41.8,57.16,0.554,0,1,1,2,0,1
2020-06-11,35.44,12.81,957.25,31.31,1372.6,45.5,6.05,8.16,13.22,22.45,31.34,71.37,85.92,0.282,2,1,2,1,1,1
2020-06-12,47.52,73.89,985.53,101.45,1133.9,40.6,2.32,4.54,9.54,15.71,24.61,56.35,113.27,0.649,3,1,2,2,3,1
2020-06-13,6.74,55.76,967.9,55.49,840.8,46.7,2.81,3.92,6.49,10.29,13.08,31.76,65.12,0.646,0,0,2,1,0,1
2020-06-13,36.21,71.49,1017.76,65.73,1459.4,30.8,8.11,10.23,21.73,39.99,48.62,88.02,156.25,0.95,8,2,2,1,2,0
2020-06-13,21.03,39.21,1003.3,157.32,708.6,14.6,7.08,17.46,22.97,25.93,28.6,53.76,90.27,0.588,0,1,1,2,0,0
2020-06-14,10.01,26.24,962.55,79.11,158.9,14.5,3.1,6.88,11.33,19.46,31.95,54.66,83.96,0.591,0,1,1,2,0,0
2020-06-15,7.21,66.26,951.65,100.73,322.6,26.2,9.29,12.18,17.07,21.37,32.83,54.05,105.13,0.95,0,1,2,2,0,0
2020-06-15,7.2,55.29,977.2,78.29,556.0,12.9,0.93,1.18,2.12,3.78,5.96,8.75,16.05,0.311,0,0,0,1,0,2
2020-06-16,7.66,60.4,963.08,65.93,398.5,9.6,0.13,0.27,0.44,0.65,0.82,1.5,2.02,0.239,0,0,0,1,0,2
2020-06-16,22.66,94.42,990.75,152.1,681.5,16.5,2.52,6.14,9.4,18.68,28.2,67.07,130.58,0.95,0,1,1,2,0,0
2020-06-16,41.42,92.43,1023.92,32.98,849.5,26.2,0.29,0.57,0.87,1.47,2.56,5.3,9.69,0.113,6,0,0,0,3,3
2020-06-17,30.7,43.3,1023.86,38.94,553.1,8.9,2.69,4.35,6.63,7.74,10.77,13.44,25.47,0.079,0,0,0,0,0,2
2020-06-17,38.91,44.33,961.49,69.73,1835.9,14.1,1.21,1.55,2.13,3.56,4.27,9.76,18.18,0.05,9,0,0,1,2,3
2020-06-17,5.36,94.29,1000.25,76.52,2085.1,15.9,4.38,10.33,17.6,24.8,41.32,79.26,139.24,0.95,0,1,2,1,0,0
2020-06-17,40.16,85.53,1010.42,112.8,578.6,24.1,6.27,11.95,17.61,22.51,36.31,75.76,110.78,0.765,2,1,2,1,2,1
2020-06-18,42.04,23.87,1001.37,157.89,530.7,25.6,5.19,11.54,20.59,26.8,45.46,108.56,222.03,0.95,5,2,2,2,2,0
2020-06-18,36.06,50.81,1023.2,124.72,1151.7,35.4,5.33,11.33,19.84,35.97,57.36,124.73,187.37,0.95,9,2,3,1,2,0
2020-06-18,11.9,91.8,1021.73,65.33,176.9,4.5,3.53,4.66,6.29,11.02,17.98,32.58,61.77,0.752,0,1,1,0,0,0
2020-06-19,40.88,84.98,987.62,37.07,2419.4,19.2,5.14,6.56,11.57,22.3,34.19,55.3,85.9,0.589,3,1,1,1,2,1
2020-06-19,32.29,27.19,1027.71,95.55,2357.4,6.2,11.38,24.73,51.18,63.39,72.3,96.86,190.67,0.95,0,2,2,1,0,0
2020-06-19,25.6,84.96,999.08,69.59,1052.1,47.9,1.93,2.64,4.83,6.23,8.46,14.43,30.03,0.369,0,0,1,1,0,1
2020-06-19,21.81,37.64,975.21,130.86,2211.3,29.3,1.38,1.8,2.76,3.64,5.68,10.87,14.63,0.068,0,0,0,2,0,2
2020-06-19,12.97,81.34,964.47,140.37,2214.3,10.4,0.73,1.05,1.75,3.41,5.46,9.3,15.84,0.383,0,0,0,2,0,1
2020-06-19,22.6,29.38,950.49,103.07,179.7,38.8,0.72,1.37,2.48,3.08,4.43,7.17,15.29,0.05,0,0,1,2,0,2
2020-06-20,36.61,46.27,1004.78,19.04,644.4,30.8,0.58,0.76,1.52,2.58,2.92,4.68,9.16,0.05,9,0,0,0,2,3
2020-06-20,13.88,60.97,963.88,69.75,893.1,39.6,0.13,0.3,0.64,1.21,1.6,3.29,5.01,0.2,0,0,1,1,0,2
2020-06-20,23.88,82.99,1005.79,82.89,1232.2,19.2,1.52,3.35,5.01,8.68,10.38,15.73,34.1,0.403,0,0,1,1,0,1
2020-06-21,21.16,47.57,941.89,9.82,648.3,0.0,2.01,2.56,3.49,3.87,6.67,13.41,18.81,0.152,0,0,0,1,0,2
2020-06-21,9.38,59.66,942.96,131.93,1015.0,30.0,17.09,36.13,71.85,119.86,191.45,352.98,525.23,0.95,0,3,3,3,0,0
2020-06-21,5.72,70.36,970.73,132.57,667.8,1.3,0.96,1.93,2.74,3.02,4.19,10.36,18.43,0.417,0,0,0,2,0,1
2020-06-21,12.13,90.95,940.53,40.09,108.8,25.4,3.83,8.5,11.24,14.59,16.46,38.24,51.45,0.676,0,1,1,2,0,1
2020-06-22,16.98,13.95,1012.1,12.06,1749.8,10.5,0.43,0.67,1.04,1.9,2.1,2.67,5.32,0.05,0,0,0,0,0,2
2020-06-22,47.47,58.11,966.58,13.84,1607.9,47.4,0.24,0.4,0.67,1.16,1.6,2.72,5.5,0.05,5,0,1,1,3,3
2020-06-23,33.91,91.84,949.94,77.76,896.2,15.2,4.45,8.6,18.41,27.24,35.14,52.89,69.24,0.582,0,1,1,2,1,1
2020-06-23,29.1,28.66,1013.2,106.44,1830.2,29.9,9.62,23.12,42.73,60.45,75.05,153.05,325.46,0.95,0,3,3,2,0,0
2020-06-25,33.71,54.75,942.41,11.95,2010.9,16.7,2.53,4.36,6.57,7.88,12.7,23.51,41.52,0.213,0,0,0,1,0,2
2020-06-25,31.52,59.7,949.93,28.17,2315.8,46.9,0.69,0.85,1.23,2.17,2.44,4.11,7.69,0.05,0,0,1,1,0,2
2020-06-26,27.55,15.69,944.65,136.29,1517.6,19.1,8.17,16.98,24.5,46.2,67.31,85.46,171.41,0.946,0,2,2,3,0,0
2020-06-26,38.16,98.24,948.36,28.15,1066.5,46.5,1.25,2.75,5.27,9.99,11.53,28.04,38.28,0.365,9,0,1,1,3,2
2020-06-26,30.01,65.41,1002.12,153.49,0.6,6.7,0.37,0.63,0.88,0.99,1.72,2.55,3.42,0.05,0,0,0,2,0,2
2020-06-27,10.18,38.55,978.53,137.07,425.6,29.6,0.23,0.31,0.6,0.79,0.91,1.2,1.84,0.103,0,0,0,2,0,2
2020-06-27,15.46,55.9,1010.53,14.9,1480.4,19.7,0.68,1.1,1.36,2.37,2.74,4.37,7.78,0.177,0,0,0,0,0,2
2020-06-28,47.42,49.77,994.3,150.94,2447.7,4.5,3.66,8.59,14.65,16.68,29.64,50.77,73.16,0.262,9,0,0,2,3,2
2020-06-29,24.13,79.76,943.61,150.25,20.5,35.3,2.13,2.87,5.26,6.13,10.96,13.85,17.28,0.273,0,1,1,3,0,2
2020-06-29,23.76,98.94,986.2,22.43,1996.2,8.9,0.76,1.05,1.46,2.64,3.38,7.79,14.9,0.356,0,0,0,0,0,2
2020-06-29,12.61,60.34,971.05,82.44,1450.2,19.4,1.97,4.83,6.58,11.59,17.07,28.51,39.9,0.442,0,0,1,2,0,1
2020-06-29,10.52,23.64,1010.88,146.3,1655.8,23.1,1.7,2.14,4.51,6.78,9.17,18.86,29.77,0.211,0,0,0,2,0,1
2020-06-30,34.58,63.33,961.21,129.98,1689.6,41.8,4.36,8.74,13.06,19.38,22.36,47.63,101.71,0.649,0,1,2,2,1,1
2020-07-01,36.52,47.92,1020.79,71.83,2068.8,13.3,1.5,1.91,3.0,3.61,6.13,13.32,16.98,0.05,8,0,0,0,2,3
2020-07-01,11.94,63.03,1024.5,120.13,1248.8,40.5,0.81,1.97,3.65,4.95,6.02,13.16,25.55,0.366,0,0,1,1,0,1
2020-07-01,15.38,27.89,968.6,149.4,78.0,46.8,1.35,1.8,3.61,6.25,9.87,20.62,35.67,0.223,0,1,1,2,0,1
2020-07-01,7.35,49.45,974.81,28.9,60.2,16.1,1.06,2.34,4.24,7.27,13.04,21.18,38.46,0.43,0,1,0,1,0,1
2020-07-01,37.72,34.22,995.67,20.87,2119.5,28.5,1.74,2.75,5.41,6.59,9.42,11.31,18.87,0.05,6,0,0,0,2,3
2020-07-01,41.64,56.96,952.1,136.33,1925.7,49.6,0.89,2.14,4.34,7.65,13.64,17.51,28.2,0.056,5,0,1,3,2,3
2020-07-01,11.13,63.15,957.93,88.56,104.9,38.6,15.66,29.08,56.99,71.74,103.06,127.68,275.56,0.95,0,3,3,3,0,0
2020-07-02,37.35,55.46,973.0,154.05,666.5,36.0,1.74,2.96,4.72,9.34,11.79,28.87,62.14,0.318,7,0,1,2,2,2
2020-07-02,14.03,91.76,1018.92,22.23,1296.9,44.4,1.49,2.36,4.11,5.3,8.69,14.1,17.02,0.432,0,0,1,0,0,1
2020-07-02,27.05,21.44,949.57,35.58,520.5,3.2,1.77,3.1,5.91,8.45,14.95,31.06,63.1,0.257,0,0,0,1,0,1
2020-07-02,35.52,27.98,985.17,92.89,1525.4,33.9,2.79,5.06,7.0,10.32,13.02,30.56,43.27,0.073,4,0,1,1,1,2
2020-07-03,24.69,84.54,944.81,36.35,1921.5,36.5,9.96,13.73,25.91,48.91,66.19,155.5,266.42,0.95,0,2,3,2,0,0
2020-07-03,27.1,80.34,944.43,158.88,1557.8,39.2,0.18,0.27,0.37,0.55,0.92,1.37,2.21,0.145,0,0,1,3,0,2
2020-07-03,21.16,19.27,1008.29,121.91,968.4,35.4,5.32,6.68,8.25,14.44,23.96,34.12,54.4,0.247,0,0,1,1,0,1
2020-07-05,21.87,86.98,1001.08,41.52,1178.4,40.3,0.57,1.19,1.7,3.0,4.89,8.07,13.32,0.305,0,0,1,0,0,2
2020-07-05,21.15,78.6,959.25,14.03,1518.8,15.6,0.04,0.05,0.09,0.13,0.15,0.3,0.6,0.185,0,0,0,1,0,2
2020-07-05,36.7,13.01,1013.12,10.99,983.0,4.8,1.05,2.33,4.16,6.81,8.78,21.63,40.07,0.05,8,0,0,0,2,2
2020-07-06,12.18,46.83,1002.46,96.09,1659.5,8.5,5.33,8.94,12.52,16.15,22.25,27.29,39.32,0.375,0,0,0,1,0,1
2020-07-06,23.89,81.27,952.06,27.61,1476.7,35.4,0.23,0.38,0.57,0.84,1.35,3.12,5.4,0.204,0,0,1,1,0,2
2020-07-06,46.41,25.01,959.73,159.81,389.6,18.3,0.07,0.15,0.22,0.29,0.39,0.48,0.64,0.05,8,0,0,3,3,3
2020-07-06,20.34,61.55,998.21,159.67,1830.5,3.0,0.37,0.56,0.91,1.02,1.44,2.66,4.28,0.133,0,0,0,2,0,2
2020-07-06,29.59,87.39,1022.44,98.48,888.1,40.9,14.54,31.59,58.78,107.43,142.39,202.37,408.77,0.95,0,3,3,2,0,0
2020-07-07,37.76,59.36,945.59,51.38,902.9,25.2,8.58,17.89,35.99,69.6,117.83,258.9,552.12,0.95,8,3,3,2,2,0
2020-07-07,6.1,74.57,1003.91,18.55,1349.8,21.3,0.47,1.13,1.77,2.98,5.24,9.7,21.08,0.452,0,0,1,0,0,1
2020-07-07,29.58,43.54,997.57,115.9,1130.9,46.8,2.61,4.05,6.79,11.83,20.13,30.46,59.04,0.316,0,0,1,1,0,1
2020-07-07,9.82,67.04,966.49,154.56,1211.3,49.3,0.02,0.03,0.04,0.06,0.07,0.09,0.15,0.238,0,0,1,3,0,2
2020-07-07,31.75,89.31,950.96,115.99,1102.5,3.0,8.06,17.03,32.93,46.96,79.98,125.98,213.95,0.95,0,2,2,3,0,0
2020-07-08,6.05,68.57,1020.84,26.62,799.4,13.7,0.44,0.64,0.92,1.64,2.27,3.22,5.73,0.321,0,0,0,0,0,2
2020-07-08,11.51,98.13,1023.5,98.45,1703.6,49.3,0.29,0.46,0.91,1.48,2.65,4.06,5.51,0.412,0,0,1,1,0,2
2020-07-08,25.87,94.47,1002.28,37.01,1002.5,11.7,2.77,3.64,5.62,8.24,11.03,25.57,31.64,0.425,0,0,0,0,0,1
2020-07-09,20.25,54.6,950.09,48.16,1558.0,11.1,9.09,20.49,31.73,35.13,45.66,81.67,166.67,0.95,0,2,1,2,0,0
2020-07-09,30.66,30.68,943.15,128.8,1935.7,49.6,2.18,5.11,6.29,7.95,11.36,23.81,49.44,0.176,0,0,1,3,0,2
2020-07-09,24.85,60.83,969.92,100.65,524.7,11.5,0.36,0.75,1.1,2.07,3.66,9.0,18.92,0.182,0,0,0,2,0,2
2020-07-09,44.6,81.6,944.99,11.36,966.7,13.1,7.28,12.47,21.88,40.83,70.18,93.58,135.26,0.864,3,2,2,1,2,1
2020-07-10,23.29,29.6,1006.07,113.04,1483.7,19.4,1.24,1.83,3.49,3.93,4.41,5.68,10.89,0.05,0,0,0,1,0,2
2020-07-10,29.41,76.51,1003.75,97.48,761.9,18.8,1.85,3.32,5.8,8.95,11.27,27.09,56.31,0.464,0,0,1,1,0,1
2020-07-12,32.33,97.26,997.0,87.51,1934.5,4.8,8.56,11.87,18.43,33.48,43.34,93.48,195.25,0.95,0,2,1,1,1,0
2020-07-12,9.61,67.54,1004.69,47.15,757.2,27.5,2.15,3.48,7.41,13.03,22.0,47.99,86.07,0.815,0,1,1,0,0,0
2020-07-12,19.11,93.87,987.92,77.13,136.4,29.2,1.37,3.29,5.25,6.64,9.35,11.38,24.15,0.439,0,1,1,1,0,1
2020-07-12,29.78,29.75,1002.66,68.37,2079.0,8.9,2.0,3.52,5.51,10.33,13.39,31.45,44.48,0.147,0,0,0,1,0,2
2020-07-12,7.23,96.91,1007.99,147.18,2143.9,2.8,2.41,5.58,11.65,20.78,24.86,44.34,79.7,0.944,0,1,1,2,0,0
2020-07-13,13.4,90.11,957.97,65.65,2120.9,33.9,0.95,1.75,3.42,6.09,10.08,22.11,40.86,0.589,0,0,1,1,0,1
2020-07-14,21.85,50.6,1011.52,63.73,407.3,45.4,0.72,0.91,1.33,2.57,3.7,7.91,12.72,0.119,0,0,1,0,0,2
2020-07-15,9.33,69.76,944.51,103.64,2101.0,42.1,0.11,0.18,0.22,0.28,0.31,0.75,1.34,0.264,0,0,1,2,0,2
2020-07-15,29.28,19.6,974.3,150.56,1004.6,27.0,3.93,8.15,10.59,18.65,33.55,61.65,127.14,0.653,0,1,1,2,0,0
2020-07-16,27.71,63.47,1025.35,0.74,1756.8,2.1,1.06,2.16,3.77,5.97,9.15,16.73,31.35,0.249,0,0,0,0,0,2
2020-07-16,37.58,77.84,988.94,113.71,310.6,24.0,1.57,3.32,5.33,7.42,11.7,22.05,34.88,0.246,1,0,1,2,1,2
2020-07-16,38.62,34.79,1008.21,8.26,2401.4,31.5,2.12,3.97,7.35,11.27,14.54,27.68,50.66,0.125,3,0,1,0,1,2
2020-07-18,44.11,91.4,962.25,21.03,1211.8,48.4,4.59,7.23,9.34,16.8,22.09,49.67,61.82,0.428,9,0,2,1,3,2
2020-07-18,39.99,37.91,1001.38,69.48,1741.1,43.9,1.07,1.58,3.29,5.4,8.75,19.42,25.98,0.05,6,0,1,1,2,3
2020-07-20,36.96,28.27,949.14,118.09,2044.7,19.5,0.09,0.14,0.23,0.36,0.47,1.13,2.42,0.05,3,0,0,2,1,3
2020-07-20,38.44,22.01,977.97,116.16,376.8,26.3,1.5,2.28,3.98,6.9,9.79,19.2,25.47,0.05,6,0,0,2,2,3
2020-07-21,47.41,94.68,954.62,82.56,537.9,5.8,1.93,3.17,6.86,9.75,15.39,24.06,46.14,0.307,5,0,0,2,3,3
2020-07-21,10.74,49.48,1026.39,54.33,2398.5,40.8,0.34,0.71,1.27,1.86,2.65,5.11,9.57,0.204,0,0,1,0,0,2
2020-07-22,15.87,96.14,973.55,97.26,1041.1,41.4,6.01,14.19,29.21,32.6,57.44,85.94,177.06,0.95,0,2,3,2,0,0
2020-07-22,12.34,30.24,961.6,35.01,1772.3,35.1,0.22,0.49,0.97,1.64,2.25,3.87,6.95,0.074,0,0,1,1,0,2
2020-07-22,19.23,43.96,944.65,109.08,88.1,38.0,0.94,2.26,3.07,5.4,8.62,12.34,25.65,0.198,0,1,1,2,0,2
2020-07-23,34.67,68.55,976.71,46.36,366.4,18.7,13.08,25.54,44.61,68.95,93.45,196.56,397.88,0.95,0,3,3,1,1,0
2020-07-23,39.86,45.87,1005.91,8.79,836.6,2.2,9.63,21.77,30.54,56.16,85.15,167.52,364.82,0.95,6,3,2,0,2,0
2020-07-23,20.5,19.94,967.66,117.83,1308.5,2.5,1.05,2.38,2.93,3.74,4.82,7.96,11.47,0.05,0,0,0,2,0,2
2020-07-24,10.18,90.41,973.13,44.95,713.4,22.4,1.31,2.26,4.86,9.55,13.93,32.79,66.19,0.792,0,1,1,1,0,0
2020-07-25,40.8,85.15,941.95,61.49,1466.3,27.9,0.38,0.7,1.23,1.38,2.4,3.84,5.2,0.052,2,0,0,2,2,3
2020-07-25,28.59,57.16,1000.65,155.28,827.7,4.0,0.8,1.11,1.4,1.9,2.91,5.81,7.26,0.05,0,0,0,2,0,2
2020-07-26,10.71,17.02,950.28,159.45,592.7,43.2,0.04,0.08,0.16,0.31,0.43,0.98,1.83,0.05,0,0,1,3,0,2
2020-07-26,19.88,50.95,988.6,31.94,1694.7,6.8,4.81,9.12,17.71,20.71,27.49,63.39,109.69,0.787,0,1,1,1,0,0
2020-07-26,5.43,56.97,994.75,29.97,1706.0,2.8,0.31,0.63,1.28,1.48,2.43,4.22,7.58,0.281,0,0,0,0,0,2
2020-07-26,37.64,51.75,1027.22,44.24,192.5,17.7,3.93,8.14,10.97,13.59,21.71,38.21,64.56,0.313,7,1,1,0,2,2
2020-07-27,28.81,74.47,972.53,71.8,2486.2,0.9,0.56,0.94,1.88,2.22,3.01,6.42,9.83,0.15,0,0,0,1,0,2
2020-07-29,44.0,63.91,949.07,34.97,367.4,11.9,1.96,4.44,7.22,11.36,18.26,27.75,50.69,0.217,3,0,0,1,2,2
2020-07-29,40.46,95.12,1025.77,155.33,300.7,4.7,0.47,0.77,1.19,2.29,2.77,4.9,9.44,0.134,1,0,0,2,2,3
2020-07-29,37.31,70.42,960.01,12.41,133.6,36.9,0.13,0.18,0.37,0.53,0.61,1.5,2.49,0.05,9,0,1,1,2,3
2020-07-29,33.03,46.09,1029.24,8.63,1812.6,20.3,0.52,1.1,2.12,3.1,4.47,5.49,8.55,0.05,0,0,0,0,0,2
2020-07-30,47.1,70.99,1028.7,125.27,2285.2,10.2,0.47,0.82,1.18,2.27,3.08,3.82,6.17,0.05,9,0,0,1,3,3
2020-07-30,46.75,73.83,957.43,157.62,1874.4,33.7,1.14,2.28,3.12,5.34,9.07,17.65,21.8,0.05,6,0,1,3,3,3
2020-07-30,24.57,10.04,1004.52,23.28,1450.1,33.8,1.86,2.5,3.33,4.97,7.09,14.66,31.53,0.05,0,0,1,0,0,2
2020-07-30,36.58,43.73,1011.24,66.53,542.8,3.4,1.59,1.98,3.01,4.28,6.99,9.43,13.35,0.05,3,0,0,1,1,3
2020-07-31,21.56,25.66,1010.07,10.76,2404.6,4.9,5.26,10.18,19.02,35.69,64.13,85.93,103.36,0.602,0,1,1,0,0,0
2020-07-31,7.63,27.97,947.35,79.12,444.3,31.2,12.82,15.51,31.17,44.49,58.18,116.03,210.62,0.95,0,2,2,2,0,0
2020-07-31,34.25,34.17,967.9,102.19,1782.9,23.5,0.73,1.55,2.46,3.07,4.0,5.87,11.74,0.05,0,0,0,2,0,3
2020-07-31,19.66,25.45,1019.55,155.9,992.9,24.2,4.54,5.64,9.33,12.23,21.56,44.35,84.48,0.494,0,1,1,2,0,1
2020-07-31,22.38,26.93,973.43,87.3,2011.5,41.5,0.91,1.53,3.14,5.29,8.09,19.18,30.18,0.112,0,0,1,1,0,2
2020-08-01,28.33,48.89,966.32,155.88,1394.3,42.3,0.35,0.79,1.73,2.52,3.53,8.73,10.55,0.05,0,0,1,3,0,2
2020-08-01,9.38,53.37,982.15,146.99,524.6,40.2,3.01,4.53,7.38,13.57,20.81,36.85,48.03,0.493,0,0,1,2,0,1
2020-08-01,28.98,65.11,1007.65,73.91,596.9,29.3,1.3,3.13,4.94,5.59,7.72,11.83,15.76,0.141,0,0,1,1,0,2
2020-08-01,36.59,50.77,993.29,106.55,506.7,42.8,1.33,2.38,2.96,5.12,8.9,12.51,26.03,0.061,3,0,1,1,1,2
2020-08-01,38.16,39.08,957.04,97.2,438.4,28.1,0.84,1.76,3.57,5.74,7.66,15.73,26.14,0.05,3,0,0,2,1,3
2020-08-01,9.71,84.07,944.95,117.27,1319.0,10.1,0.67,0.96,1.23,2.07,3.26,4.19,8.34,0.379,0,0,0,2,0,2
2020-08-02,37.24,93.92,971.07,86.7,2016.9,13.3,1.6,3.89,7.26,9.26,11.0,20.31,42.89,0.383,6,0,0,2,2,2
2020-08-03,14.95,59.93,960.1,23.81,1389.7,29.7,8.15,10.64,14.36,18.71,26.36,54.21,92.11,0.764,0,1,2,1,0,0
2020-08-03,9.53,10.3,996.49,120.61,1013.6,17.7,1.37,1.71,2.53,4.95,6.13,8.01,17.6,0.074,0,0,0,1,0,2
2020-08-04,6.62,94.9,978.08,80.59,569.0,16.0,2.02,4.97,10.31,16.01,27.35,57.41,87.62,0.95,0,1,1,1,0,0
2020-08-04,20.95,98.32,1029.36,2.3,1068.2,2.3,1.38,3.39,4.65,7.27,8.55,19.14,36.39,0.525,0,0,0,0,0,1
2020-08-04,5.87,46.17,974.47,69.06,1376.5,49.6,2.05,4.92,8.28,11.08,18.6,40.12,62.24,0.587,0,0,2,1,0,1
2020-08-05,15.89,37.88,940.05,79.76,535.9,20.1,2.45,6.0,11.15,21.16,31.3,39.41,76.44,0.54,0,1,1,2,0,1
2020-08-06,22.63,38.34,991.97,31.06,2209.0,41.6,0.33,0.72,0.88,1.72,2.22,3.61,6.83,0.05,0,0,1,0,0,2
2020-08-07,27.94,88.59,975.15,70.12,1874.3,41.8,7.7,15.43,30.83,57.61,87.78,114.11,230.57,0.95,0,3,3,2,0,0
2020-08-07,25.79,18.23,943.59,54.21,2393.9,26.7,1.11,2.48,4.76,7.25,8.51,15.85,19.34,0.05,0,0,0,2,0,2
2020-08-11,32.56,65.34,1015.93,98.63,391.7,39.0,8.03,13.13,20.73,24.57,40.05,96.25,126.26,0.843,0,1,2,1,0,0
2020-08-11,22.58,40.62,946.78,14.42,751.1,37.1,3.82,9.52,12.07,13.31,16.29,25.3,49.84,0.31,0,0,1,1,0,1
2020-08-11,7.62,99.87,982.75,140.39,5.1,5.4,2.44,4.18,6.77,13.07,17.19,36.79,55.34,0.792,0,1,1,2,0,1
2020-08-12,9.34,70.46,1016.33,17.65,1612.2,33.7,3.76,7.04,13.38,20.6,22.98,42.77,70.55,0.729,0,1,1,0,0,0
2020-08-12,40.93,82.73,942.0,64.12,1420.1,41.3,17.77,28.55,41.32,51.01,88.92,140.99,199.47,0.95,6,2,3,2,2,0
2020-08-12,41.91,54.84,994.01,60.07,343.5,41.8,2.02,3.16,6.56,10.82,11.94,15.43,22.54,0.05,3,0,1,1,2,3
2020-08-13,36.61,65.09,948.73,67.91,980.7,48.2,2.61,4.25,7.61,8.72,12.48,23.57,33.74,0.184,7,0,1,2,2,2
2020-08-13,8.06,28.84,1022.06,33.12,2324.2,23.5,3.01,7.06,12.2,19.21,29.69,71.51,113.19,0.818,0,1,2,0,0,0
2020-08-13,33.65,82.81,956.61,62.59,2380.1,28.6,0.53,1.17,1.78,2.87,3.66,7.72,15.17,0.179,0,0,0,1,1,2
2020-08-13,20.42,87.45,1004.75,29.3,1152.7,20.2,0.01,0.02,0.04,0.08,0.09,0.19,0.28,0.235,0,0,0,0,0,2
2020-08-13,40.41,51.43,1024.18,95.2,138.9,28.3,3.07,7.43,9.91,18.41,23.25,45.41,98.03,0.507,4,1,1,1,2,1
2020-08-15,43.57,28.7,989.65,156.14,2404.3,14.7,0.93,2.13,2.95,3.77,5.61,8.66,17.54,0.05,5,0,0,2,2,3
2020-08-15,19.23,60.9,986.54,46.77,2379.4,2.2,1.89,2.53,5.23,9.51,15.64,33.31,43.78,0.404,0,0,0,1,0,1
2020-08-16,11.54,13.01,977.17,52.59,876.0,16.6,5.62,11.62,17.28,28.77,32.29,76.46,106.61,0.66,0,1,1,1,0,0
2020-08-16,22.07,75.01,987.93,118.7,93.4,27.1,1.42,3.05,5.09,8.76,10.95,18.24,21.91,0.3,0,1,1,2,0,1
2020-08-16,19.2,30.89,1023.0,26.01,713.3,27.6,0.91,2.14,3.08,4.63,6.87,9.48,17.95,0.082,0,0,0,0,0,2
2020-08-17,47.86,93.36,944.83,72.91,1162.6,13.5,0.19,0.45,0.61,1.14,1.97,4.76,6.51,0.05,4,0,0,2,3,3
2020-08-17,35.87,80.91,976.72,125.48,247.6,35.6,0.21,0.26,0.39,0.53,0.91,1.29,2.47,0.062,1,0,1,2,1,3
2020-08-17,7.69,26.7,1024.07,28.63,68.1,20.3,3.2,7.3,13.2,21.81,26.93,65.39,96.09,0.697,0,2,1,0,0,0
2020-08-17,16.28,84.36,960.82,112.71,1274.2,13.2,1.95,4.3,9.34,14.49,16.61,33.19,69.77,0.724,0,1,1,2,0,0
2020-08-18,43.61,14.85,964.64,130.63,1502.8,42.7,1.88,4.25,5.86,6.77,8.52,10.74,18.2,0.05,5,0,1,2,2,3
2020-08-18,45.29,77.8,1027.48,109.55,2188.2,22.4,9.95,14.35,20.94,30.02,34.81,43.38,89.16,0.531,3,1,1,1,2,2
2020-08-19,32.76,42.71,991.6,61.43,414.5,44.1,14.47,33.25,48.35,90.15,118.89,175.04,287.94,0.95,0,3,3,1,0,0
2020-08-20,16.15,92.96,993.97,3.23,1293.9,23.6,3.64,7.98,13.97,17.72,22.35,29.47,40.83,0.575,0,0,1,0,0,1
2020-08-20,45.62,68.57,1014.83,30.74,13.9,23.4,2.52,3.54,6.25,11.69,15.91,31.47,39.15,0.148,3,1,1,0,2,3
2020-08-20,42.44,88.5,1018.86,138.88,1782.0,2.2,0.82,1.81,2.29,4.58,7.75,10.91,13.98,0.111,7,0,0,1,3,3
2020-08-21,24.47,72.06,1017.85,78.17,2097.2,40.3,0.56,0.98,1.51,2.29,3.19,5.94,10.02,0.182,0,0,1,1,0,2
2020-08-22,7.5,56.65,978.59,54.73,1534.2,41.3,4.94,12.06,18.08,25.24,37.79,54.84,114.86,0.95,0,1,2,1,0,0
2020-08-22,45.0,51.43,1011.04,60.78,1840.2,17.9,10.64,19.49,33.17,53.4,74.69,183.79,353.22,0.95,5,3,3,1,3,0
2020-08-22,22.84,70.22,1023.11,25.8,2224.3,24.5,4.92,10.67,18.67,35.83,44.47,72.15,118.06,0.91,0,1,2,0,0,0
2020-08-23,8.31,30.55,1000.36,88.35,1042.4,7.2,2.34,3.78,5.86,7.83,12.86,28.53,55.11,0.437,0,0,0,1,0,1
2020-08-23,30.32,30.84,958.88,125.6,1143.1,3.6,3.29,8.15,9.97,19.61,31.48,44.73,73.58,0.342,0,1,0,2,0,1
2020-08-23,45.16,74.27,1007.92,109.02,2254.8,4.3,1.36,2.11,2.62,4.99,7.06,16.3,19.84,0.052,5,0,0,1,3,3
2020-08-25,24.69,44.97,962.6,33.51,654.5,32.0,1.09,1.61,3.38,6.54,10.07,18.93,41.41,0.254,0,0,1,1,0,1
2020-08-25,35.79,30.21,975.43,55.05,957.8,9.8,1.26,1.9,2.28,3.83,4.78,10.39,13.63,0.05,2,0,0,1,1,3
2020-08-25,12.62,57.89,985.21,37.64,1070.4,24.4,2.46,3.55,7.26,11.02,13.44,17.36,34.53,0.393,0,0,1,1,0,1
2020-08-26,47.81,15.84,965.4,102.57,1674.2,24.1,5.7,14.17,25.7,30.82,40.25,61.26,76.36,0.11,7,0,1,2,3,3
2020-08-27,32.99,53.26,976.54,146.06,2447.4,43.2,8.04,11.36,18.51,29.0,45.3,90.98,150.67,0.941,0,1,3,3,0,0
2020-08-27,29.55,79.52,1027.0,138.77,48.3,44.4,1.43,1.91,4.0,6.23,10.14,22.08,48.52,0.426,0,1,1,1,0,1
2020-08-28,29.38,83.61,953.99,15.7,370.0,30.1,8.03,10.53,12.85,23.75,35.86,58.67,118.15,0.912,0,1,2,1,0,0
2020-08-28,21.92,16.75,954.66,52.41,1617.9,18.3,4.09,9.78,19.31,25.18,38.22,57.97,105.95,0.571,0,1,1,2,0,0
2020-08-29,40.14,80.92,1003.26,10.51,121.3,3.0,11.38,17.13,32.0,40.71,69.67,130.6,196.84,0.95,7,3,2,0,3,0
2020-08-30,30.65,57.26,959.23,132.21,2068.4,11.2,0.72,1.01,1.99,3.34,4.6,10.21,15.26,0.082,0,0,0,2,0,2
2020-08-31,10.4,12.16,940.85,131.15,373.8,6.2,0.2,0.33,0.43,0.67,0.74,1.3,2.54,0.05,0,0,0,3,0,2
2020-08-31,9.67,14.83,973.84,89.32,1653.5,37.5,3.18,6.4,8.76,9.71,14.48,30.4,61.29,0.386,0,0,1,2,0,1
2020-09-01,40.96,19.02,1010.56,108.78,305.7,32.4,7.61,14.08,28.7,36.13,59.07,127.48,189.69,0.95,9,2,3,1,2,0
2020-09-01,12.75,64.02,993.19,138.87,2102.1,36.5,0.49,1.1,2.07,3.02,3.69,8.53,12.11,0.273,0,0,1,2,0,2
2020-09-01,37.77,12.32,1018.8,19.06,1298.7,14.5,4.66,6.7,12.2,20.79,30.86,48.66,97.74,0.335,5,1,1,0,1,1
2020-09-02,22.08,24.83,973.85,91.48,376.8,16.2,1.04,1.46,3.03,3.79,4.22,5.61,6.91,0.05,0,0,0,2,0,2
2020-09-03,20.33,14.78,966.78,26.41,1821.1,8.1,3.37,6.62,11.82,14.81,22.43,55.07,105.35,0.573,0,1,1,1,0,0
2020-09-03,14.75,62.22,982.52,87.36,1517.7,15.6,2.7,3.36,5.61,10.61,14.66,31.96,65.21,0.598,0,0,1,1,0,1
2020-09-03,31.58,83.65,967.88,153.53,386.0,26.1,1.79,3.69,6.13,10.34,16.86,35.25,47.96,0.422,0,0,1,3,0,1
2020-09-03,17.43,24.23,988.52,44.04,888.2,9.3,0.54,1.32,2.77,3.28,5.3,7.22,11.01,0.05,0,0,0,1,0,2
2020-09-03,22.71,31.1,1014.03,22.98,869.6,29.4,0.06,0.11,0.15,0.3,0.49,0.91,1.73,0.05,0,0,0,0,0,2
2020-09-04,42.47,93.87,962.6,68.6,252.4,10.4,4.93,11.39,17.03,20.96,25.11,59.6,75.75,0.55,6,1,1,2,3,2
2020-09-04,47.14,28.04,975.88,132.26,1178.0,8.4,4.61,9.69,15.52,21.38,37.9,45.6,95.3,0.304,8,1,1,2,3,2
2020-09-05,37.79,46.59,975.69,103.76,1852.3,47.7,3.77,9.27,17.58,19.94,23.65,47.22,80.4,0.391,6,0,2,2,2,1
2020-09-06,34.88,10.81,954.91,46.42,711.7,23.8,6.55,14.39,29.48,45.52,55.39,83.19,100.41,0.375,0,1,1,2,0,1
2020-09-06,11.02,47.08,985.58,159.15,1154.3,49.6,10.43,12.59,17.24,23.43,28.6,38.9,54.16,0.486,0,1,2,2,0,1
2020-09-07,25.78,14.31,945.6,118.24,1990.2,12.9,2.69,6.16,9.79,17.5,21.68,41.29,51.92,0.16,0,0,0,3,0,1
2020-09-07,5.56,92.33,1016.86,150.65,692.5,36.3,7.19,9.18,14.17,15.99,24.57,38.49,61.69,0.817,0,1,2,2,0,0
2020-09-09,31.78,30.47,1019.95,0.05,1303.2,49.3,8.13,13.99,29.53,42.58,69.19,91.87,198.96,0.95,0,2,3,0,0,0
2020-09-09,11.01,12.07,975.22,72.83,1892.1,24.8,2.11,5.05,7.33,10.93,18.3,25.5,42.41,0.233,0,0,1,1,0,1
2020-09-10,15.28,98.7,947.62,33.23,1968.5,5.7,1.98,2.63,5.41,7.96,11.9,19.57,31.49,0.551,0,0,0,1,0,1
2020-09-10,37.77,72.48,997.67,37.76,2351.2,20.4,0.53,1.22,2.67,4.86,7.62,10.13,18.8,0.11,9,0,0,0,2,3
2020-09-10,9.1,39.61,1002.32,45.1,298.3,23.1,2.98,6.01,7.36,13.39,17.2,26.7,50.27,0.442,0,1,1,0,0,1
2020-09-10,8.32,68.29,1027.65,1.48,2482.3,40.8,3.25,7.08,13.64,17.34,29.46,62.61,92.66,0.876,0,1,2,0,0,0
2020-09-10,45.55,11.62,950.26,58.7,285.8,45.9,0.13,0.27,0.35,0.41,0.52,0.64,1.02,0.05,5,0,1,1,2,3
2020-09-13,24.55,35.76,949.71,150.13,1005.8,8.4,0.84,1.73,2.92,4.38,5.28,10.72,23.42,0.089,0,0,0,3,0,2
2020-09-13,18.5,37.78,989.19,11.11,291.9,42.0,5.02,6.93,10.81,19.79,35.2,71.28,131.86,0.883,0,2,2,0,0,0
2020-09-13,42.7,47.16,952.53,16.39,390.6,42.3,0.14,0.29,0.45,0.61,0.8,1.06,1.42,0.05,7,0,1,1,3,3
2020-09-14,25.99,57.58,970.43,138.83,562.0,21.3,5.4,11.55,16.47,18.49,32.97,71.22,119.49,0.825,0,1,2,2,0,0
2020-09-14,46.11,97.5,987.17,77.76,1255.7,3.2,1.95,4.75,9.91,13.73,23.71,54.94,78.72,0.551,7,1,1,1,3,2
2020-09-14,33.13,82.55,948.97,17.2,2226.6,47.6,5.05,12.54,19.08,37.95,64.78,122.39,154.06,0.95,0,2,3,1,1,0
2020-09-14,16.13,73.03,1005.38,135.13,938.1,16.8,0.51,0.69,1.4,2.69,3.36,6.27,12.94,0.29,0,0,0,2,0,2
2020-09-15,37.54,93.61,1007.17,86.27,2240.9,23.9,3.06,7.62,9.64,13.99,20.42,26.78,43.75,0.384,4,0,1,1,2,2
2020-09-16,5.01,50.64,1009.11,62.87,2073.3,43.2,0.81,1.52,2.37,3.86,4.81,7.93,14.65,0.301,0,0,1,1,0,2
2020-09-16,24.09,91.81,979.74,10.44,987.1,18.9,0.16,0.21,0.4,0.78,1.0,1.31,2.3,0.233,0,0,0,0,0,2
2020-09-17,22.55,45.91,1012.67,159.05,1937.1,31.1,3.85,5.4,9.97,19.67,26.21,46.65,90.87,0.61,0,1,1,2,0,0
2020-09-17,46.7,35.76,996.42,66.52,1743.1,35.5,1.49,2.75,5.88,10.29,17.59,41.03,86.85,0.291,9,0,1,1,3,2
2020-09-17,33.05,36.65,947.02,109.8,1538.3,34.8,0.25,0.57,1.08,2.1,3.53,4.45,6.71,0.05,0,0,1,2,0,3
2020-09-17,30.14,98.57,1002.15,137.85,1338.8,42.0,4.94,9.26,11.87,16.59,28.11,46.2,76.49,0.701,0,1,2,2,0,1
2020-09-17,10.13,93.4,988.25,135.34,626.3,23.2,0.02,0.05,0.06,0.11,0.15,0.26,0.48,0.369,0,0,0,2,0,2
2020-09-17,45.98,91.62,982.2,44.32,610.1,5.8,3.85,4.89,8.33,10.9,15.38,37.04,64.97,0.431,3,0,0,1,3,2
2020-09-18,31.29,80.27,966.88,8.62,1117.9,39.0,4.38,6.45,10.46,16.49,23.76,30.85,52.45,0.438,0,0,1,1,0,1
2020-09-18,12.16,65.52,947.69,76.3,1267.7,9.4,6.49,10.22,17.58,21.93,39.36,64.7,127.83,0.95,0,1,1,2,0,0
2020-09-19,42.73,97.31,977.21,33.36,203.6,5.7,3.56,5.21,9.1,10.12,12.17,26.78,36.84,0.305,2,1,0,1,2,2
2020-09-20,12.62,73.72,1019.95,68.92,582.5,6.9,1.69,4.15,8.47,9.65,15.18,34.52,58.36,0.631,0,0,1,0,0,1
2020-09-22,33.32,13.38,962.74,123.56,1997.9,38.9,2.91,4.4,5.99,10.42,13.19,30.83,53.6,0.091,0,0,1,2,0,2
2020-09-22,20.62,38.8,983.13,101.97,1470.7,34.5,0.82,1.53,2.05,2.81,4.46,9.63,16.84,0.1,0,0,1,1,0,2
2020-09-22,27.49,41.01,955.54,148.51,313.6,24.9,2.21,2.9,4.17,4.79,5.64,9.92,20.69,0.068,0,0,0,3,0,2
2020-09-22,32.6,35.98,1010.08,92.53,1733.4,42.6,6.91,9.15,17.39,27.35,43.16,64.77,120.63,0.658,0,1,2,1,0,0
2020-09-23,34.08,83.9,987.53,13.04,1075.5,20.9,0.54,0.84,1.51,2.25,3.63,6.89,14.26,0.174,0,0,0,0,1,2
2020-09-23,14.69,41.18,987.16,143.15,823.6,19.5,0.13,0.3,0.47,0.76,0.87,2.13,2.68,0.077,0,0,0,2,0,2
2020-09-23,44.76,20.47,989.5,6.08,1114.7,8.7,2.23,4.45,9.34,11.1,12.5,28.84,43.02,0.05,4,0,0,0,2,3
2020-09-24,41.18,53.28,946.26,125.26,1178.6,26.2,2.59,4.46,6.03,11.97,20.58,48.34,84.55,0.418,8,0,1,3,3,2
2020-09-24,8.79,95.38,1017.92,15.14,1717.1,19.5,7.07,16.1,29.36,49.35,59.86,107.95,174.42,0.95,0,2,2,0,0,0
2020-09-26,31.02,16.51,1028.47,17.12,510.5,30.3,1.97,3.81,8.31,15.96,27.03,50.93,94.67,0.403,0,1,1,0,0,1
2020-09-26,9.23,26.87,1000.3,3.78,2064.9,13.0,4.43,5.36,11.72,23.26,27.18,67.5,130.91,0.915,0,1,1,0,0,0
2020-09-27,26.92,60.42,967.1,25.42,718.3,17.2,9.19,13.3,20.71,39.12,45.63,55.93,107.28,0.748,0,1,1,1,0,0
2020-09-28,35.46,79.3,963.65,83.65,1336.2,32.9,1.31,3.13,6.08,6.96,8.41,20.69,41.45,0.318,2,0,1,2,1,2
2020-09-28,11.42,52.9,1027.71,100.81,862.8,16.9,0.68,1.13,1.96,2.64,2.93,4.38,6.91,0.196,0,0,0,1,0,2
2020-09-29,28.27,58.75,967.84,80.78,11.6,43.8,0.27,0.6,0.8,1.0,1.13,2.26,3.26,0.05,0,0,1,1,0,2
2020-09-29,6.88,78.72,981.65,121.69,2067.2,11.9,1.72,3.95,7.24,9.85,11.87,21.77,35.77,0.563,0,0,0,2,0,1
2020-09-30,17.7,60.3,988.46,135.79,1187.6,33.6,3.45,4.83,9.77,11.26,18.76,37.03,79.09,0.652,0,1,1,2,0,0
2020-09-30,35.37,21.35,956.33,72.44,117.3,2.4,0.72,0.98,1.94,2.33,4.14,7.91,12.79,0.05,7,0,0,2,1,3
2020-09-30,45.07,13.63,982.82,97.53,303.5,34.5,2.07,3.42,4.45,6.17,10.05,17.24,21.54,0.05,5,0,1,1,2,3
2020-09-30,47.47,55.33,1025.55,68.67,2020.4,27.3,2.0,3.12,4.74,8.73,13.68,29.88,44.12,0.096,2,0,1,0,2,3
2020-09-30,22.05,52.89,975.88,5.33,1831.2,10.2,1.92,2.62,4.45,7.71,8.6,18.14,33.91,0.27,0,0,0,0,0,1
2020-09-30,12.86,88.41,1029.88,159.76,1905.2,34.0,1.76,3.49,6.25,7.17,12.33,26.05,32.26,0.528,0,0,1,2,0,1
2020-10-01,16.32,39.73,969.15,30.0,796.4,44.9,0.89,1.5,2.58,4.78,5.47,7.38,12.19,0.117,0,0,1,1,0,2
2020-10-01,30.99,18.4,1010.94,131.52,2160.6,37.2,0.6,0.74,1.16,1.41,1.88,2.57,4.8,0.05,0,0,1,1,0,2
2020-10-02,36.73,51.05,1004.53,139.12,1812.7,42.2,7.74,18.93,23.42,27.65,39.12,66.26,118.32,0.677,2,1,2,2,1,1
2020-10-02,21.14,37.54,1004.56,37.91,2395.1,12.9,4.47,9.95,18.12,31.94,40.8,78.36,172.32,0.95,0,2,1,0,0,0
2020-10-03,6.02,56.12,1025.34,89.82,848.2,31.2,3.2,7.3,11.58,21.24,30.51,74.74,156.0,0.95,0,1,2,1,0,0
2020-10-03,14.66,93.84,971.72,142.4,60.6,47.5,3.31,6.45,11.17,17.29,27.99,57.47,94.78,0.95,0,2,2,2,0,0
2020-10-04,29.17,43.09,1009.62,106.85,376.9,5.3,1.44,3.35,4.85,7.89,11.3,25.24,38.88,0.183,0,0,0,1,0,2
2020-10-04,42.57,26.59,1029.76,124.68,587.5,8.3,3.59,8.03,11.87,15.9,28.11,39.4,78.15,0.228,5,0,0,1,2,2
2020-10-04,39.51,28.99,1015.84,74.81,966.4,18.9,2.9,6.36,8.31,11.43,16.49,40.16,70.31,0.219,7,0,1,1,2,2
2020-10-05,39.57,10.86,1029.53,137.73,493.1,4.6,0.14,0.25,0.48,0.72,0.81,1.04,1.99,0.05,8,0,0,1,2,3
2020-10-06,24.4,45.82,1009.2,60.16,851.7,0.9,8.09,18.47,30.04,54.39,93.79,147.64,295.86,0.95,0,3,2,1,0,0
2020-10-06,28.85,93.47,941.44,70.42,2263.2,35.2,4.44,9.42,18.82,22.2,38.43,56.75,68.8,0.637,0,1,2,2,0,1
2020-10-06,33.77,45.79,1016.25,154.53,548.8,10.5,0.99,1.69,3.35,4.99,7.9,11.43,24.06,0.052,0,0,0,2,0,2
2020-10-06,37.14,72.36,1022.32,33.94,472.8,16.4,0.53,0.95,1.77,3.44,5.11,6.47,10.39,0.06,6,0,0,0,2,3
2020-10-07,15.41,12.92,966.5,69.15,830.4,39.7,2.18,4.56,6.96,12.57,18.23,29.41,35.42,0.147,0,0,1,1,0,1
2020-10-07,33.68,28.93,986.86,71.05,1105.3,1.8,0.28,0.48,0.88,1.12,1.48,3.37,4.36,0.05,0,0,0,1,0,3
2020-10-08,43.59,73.46,1021.76,120.73,2454.5,16.8,2.63,3.69,4.69,7.7,11.47,17.37,22.31,0.08,9,0,0,1,3,3
2020-10-09,16.17,95.06,958.22,47.41,245.7,45.5,9.98,17.48,23.18,34.17,48.78,68.09,119.94,0.95,0,2,2,1,0,0
2020-10-10,12.7,19.32,979.95,79.95,973.4,36.9,2.28,2.9,6.32,7.88,8.76,18.42,36.65,0.214,0,0,1,1,0,1
2020-10-11,44.35,53.43,1023.84,102.68,1072.1,6.7,1.36,2.02,4.27,7.16,12.42,23.1,35.44,0.06,7,0,0,1,3,3
2020-10-11,33.49,78.3,948.6,107.84,964.7,31.8,2.22,5.28,7.18,9.49,12.22,16.06,30.08,0.257,0,0,1,2,1,2
2020-10-12,13.66,32.74,970.64,18.96,556.1,40.8,4.82,11.43,23.4,42.83,49.8,102.6,150.32,0.95,0,2,3,1,0,0
2020-10-12,7.93,66.44,995.63,6.71,1170.6,48.7,5.38,12.7,19.36,33.36,39.53,93.28,149.68,0.95,0,1,3,0,0,0
2020-10-12,15.62,79.88,1005.1,48.83,2484.6,45.2,6.39,12.11,23.41,41.27,55.6,86.32,127.04,0.95,0,2,3,1,0,0
2020-10-13,46.58,83.58,982.84,158.03,1788.9,25.0,1.36,2.67,3.69,5.54,8.85,17.16,34.1,0.179,9,0,0,2,3,3
2020-10-13,46.23,50.95,994.76,104.87,1331.5,0.8,5.86,14.32,19.6,25.41,29.56,68.2,94.28,0.421,3,1,1,2,2,2
2020-10-14,27.92,91.17,969.35,3.32,1196.2,1.0,7.08,15.5,32.88,55.47,71.05,143.52,242.43,0.95,0,2,2,1,0,0
2020-10-14,17.55,53.68,1006.59,94.36,1750.4,33.5,6.38,10.42,20.18,36.47,55.75,121.27,231.12,0.95,0,2,3,1,0,0
2020-10-14,21.84,20.24,1023.28,139.43,2496.0,5.0,0.08,0.1,0.15,0.21,0.33,0.66,1.07,0.05,0,0,0,1,0,2
2020-10-14,43.28,39.48,994.87,145.82,1947.7,31.2,3.21,7.23,9.42,14.95,25.74,45.71,97.01,0.411,4,1,1,2,2,2
2020-10-14,45.83,73.61,971.04,112.34,2248.8,39.1,1.88,4.1,5.58,8.89,15.59,38.67,69.9,0.376,3,0,1,2,2,2
2020-10-14,27.32,58.86,960.34,26.49,1625.9,11.2,2.1,4.6,7.88,15.59,17.56,42.45,79.59,0.552,0,1,1,1,0,1
2020-10-15,8.04,94.24,955.9,107.09,694.3,16.8,4.2,6.07,8.53,15.02,17.68,27.09,49.78,0.723,0,1,1,2,0,1
2020-10-15,11.46,59.4,962.57,18.51,2164.3,35.9,3.95,6.26,12.48,22.86,29.81,51.7,100.53,0.853,0,1,2,1,0,0
2020-10-15,31.76,56.49,950.21,103.05,1247.6,10.6,0.73,1.2,2.08,2.85,4.74,9.79,14.46,0.061,0,0,0,2,0,2
2020-10-16,17.95,42.36,986.6,36.49,2236.7,26.4,8.65,16.61,21.1,26.82,46.19,110.13,134.47,0.929,0,1,2,1,0,0
2020-10-16,45.48,99.12,959.16,98.89,299.7,28.8,2.12,4.65,9.59,16.47,28.36,49.05,75.19,0.542,6,1,1,2,3,2
2020-10-17,37.61,43.21,940.43,3.56,1236.7,32.7,0.54,1.25,2.2,3.44,4.69,8.94,16.26,0.05,9,0,1,1,2,3
2020-10-17,12.71,83.19,1014.53,41.73,1644.0,27.3,1.64,2.61,5.28,10.13,16.21,30.04,37.16,0.537,0,0,1,0,0,1
2020-10-17,10.82,38.34,972.51,78.83,2079.9,17.2,4.84,8.09,11.65,16.5,19.44,35.64,52.1,0.431,0,0,1,1,0,1
2020-10-17,26.19,89.61,952.26,95.38,1926.3,2.2,5.17,8.71,17.16,32.54,41.03,58.68,80.49,0.723,0,1,1,2,0,0
2020-10-18,39.91,24.25,975.61,50.99,991.2,24.7,7.35,14.11,29.97,37.21,43.62,90.82,113.12,0.476,4,1,2,1,1,1
2020-10-18,10.62,17.67,1022.33,93.76,1609.3,16.1,0.66,0.87,1.44,2.7,4.02,7.45,9.84,0.05,0,0,0,1,0,2
2020-10-19,45.73,58.53,940.55,22.91,2008.4,49.9,4.16,10.0,16.42,27.47,33.5,70.08,147.83,0.821,2,1,2,1,2,1
2020-10-19,23.59,37.06,969.0,120.22,1641.2,9.1,4.89,10.91,20.26,36.74,48.87,94.14,117.49,0.733,0,1,1,2,0,0
2020-10-20,21.43,15.93,1000.33,69.7,2190.5,19.2,6.59,10.44,17.69,31.03,34.85,43.14,86.01,0.439,0,1,1,1,0,1
2020-10-20,19.42,59.01,966.28,9.5,944.1,15.9,0.09,0.19,0.39,0.62,0.87,1.54,2.09,0.115,0,0,0,1,0,2
2020-10-21,44.06,62.18,978.66,117.4,1463.1,14.7,4.8,9.13,15.28,27.18,44.55,65.24,137.13,0.785,7,1,1,2,3,1
2020-10-22,6.14,41.72,947.06,121.57,148.1,19.1,0.13,0.17,0.27,0.37,0.53,1.27,1.74,0.159,0,0,0,2,0,2
2020-10-22,8.84,34.93,969.95,148.96,2190.1,38.5,2.16,2.74,3.98,7.91,12.57,28.99,37.46,0.336,0,0,1,2,0,1
2020-10-23,17.11,41.72,993.02,74.48,1368.5,41.6,0.6,1.43,2.61,4.7,8.44,15.04,32.3,0.253,0,0,1,1,0,1
2020-10-24,24.25,90.88,976.47,120.33,2196.9,34.8,0.65,0.95,1.93,2.32,2.66,5.17,6.76,0.257,0,0,1,2,0,2
2020-10-24,40.37,55.03,976.42,52.51,824.4,45.6,6.09,8.59,13.11,25.99,33.84,67.61,128.17,0.726,2,1,2,1,1,1
2020-10-24,10.52,86.42,968.1,65.18,1951.6,23.6,2.62,6.44,9.88,12.15,13.72,20.25,43.11,0.614,0,0,1,1,0,1
2020-10-24,18.41,54.9,1019.41,33.08,347.0,29.4,1.35,3.31,4.75,5.93,8.26,15.66,23.54,0.247,0,0,1,0,0,2
2020-10-25,33.15,54.45,1011.17,146.89,1574.6,37.1,0.48,1.16,1.75,3.38,3.88,9.37,14.62,0.05,0,0,1,2,0,2
2020-10-25,38.35,16.47,970.08,43.96,259.2,8.2,1.75,2.82,4.01,6.33,11.35,25.27,32.83,0.05,3,0,0,1,1,3
2020-10-25,25.4,82.11,956.53,10.76,2347.6,29.5,20.07,37.39,58.85,65.8,73.22,174.24,378.3,0.95,0,3,3,2,0,0
2020-10-25,18.4,52.55,964.41,85.02,211.0,5.0,0.09,0.21,0.27,0.34,0.4,0.76,1.11,0.086,0,0,0,2,0,2
2020-10-26,26.36,37.86,960.69,128.88,594.8,42.6,3.28,7.92,15.06,26.77,43.31,100.19,173.91,0.95,0,2,3,3,0,0
2020-10-26,28.23,30.62,967.2,115.71,260.5,29.7,6.26,11.4,16.71,23.52,33.44,77.31,135.33,0.773,0,2,2,2,0,0
2020-10-26,22.89,19.48,964.05,35.43,456.1,30.6,1.21,2.68,5.83,6.56,9.54,14.14,25.37,0.05,0,0,1,1,0,2
2020-10-26,43.71,74.67,973.93,124.49,708.0,28.4,3.61,8.4,17.22,28.51,36.93,52.26,98.57,0.593,7,1,1,2,3,1
2020-10-27,7.35,87.36,978.43,35.86,1188.6,34.1,0.0,0.01,0.01,0.01,0.02,0.04,0.09,0.364,0,0,1,1,0,2
2020-10-27,6.01,54.61,970.91,74.81,1645.8,30.3,2.99,4.97,8.84,12.97,22.69,31.36,47.62,0.53,0,0,1,1,0,1
2020-10-27,40.63,95.85,959.27,48.16,1128.3,11.0,8.13,11.12,21.08,38.57,51.51,80.57,118.12,0.86,8,1,1,1,3,1
2020-10-28,42.73,59.4,1014.97,49.66,2060.7,33.4,1.0,1.73,2.5,4.49,6.49,13.57,29.74,0.068,8,0,1,0,3,3
2020-10-29,18.82,35.82,987.91,2.08,1924.5,38.4,1.06,1.82,3.83,5.54,9.74,20.15,38.45,0.247,0,0,1,0,0,1
2020-10-29,33.72,18.72,1023.57,45.06,2392.8,10.3,0.33,0.66,1.01,1.43,2.32,3.13,5.25,0.05,0,0,0,0,0,3
2020-10-30,44.59,94.27,990.88,1.39,118.6,25.4,1.08,2.56,4.84,6.98,11.62,21.04,41.6,0.303,6,1,1,0,3,3
2020-10-30,7.93,96.31,974.96,52.57,1884.1,19.4,1.59,2.89,5.73,8.54,13.04,18.65,24.63,0.566,0,0,1,1,0,1
2020-10-31,40.53,90.51,949.51,120.42,1484.7,13.0,8.03,17.26,25.55,49.53,59.28,82.26,179.24,0.95,9,2,2,3,3,0
2020-10-31,32.57,71.08,997.73,53.98,2416.2,19.4,0.72,1.41,2.01,3.68,4.75,9.9,21.0,0.17,0,0,0,1,0,2
2020-11-01,23.51,98.29,1025.48,151.71,560.1,7.0,0.99,2.23,2.77,4.45,6.84,14.47,25.74,0.428,0,0,0,1,0,1
2020-11-01,16.03,57.2,945.79,35.01,929.3,42.1,0.72,1.53,2.01,2.43,3.68,7.96,16.42,0.235,0,0,1,1,0,2
2020-11-01,33.45,45.87,958.14,123.57,1013.8,47.6,6.72,14.84,22.52,39.36,45.32,91.71,130.88,0.767,0,1,2,3,0,0
2020-11-02,43.28,74.32,1011.36,72.6,2426.6,6.1,0.33,0.5,0.6,0.88,1.36,2.7,4.63,0.05,7,0,0,1,3,3
2020-11-02,45.27,58.91,981.35,67.61,524.6,25.2,0.48,0.76,1.58,2.08,2.98,5.88,11.38,0.05,8,0,0,1,3,3
2020-11-02,11.06,53.78,969.83,32.43,341.7,6.9,1.35,3.1,6.55,12.58,16.78,37.54,46.39,0.468,0,1,0,1,0,1
2020-11-02,28.93,39.75,943.43,57.73,1351.3,28.7,0.26,0.6,1.0,1.41,1.96,3.4,4.63,0.05,0,0,0,2,0,2
2020-11-03,17.53,73.61,984.86,20.96,1253.6,0.4,2.36,4.91,8.96,16.24,22.51,34.31,55.84,0.565,0,0,0,1,0,1
2020-11-04,14.73,98.06,946.28,54.06,2472.2,27.0,10.08,12.14,22.68,41.88,52.5,92.16,188.85,0.95,0,2,2,2,0,0
2020-11-04,39.62,30.03,947.09,53.78,243.6,36.7,1.77,3.62,4.71,7.52,12.21,28.33,51.35,0.096,6,0,1,2,2,2
2020-11-04,45.75,22.74,1007.57,23.34,1081.4,6.4,11.44,22.9,41.19,65.68,117.13,179.57,254.01,0.95,8,3,3,1,3,1
2020-11-04,15.72,26.07,1016.28,99.64,1868.6,11.8,2.09,2.91,5.83,10.6,11.84,26.77,39.3,0.235,0,0,0,1,0,1
2020-11-06,22.78,90.09,1000.5,30.49,2023.6,46.8,1.76,2.78,4.13,5.1,7.38,15.93,33.42,0.445,0,0,1,0,0,1
2020-11-06,11.95,92.8,951.74,158.43,2454.1,45.2,2.46,4.28,8.99,14.14,17.13,24.46,40.47,0.614,0,0,2,3,0,1
2020-11-07,33.91,96.01,1026.29,31.25,950.3,35.6,10.58,15.0,30.56,36.94,61.41,101.43,147.25,0.95,0,2,2,0,1,0
2020-11-08,36.89,14.58,1011.52,91.69,1331.2,8.2,0.07,0.14,0.28,0.36,0.42,0.91,1.13,0.05,6,0,0,1,1,3
2020-11-08,35.47,49.27,1000.91,141.4,699.8,13.0,0.12,0.27,0.51,0.78,1.27,1.84,3.45,0.05,9,0,0,2,2,3
2020-11-08,39.16,25.35,1004.93,22.35,480.9,14.1,1.3,3.18,6.95,8.78,14.95,36.71,58.3,0.124,9,0,0,0,2,2
2020-11-08,35.93,53.6,941.96,35.4,1844.7,23.8,0.72,0.97,2.06,3.88,6.58,10.8,18.12,0.05,5,0,0,1,1,3
2020-11-10,14.66,88.22,1006.37,142.17,805.5,15.7,2.27,3.78,6.11,6.93,10.76,14.18,19.85,0.427,0,0,0,2,0,1
2020-11-10,15.17,34.65,973.66,94.86,1111.6,15.3,0.17,0.42,0.59,1.04,1.58,3.64,6.35,0.064,0,0,0,2,0,2
2020-11-10,24.93,86.53,948.5,146.33,689.0,7.3,1.38,2.47,4.39,7.95,11.47,20.38,31.28,0.392,0,0,0,3,0,1
2020-11-10,9.54,95.55,1007.3,33.42,136.5,30.2,8.38,20.33,41.92,48.93,78.83,126.3,170.6,0.95,0,3,3,1,0,0
2020-11-11,18.14,89.26,1016.39,84.9,1586.2,44.6,1.58,2.54,4.36,8.49,10.11,21.33,36.9,0.511,0,0,1,1,0,1
2020-11-11,32.13,57.08,941.56,75.14,2177.0,4.5,0.89,2.03,3.28,5.46,9.81,16.88,28.3,0.153,0,0,0,2,0,2
2020-11-11,41.53,70.24,999.56,25.66,1090.7,10.0,2.09,3.06,4.91,5.7,8.15,15.67,28.89,0.128,8,0,0,0,3,3
2020-11-11,27.5,97.85,1027.2,65.53,2391.5,35.2,2.74,4.16,8.15,14.81,20.53,48.81,75.24,0.716,0,1,2,0,0,1
2020-11-11,14.77,67.43,1023.9,61.5,1016.5,32.9,2.53,4.84,8.58,16.41,28.58,50.83,106.93,0.902,0,1,2,0,0,0
2020-11-11,6.48,48.48,1016.0,71.83,2494.9,25.6,0.9,1.88,3.84,7.6,10.85,16.74,28.52,0.368,0,0,1,1,0,1
2020-11-12,14.56,76.31,1020.34,103.6,2493.3,8.6,0.85,1.17,1.69,3.29,5.7,9.66,15.96,0.342,0,0,0,1,0,2
2020-11-12,24.76,55.35,991.14,140.77,511.0,39.5,0.02,0.04,0.08,0.09,0.15,0.27,0.47,0.05,0,0,1,2,0,2
2020-11-12,37.45,73.45,955.94,141.42,2260.8,5.1,8.57,12.11,18.01,34.13,57.83,99.36,190.38,0.95,6,2,2,3,2,0
2020-11-13,28.51,30.7,943.42,11.83,1197.4,5.0,5.33,8.05,15.48,17.73,24.79,45.79,93.94,0.495,0,1,0,1,0,1
2020-11-13,31.82,45.35,961.58,60.77,1369.4,21.4,2.67,3.57,7.43,13.39,19.49,31.98,47.25,0.224,0,0,1,1,0,2
2020-11-14,27.42,71.8,946.41,86.12,2185.2,3.9,2.75,5.91,11.25,18.66,24.29,52.81,69.67,0.549,0,1,1,2,0,1
2020-11-14,13.64,38.87,997.71,85.39,2105.7,48.9,0.42,0.61,1.32,2.29,3.28,5.51,7.34,0.107,0,0,1,1,0,2
2020-11-15,21.56,75.17,949.7,48.32,1495.1,19.8,3.09,7.71,9.9,18.53,32.34,59.64,88.91,0.753,0,1,1,1,0,0
2020-11-15,12.31,55.24,944.1,156.2,362.6,1.8,0.79,1.69,2.5,3.98,5.75,12.76,15.47,0.256,0,0,0,3,0,2
2020-11-15,10.99,22.75,973.44,99.65,1563.2,0.5,1.69,4.0,5.01,9.68,11.0,20.8,34.4,0.233,0,0,0,2,0,1
2020-11-16,9.9,73.84,1023.94,93.98,2130.6,24.3,2.46,3.72,7.78,9.08,15.28,24.49,45.9,0.576,0,0,1,1,0,1
2020-11-16,41.99,96.75,969.41,158.62,1102.2,15.7,0.41,0.74,1.04,1.67,1.91,3.23,6.51,0.107,9,0,0,3,3,3
2020-11-16,18.08,21.92,946.54,84.13,458.1,1.3,10.06,19.28,30.08,57.73,92.54,133.6,264.99,0.95,0,3,2,2,0,0
2020-11-17,30.22,99.81,970.57,117.05,584.0,44.0,3.5,8.21,17.2,33.88,54.8,136.2,271.38,0.95,0,2,3,2,0,0
2020-11-17,9.76,79.94,1021.46,15.83,1264.4,46.2,0.55,1.18,2.16,3.41,3.89,6.63,10.46,0.372,0,0,1,0,0,2
2020-11-18,14.4,80.27,956.81,84.6,706.6,30.7,7.6,9.27,12.08,13.59,21.86,38.77,79.04,0.784,0,1,1,2,0,0
2020-11-18,39.29,77.84,1024.99,46.32,549.2,46.3,1.31,2.04,4.05,8.03,12.23,29.17,51.66,0.341,3,0,1,0,2,2
2020-11-19,39.74,70.07,948.27,24.36,223.3,34.3,5.43,13.16,24.42,30.39,38.82,95.9,117.28,0.735,7,2,2,1,2,1
2020-11-19,11.96,94.17,944.65,17.18,537.0,15.8,4.87,6.85,13.26,19.67,24.58,35.98,51.68,0.696,0,1,1,1,0,1
2020-11-20,30.38,47.45,989.75,74.41,1557.0,7.5,2.36,5.39,8.68,11.33,12.67,26.0,55.94,0.306,0,0,0,1,0,1
2020-11-20,10.66,42.21,995.62,104.63,1448.8,4.4,2.37,4.3,8.18,16.15,18.9,46.01,90.46,0.707,0,1,1,1,0,0
2020-11-21,37.73,89.9,949.31,27.66,170.9,48.2,0.82,1.66,2.12,3.66,4.12,6.59,9.64,0.136,3,0,1,1,2,3
2020-11-21,33.14,94.39,1015.57,100.17,803.9,12.9,0.41,0.86,1.52,2.7,4.8,6.12,11.88,0.22,0,0,0,1,1,2
2020-11-21,16.03,67.08,965.59,87.08,2340.3,1.3,2.18,3.17,5.65,10.98,13.38,28.55,48.64,0.499,0,0,0,2,0,1
2020-11-22,47.84,58.37,992.22,113.56,475.1,20.1,2.64,4.42,8.36,11.25,14.95,19.04,40.49,0.083,8,0,0,2,3,3
2020-11-22,30.1,48.59,1020.33,154.44,846.7,7.0,2.99,5.38,7.92,14.04,24.44,55.95,105.37,0.644,0,1,1,2,0,0
2020-11-22,46.65,40.24,946.67,51.97,1882.5,15.8,3.22,7.22,10.91,18.24,20.11,24.19,36.32,0.05,3,0,0,2,2,3
2020-11-23,29.4,31.19,975.56,139.16,1653.3,5.3,0.42,0.89,1.42,2.44,4.22,5.88,12.02,0.05,0,0,0,2,0,2
2020-11-23,37.72,35.61,1005.32,159.14,237.7,8.5,1.28,1.56,3.28,5.14,7.98,9.69,15.91,0.05,4,0,0,2,1,3
2020-11-23,15.98,82.54,963.09,148.24,1536.1,39.2,0.6,1.08,1.67,2.72,4.79,10.99,18.93,0.379,0,0,1,3,0,1
2020-11-23,34.55,15.27,1010.07,72.52,61.5,37.1,0.12,0.25,0.4,0.65,0.86,1.3,2.83,0.05,0,0,1,1,0,3
2020-11-23,18.51,91.49,950.39,158.07,2075.7,37.3,2.96,5.85,7.13,9.05,14.31,19.7,27.45,0.455,0,0,1,3,0,1
2020-11-24,27.15,73.19,940.95,49.02,184.4,14.2,0.55,1.23,1.81,3.53,5.49,9.82,17.24,0.209,0,0,0,2,0,2
2020-11-24,10.08,64.05,968.17,9.34,577.6,6.0,0.64,1.13,2.13,3.74,4.59,5.71,9.79,0.285,0,0,0,1,0,2
2020-11-24,46.7,32.92,952.69,91.88,498.1,24.5,4.3,8.64,16.35,23.97,31.48,49.33,108.21,0.419,9,1,1,2,3,2
2020-11-25,11.88,61.46,1025.6,64.96,682.0,32.8,6.47,9.4,15.95,19.88,28.32,45.79,82.5,0.739,0,1,2,1,0,0
2020-11-26,44.01,45.55,945.5,97.3,1985.2,4.7,0.45,0.74,1.55,2.64,4.25,8.05,12.62,0.05,8,0,0,2,3,3
2020-11-26,10.73,67.6,952.68,140.29,510.9,24.4,0.62,1.35,1.87,2.61,4.51,7.04,9.77,0.296,0,0,0,3,0,2
2020-11-28,37.89,93.74,993.34,115.08,2027.2,17.9,1.26,2.2,4.17,7.67,11.27,23.33,28.25,0.278,1,0,0,2,1,2
2020-11-28,16.23,32.18,942.78,108.01,2297.4,20.4,0.81,1.55,3.29,6.09,9.82,24.28,42.19,0.28,0,0,0,2,0,1
2020-11-29,37.72,51.13,976.81,56.18,14.2,34.5,0.12,0.24,0.45,0.53,0.93,1.7,2.16,0.05,5,0,0,1,2,3
2020-11-29,38.6,41.98,951.44,137.05,659.4,26.6,3.19,4.97,6.31,10.11,13.59,22.12,48.24,0.145,5,0,1,3,2,2
2020-11-29,7.31,62.16,987.19,67.08,217.5,26.4,16.03,21.03,41.69,81.27,121.75,227.19,340.19,0.95,0,3,3,1,0,0
2020-11-29,14.46,77.32,998.85,16.18,2401.4,26.7,2.22,3.39,5.0,9.99,11.1,24.44,46.9,0.555,0,0,1,0,0,1
2020-11-30,41.56,28.32,1001.61,77.89,1853.6,21.3,1.76,2.52,3.97,7.06,9.45,21.64,34.1,0.05,7,0,0,1,2,3
2020-11-30,33.75,77.77,944.04,90.97,451.1,23.9,11.84,22.79,28.21,35.15,58.62,140.27,270.16,0.95,0,2,2,2,1,0
2020-11-30,24.37,88.74,1028.04,47.04,1461.2,37.2,13.74,24.7,30.14,49.1,54.14,93.81,173.95,0.95,0,2,2,1,0,0
2020-12-01,9.38,95.53,1019.67,19.25,1251.7,42.2,2.34,3.25,6.94,9.39,14.66,30.18,45.92,0.69,0,0,2,0,0,1
2020-12-01,41.33,76.72,945.75,132.95,1446.1,10.7,2.71,6.69,10.11,13.98,22.57,43.29,83.97,0.53,8,1,1,3,3,2
2020-12-02,5.97,13.56,972.25,56.6,1374.7,32.9,1.66,2.67,3.54,6.57,9.25,11.49,21.16,0.149,0,0,1,1,0,2
2020-12-02,40.33,12.0,997.27,96.18,238.0,12.1,14.12,21.7,33.83,48.36,56.93,137.39,287.08,0.95,6,3,2,2,2,0
2020-12-02,34.37,92.1,965.63,151.39,1784.6,26.3,6.21,8.59,12.23,20.11,32.12,77.79,110.05,0.85,0,1,2,3,1,0
2020-12-03,9.8,24.39,1013.74,88.67,1614.3,5.0,0.26,0.46,0.92,1.62,2.7,6.3,10.18,0.092,0,0,0,1,0,2
2020-12-03,8.18,58.97,989.31,60.87,647.1,13.0,1.21,1.87,2.56,3.71,4.7,7.01,10.47,0.283,0,0,0,1,0,2
2020-12-03,6.7,27.24,956.29,12.39,167.9,11.8,1.11,2.44,3.31,6.29,9.85,21.09,43.63,0.36,0,1,0,1,0,1
2020-12-04,20.03,75.46,949.43,71.21,2124.9,31.3,6.34,15.51,28.18,54.13,92.17,133.09,176.39,0.95,0,2,3,2,0,0
2020-12-04,6.93,62.58,1008.42,55.04,1084.4,35.1,1.17,2.04,3.78,5.62,6.78,8.25,11.41,0.32,0,0,1,0,0,2
2020-12-05,19.2,41.0,1025.99,148.26,2299.0,1.8,2.15,2.81,4.48,8.21,12.32,30.51,47.25,0.328,0,0,0,1,0,1
2020-12-05,23.59,21.84,1010.55,120.49,768.8,45.2,3.31,5.3,9.84,12.97,14.96,24.1,50.7,0.211,0,0,1,1,0,1
2020-12-05,7.48,30.09,990.12,3.89,515.1,21.0,1.97,2.59,4.56,7.78,8.61,16.55,31.16,0.283,0,0,0,0,0,1
2020-12-06,23.65,55.23,973.24,96.63,2083.2,14.3,2.01,3.68,6.46,8.61,11.93,16.43,22.68,0.191,0,0,0,2,0,2
2020-12-06,42.95,17.93,980.42,135.32,1283.5,43.9,9.4,22.61,37.81,61.71,101.8,221.79,449.8,0.95,7,3,3,3,2,0
2020-12-06,18.4,19.52,975.64,135.88,487.4,8.2,1.1,2.02,4.22,6.66,11.89,15.04,29.17,0.108,0,0,0,2,0,2
2020-12-07,8.68,47.96,940.99,76.31,86.1,42.6,0.87,1.46,2.32,3.05,4.17,6.17,13.11,0.24,0,0,1,2,0,2
2020-12-07,21.91,21.57,950.86,119.77,1444.0,14.6,1.74,2.65,5.45,7.24,8.6,15.15,25.79,0.061,0,0,0,2,0,2
2020-12-07,24.79,36.66,988.13,155.34,957.9,42.3,4.89,8.37,17.73,33.14,57.17,108.87,149.98,0.935,0,2,3,2,0,0
2020-12-07,22.91,77.99,958.46,113.8,1077.3,10.7,6.06,10.18,12.73,16.64,29.65,41.1,71.04,0.634,0,1,1,2,0,1
2020-12-08,12.82,85.65,1001.36,32.79,902.6,35.0,2.04,2.91,5.76,7.45,12.54,27.62,48.84,0.626,0,0,1,0,0,1
2020-12-08,28.44,66.45,1019.63,159.13,310.8,16.3,2.41,5.58,11.28,13.33,19.86,32.67,40.5,0.318,0,0,1,2,0,1
2020-12-09,34.74,91.11,982.14,37.13,760.8,39.9,0.98,2.2,3.08,5.49,6.64,10.16,21.38,0.251,0,0,1,1,1,2
2020-12-09,25.68,87.71,943.24,41.94,1058.9,47.5,0.02,0.03,0.05,0.07,0.11,0.27,0.46,0.185,0,0,1,1,0,2
2020-12-09,22.29,56.74,1002.74,96.24,1468.9,41.1,5.05,11.29,23.34,33.66,41.23,83.02,136.22,0.95,0,1,2,1,0,0
2020-12-10,39.3,27.14,969.29,159.52,732.5,33.3,5.45,8.06,11.85,20.54,31.99,42.87,82.95,0.296,4,1,1,3,1,2
2020-12-10,31.66,85.32,973.6,35.79,501.6,38.4,0.46,1.09,1.78,2.5,4.13,9.54,13.17,0.198,0,0,1,1,0,2
2020-12-11,22.68,45.96,948.9,156.29,648.5,30.6,10.6,13.69,29.88,43.28,61.42,143.2,247.08,0.95,0,2,3,3,0,0
2020-12-11,46.02,18.54,944.77,57.34,1170.8,17.3,3.11,4.19,5.79,9.92,14.59,24.37,42.23,0.05,7,0,0,2,3,3
2020-12-11,15.74,45.92,969.21,51.44,545.2,29.0,3.46,8.03,12.24,16.08,23.66,50.31,98.53,0.729,0,1,1,1,0,0
2020-12-12,37.21,87.29,982.41,76.04,134.5,24.5,0.19,0.25,0.36,0.71,0.84,1.93,4.12,0.092,8,0,0,1,2,3
2020-12-12,10.83,95.79,989.15,71.97,2043.6,15.0,1.29,2.38,3.8,4.27,7.31,14.16,18.33,0.493,0,0,0,1,0,1
2020-12-13,35.63,58.07,996.39,139.66,2108.3,0.6,0.54,0.78,1.0,1.29,1.66,2.85,3.47,0.05,2,0,0,2,1,3
2020-12-13,18.9,19.21,971.29,119.8,683.9,13.6,2.39,3.54,4.27,7.74,13.92,28.07,56.22,0.282,0,0,0,2,0,1
2020-12-14,13.54,37.46,977.36,150.15,222.3,7.1,0.51,0.84,1.04,1.26,1.71,2.43,4.25,0.08,0,0,0,2,0,2
2020-12-15,36.35,68.04,1020.01,111.3,1254.6,37.6,1.18,1.9,3.07,6.11,9.2,17.05,29.35,0.172,3,0,1,1,1,2
2020-12-15,9.08,36.46,953.76,116.89,1316.5,16.5,2.78,5.72,10.73,17.97,23.81,57.03,82.29,0.64,0,1,1,2,0,0
2020-12-15,20.45,63.64,1004.17,15.53,719.7,3.4,7.23,12.2,18.0,28.08,32.39,57.05,77.37,0.63,0,1,1,0,0,0
2020-12-15,16.12,31.71,982.47,115.01,1439.5,40.4,5.76,12.33,26.07,29.63,36.71,56.07,94.41,0.627,0,1,2,2,0,0
2020-12-16,26.42,38.36,1004.5,118.39,1298.3,3.7,0.94,1.46,2.96,3.61,4.43,7.65,14.96,0.05,0,0,0,1,0,2
2020-12-16,8.46,23.76,999.56,38.46,1372.4,0.3,4.42,9.0,16.13,24.68,42.43,67.12,142.47,0.95,0,1,1,1,0,0
2020-12-16,45.88,25.51,947.2,64.39,1168.9,23.0,9.0,21.29,34.33,58.26,100.02,126.47,275.43,0.95,3,3,3,2,2,1
2020-12-16,19.37,67.69,965.1,92.06,1088.0,49.9,2.6,4.89,8.15,9.57,12.52,30.42,66.38,0.587,0,0,2,2,0,1
2020-12-17,26.73,22.02,995.17,99.84,987.9,48.5,0.04,0.09,0.15,0.27,0.43,0.96,1.2,0.05,0,0,1,1,0,2
2020-12-17,30.3,77.47,974.31,146.73,1636.0,20.0,0.64,1.06,1.62,2.9,4.99,12.03,25.4,0.254,0,0,0,2,0,2
2020-12-17,34.26,74.32,999.86,57.26,1889.4,16.0,2.32,3.14,6.7,8.52,14.79,31.24,51.75,0.374,0,0,1,1,1,2
2020-12-18,18.08,59.84,942.94,69.38,2157.2,35.0,0.57,0.88,1.58,1.98,3.12,6.06,8.25,0.173,0,0,1,2,0,2
2020-12-19,37.91,28.61,971.72,43.46,1161.9,10.6,1.91,4.1,6.37,12.35,21.35,37.45,78.55,0.288,2,0,0,1,1,2
2020-12-19,30.18,39.81,949.14,50.32,272.1,2.3,2.96,3.7,5.59,6.54,11.2,24.12,45.61,0.201,0,0,0,1,0,2
2020-12-19,27.8,87.11,961.74,107.59,1354.0,25.1,0.6,1.49,2.75,3.13,5.1,10.85,22.3,0.306,0,0,1,2,0,2
2020-12-21,36.46,68.94,983.17,157.71,649.3,37.3,0.43,0.58,1.06,1.58,2.12,4.9,6.19,0.05,5,0,1,2,2,3
2020-12-22,10.73,63.11,951.04,156.1,1474.4,39.4,11.04,23.48,30.46,34.87,58.21,97.96,173.83,0.95,0,2,3,3,0,0
2020-12-22,46.13,13.4,1020.52,151.44,2013.4,24.4,0.42,0.71,1.27,1.54,2.7,6.52,13.86,0.05,4,0,0,1,2,3
2020-12-22,47.1,30.79,947.11,105.87,1252.1,30.9,5.65,6.87,9.46,16.37,18.5,36.84,48.5,0.05,7,0,1,2,3,3
2020-12-23,27.51,13.69,996.42,113.5,627.1,33.8,1.62,2.56,3.14,5.9,7.81,13.12,23.79,0.05,0,0,1,1,0,2
2020-12-23,32.21,70.68,1019.13,130.44,728.1,28.8,0.01,0.03,0.04,0.06,0.11,0.13,0.19,0.05,0,0,0,1,0,3
2020-12-24,9.43,71.58,1006.94,127.67,2014.2,46.5,1.85,3.71,5.98,8.25,14.83,20.26,27.62,0.448,0,0,1,1,0,1
2020-12-24,40.08,74.83,960.07,80.11,1577.3,11.1,5.92,14.73,25.3,34.3,39.03,63.36,94.26,0.602,1,1,1,2,1,1
2020-12-24,11.95,79.11,1014.52,103.62,1198.6,39.8,6.43,9.51,20.24,37.9,63.44,98.13,146.13,0.95,0,2,3,1,0,0
2020-12-25,45.81,34.23,961.48,104.03,2288.3,20.2,4.41,6.55,14.06,22.74,28.26,67.5,87.02,0.293,4,0,1,2,2,2
2020-12-25,37.84,96.19,1017.18,147.3,2385.8,3.4,1.09,2.18,4.36,8.11,12.03,17.07,24.84,0.268,1,0,0,2,1,2
2020-12-25,31.21,56.1,942.54,115.43,1781.9,37.7,1.76,2.29,3.02,4.63,7.65,17.5,37.22,0.217,0,0,1,2,0,2
2020-12-26,38.25,82.54,976.78,88.26,1541.2,46.4,1.08,1.55,2.06,3.56,5.98,14.83,22.71,0.182,2,0,1,1,1,2
2020-12-27,12.06,46.76,952.91,72.3,359.0,13.3,0.49,1.13,1.62,3.08,3.63,6.62,11.67,0.191,0,0,0,2,0,2
2020-12-27,14.29,24.93,1001.69,17.05,1402.8,47.6,1.05,2.31,3.19,4.06,4.58,8.97,17.72,0.1,0,0,1,0,0,2
2020-12-28,32.29,73.22,958.19,45.47,763.8,14.6,2.47,4.47,7.64,8.54,12.01,29.16,62.73,0.461,0,0,1,1,0,1
2020-12-28,43.29,46.95,976.99,78.43,2110.1,10.9,0.11,0.22,0.35,0.6,0.69,1.29,2.15,0.05,1,0,0,1,2,3
2020-12-28,47.43,11.89,995.3,24.62,76.6,38.2,0.05,0.09,0.13,0.25,0.3,0.71,1.17,0.05,5,0,1,0,2,3
2020-12-29,16.81,33.69,1018.16,16.52,1668.7,32.8,2.13,3.87,7.49,13.57,15.44,32.58,60.58,0.404,0,0,1,0,0,1
2020-12-30,12.45,61.95,956.94,159.83,290.0,15.3,0.79,1.33,2.25,3.91,6.22,13.23,22.08,0.332,0,0,0,3,0,1
2020-12-30,35.91,86.19,961.64,144.89,1289.6,18.1,2.48,4.58,6.81,7.66,8.77,14.38,27.18,0.253,7,0,0,3,2,2
2020-12-30,6.59,25.13,998.36,59.78,1000.0,15.0,5.32,9.38,14.71,17.05,23.72,57.38,110.09,0.794,0,1,1,1,0,0
2020-12-31,25.47,52.37,961.39,77.05,760.2,9.8,1.99,4.08,5.97,10.26,12.32,25.23,45.45,0.31,0,0,0,2,0,1
2020-12-31,37.3,46.34,959.36,93.02,2137.3,6.8,1.26,2.54,3.23,4.1,5.19,11.94,14.44,0.05,9,0,0,2,2,3
2021-01-01,32.48,86.37,1026.42,59.71,251.2,39.9,3.11,3.99,7.19,10.12,11.44,16.98,22.66,0.258,0,0,1,0,0,2
2021-01-01,15.49,66.54,983.69,77.81,409.8,16.2,6.48,8.95,13.67,15.94,28.41,51.39,111.48,0.921,0,1,1,1,0,0
2021-01-02,12.16,96.89,1019.13,62.45,1035.9,10.7,4.72,8.22,13.83,15.59,26.03,41.67,53.15,0.717,0,1,1,1,0,1
2021-01-02,16.08,76.99,952.43,34.96,1300.7,43.5,11.14,15.05,26.94,40.43,69.05,100.97,175.77,0.95,0,2,3,1,0,0
2021-01-03,12.8,46.42,1015.08,45.1,1250.6,12.3,1.05,1.38,1.87,2.18,2.72,5.27,10.85,0.176,0,0,0,0,0,2
2021-01-04,20.0,53.78,989.09,27.12,2070.3,6.7,0.74,1.1,1.96,2.24,3.15,7.58,11.02,0.142,0,0,0,0,0,2
2021-01-04,36.86,19.55,1002.8,101.05,1413.3,6.1,2.94,4.31,8.69,14.62,24.9,56.06,111.65,0.473,1,1,1,1,1,1
2021-01-04,36.49,21.47,976.59,139.47,2413.9,33.6,0.67,1.04,1.42,1.65,1.89,3.47,6.98,0.05,6,0,0,2,1,3
2021-01-05,43.62,31.53,1023.51,1.55,1474.2,5.7,2.96,5.22,10.32,14.15,16.71,41.07,74.93,0.221,1,0,0,0,1,2
2021-01-07,21.85,79.74,1012.01,81.78,1469.1,35.3,1.83,2.22,4.28,6.39,7.89,19.11,33.61,0.404,0,0,1,1,0,1
2021-01-07,24.21,52.27,1023.04,75.6,2052.4,29.1,10.15,14.65,29.57,38.99,55.45,89.82,146.48,0.95,0,2,2,1,0,0
2021-01-07,6.79,75.44,1018.88,97.1,853.5,8.9,6.21,10.84,18.85,32.96,44.04,77.76,158.44,0.95,0,2,1,1,0,0
2021-01-08,28.16,71.48,956.82,13.47,1806.3,20.6,9.55,19.47,41.72,75.01,83.23,198.82,351.36,0.95,0,3,3,1,0,0
2021-01-08,33.6,61.04,1025.02,102.46,263.9,5.0,0.15,0.24,0.3,0.46,0.79,1.71,3.52,0.05,0,0,0,1,0,3
2021-01-09,13.05,55.22,979.19,16.41,2119.1,45.0,3.52,8.55,11.99,23.54,34.42,47.83,80.15,0.68,0,1,2,1,0,0
2021-01-09,15.34,52.33,1005.69,97.75,746.2,11.9,0.94,1.7,3.09,6.15,9.35,14.64,20.55,0.245,0,0,0,1,0,2
2021-01-10,28.83,88.04,1000.61,15.23,402.5,13.9,10.17,17.38,29.71,37.62,49.91,84.36,168.86,0.95,0,2,2,0,0,0
2021-01-10,27.25,32.66,966.81,11.25,2441.6,36.9,5.68,13.04,28.6,55.21,93.99,226.08,277.31,0.95,0,3,3,1,0,0
2021-01-10,15.61,45.47,941.21,119.63,782.6,16.2,0.04,0.09,0.14,0.21,0.33,0.58,0.95,0.078,0,0,0,3,0,2
2021-01-11,13.32,39.94,1029.09,6.0,2310.1,1.8,7.74,10.09,14.61,22.85,39.24,50.22,97.6,0.717,0,1,1,0,0,0
2021-01-11,8.96,86.74,953.64,75.27,1783.1,21.5,2.13,3.7,5.35,7.44,13.35,24.91,54.76,0.709,0,0,1,2,0,1
2021-01-12,30.76,92.19,978.28,129.28,15.1,10.9,6.47,8.07,15.22,27.28,39.06,58.54,124.37,0.95,0,2,1,2,0,0
2021-01-12,41.07,80.72,973.25,146.45,825.9,43.6,0.62,0.78,1.66,1.88,2.13,3.85,5.94,0.05,2,0,1,2,2,3
2021-01-12,25.78,54.42,958.17,130.52,771.9,28.9,2.93,7.1,9.14,12.4,21.86,28.22,41.15,0.289,0,0,1,3,0,1
2021-01-12,30.68,60.77,952.31,38.8,2314.4,45.2,0.16,0.29,0.46,0.62,0.81,1.63,3.25,0.05,0,0,1,1,0,2
2021-01-13,20.64,67.37,949.23,36.43,1938.0,46.2,1.32,3.29,5.13,7.02,12.02,21.18,39.22,0.392,0,0,1,1,0,1
2021-01-14,23.01,30.71,992.7,84.93,392.0,2.6,2.13,4.05,5.5,6.88,11.95,14.48,18.02,0.05,0,0,0,1,0,2
2021-01-14,8.81,52.47,1012.97,142.25,1357.1,40.8,3.9,6.7,9.54,18.34,30.9,44.34,86.63,0.752,0,1,2,2,0,0
2021-01-15,28.66,32.73,989.76,67.22,2299.2,43.8,0.98,2.1,3.02,3.55,5.15,12.53,18.12,0.05,0,0,1,1,0,2
2021-01-15,7.29,38.68,972.3,60.27,491.9,49.4,3.45,4.24,8.22,11.24,16.5,22.63,28.71,0.312,0,0,1,1,0,1
2021-01-15,39.2,98.52,999.49,81.24,1059.7,45.0,0.71,1.4,2.99,5.04,6.91,13.24,24.23,0.262,7,0,1,1,3,2
2021-01-15,37.72,92.82,955.74,121.67,1929.7,0.9,2.01,2.9,4.57,6.29,8.23,16.88,24.69,0.251,2,0,0,2,1,2
2021-01-15,36.71,35.43,947.79,63.13,224.1,30.5,10.35,14.2,26.43,30.97,55.59,79.86,153.61,0.834,9,2,2,2,2,0
2021-01-16,18.76,15.38,1029.88,8.86,2007.6,42.9,0.49,1.09,2.12,3.98,6.31,8.26,13.12,0.05,0,0,1,0,0,2
2021-01-16,45.26,20.06,1013.21,42.51,1140.1,21.7,0.39,0.76,1.38,2.4,4.01,7.87,12.73,0.05,7,0,0,0,3,3
2021-01-16,44.59,31.81,979.72,62.15,234.6,26.8,1.46,2.85,5.25,9.13,12.75,28.77,39.94,0.05,4,0,1,1,2,3
2021-01-16,16.56,77.36,1007.51,28.51,1890.4,45.8,1.54,2.43,4.55,5.12,7.9,14.09,28.26,0.41,0,0,1,0,0,1
2021-01-17,22.99,73.92,1025.28,135.05,166.7,36.0,1.99,4.83,6.54,8.05,12.18,23.75,44.17,0.434,0,1,1,1,0,1
2021-01-17,20.26,52.1,1025.06,10.08,520.3,17.0,0.84,1.73,3.03,3.33,5.7,11.69,18.8,0.183,0,0,0,0,0,2
2021-01-17,32.15,11.26,958.85,18.12,696.1,8.6,1.09,2.23,3.32,5.2,7.91,15.9,24.13,0.05,0,0,0,1,0,2
2021-01-17,29.07,97.38,979.02,133.1,2040.5,11.0,8.1,12.68,24.26,35.06,43.66,60.2,76.75,0.708,0,1,1,2,0,1
2021-01-18,33.92,78.57,1010.29,113.42,2357.8,39.6,0.09,0.14,0.2,0.22,0.37,0.79,1.46,0.063,0,0,1,1,1,3
2021-01-18,47.9,32.83,995.54,136.57,664.6,1.9,6.75,14.24,17.82,28.82,43.11,53.61,72.92,0.171,5,1,0,2,3,3
2021-01-18,15.46,13.37,990.75,73.78,1372.1,12.3,6.17,14.51,24.93,49.15,73.54,132.28,194.23,0.95,0,2,2,1,0,0
2021-01-18,21.99,94.46,976.74,70.26,1841.1,34.9,0.11,0.17,0.35,0.51,0.72,1.26,1.81,0.264,0,0,1,1,0,2
2021-01-18,41.11,73.19,976.01,75.13,1874.0,13.7,1.8,4.34,9.06,13.92,20.01,48.04,77.94,0.474,5,0,1,1,2,2
2021-01-18,36.31,85.25,953.86,124.77,842.2,23.2,0.7,1.4,1.68,2.63,4.25,8.1,17.78,0.182,6,0,0,2,2,2
2021-01-19,19.25,34.71,1006.1,28.18,920.6,25.0,5.78,11.08,13.84,21.72,34.0,61.47,107.11,0.695,0,1,1,0,0,0
2021-01-20,35.92,85.83,978.35,3.52,570.4,11.6,4.0,7.74,15.51,29.28,41.52,93.9,179.35,0.95,3,2,2,0,1,0
2021-01-21,43.0,96.31,958.08,95.53,1504.5,23.9,6.88,11.51,23.34,43.21,55.91,121.91,262.09,0.95,5,2,2,2,3,0
2021-01-21,41.16,56.64,1002.74,99.63,931.0,23.8,4.74,7.41,13.95,18.15,21.22,42.84,84.58,0.435,3,0,1,1,2,2
2021-01-21,37.47,46.95,946.5,1.29,1337.4,20.7,0.42,0.74,1.03,1.18,1.39,2.69,5.53,0.05,6,0,0,1,2,3
2021-01-21,8.25,63.17,972.15,34.1,1728.3,11.9,2.11,4.97,8.94,12.86,22.76,55.31,91.89,0.846,0,1,1,1,0,0
2021-01-22,28.1,52.77,983.17,125.26,335.7,35.2,1.12,1.36,2.0,3.01,4.19,10.21,13.59,0.073,0,0,1,2,0,2
2021-01-22,26.8,75.24,979.36,147.55,597.9,32.6,17.61,31.59,54.3,72.27,110.61,218.54,379.36,0.95,0,3,3,3,0,0
2021-01-22,14.49,65.05,981.63,20.73,269.1,19.2,3.45,8.57,15.32,23.1,39.44,73.23,98.64,0.838,0,1,2,1,0,0
2021-01-22,25.69,36.52,952.33,118.93,348.9,32.2,0.37,0.47,0.82,1.55,2.29,4.34,8.89,0.05,0,0,0,2,0,2
2021-01-22,40.37,92.36,1026.09,86.32,2008.5,15.4,3.41,6.5,9.18,15.13,17.94,42.05,70.1,0.525,8,0,1,1,3,2
2021-01-23,21.2,88.19,987.09,32.73,79.5,29.7,0.04,0.09,0.12,0.22,0.37,0.92,1.77,0.241,0,0,0,0,0,2
2021-01-23,38.7,10.53,1013.03,52.75,677.3,35.8,0.88,1.63,2.25,3.2,4.11,10.21,13.24,0.05,2,0,1,0,1,3
2021-01-23,5.86,78.07,976.36,136.1,123.2,49.3,5.08,8.43,12.82,22.28,38.84,96.91,212.09,0.95,0,2,3,2,0,0
2021-01-23,31.36,51.82,954.5,137.45,197.0,8.9,3.02,5.82,8.11,10.95,12.4,24.01,35.09,0.179,0,0,0,3,0,2
2021-01-24,45.11,49.19,954.38,56.11,2058.1,1.8,0.55,1.15,1.53,2.47,4.16,6.41,10.29,0.05,6,0,0,1,3,3
2021-01-25,35.19,84.83,980.71,126.92,1932.7,19.4,7.69,10.45,12.85,19.45,22.69,33.29,69.99,0.539,5,1,1,2,2,1
2021-01-25,15.43,62.86,1012.96,76.98,1166.4,7.5,1.65,3.29,6.53,11.1,19.92,32.94,65.79,0.599,0,1,1,1,0,1
2021-01-27,44.1,19.5,959.33,127.38,2230.1,19.0,3.0,6.21,8.15,13.52,16.58,35.15,52.6,0.05,5,0,0,2,2,3
2021-01-27,34.62,14.86,983.7,151.43,1523.4,1.4,1.61,2.25,4.95,8.13,14.19,21.2,42.11,0.05,0,0,0,2,0,2
2021-01-27,36.5,15.46,1013.35,109.63,2091.9,22.5,2.28,2.84,6.1,7.86,9.71,18.02,35.89,0.05,9,0,0,1,2,2
2021-01-27,27.55,96.2,986.81,9.38,1443.8,3.3,6.01,12.98,16.06,29.15,42.66,84.44,151.71,0.95,0,1,1,0,0,0
2021-01-28,12.92,38.61,1012.88,41.03,1554.4,37.0,4.28,10.49,13.55,16.84,24.72,37.18,69.69,0.528,0,1,1,0,0,1
2021-01-28,14.77,40.32,963.9,130.35,2200.4,25.5,10.2,23.76,50.27,79.49,97.21,175.41,360.71,0.95,0,3,3,3,0,0
2021-01-28,9.19,41.82,961.66,1.77,831.6,31.5,5.29,11.98,20.52,28.26,45.75,78.5,138.25,0.95,0,1,2,1,0,0
2021-01-28,28.76,40.88,1015.87,156.9,2104.0,7.1,5.61,11.01,13.91,17.51,27.76,60.73,126.91,0.763,0,1,1,2,0,0
2021-01-29,17.12,49.54,964.81,103.02,1747.8,2.6,5.68,7.32,10.42,19.31,34.33,76.73,162.96,0.95,0,1,1,2,0,0
2021-01-29,6.57,66.52,1012.03,25.7,2038.1,26.2,2.79,5.26,7.38,13.1,19.47,26.11,49.49,0.597,0,0,1,0,0,1
2021-01-29,46.65,95.55,1006.95,88.15,158.8,37.4,6.55,9.75,20.14,34.84,40.07,68.08,149.77,0.95,5,2,2,1,3,1
2021-01-30,6.08,10.9,1026.96,150.55,453.7,17.1,0.18,0.25,0.42,0.6,1.02,2.25,4.03,0.05,0,0,0,1,0,2
2021-01-31,7.88,56.08,971.37,153.08,1384.7,45.8,3.15,7.35,10.63,14.95,20.21,35.27,44.76,0.5,0,0,2,3,0,1
2021-02-01,30.95,87.5,1004.1,64.56,185.0,6.5,0.17,0.37,0.57,1.11,1.28,2.07,3.01,0.148,0,0,0,1,0,2
2021-02-01,43.96,37.1,963.21,151.53,2255.6,15.9,0.33,0.62,0.95,1.44,1.93,3.59,5.89,0.05,1,0,0,3,2,3
2021-02-03,39.76,31.21,988.92,152.05,1637.3,16.9,3.5,8.59,17.8,23.89,36.16,58.95,79.66,0.29,3,1,1,2,1,2
2021-02-03,23.77,11.15,1005.88,28.05,2007.1,21.0,8.21,16.67,23.33,32.53,50.79,126.56,259.03,0.95,0,2,2,0,0,0
2021-02-04,34.78,50.71,1010.71,46.43,68.3,19.5,5.84,11.53,16.71,19.78,24.88,43.58,85.74,0.477,0,1,1,0,0,1
2021-02-04,6.48,78.08,989.94,76.17,1167.1,36.3,5.61,7.56,11.47,22.31,29.16,38.84,76.47,0.835,0,1,2,1,0,0
2021-02-05,20.58,32.57,973.2,158.99,968.5,9.7,1.64,2.29,3.87,4.57,7.23,14.44,24.8,0.122,0,0,0,3,0,2
2021-02-05,11.14,76.63,983.63,13.7,21.3,9.9,0.06,0.15,0.28,0.35,0.59,1.12,1.82,0.284,0,1,0,0,0,2
2021-02-06,40.95,34.98,1001.58,149.54,956.5,1.8,0.47,0.87,1.41,1.85,3.11,4.23,7.68,0.05,3,0,0,2,2,3
2021-02-07,23.61,14.09,985.24,32.61,362.5,24.8,0.89,2.15,4.35,7.23,9.09,14.71,26.89,0.05,0,0,0,1,0,2
2021-02-07,23.5,59.71,963.92,57.13,2319.9,2.4,7.55,17.44,33.53,58.08,103.34,191.57,250.07,0.95,0,3,2,2,0,0
2021-02-08,10.87,70.76,941.92,117.66,2256.8,0.5,1.58,2.66,5.43,10.34,14.4,31.82,40.08,0.512,0,0,0,3,0,1
2021-02-08,38.19,27.66,972.31,33.63,1414.8,18.1,4.37,10.16,17.81,29.06,36.08,52.47,91.31,0.365,7,1,1,1,2,1
2021-02-08,15.61,95.78,968.47,150.58,2446.8,8.7,0.44,0.55,0.73,1.46,1.83,2.83,4.65,0.354,0,0,0,2,0,2
2021-02-08,27.74,57.45,976.66,0.7,1489.9,17.4,4.48,8.67,15.19,26.95,39.09,52.12,83.07,0.564,0,1,1,0,0,1
2021-02-09,38.34,58.86,1015.15,28.58,551.6,44.4,4.19,6.89,9.72,13.91,24.72,48.02,80.17,0.445,7,1,2,0,2,1
2021-02-10,47.87,97.42,996.47,73.06,80.3,43.3,0.44,1.03,1.25,1.99,3.34,7.44,12.33,0.091,8,0,1,1,3,3
2021-02-11,20.45,62.99,997.1,45.86,1735.7,10.6,0.99,1.44,1.87,3.7,5.17,6.41,13.04,0.197,0,0,0,1,0,2
2021-02-11,47.34,88.67,973.32,87.16,1924.3,5.8,5.36,11.28,18.5,24.81,39.23,82.66,136.94,0.883,1,1,1,2,2,1
2021-02-11,6.89,97.63,963.86,58.62,1354.7,46.4,4.74,7.77,11.34,16.66,19.86,28.48,47.32,0.735,0,1,2,1,0,1
2021-02-12,37.94,70.68,993.84,10.03,1834.0,5.0,0.15,0.23,0.47,0.68,0.91,1.63,2.27,0.05,5,0,0,0,2,3
2021-02-12,40.22,20.82,971.45,128.75,1070.5,34.8,3.22,7.9,15.5,26.54,31.55,67.22,100.59,0.373,5,1,1,2,2,1
2021-02-13,36.19,28.41,1029.92,45.21,1908.3,26.7,8.82,10.8,22.16,41.19,55.64,118.68,150.82,0.786,1,2,2,0,1,0
2021-02-14,36.11,35.44,1000.14,38.45,1197.7,21.2,1.07,2.47,3.59,4.87,5.76,10.33,16.62,0.05,3,0,0,0,1,3
2021-02-14,22.35,72.85,1020.51,64.06,246.7,10.8,0.16,0.24,0.48,0.92,1.4,2.37,4.46,0.17,0,0,0,0,0,2
2021-02-16,15.49,23.25,1003.36,72.4,162.8,2.1,5.79,11.07,23.96,28.64,39.84,71.04,114.86,0.727,0,2,1,1,0,0
2021-02-16,45.91,73.88,1017.22,33.95,2339.3,43.6,2.7,5.8,7.32,11.02,12.62,16.13,31.14,0.118,8,0,1,0,3,3
2021-02-16,15.37,81.47,977.5,121.76,2179.4,11.0,4.89,11.63,22.52,25.7,45.19,68.6,106.67,0.95,0,1,1,2,0,0
2021-02-17,27.0,69.92,945.78,118.7,961.0,5.9,6.22,12.2,25.89,28.76,35.47,58.37,98.21,0.734,0,1,1,3,0,0
2021-02-17,6.29,93.61,1024.47,0.4,821.8,23.6,2.59,5.48,11.26,19.91,24.4,38.33,67.63,0.856,0,1,1,0,0,0
2021-02-17,6.7,12.11,994.12,37.5,1620.8,10.3,5.62,11.41,17.62,26.92,34.44,46.73,65.05,0.427,0,1,1,1,0,1
2021-02-18,6.04,98.44,958.38,51.51,1049.0,43.0,0.67,1.02,1.52,2.11,3.61,8.38,13.42,0.521,0,0,1,1,0,1
2021-02-18,15.15,68.49,945.74,143.22,488.9,22.5,2.43,5.51,11.64,20.57,27.95,40.57,53.73,0.549,0,1,1,3,0,1
2021-02-18,29.69,65.87,986.35,97.2,1296.8,40.4,1.45,2.53,5.21,7.1,10.19,22.74,35.6,0.27,0,0,1,1,0,2
2021-02-18,44.8,48.37,969.13,41.01,647.8,0.6,3.07,5.74,6.98,10.67,17.79,25.6,39.44,0.057,2,0,0,1,2,3
2021-02-18,21.19,86.08,982.13,114.77,1209.3,27.1,8.47,21.01,41.14,78.09,134.87,284.51,598.55,0.95,0,3,3,2,0,0
2021-02-20,47.2,30.49,941.41,3.54,1135.3,12.6,0.87,1.37,2.5,4.38,5.05,8.89,18.3,0.05,3,0,0,1,2,3
2021-02-21,45.42,83.51,950.89,94.67,1615.6,45.7,6.04,11.94,25.46,44.09,79.04,127.23,212.66,0.95,6,2,3,2,3,0
2021-02-21,6.67,15.8,1001.51,74.58,1609.4,21.7,0.09,0.21,0.45,0.82,1.2,1.94,3.35,0.05,0,0,0,1,0,2
2021-02-22,28.25,73.32,1003.47,27.82,596.4,40.5,0.5,0.9,1.51,2.97,4.56,6.53,13.83,0.176,0,0,1,0,0,2
2021-02-22,47.16,86.15,982.47,32.59,540.1,17.7,0.25,0.56,0.69,1.03,1.71,2.08,3.55,0.05,3,0,0,1,3,3
2021-02-22,20.98,14.42,970.47,93.48,1951.9,33.5,3.5,7.66,9.48,15.35,23.66,50.53,92.2,0.477,0,1,1,2,0,0
2021-02-23,46.08,43.52,1025.53,46.51,2230.8,25.2,0.09,0.16,0.32,0.45,0.56,0.94,1.99,0.05,8,0,0,0,3,3
2021-02-25,41.15,90.29,1019.4,69.44,2066.1,15.9,2.87,5.79,10.36,13.45,22.74,41.82,81.77,0.585,6,1,1,1,3,1
2021-02-25,31.81,33.64,990.17,77.36,1605.1,45.9,4.65,7.31,13.63,19.79,27.1,55.74,73.41,0.339,0,0,2,1,0,1
2021-02-25,25.39,51.46,1011.39,61.47,1583.1,23.0,0.91,1.68,2.54,3.99,6.68,9.66,12.66,0.088,0,0,0,0,0,2
2021-02-25,34.23,78.67,986.98,90.62,799.9,35.8,2.14,2.88,4.23,8.22,14.44,32.79,56.85,0.43,0,0,1,1,1,2
2021-02-26,36.92,70.11,1017.58,77.94,1689.4,25.1,0.9,2.1,2.56,4.32,6.23,13.47,22.41,0.131,4,0,0,1,2,2
2021-02-26,12.81,75.63,988.84,141.8,671.8,31.0,0.24,0.39,0.5,0.69,0.89,1.82,3.17,0.271,0,0,1,2,0,2
2021-02-26,13.2,34.25,1015.32,2.66,27.8,21.1,0.89,1.98,3.11,5.81,6.46,12.37,21.69,0.184,0,1,0,0,0,2
2021-02-26,27.47,64.6,1004.39,137.7,828.6,33.0,2.85,3.54,5.89,7.56,10.01,20.25,31.73,0.26,0,0,1,2,0,2
2021-02-27,46.78,49.71,946.27,143.0,830.6,0.5,1.3,2.89,4.71,8.74,11.41,26.56,34.76,0.05,2,0,0,3,2,3
2021-02-27,16.95,50.88,994.82,42.96,266.1,46.8,1.74,2.46,5.27,9.36,10.98,26.27,47.35,0.401,0,1,1,1,0,1
2021-02-27,20.08,35.52,976.41,37.95,1927.4,42.4,3.3,7.42,10.43,11.92,18.62,37.78,81.62,0.521,0,1,2,1,0,1
2021-02-27,26.36,20.81,1009.0,82.45,1674.8,39.6,3.48,4.34,8.52,16.63,29.13,59.42,124.75,0.672,0,1,2,1,0,0
2021-02-27,8.49,64.1,982.15,126.95,1509.6,26.9,3.82,5.91,10.3,18.35,30.14,54.88,105.71,0.94,0,1,2,2,0,0
2021-02-27,41.08,42.12,1016.57,15.75,20.2,9.0,1.43,3.51,6.32,9.34,15.61,21.04,34.78,0.05,4,1,0,0,2,3
2021-02-28,31.41,46.74,952.9,80.83,294.4,3.3,0.54,0.89,1.85,2.59,3.73,5.82,7.73,0.05,0,0,0,2,0,2
2021-02-28,34.07,21.86,1025.06,97.86,1401.3,20.6,0.19,0.26,0.42,0.52,0.86,1.88,2.64,0.05,0,0,0,1,0,3
2021-03-01,31.38,68.86,970.86,16.94,2149.4,48.4,0.57,1.37,2.78,4.53,7.81,14.14,20.2,0.165,0,0,1,1,0,2
2021-03-01,24.29,10.21,982.62,13.7,2478.1,22.3,3.3,4.79,10.34,18.49,29.5,63.4,90.78,0.413,0,1,1,0,0,1
2021-03-01,46.57,81.77,949.41,89.71,1904.3,14.5,1.12,1.59,2.0,2.92,3.41,6.84,12.56,0.05,8,0,0,2,3,3
2021-03-02,42.99,68.65,1008.14,105.15,1484.6,1.1,1.14,2.46,4.37,8.3,14.84,32.48,68.34,0.369,1,0,0,1,2,2
2021-03-02,41.33,57.87,1003.18,100.68,1026.1,49.1,4.1,5.31,8.37,10.48,16.63,24.49,33.13,0.097,1,0,1,1,1,3
2021-03-02,42.07,84.23,980.79,138.13,2191.8,29.3,0.66,0.8,1.61,1.98,3.07,4.92,9.48,0.064,8,0,0,2,3,3
2021-03-03,6.86,68.28,966.31,69.8,2107.5,16.2,5.57,13.81,21.12,29.8,33.33,69.37,115.21,0.95,0,1,1,2,0,0
2021-03-03,33.02,25.97,989.77,73.6,1613.2,43.2,6.13,8.66,10.83,20.46,35.27,55.0,100.54,0.47,0,1,2,1,0,1
2021-03-03,32.38,40.77,1003.82,68.25,422.8,31.4,1.34,2.18,4.22,5.75,8.8,16.85,22.75,0.05,0,0,1,1,0,2
2021-03-04,21.54,99.6,951.49,159.95,2267.0,13.3,0.83,2.01,2.65,3.94,6.16,10.74,14.81,0.381,0,0,0,3,0,1
2021-03-05,25.96,14.36,959.21,10.88,1140.6,35.5,4.45,7.29,11.22,19.75,22.34,46.51,96.57,0.456,0,1,1,1,0,0
2021-03-05,23.73,50.21,1017.83,138.67,3.6,48.2,2.86,4.39,6.23,10.81,17.47,27.62,40.8,0.286,0,1,1,1,0,1
2021-03-05,25.35,88.19,1002.43,22.23,1560.4,16.8,4.54,10.64,22.0,42.76,67.52,129.3,192.79,0.95,0,2,2,0,0,0
2021-03-05,8.67,38.04,974.46,119.29,2005.7,22.7,0.49,0.89,1.57,1.75,2.84,4.4,6.11,0.144,0,0,0,2,0,2
2021-03-05,47.81,10.01,998.94,139.05,2463.8,16.1,6.33,14.33,29.54,35.31,44.77,83.18,113.68,0.33,1,1,1,2,2,2
2021-03-06,41.04,59.29,975.84,100.1,1972.1,28.0,0.61,1.46,3.21,4.22,6.26,12.5,27.38,0.069,4,0,0,2,2,3
2021-03-06,15.55,36.64,973.09,83.25,1856.5,25.0,0.01,0.01,0.01,0.02,0.03,0.04,0.06,0.05,0,0,0,1,0,2
2021-03-06,13.09,89.62,997.56,87.17,1532.4,13.2,4.98,11.07,23.0,30.74,47.16,74.6,93.18,0.938,0,1,1,1,0,0
2021-03-07,41.6,88.02,1024.4,44.12,1161.2,19.8,2.3,5.48,7.23,8.16,12.19,23.37,49.79,0.356,7,0,1,0,3,2
2021-03-07,19.05,37.08,957.62,84.58,440.6,20.8,8.31,12.99,28.21,33.86,55.49,119.02,185.97,0.95,0,2,2,2,0,0
2021-03-08,6.61,45.05,976.93,72.11,405.3,19.9,6.43,8.45,12.61,20.2,31.59,42.36,82.93,0.712,0,1,1,1,0,0
2021-03-08,33.33,33.14,965.24,14.65,1967.6,19.8,7.38,11.45,14.81,23.1,35.3,52.12,90.1,0.433,0,1,1,1,0,1
2021-03-08,16.53,87.91,959.99,75.85,1187.3,40.1,0.83,1.16,2.13,4.09,4.82,11.04,21.98,0.421,0,0,1,2,0,1
2021-03-08,9.41,30.53,985.38,147.09,966.2,38.2,0.82,1.04,1.82,3.4,4.03,5.23,8.36,0.114,0,0,1,2,0,2
2021-03-09,9.36,33.27,1020.84,91.5,266.8,32.9,1.0,1.48,2.99,3.8,5.25,10.9,19.79,0.205,0,0,1,1,0,2
2021-03-09,28.69,53.38,942.01,95.34,2210.4,30.6,1.33,2.65,3.55,6.44,10.32,20.49,40.92,0.253,0,0,1,2,0,2
2021-03-10,7.35,30.8,973.68,92.51,1076.4,8.2,2.3,3.93,7.53,9.99,12.77,22.58,42.76,0.366,0,0,0,2,0,1
2021-03-11,14.71,70.49,966.5,28.34,1148.3,28.5,0.23,0.33,0.65,0.87,1.0,1.58,3.06,0.226,0,0,0,1,0,2
2021-03-11,35.98,60.83,942.23,73.1,1555.5,29.0,1.64,3.68,5.2,9.81,16.58,22.47,33.01,0.164,8,0,1,2,2,2
2021-03-11,47.66,42.18,982.41,96.18,2439.7,43.6,14.26,27.72,54.53,66.84,92.73,191.98,362.93,0.95,6,3,3,2,3,1
2021-03-12,25.43,45.16,966.53,86.19,371.8,47.6,1.9,4.13,7.9,9.44,15.02,35.2,73.11,0.459,0,1,2,2,0,1
2021-03-12,22.1,95.78,971.96,153.07,1934.9,37.3,3.91,7.31,14.43,25.53,40.85,72.68,128.09,0.95,0,1,2,3,0,0
2021-03-12,13.52,41.81,977.71,125.67,1530.3,20.7,3.63,8.26,15.27,29.75,46.26,94.43,187.12,0.95,0,2,2,2,0,0
2021-03-13,39.35,53.54,992.13,150.96,694.3,14.3,4.33,5.29,8.51,12.74,19.73,25.52,41.2,0.149,5,0,0,2,2,2
2021-03-13,13.9,16.38,959.55,82.94,1703.9,40.2,0.91,2.2,4.56,8.09,13.57,28.67,41.79,0.221,0,0,1,2,0,1
2021-03-13,24.73,90.56,994.86,127.59,1918.2,27.9,1.86,4.27,8.14,10.34,14.89,30.7,55.69,0.577,0,0,1,2,0,1
2021-03-13,39.76,40.56,968.09,27.03,214.2,46.7,1.44,1.86,3.12,6.08,9.13,18.58,35.8,0.05,5,0,1,1,2,3
2021-03-13,25.16,59.62,988.55,67.83,241.6,25.1,0.52,1.27,2.04,2.59,4.11,7.32,12.76,0.132,0,0,0,1,0,2
2021-03-14,33.93,47.42,997.63,54.17,1413.5,40.7,0.36,0.44,0.64,0.86,1.13,2.48,3.17,0.05,0,0,1,1,0,3
2021-03-14,24.31,13.01,977.95,114.75,1604.9,25.1,2.34,4.53,7.09,14.08,22.26,51.83,68.14,0.276,0,0,1,2,0,1
2021-03-14,44.35,23.39,963.84,137.63,365.0,47.2,0.66,0.97,1.27,2.17,3.56,4.66,6.13,0.05,7,0,1,2,3,3
2021-03-15,37.48,72.02,995.16,152.25,2258.0,9.7,2.11,3.79,4.65,8.73,14.27,33.1,58.56,0.376,9,0,0,2,2,2
2021-03-15,13.85,47.31,945.6,144.07,2082.7,8.1,1.5,3.48,4.34,6.4,10.44,12.93,20.48,0.235,0,0,0,3,0,2
2021-03-16,45.1,90.1,1021.14,110.9,60.3,1.9,9.05,10.94,17.4,26.54,29.92,62.04,133.88,0.892,8,2,1,1,3,1
2021-03-16,30.95,40.35,1028.23,118.02,1519.0,22.4,1.91,2.65,5.36,8.43,12.11,30.14,39.72,0.157,0,0,1,1,0,2
2021-03-16,18.96,46.33,1010.28,37.17,534.9,29.6,3.37,7.78,15.08,22.0,26.7,48.82,69.76,0.507,0,1,1,0,0,1
2021-03-16,45.02,35.01,972.41,96.53,14.2,41.6,3.62,8.13,17.78,20.63,35.44,79.71,141.92,0.671,9,2,2,2,3,1
2021-03-17,13.11,56.19,993.36,145.85,301.5,1.0,1.29,1.85,3.85,4.6,6.32,15.45,33.26,0.372,0,0,0,2,0,1
2021-03-17,21.72,21.31,1015.08,149.7,369.6,10.0,20.05,35.26,74.59,82.56,100.22,216.53,280.62,0.95,0,3,3,3,0,0
2021-03-17,39.06,16.57,985.6,122.87,1498.9,30.8,9.42,17.97,37.2,45.72,63.96,114.0,218.27,0.95,8,2,2,2,2,0
2021-03-17,23.06,75.6,1016.2,45.53,942.5,43.7,1.39,2.18,4.72,6.94,8.42,11.14,18.73,0.272,0,0,1,0,0,2
2021-03-19,13.99,54.46,947.53,47.36,1568.1,5.5,0.07,0.14,0.28,0.53,0.86,2.12,2.78,0.151,0,0,0,1,0,2
2021-03-19,8.08,93.84,978.68,55.86,1107.9,37.1,4.51,7.56,13.96,20.51,29.56,45.17,84.0,0.948,0,1,2,1,0,0
2021-03-19,45.11,86.1,954.19,144.13,764.2,10.6,1.2,2.2,3.39,5.56,8.51,17.99,32.89,0.199,2,0,0,3,2,3
2021-03-20,16.88,32.49,996.8,23.38,356.8,18.7,1.09,2.17,3.42,6.17,8.07,15.38,22.82,0.146,0,0,0,0,0,2
2021-03-21,32.19,97.12,964.37,39.94,2231.9,20.4,3.52,6.56,12.36,20.38,35.63,86.01,114.52,0.927,0,1,2,1,1,0
2021-03-21,13.62,14.55,948.53,137.22,1682.3,43.1,0.21,0.31,0.66,0.82,1.42,1.71,2.19,0.05,0,0,1,3,0,2
2021-03-21,33.84,31.51,972.55,103.38,1275.8,7.9,0.38,0.92,1.21,1.77,2.38,2.9,6.01,0.05,0,0,0,2,0,3
2021-03-22,26.01,94.06,985.41,68.63,1315.1,28.7,1.29,1.8,3.54,6.43,10.24,21.29,45.58,0.514,0,0,1,1,0,1
2021-03-23,22.04,12.54,974.85,56.66,197.9,49.1,5.09,7.88,11.38,17.86,28.06,34.6,57.04,0.223,0,1,1,1,0,1
2021-03-23,13.42,48.87,1012.53,122.19,1168.3,45.7,0.17,0.37,0.8,1.15,1.7,3.21,6.91,0.156,0,0,1,1,0,2
2021-03-24,19.06,45.84,982.41,51.09,1062.8,9.2,2.27,3.69,5.1,10.12,15.07,33.18,44.55,0.336,0,0,0,1,0,1
2021-03-24,27.9,13.81,942.99,126.23,80.5,7.2,2.5,5.44,11.05,15.2,18.96,33.42,40.86,0.062,0,1,0,3,0,2
2021-03-25,39.69,46.65,962.55,155.62,2295.5,28.3,0.06,0.14,0.29,0.4,0.45,0.93,1.57,0.05,6,0,0,3,2,3
2021-03-26,40.85,47.46,1014.8,107.28,1772.6,41.7,0.29,0.42,0.75,1.12,1.28,1.68,2.58,0.05,5,0,1,1,2,3
2021-03-26,43.98,99.35,955.81,26.98,1604.7,42.2,2.87,5.45,8.72,12.18,18.82,40.0,50.64,0.395,4,0,1,1,3,2
2021-03-26,17.47,19.71,1001.47,72.65,630.1,33.7,1.38,2.17,3.66,5.58,9.6,15.12,32.63,0.141,0,0,1,1,0,2
2021-03-26,6.03,56.16,971.57,125.09,423.9,44.6,1.86,3.99,6.89,9.69,12.56,17.51,26.2,0.395,0,0,1,2,0,1
2021-03-26,8.41,10.65,957.62,134.79,692.9,16.0,1.73,2.56,5.53,10.76,18.85,35.6,62.55,0.386,0,0,1,3,0,1
2021-03-27,47.32,91.12,997.76,142.68,2242.9,38.5,0.6,1.35,2.36,3.45,5.3,8.29,10.58,0.053,3,0,1,2,3,3
2021-03-27,37.33,36.43,940.72,131.21,1822.0,35.2,2.24,2.96,5.84,6.83,9.11,21.9,42.04,0.089,1,0,1,3,1,2
2021-03-28,32.62,97.16,959.04,100.44,2446.1,49.6,1.97,3.19,5.39,10.11,16.94,28.85,48.6,0.484,0,0,2,2,1,1
2021-03-28,17.25,62.68,1014.8,97.13,546.3,44.5,0.16,0.35,0.75,1.15,1.46,2.94,4.26,0.169,0,0,1,1,0,2
2021-03-28,33.66,86.12,985.11,0.44,1994.8,30.6,3.17,4.58,7.56,14.75,22.44,28.52,40.32,0.363,0,0,1,0,1,2
2021-03-29,7.93,71.03,947.71,32.6,483.3,23.9,0.75,1.37,2.96,3.99,7.09,11.7,16.22,0.384,0,0,1,1,0,1
2021-03-29,12.61,56.7,944.53,49.22,799.8,6.3,0.24,0.38,0.61,1.01,1.78,4.37,6.35,0.2,0,0,0,1,0,2
2021-03-29,11.73,68.29,940.75,111.19,231.6,23.4,0.46,0.65,0.94,1.29,1.66,3.16,5.46,0.261,0,0,0,2,0,2
2021-03-30,32.23,10.75,1003.75,31.52,274.2,36.7,3.26,7.48,12.32,14.85,17.94,33.21,54.84,0.097,0,0,1,0,0,2
2021-03-30,11.19,57.88,989.64,131.88,815.2,49.5,0.03,0.04,0.1,0.18,0.29,0.59,1.25,0.186,0,0,1,2,0,2
2021-03-30,6.79,66.03,951.8,9.38,534.4,12.0,2.34,3.88,6.19,9.89,12.55,16.99,22.34,0.411,0,0,0,1,0,1
2021-03-31,5.78,67.0,981.94,140.3,1503.9,36.8,2.09,3.46,5.74,9.38,14.92,28.38,59.43,0.673,0,0,1,2,0,1
2021-04-01,46.62,56.44,962.88,50.64,985.3,9.2,0.69,1.73,3.16,4.27,7.47,10.76,13.25,0.05,6,0,0,1,3,3
2021-04-01,39.91,46.85,986.5,142.71,418.2,49.5,0.29,0.65,1.23,2.29,3.49,4.74,6.1,0.05,9,0,1,2,3,3
2021-04-01,18.56,43.84,965.24,118.68,319.4,16.5,1.58,2.4,4.63,5.27,6.05,11.41,20.12,0.168,0,0,0,2,0,2
2021-04-02,45.11,77.95,960.18,82.92,1141.7,14.6,0.04,0.08,0.17,0.3,0.41,0.59,1.07,0.05,6,0,0,2,3,3
2021-04-02,37.78,62.47,959.43,77.61,802.5,46.6,5.88,7.5,11.52,16.8,18.61,39.23,61.15,0.342,9,0,1,2,2,2
2021-04-02,17.64,33.23,972.64,73.59,807.9,10.6,1.12,2.21,4.37,5.5,6.45,8.57,17.68,0.108,0,0,0,1,0,2
2021-04-03,43.36,80.26,989.53,125.55,717.3,43.5,3.36,8.39,12.47,19.3,27.41,65.1,98.82,0.627,3,1,2,2,2,1
2021-04-04,7.42,43.4,955.28,28.71,584.0,32.4,2.69,4.65,9.96,17.39,30.41,75.47,111.68,0.887,0,1,2,1,0,0
2021-04-04,35.67,79.83,962.01,91.83,1150.2,34.2,5.85,14.43,31.0,49.94,69.58,97.27,201.91,0.95,1,2,2,2,1,0
2021-04-04,8.37,25.42,990.51,101.41,1414.7,35.8,0.27,0.52,0.92,1.07,1.39,2.63,3.28,0.065,0,0,1,1,0,2
2021-04-05,24.76,62.81,1021.7,60.97,1726.7,17.9,3.81,5.0,10.03,14.92,26.86,38.18,51.42,0.409,0,0,1,0,0,1
2021-04-06,27.51,88.09,973.72,120.89,576.4,40.1,10.7,25.97,53.75,85.4,129.02,231.51,471.48,0.95,0,3,3,3,0,0
2021-04-06,10.73,13.78,952.6,7.1,1983.6,2.3,2.32,3.57,4.84,5.94,8.89,18.92,34.56,0.192,0,0,0,1,0,1
2021-04-06,25.99,74.2,1028.0,46.65,1109.6,45.6,0.53,1.11,1.93,2.76,3.42,7.99,14.95,0.211,0,0,1,0,0,2
2021-04-07,15.02,11.88,966.86,67.61,1542.1,7.1,0.23,0.47,1.04,1.62,2.5,5.03,8.31,0.05,0,0,0,1,0,2
2021-04-07,20.8,98.44,1018.45,126.88,754.5,49.3,4.12,8.77,16.98,26.33,32.31,76.03,151.79,0.95,0,1,3,1,0,0
2021-04-07,9.36,75.58,1017.17,57.85,992.1,6.6,4.79,9.06,12.6,21.13,36.37,52.6,72.07,0.765,0,1,1,0,0,0
2021-04-08,20.69,73.61,952.94,138.13,1471.4,41.3,1.86,3.38,6.6,11.37,17.84,31.74,51.68,0.506,0,0,1,3,0,1
2021-04-08,44.05,66.94,942.98,109.77,1811.0,23.8,2.98,3.67,5.31,9.68,11.71,16.62,26.59,0.071,9,0,0,2,3,3
2021-04-08,33.75,37.84,958.94,14.65,650.1,20.9,1.8,4.41,9.64,18.62,29.38,65.01,110.51,0.588,0,1,1,1,0,1
2021-04-08,29.79,42.85,942.03,142.78,2185.4,34.7,3.36,7.3,14.58,23.38,38.57,46.9,74.23,0.411,0,1,1,3,0,1
2021-04-09,24.17,46.6,1015.63,157.68,840.1,20.8,4.23,7.89,9.5,14.05,17.44,29.56,44.62,0.289,0,0,1,2,0,1
2021-04-09,5.9,48.84,955.7,46.8,680.0,9.4,1.57,3.64,6.02,7.69,10.63,15.28,21.59,0.329,0,0,0,1,0,1
2021-04-09,43.15,73.84,995.09,59.59,780.4,45.1,1.33,2.3,4.94,6.38,9.19,13.08,21.31,0.08,9,0,1,1,3,3
2021-04-09,46.42,78.97,994.49,38.83,1718.1,45.9,5.12,7.01,12.62,22.55,32.45,66.42,136.95,0.844,3,1,2,1,3,1
2021-04-09,31.58,54.53,963.11,53.58,733.3,41.4,0.09,0.22,0.48,0.89,1.26,2.11,3.86,0.05,0,0,1,1,0,2
2021-04-09,14.32,10.75,988.41,124.02,52.9,48.7,6.29,12.57,23.01,45.59,64.8,84.04,101.53,0.587,0,2,2,2,0,0
2021-04-10,16.11,94.31,992.07,90.98,2444.1,23.4,8.17,14.35,26.86,41.47,60.15,99.37,206.54,0.95,0,2,2,2,0,0
2021-04-11,33.87,99.73,983.88,41.25,2498.8,16.8,14.64,20.42,25.31,43.0,52.41,105.94,172.74,0.95,0,2,2,1,1,0
2021-04-11,9.55,78.7,970.82,104.8,72.2,6.6,2.27,3.53,6.32,12.33,16.23,33.9,74.01,0.791,0,1,1,2,0,0
2021-04-11,16.71,52.77,1004.6,121.76,2051.4,24.3,2.0,3.72,7.34,12.84,15.16,22.81,48.05,0.417,0,0,1,1,0,1
2021-04-11,25.15,99.87,993.25,144.39,1708.0,17.7,2.88,4.54,9.28,18.43,26.81,64.07,86.71,0.826,0,1,1,2,0,0
2021-04-12,29.6,33.31,998.48,46.93,2150.0,0.5,1.35,1.78,3.83,6.7,8.95,20.03,25.58,0.05,0,0,0,1,0,2
2021-04-12,47.84,50.86,961.06,68.98,790.8,34.6,5.55,13.74,17.11,27.03,34.41,82.63,161.26,0.851,9,1,2,2,3,1
2021-04-12,19.69,86.43,989.35,0.58,258.9,15.7,10.57,24.16,29.07,50.89,78.79,174.67,367.14,0.95,0,3,3,0,0,0
2021-04-12,26.61,89.3,943.58,10.53,1245.9,19.7,5.61,13.32,16.45,30.92,55.28,115.37,190.25,0.95,0,2,2,1,0,0
2021-04-13,34.97,18.93,971.37,55.49,1449.0,45.7,4.0,9.7,19.38,37.46,66.67,147.81,196.75,0.95,0,2,3,1,0,0
2021-04-14,31.64,26.06,962.18,92.74,585.5,8.1,4.7,7.23,8.71,15.32,17.07,25.8,50.33,0.149,0,0,0,2,0,2
2021-04-14,33.52,24.92,953.39,117.71,2083.9,36.7,8.1,13.34,25.65,41.3,65.33,143.09,237.57,0.95,0,2,3,3,0,0
2021-04-15,9.16,91.11,1020.35,109.8,1975.8,20.1,0.6,0.86,1.56,1.82,2.24,5.49,9.84,0.43,0,0,0,1,0,1
2021-04-15,29.87,28.68,966.26,137.07,1005.8,40.9,3.31,6.48,9.91,13.23,18.74,36.96,59.68,0.243,0,0,1,2,0,1
2021-04-15,43.16,64.55,965.62,100.65,912.6,25.5,2.96,7.1,13.15,14.54,22.58,27.27,54.85,0.257,2,0,1,2,2,2
2021-04-15,21.3,64.56,949.92,86.99,1648.9,10.9,1.59,2.01,2.56,3.16,3.94,6.38,12.38,0.192,0,0,0,2,0,2
2021-04-16,14.38,45.07,1012.5,135.48,183.9,0.1,0.92,2.06,4.35,7.6,10.06,18.1,23.7,0.24,0,0,0,1,0,2
2021-04-16,43.73,98.64,943.2,117.92,251.2,14.8,1.94,2.74,3.57,4.4,4.87,11.6,25.43,0.225,6,0,0,3,3,3
2021-04-17,44.68,77.25,991.59,73.0,1638.5,11.4,1.6,3.16,6.51,11.9,19.33,38.32,62.87,0.359,7,0,0,1,3,2
2021-04-17,8.74,17.99,975.51,53.75,637.6,4.4,1.92,3.8,6.21,12.38,18.13,29.43,42.09,0.283,0,0,0,1,0,1
2021-04-17,5.43,26.44,978.45,120.17,610.6,38.6,13.24,31.18,46.85,92.46,136.33,195.19,235.99,0.95,0,3,3,3,0,0
2021-04-18,41.48,37.99,972.86,48.24,1773.8,43.2,3.71,7.78,12.56,14.59,17.61,24.74,43.51,0.065,5,0,1,1,2,3
2021-04-18,5.33,85.73,1008.03,25.07,1501.5,26.5,3.76,5.15,9.68,19.11,28.0,68.66,134.23,0.95,0,1,2,0,0,0
2021-04-18,46.7,81.07,950.08,16.59,786.4,32.8,0.41,0.83,1.76,2.79,3.58,7.96,16.75,0.05,9,0,0,1,3,3
2021-04-18,13.17,33.56,1014.04,18.78,714.3,8.6,0.14,0.24,0.34,0.41,0.61,1.37,1.7,0.05,0,0,0,0,0,2
2021-04-18,20.5,70.5,1018.81,154.93,2281.8,43.8,1.44,2.97,6.4,10.46,12.75,25.11,38.03,0.401,0,0,1,2,0,1
2021-04-18,41.36,49.33,1003.59,66.59,814.6,29.9,1.83,2.8,5.85,10.97,15.87,26.64,43.66,0.124,4,0,1,1,2,3
2021-04-18,42.35,16.35,952.3,17.38,204.5,5.0,0.71,1.62,2.48,3.9,5.01,10.92,22.56,0.05,6,0,0,1,2,3
2021-04-18,40.67,63.0,960.65,135.99,1259.4,7.5,1.46,3.04,6.36,11.12,16.22,27.6,48.39,0.231,4,0,0,2,2,2
2021-04-19,28.2,80.56,978.49,113.31,2399.3,34.5,5.3,8.0,15.49,20.65,34.85,68.43,106.09,0.828,0,1,2,2,0,0
2021-04-19,38.63,38.76,986.78,93.44,2132.3,32.4,2.21,4.1,5.66,9.43,15.43,32.96,55.16,0.175,1,0,1,1,1,2
2021-04-19,19.7,25.41,1017.61,76.08,1773.2,33.9,4.79,11.74,22.4,44.45,62.85,146.43,193.64,0.95,0,2,3,1,0,0
2021-04-19,27.18,22.95,1018.53,6.35,952.4,25.2,2.24,5.31,10.69,18.65,26.31,31.82,64.05,0.27,0,0,1,0,0,1
2021-04-19,10.99,38.85,980.69,65.83,1392.1,18.8,1.08,2.34,4.09,5.94,8.18,10.95,13.34,0.173,0,0,0,1,0,2
2021-04-20,21.08,44.38,1019.31,130.92,2428.5,32.4,2.78,6.2,9.63,14.67,23.54,29.6,61.42,0.421,0,0,1,1,0,1
2021-04-20,8.11,97.99,1005.5,24.72,673.3,17.2,1.14,1.73,2.09,3.76,4.43,6.84,9.22,0.47,0,0,0,0,0,1
2021-04-20,9.06,93.22,1020.47,25.47,1066.8,21.0,9.66,20.12,31.73,46.71,51.53,102.29,194.05,0.95,0,2,2,0,0,0
2021-04-20,42.17,65.19,961.32,84.1,1588.1,15.0,0.55,1.28,1.92,2.93,4.77,9.83,13.44,0.05,5,0,0,2,2,3
2021-04-20,16.77,44.48,953.35,67.52,1687.2,9.2,3.44,5.49,7.08,8.31,12.77,21.96,27.02,0.235,0,0,0,2,0,1
2021-04-21,16.7,91.74,1008.01,40.57,951.1,18.4,0.71,0.86,1.14,1.95,2.41,6.0,9.63,0.356,0,0,0,0,0,2
2021-04-21,28.02,24.25,947.09,154.17,2237.8,14.6,1.56,3.66,5.4,6.76,9.17,16.45,27.92,0.05,0,0,0,3,0,2
2021-04-21,5.77,16.7,988.98,74.83,506.8,28.6,4.26,8.0,12.79,17.38,20.73,35.13,45.91,0.332,0,0,1,1,0,1
2021-04-22,23.61,88.44,1014.89,114.11,1831.1,17.4,6.58,8.59,14.09,23.62,29.29,57.12,80.21,0.741,0,1,1,1,0,0
2021-04-22,13.68,64.86,981.02,71.98,1024.1,41.8,3.59,7.76,15.62,25.71,42.74,69.54,123.26,0.95,0,1,2,1,0,0
2021-04-23,38.69,28.75,1005.03,159.48,353.4,17.0,1.14,1.7,2.47,4.55,6.82,15.55,20.14,0.05,5,0,0,2,2,3
2021-04-23,8.73,97.93,968.13,48.68,189.4,31.8,5.98,9.67,12.56,16.08,17.79,26.98,54.83,0.768,0,1,1,1,0,1
2021-04-23,44.08,43.1,1029.74,85.12,1046.7,35.8,1.7,3.31,5.41,9.7,14.59,29.74,38.91,0.05,7,0,1,1,3,3
2021-04-24,20.81,22.93,956.7,58.74,1700.6,7.4,4.38,5.93,10.88,17.5,26.58,50.06,78.36,0.429,0,1,1,2,0,1
2021-04-24,23.02,59.95,1006.73,35.52,2040.3,36.9,1.13,2.63,5.43,7.16,8.7,13.25,24.29,0.232,0,0,1,0,0,2
2021-04-24,12.26,87.06,952.65,71.07,1841.8,6.5,2.77,6.74,10.07,17.66,23.56,32.75,61.25,0.721,0,1,1,2,0,1
2021-04-24,10.57,61.47,958.54,134.84,942.6,13.7,1.17,2.57,3.31,5.34,8.69,16.41,29.38,0.398,0,0,0,2,0,1
2021-04-25,43.97,38.83,1013.52,9.99,1010.3,49.1,3.7,5.6,11.52,22.79,25.13,38.67,71.64,0.232,9,0,1,0,3,2
2021-04-27,29.87,95.72,954.23,67.19,397.2,3.7,7.13,8.79,11.85,16.7,27.46,63.11,129.74,0.95,0,1,1,2,0,0
2021-04-28,30.02,50.0,956.78,20.02,1496.3,3.6,2.02,2.94,5.3,8.92,11.98,16.54,33.16,0.171,0,0,0,1,0,2
2021-04-28,28.04,49.64,943.64,107.87,1162.5,14.1,1.44,2.74,3.49,4.2,7.33,11.22,15.6,0.072,0,0,0,2,0,2
2021-04-28,19.29,42.6,971.73,24.5,1423.9,16.7,0.53,1.23,2.41,4.3,7.47,12.85,27.19,0.201,0,0,0,1,0,2
2021-04-28,32.76,88.01,970.03,23.64,2379.0,1.0,2.14,4.86,6.77,12.35,14.82,32.7,60.86,0.518,0,0,0,1,1,1
2021-04-29,33.23,46.61,993.03,136.71,1727.0,19.3,8.33,13.67,28.99,57.29,97.3,168.21,294.56,0.95,0,3,3,2,0,0
2021-04-30,43.47,28.92,978.38,109.21,281.1,26.3,0.89,1.81,3.46,4.66,6.39,15.24,18.76,0.05,8,0,0,2,3,3
2021-05-01,14.11,93.17,1027.2,40.33,476.5,38.1,0.28,0.67,0.96,1.69,2.8,4.94,6.07,0.365,0,0,1,0,0,2
2021-05-01,36.77,33.81,1012.99,133.76,245.6,26.1,0.67,1.34,2.3,4.12,5.79,7.17,14.2,0.05,7,0,0,1,2,3
2021-05-01,25.15,78.56,1022.37,114.46,1473.4,25.4,7.57,18.58,27.61,42.41,54.57,87.49,125.34,0.95,0,2,2,1,0,0
2021-05-01,38.57,17.92,1009.6,57.52,1839.0,25.7,2.03,3.65,6.02,11.33,18.21,38.7,75.42,0.207,4,0,1,1,1,2
2021-05-02,11.52,10.87,946.79,39.28,88.4,6.7,4.12,7.32,15.96,26.99,38.98,80.2,133.98,0.832,0,2,1,1,0,0
2021-05-02,23.57,81.84,940.64,29.34,1571.9,31.1,1.73,2.29,3.68,5.69,9.65,22.11,48.22,0.495,0,0,1,1,0,1
2021-05-03,29.94,83.96,972.23,43.06,552.5,4.4,0.58,1.06,1.41,2.29,2.54,3.43,4.13,0.148,0,0,0,1,0,2
2021-05-03,11.88,19.42,962.82,96.61,1143.4,44.7,0.29,0.41,0.53,1.04,1.19,2.85,4.94,0.05,0,0,1,2,0,2
2021-05-04,17.49,86.92,1009.47,25.94,942.8,5.1,5.52,11.01,20.76,36.32,50.81,66.75,81.27,0.801,0,1,1,0,0,0
2021-05-04,33.54,30.03,969.55,60.05,1551.5,45.2,2.67,4.63,7.87,12.53,18.6,34.18,44.8,0.113,0,0,1,1,0,2
2021-05-04,19.04,28.7,990.18,114.12,15.0,35.2,3.34,6.53,10.06,13.64,18.61,37.85,45.65,0.258,0,1,1,2,0,1
2021-05-04,10.62,17.88,1005.16,62.86,643.9,42.2,4.86,11.29,22.73,32.08,57.05,89.06,111.61,0.727,0,1,2,1,0,0
2021-05-05,16.12,22.19,1017.96,10.57,1618.6,27.9,2.13,3.74,4.67,8.67,10.69,24.26,44.99,0.25,0,0,1,0,0,1
2021-05-05,17.15,83.54,991.79,71.49,1481.2,23.3,0.91,2.23,4.01,7.58,9.14,16.79,35.02,0.48,0,0,1,1,0,1
2021-05-05,32.22,94.37,992.99,38.45,228.4,44.4,1.86,4.25,6.35,7.21,12.67,24.8,38.33,0.405,0,1,1,1,1,2
2021-05-06,25.98,55.43,1020.71,51.5,1317.8,17.3,1.45,3.29,5.99,11.38,12.52,17.22,37.29,0.266,0,0,0,0,0,1
2021-05-06,15.27,65.97,954.1,151.66,1476.6,36.0,3.19,5.58,10.98,15.8,20.24,41.25,69.7,0.642,0,1,1,3,0,1
2021-05-07,21.14,26.31,969.55,36.74,1754.0,11.9,9.49,12.82,25.97,41.41,57.35,87.77,186.52,0.95,0,2,2,1,0,0
2021-05-08,35.41,70.15,1024.36,95.48,2042.2,23.0,5.76,10.89,13.16,26.31,29.99,49.55,108.93,0.723,3,1,1,1,1,1
2021-05-10,43.27,84.42,983.9,152.41,173.9,1.6,1.86,4.16,6.13,6.87,9.11,13.68,20.52,0.126,9,0,0,2,3,3
2021-05-11,31.35,15.02,954.22,98.07,1687.3,21.7,5.83,9.85,18.96,30.29,42.07,60.27,102.03,0.442,0,1,1,2,0,1
2021-05-11,47.65,38.5,942.2,93.92,1776.7,39.3,1.07,1.85,3.4,4.46,7.36,16.75,21.42,0.05,8,0,1,2,3,3
2021-05-12,35.17,48.98,974.96,83.94,859.8,8.7,2.04,2.73,5.17,5.86,10.45,13.77,21.68,0.05,9,0,0,1,2,2
2021-05-12,42.43,32.5,996.92,78.93,948.9,24.4,2.22,5.06,9.03,10.1,15.43,21.28,31.93,0.05,6,0,0,1,2,3
2021-05-12,11.3,39.6,1003.23,9.17,1276.3,29.9,0.44,0.58,1.21,1.61,2.82,3.72,5.19,0.12,0,0,0,0,0,2
2021-05-13,6.09,27.84,1006.85,44.06,659.5,43.6,1.51,3.24,4.97,7.21,10.08,14.55,23.29,0.234,0,0,1,0,0,2
2021-05-13,25.45,36.54,992.66,77.23,737.8,11.3,9.79,16.84,37.05,67.52,83.83,105.52,184.86,0.95,0,2,2,1,0,0
2021-05-13,46.09,12.03,1007.28,159.89,1518.8,20.1,9.81,24.45,41.0,61.35,89.22,201.44,264.06,0.95,6,3,3,2,2,1
2021-05-14,30.03,79.6,994.55,144.8,2224.0,18.8,1.01,2.36,3.37,6.73,11.78,19.36,41.2,0.372,0,0,1,2,0,1
2021-05-14,33.79,50.36,1007.2,27.64,1184.7,1.4,3.17,4.16,8.7,14.64,20.0,34.95,75.47,0.417,0,0,0,0,0,1
2021-05-15,32.4,40.57,959.6,123.92,1316.9,13.6,1.74,3.63,6.0,11.04,14.38,21.94,41.69,0.157,0,0,0,2,0,2
2021-05-15,45.49,97.13,1028.81,139.73,647.4,34.3,1.04,1.46,2.9,3.86,4.42,10.14,13.7,0.122,4,0,1,1,3,3
2021-05-15,29.82,99.49,1008.95,64.79,953.7,13.9,1.47,2.01,2.74,4.59,8.02,14.38,17.56,0.316,0,0,0,1,0,2
2021-05-16,14.09,91.27,982.44,48.82,1239.0,36.6,2.53,3.12,4.92,5.56,9.62,14.74,24.24,0.477,0,0,1,1,0,1
2021-05-16,24.07,62.3,984.07,127.57,2492.8,47.0,6.0,7.36,14.12,17.17,28.1,56.63,115.99,0.844,0,1,2,2,0,0
2021-05-16,10.58,64.78,1003.85,132.84,164.8,45.2,1.73,3.78,6.9,8.03,10.38,16.68,25.31,0.387,0,1,1,2,0,1
2021-05-17,46.79,75.41,1020.88,119.21,109.6,21.7,1.26,2.16,3.33,6.66,8.91,18.88,33.3,0.131,8,0,0,1,3,3
2021-05-17,30.94,45.97,942.49,22.57,1569.5,35.2,2.64,5.68,9.0,13.86,17.92,42.76,56.16,0.295,0,0,1,1,0,1
2021-05-17,43.96,44.9,1024.73,25.86,2227.0,42.8,0.17,0.24,0.38,0.46,0.58,1.16,1.48,0.05,4,0,1,0,2,3
2021-05-17,9.95,71.34,979.53,135.87,816.8,12.3,2.86,5.51,7.67,11.06,16.88,27.38,55.3,0.626,0,0,1,2,0,1
2021-05-17,44.48,32.96,997.84,45.46,1131.3,42.3,0.03,0.07,0.09,0.1,0.13,0.25,0.41,0.05,5,0,1,0,2,3
2021-05-18,8.62,11.1,993.04,123.45,1764.0,26.1,6.12,14.88,18.22,35.19,58.25,93.13,129.72,0.834,0,2,2,2,0,0
2021-05-18,39.19,21.35,1021.56,146.74,1608.6,1.6,0.91,1.22,1.96,3.58,5.03,9.8,11.8,0.05,3,0,0,1,1,3
2021-05-18,27.9,61.41,983.94,57.56,1958.7,42.5,0.81,1.51,2.93,4.5,5.22,6.65,13.43,0.118,0,0,1,1,0,2
2021-05-19,37.78,61.7,985.88,154.5,1950.2,41.0,2.55,3.4,5.25,9.0,14.92,26.46,32.49,0.147,2,0,1,2,1,2
2021-05-20,5.9,81.96,1004.3,23.69,1965.0,27.5,16.66,40.62,61.37,98.76,155.98,197.09,261.99,0.95,0,3,3,1,0,0
2021-05-20,23.55,12.08,969.25,87.58,1137.1,2.2,10.72,17.39,36.58,62.1,79.01,161.89,316.31,0.95,0,3,2,2,0,0
2021-05-20,46.84,20.92,970.19,117.43,1672.0,42.5,3.76,5.9,11.2,16.37,20.85,38.45,58.61,0.05,3,0,1,2,2,3
2021-05-21,34.48,38.86,959.03,23.5,645.2,26.9,5.52,8.77,13.15,21.32,34.42,80.59,117.97,0.636,0,1,2,1,0,1
2021-05-21,14.83,99.35,940.12,8.64,1277.9,6.8,1.45,2.43,3.42,4.75,8.2,10.53,18.49,0.472,0,0,0,1,0,1
2021-05-22,31.8,96.9,996.3,74.84,329.8,46.2,3.7,5.8,9.78,19.23,22.91,48.01,72.7,0.651,0,1,2,1,0,1
2021-05-22,30.04,91.97,984.72,24.1,1626.5,11.6,2.17,5.11,10.55,15.68,17.9,26.12,33.63,0.384,0,0,0,1,0,2
2021-05-22,39.17,73.92,1012.56,45.63,700.4,33.0,1.29,1.79,2.69,5.12,6.05,11.27,22.58,0.128,9,0,1,0,3,3
2021-05-23,38.15,28.45,995.48,87.53,1922.7,46.2,0.03,0.08,0.12,0.23,0.25,0.63,0.91,0.05,6,0,1,1,2,3
2021-05-23,18.11,33.8,978.18,139.71,1969.6,29.4,0.43,0.78,0.97,1.68,2.09,3.86,6.76,0.05,0,0,0,2,0,2
2021-05-23,42.44,65.28,961.15,64.14,1904.4,24.1,4.95,6.92,15.03,19.29,24.17,36.64,76.84,0.414,9,0,1,2,3,2
2021-05-23,26.29,66.36,940.39,8.16,2378.2,45.4,2.54,4.1,8.47,14.63,23.55,45.44,59.98,0.469,0,0,2,1,0,1
2021-05-24,20.48,50.42,970.08,134.05,665.0,34.5,4.27,8.55,18.04,20.06,34.94,75.11,129.41,0.91,0,1,2,2,0,0
2021-05-24,38.7,69.3,1001.96,151.01,2156.8,22.1,3.85,8.69,15.1,20.62,36.5,88.53,187.32,0.95,7,2,2,2,2,0
2021-05-24,21.33,53.48,1020.11,39.96,591.1,44.7,3.38,7.97,14.27,24.65,33.09,57.39,119.89,0.853,0,1,2,0,0,0
2021-05-24,34.14,90.23,1025.24,155.74,2100.3,39.7,0.41,0.62,1.02,1.89,3.17,7.17,13.0,0.196,0,0,1,2,1,2
2021-05-24,15.85,86.29,972.27,35.46,1326.9,13.5,7.93,12.96,26.49,51.65,75.8,117.03,212.04,0.95,0,2,2,1,0,0
2021-05-25,9.26,23.54,1008.8,24.82,2467.1,8.4,0.8,1.73,2.7,4.74,6.84,9.16,17.83,0.144,0,0,0,0,0,2
2021-05-25,36.11,69.73,972.59,101.41,2472.7,34.4,3.8,8.55,18.65,28.79,38.68,74.61,125.46,0.824,1,1,2,2,1,0
2021-05-25,13.27,73.37,1022.97,66.5,1648.7,41.3,2.7,4.63,7.36,8.91,10.46,24.07,41.67,0.512,0,0,1,0,0,1
2021-05-26,34.57,51.16,1026.06,155.04,2278.1,31.6,2.44,5.05,7.72,12.04,19.95,31.43,64.77,0.342,0,0,1,2,0,2
2021-05-27,40.7,93.7,955.06,79.68,360.9,20.6,2.53,5.4,10.68,15.81,23.5,51.98,64.68,0.493,6,1,1,2,3,2
2021-05-27,47.31,15.76,941.9,74.97,670.5,31.1,3.12,4.36,9.45,11.41,16.78,22.18,48.42,0.05,3,0,1,2,2,3
2021-05-27,18.46,48.06,995.3,6.74,1227.6,23.9,0.59,1.4,2.44,3.06,4.22,5.43,8.16,0.11,0,0,0,0,0,2
2021-05-29,9.87,97.85,954.27,157.8,1340.5,35.0,2.6,4.03,7.6,12.41,17.14,28.02,60.55,0.794,0,1,1,3,0,0
2021-05-29,14.94,79.05,1007.96,0.81,1781.7,24.7,0.01,0.03,0.05,0.08,0.1,0.18,0.27,0.248,0,0,0,0,0,2
2021-05-29,28.97,33.94,962.66,0.7,1553.1,40.1,3.36,4.66,10.13,11.83,15.98,21.05,25.67,0.051,0,0,1,1,0,2
2021-05-30,13.2,39.43,958.71,125.24,609.3,23.5,2.17,4.8,7.71,15.31,27.04,47.71,102.22,0.747,0,1,1,2,0,0
2021-05-30,10.4,87.56,978.09,29.13,37.3,34.5,2.12,3.88,4.69,8.86,12.95,29.93,54.22,0.695,0,1,1,1,0,1
2021-05-31,44.82,64.79,1001.4,37.75,1289.3,49.8,0.01,0.02,0.02,0.04,0.06,0.11,0.19,0.05,4,0,1,0,2,3
2021-05-31,27.29,62.33,1002.41,97.83,514.8,7.8,2.6,5.9,12.17,17.99,22.22,28.77,53.8,0.397,0,0,0,1,0,1
2021-06-01,29.13,34.14,953.75,120.33,338.1,39.4,0.18,0.27,0.51,0.97,1.52,3.41,6.64,0.05,0,0,1,2,0,2
2021-06-01,9.28,57.91,1022.13,126.64,1896.8,36.9,0.93,1.23,2.12,3.53,5.58,10.52,17.08,0.311,0,0,1,1,0,2
2021-06-01,46.46,64.4,986.45,4.65,498.7,2.2,4.48,5.44,6.82,10.66,15.02,36.39,53.5,0.214,9,0,0,0,3,3
2021-06-01,44.83,32.7,955.31,65.59,1839.5,31.4,0.33,0.63,0.94,1.4,2.38,2.92,5.08,0.05,7,0,0,1,3,3
2021-06-03,34.64,58.77,1028.25,116.24,351.9,40.1,2.07,4.64,9.66,18.58,28.0,63.58,128.63,0.805,0,1,2,1,0,0
2021-06-03,30.91,34.28,1001.12,88.06,679.2,14.5,4.46,5.95,11.62,17.99,23.52,50.2,67.95,0.315,0,0,1,1,0,1
2021-06-04,5.91,53.84,986.65,50.81,1593.4,27.7,0.44,0.72,1.01,1.64,2.84,7.01,13.87,0.302,0,0,1,1,0,2
2021-06-04,33.51,19.43,997.58,3.28,1395.1,16.5,0.37,0.55,0.74,1.16,1.43,2.24,4.23,0.05,0,0,0,0,0,3
2021-06-05,40.02,88.52,1024.37,144.02,334.8,18.6,2.43,3.72,4.72,5.93,7.43,11.54,24.44,0.205,5,0,0,1,2,3
2021-06-06,42.22,57.48,962.12,127.65,1844.6,18.4,3.08,5.36,7.27,13.76,19.8,25.63,43.67,0.156,7,0,0,2,3,3
2021-06-06,31.6,34.33,961.73,153.36,1346.4,23.7,1.54,3.22,5.79,8.83,15.75,32.14,45.09,0.156,0,0,1,3,0,2
2021-06-06,22.05,17.07,949.88,21.91,994.3,36.3,4.09,8.46,15.23,23.59,31.46,61.65,91.86,0.477,0,1,2,1,0,0
2021-06-07,28.5,95.3,1015.22,134.82,396.4,44.1,1.19,2.26,3.92,4.76,7.1,10.52,14.17,0.286,0,0,1,1,0,2
2021-06-07,25.9,27.9,942.35,10.7,1834.6,33.4,3.97,5.63,8.32,9.85,13.01,16.67,36.2,0.122,0,0,1,1,0,2
2021-06-07,37.6,41.88,1007.0,105.99,1211.2,42.7,0.7,1.19,1.74,2.01,2.89,5.85,11.87,0.05,4,0,1,1,1,3
2021-06-07,23.54,76.49,952.69,0.44,804.1,27.0,1.99,4.13,6.66,10.26,12.86,22.9,31.11,0.354,0,0,1,1,0,1
2021-06-08,31.69,99.6,1028.69,156.75,645.5,23.8,0.43,0.63,1.03,1.84,2.85,4.38,7.29,0.23,0,0,0,2,0,2
2021-06-09,8.3,81.43,969.01,126.59,2084.9,31.3,2.86,4.45,7.98,14.99,21.88,40.11,79.82,0.856,0,1,2,2,0,0
2021-06-09,32.77,11.23,953.17,48.96,745.7,33.1,2.74,4.13,7.27,8.92,12.13,25.94,34.63,0.05,0,0,1,1,0,2
2021-06-09,12.92,38.77,981.01,152.12,1313.1,12.8,1.92,3.34,5.04,6.62,10.19,14.96,27.35,0.247,0,0,0,2,0,1
2021-06-09,40.15,40.81,1017.54,136.34,1231.3,49.8,3.22,6.49,10.78,12.5,18.71,37.22,62.6,0.22,8,0,1,1,2,2
2021-06-09,20.84,46.99,1029.95,109.9,1586.7,0.0,7.74,11.19,20.38,28.19,42.13,88.19,187.06,0.95,0,2,1,1,0,0
2021-06-09,19.73,80.71,1026.08,147.5,2365.1,40.2,0.68,1.13,1.47,2.59,4.15,8.04,17.18,0.321,0,0,1,1,0,2
2021-06-10,17.08,90.99,1020.04,54.34,1036.3,12.7,0.07,0.12,0.25,0.45,0.73,1.57,3.09,0.305,0,0,0,0,0,2
2021-06-10,23.89,16.05,965.12,123.95,2359.0,44.7,5.23,10.31,19.93,35.29,46.1,73.22,98.72,0.499,0,1,2,2,0,0
2021-06-10,5.45,27.79,989.26,44.75,653.4,38.7,2.31,4.07,6.48,8.36,13.29,20.7,42.08,0.365,0,0,1,1,0,1
2021-06-10,22.48,37.88,979.04,69.5,23.9,7.6,1.03,1.3,2.54,4.46,5.82,7.39,12.12,0.05,0,0,0,1,0,2
2021-06-10,15.27,13.09,994.9,10.65,971.5,5.1,0.58,0.91,1.86,2.79,4.25,6.69,10.08,0.05,0,0,0,0,0,2
2021-06-11,40.64,23.7,962.93,0.33,699.3,45.1,0.27,0.6,0.93,1.5,2.6,4.87,6.17,0.05,5,0,1,1,2,3
2021-06-11,11.61,20.1,994.54,71.86,277.9,32.9,4.51,9.02,15.84,25.96,35.99,52.9,97.71,0.636,0,1,2,1,0,0
2021-06-11,22.1,22.23,1004.7,109.33,2381.0,26.1,1.88,2.59,4.69,6.69,9.73,13.16,23.98,0.05,0,0,0,1,0,2
2021-06-12,10.15,34.09,971.09,133.02,902.5,32.3,0.69,1.39,1.74,2.43,3.22,4.27,7.41,0.118,0,0,1,2,0,2
2021-06-12,47.66,66.77,959.39,85.98,451.5,16.0,2.02,2.69,4.19,7.3,11.14,22.14,28.24,0.05,1,0,0,2,2,3
2021-06-12,33.86,10.48,981.38,8.85,2497.3,7.0,1.8,3.6,6.27,9.9,11.06,24.19,47.8,0.05,0,0,0,0,0,2
2021-06-13,43.44,16.11,965.42,103.53,560.2,29.4,2.5,4.79,8.61,15.59,18.21,29.1,45.37,0.05,5,0,1,2,2,3
2021-06-13,17.44,46.71,955.83,134.38,1446.1,13.4,0.0,0.01,0.03,0.04,0.05,0.11,0.21,0.061,0,0,0,2,0,2
2021-06-14,10.05,39.65,988.55,17.74,2091.6,45.9,1.13,2.72,4.97,6.03,8.69,19.57,34.28,0.326,0,0,1,0,0,1
2021-06-15,7.16,33.63,984.09,25.69,937.3,37.5,3.24,5.21,7.19,10.16,15.98,39.03,59.07,0.49,0,0,1,1,0,1
2021-06-16,39.13,36.24,1012.89,25.84,1516.7,28.3,8.59,13.45,17.24,23.9,28.28,40.94,83.88,0.349,6,1,1,0,2,2
2021-06-16,28.83,61.93,962.94,34.74,806.3,35.0,7.94,11.83,24.67,39.41,64.53,93.59,169.77,0.95,0,2,2,1,0,0
2021-06-16,36.51,58.2,976.19,41.7,1821.5,0.2,1.4,2.12,3.46,5.18,9.12,21.74,40.9,0.199,8,0,0,1,2,2
2021-06-17,46.9,77.89,1010.28,47.35,245.3,44.5,5.02,7.05,13.38,16.98,25.18,60.91,110.97,0.66,6,1,2,0,3,1
2021-06-17,20.03,18.91,1009.15,130.04,2055.1,14.8,5.84,9.37,14.95,24.5,33.59,65.84,90.04,0.495,0,1,1,2,0,0
2021-06-17,5.39,61.93,941.52,74.85,628.1,48.4,0.97,1.62,3.19,5.82,7.46,15.08,23.01,0.409,0,0,1,2,0,1
2021-06-17,23.15,21.93,1011.11,48.62,1258.3,22.7,0.59,1.06,1.81,2.45,2.9,3.72,6.46,0.05,0,0,0,0,0,2
2021-06-18,18.76,38.28,972.02,133.06,220.6,13.0,5.03,7.47,11.08,19.06,21.71,46.28,61.57,0.414,0,1,1,2,0,1
2021-06-18,22.35,33.11,997.75,159.98,1677.4,36.5,3.56,7.15,10.62,21.11,26.16,37.66,81.86,0.488,0,1,1,2,0,1
2021-06-19,5.53,41.49,986.96,104.25,742.3,30.3,5.18,8.25,16.4,18.73,29.12,60.53,90.17,0.753,0,1,2,2,0,0
2021-06-19,14.44,11.7,973.82,110.36,2349.5,17.4,1.48,2.0,2.76,4.8,6.23,12.57,22.98,0.067,0,0,0,2,0,2
2021-06-19,8.49,89.0,1017.89,109.0,1210.8,14.2,0.28,0.63,0.89,1.46,1.84,4.03,8.62,0.418,0,0,0,1,0,2
2021-06-19,9.1,39.23,1028.2,146.42,1415.5,25.2,0.23,0.43,0.82,1.58,2.05,3.59,6.25,0.147,0,0,0,1,0,2
2021-06-20,47.68,90.56,977.6,157.73,25.4,0.5,2.71,6.57,8.81,17.57,22.06,30.46,61.66,0.387,6,1,0,3,3,2
2021-06-20,8.67,14.1,968.94,122.38,5.4,36.8,2.45,3.34,6.78,9.53,11.15,22.65,38.7,0.242,0,1,1,2,0,1
2021-06-22,42.34,94.1,1018.38,73.14,2460.9,29.5,2.28,3.67,7.92,10.52,16.07,40.05,63.93,0.473,6,0,1,1,3,2
2021-06-22,11.01,40.36,1013.03,4.9,1709.0,33.1,1.63,2.2,4.56,8.73,14.35,25.67,51.39,0.434,0,0,1,0,0,1
2021-06-22,6.58,60.03,991.76,156.09,2343.5,43.7,4.57,11.35,22.43,42.08,54.52,118.01,181.45,0.95,0,2,3,2,0,0
2021-06-22,19.61,33.85,988.36,112.97,536.7,27.3,3.05,4.0,4.86,6.17,7.05,12.5,27.44,0.156,0,0,0,2,0,2
2021-06-22,21.88,61.61,960.18,6.09,576.3,5.1,1.28,2.64,5.12,9.92,17.66,43.82,79.47,0.619,0,1,1,1,0,0
2021-06-22,47.47,82.53,997.36,115.4,1288.9,4.4,1.26,2.46,4.36,6.82,10.72,26.1,42.95,0.224,7,0,0,1,3,3
2021-06-23,19.05,45.35,1001.44,146.92,1062.7,3.7,1.28,2.8,3.71,4.64,5.88,14.52,25.49,0.206,0,0,0,2,0,2
2021-06-23,23.84,78.45,998.05,112.44,1052.6,0.9,0.92,1.3,2.84,3.82,4.6,8.49,14.28,0.249,0,0,0,1,0,2
2021-06-24,20.39,14.5,969.55,68.91,1619.7,2.1,7.76,18.5,37.4,49.95,77.19,111.07,141.9,0.815,0,2,2,2,0,0
2021-06-25,34.38,32.75,996.53,152.51,1188.9,13.1,3.69,5.7,8.85,11.93,16.75,40.32,84.06,0.38,0,0,1,2,0,1
2021-06-26,12.73,27.02,1013.12,123.8,1611.8,5.7,0.32,0.74,1.04,1.86,2.29,4.23,5.5,0.05,0,0,0,1,0,2
2021-06-26,8.93,82.39,969.78,44.16,11.2,15.5,5.84,14.22,29.63,37.97,46.24,102.5,221.83,0.95,0,3,2,1,0,0
2021-06-26,39.78,93.62,956.37,139.99,399.8,23.4,2.32,3.92,8.14,9.66,14.95,27.41,35.03,0.304,1,0,1,3,2,2
2021-06-26,30.29,86.8,943.5,152.45,932.9,38.7,1.61,3.33,5.64,6.47,10.72,24.86,44.28,0.426,0,0,1,3,0,1
2021-06-26,38.62,48.98,1001.35,113.71,105.8,19.3,1.03,1.52,2.41,4.27,7.19,14.34,22.33,0.05,2,0,0,1,1,3
2021-06-26,10.27,78.73,944.1,126.8,113.2,45.6,2.52,5.2,9.72,10.88,14.74,27.8,39.35,0.553,0,1,2,3,0,1
2021-06-26,14.49,49.07,994.72,4.33,1032.8,34.0,0.25,0.38,0.46,0.78,1.26,2.48,3.31,0.123,0,0,1,0,0,2
2021-06-27,45.38,93.69,1029.9,155.24,1179.9,47.3,7.05,13.58,17.47,23.05,32.97,57.31,99.78,0.68,7,1,2,2,3,1
2021-06-27,38.09,58.91,1001.45,74.84,1945.9,0.9,1.0,1.38,2.66,3.76,4.49,5.8,9.18,0.05,1,0,0,1,1,3
2021-06-27,28.81,34.31,969.03,30.66,2270.0,15.2,3.42,6.22,11.76,17.55,25.68,43.78,81.36,0.426,0,1,1,1,0,1
2021-06-27,10.74,17.53,975.48,154.89,873.4,18.5,3.31,7.86,9.99,17.16,24.18,53.98,85.95,0.553,0,1,1,3,0,0
2021-06-28,22.49,94.94,949.97,21.32,789.6,25.8,14.48,35.01,74.8,121.29,211.02,526.25,1115.33,0.95,0,3,3,2,0,0
2021-06-28,26.68,89.5,985.5,155.89,1187.2,41.1,3.24,7.43,12.61,15.65,24.7,42.94,81.63,0.725,0,1,2,2,0,0
2021-06-28,31.38,69.32,965.64,3.62,970.3,9.2,1.18,2.34,5.02,8.21,13.47,20.58,33.31,0.255,0,0,0,1,0,2
2021-06-29,6.29,90.71,1026.39,123.97,699.0,10.8,2.49,5.7,8.5,14.7,26.42,33.44,42.28,0.673,0,1,1,1,0,1
2021-06-29,47.06,74.45,1024.4,37.65,959.2,44.0,2.03,3.92,5.98,6.74,8.27,13.12,25.58,0.072,8,0,1,0,3,3
2021-06-29,14.81,29.33,986.83,37.12,1776.6,30.3,0.13,0.2,0.26,0.29,0.51,0.74,1.08,0.05,0,0,0,1,0,2
2021-06-30,41.83,60.11,974.64,148.23,823.3,49.7,2.52,3.8,6.96,10.13,14.91,18.92,37.31,0.131,1,0,1,2,2,3
2021-06-30,25.28,73.8,999.57,154.78,1397.7,31.4,1.61,3.61,6.4,9.59,14.39,24.51,38.7,0.374,0,0,1,2,0,1
2021-06-30,5.27,18.73,1011.07,130.86,1439.6,2.0,3.2,7.52,15.46,25.43,34.32,82.96,169.38,0.95,0,1,1,2,0,0
2021-06-30,9.58,19.37,1007.78,104.96,1275.1,23.9,1.02,2.16,4.23,6.38,9.03,20.88,28.27,0.189,0,0,0,1,0,2
2021-07-01,18.17,25.37,1015.95,93.07,1886.3,12.0,2.78,3.47,4.26,6.5,9.11,19.38,30.57,0.149,0,0,0,1,0,2
2021-07-01,15.4,21.45,1028.34,131.45,917.5,45.1,5.25,12.64,27.0,40.54,45.17,74.73,118.86,0.746,0,1,2,2,0,0
2021-07-01,39.67,55.15,954.01,60.34,844.6,1.0,3.4,5.53,11.99,18.72,26.61,58.43,74.38,0.375,7,0,0,2,2,2
2021-07-01,22.14,33.1,1008.67,6.84,2412.0,14.9,3.02,4.28,5.2,8.63,15.46,31.46,50.61,0.281,0,0,0,0,0,1
2021-07-02,24.34,78.09,974.95,153.79,36.7,28.2,1.94,3.13,4.09,7.19,9.44,16.94,34.48,0.377,0,1,1,2,0,1
2021-07-03,13.56,84.85,949.66,92.35,822.9,48.9,4.31,5.43,9.55,15.83,27.37,59.46,113.37,0.95,0,1,2,2,0,0
2021-07-03,16.53,98.01,1027.09,90.19,288.5,33.1,7.96,13.16,16.82,23.54,27.34,52.32,94.83,0.95,0,1,2,1,0,0
2021-07-04,24.95,29.0,970.1,86.24,1400.6,4.4,2.11,3.58,7.61,11.35,19.36,45.69,90.97,0.502,0,1,0,2,0,0
2021-07-04,44.41,16.91,983.94,96.39,1154.0,14.7,3.34,7.56,15.69,24.45,42.13,80.78,112.61,0.391,5,1,1,2,2,2
2021-07-04,23.45,83.72,1022.46,97.17,2404.2,13.8,6.95,15.43,33.72,40.06,62.85,133.66,188.03,0.95,0,2,2,1,0,0
2021-07-04,47.82,27.59,960.92,40.81,2430.3,34.7,0.87,2.16,3.34,4.87,6.81,13.27,18.93,0.05,8,0,1,1,3,3
2021-07-04,20.81,23.93,973.91,107.34,2493.8,0.4,13.32,28.55,61.65,99.95,141.67,218.38,299.9,0.95,0,3,3,3,0,0
2021-07-04,7.98,84.72,1015.68,134.38,1449.4,40.9,0.59,1.22,2.16,3.2,4.04,8.11,13.62,0.435,0,0,1,1,0,1
2021-07-04,30.35,30.04,992.47,25.89,1887.2,2.2,1.77,2.85,4.69,6.23,9.83,21.69,37.62,0.098,0,0,0,0,0,2
2021-07-05,20.43,25.28,983.33,61.53,1014.7,25.2,0.11,0.2,0.31,0.48,0.66,1.1,2.4,0.05,0,0,0,1,0,2
2021-07-06,47.0,27.22,982.14,9.61,599.0,46.0,10.39,16.82,20.2,34.96,44.3,58.67,113.14,0.42,4,1,2,1,2,2
2021-07-06,26.83,70.93,986.35,109.56,708.1,7.9,4.1,6.15,12.94,23.25,38.29,74.82,134.85,0.95,0,1,1,2,0,0
2021-07-06,46.2,21.73,1022.97,51.34,2058.0,47.1,7.67,16.63,22.9,29.96,41.32,70.98,85.43,0.216,6,1,2,0,3,2
2021-07-07,38.31,75.48,975.74,81.66,29.7,36.2,2.92,3.8,5.73,9.13,14.47,28.57,46.78,0.306,1,1,1,1,1,2
2021-07-07,21.97,77.21,944.4,111.88,773.5,22.7,2.28,5.09,6.87,13.15,15.36,25.24,52.57,0.517,0,0,1,2,0,1
2021-07-08,8.81,95.52,1029.79,83.51,1867.2,27.1,0.77,1.85,2.87,3.26,4.47,10.39,22.38,0.539,0,0,1,1,0,1
2021-07-08,43.64,38.19,995.21,134.72,2294.1,25.4,3.81,7.81,14.92,26.06,33.35,44.54,84.97,0.321,5,1,1,2,2,2
2021-07-08,22.95,11.11,1017.47,144.02,1702.5,17.9,7.56,18.89,25.67,46.59,55.3,86.0,138.75,0.751,0,1,2,2,0,0
2021-07-08,22.96,48.95,983.56,34.47,1768.0,6.8,5.04,7.4,11.52,16.48,27.8,34.67,52.42,0.365,0,0,0,1,0,1
2021-07-09,47.27,45.07,1005.16,76.33,2001.0,45.7,1.93,2.71,5.61,10.46,17.01,28.32,57.09,0.133,6,0,1,1,3,3
2021-07-09,19.14,49.96,1014.42,119.35,1874.4,12.8,5.32,8.89,18.35,29.0,36.93,85.79,168.54,0.95,0,1,2,1,0,0
2021-07-10,36.49,17.32,947.35,21.6,38.2,37.1,3.26,5.75,11.82,20.66,23.11,55.19,73.5,0.212,4,1,1,1,1,2
2021-07-10,10.78,48.2,1024.77,123.22,1638.4,6.0,2.58,5.14,8.27,11.35,19.17,45.62,71.51,0.61,0,1,1,1,0,1
2021-07-10,15.31,26.31,1014.92,30.44,481.5,48.6,7.19,17.38,24.73,27.75,33.45,72.29,90.73,0.583,0,1,2,0,0,0
2021-07-10,32.39,96.12,944.68,99.69,1357.2,10.9,5.44,13.05,18.77,20.69,31.28,59.15,117.88,0.943,0,1,1,2,1,0
2021-07-10,46.2,42.89,968.27,147.6,2343.6,10.5,0.34,0.74,0.96,1.13,1.54,2.83,4.0,0.05,6,0,0,2,3,3
2021-07-11,44.11,49.92,947.8,32.03,921.7,36.4,0.86,1.71,2.94,4.92,8.51,20.86,39.56,0.072,5,0,1,1,2,3
2021-07-11,41.29,51.02,944.3,13.69,904.9,24.4,2.11,4.71,9.32,12.1,13.44,20.54,33.24,0.064,5,0,0,1,2,3
2021-07-11,7.89,14.7,1009.14,61.93,1775.8,14.9,0.01,0.02,0.04,0.06,0.1,0.17,0.25,0.05,0,0,0,0,0,2
2021-07-12,24.55,50.37,990.96,140.9,273.8,44.2,0.26,0.32,0.58,0.91,1.08,2.3,3.03,0.05,0,0,1,2,0,2
2021-07-12,6.57,95.75,948.07,116.97,2117.8,29.5,2.37,5.36,9.27,17.59,26.07,60.89,110.41,0.95,0,1,2,3,0,0
2021-07-13,9.03,27.13,957.63,133.08,755.7,38.2,2.93,4.36,6.41,12.33,14.42,19.33,24.69,0.21,0,0,1,3,0,2
2021-07-13,25.41,29.51,971.04,43.44,898.0,27.4,2.69,5.91,7.25,11.02,16.18,22.71,46.76,0.205,0,0,1,1,0,1
2021-07-13,34.99,59.56,992.39,16.68,189.6,2.2,4.78,6.5,12.54,15.63,27.23,43.02,67.78,0.4,0,1,0,0,1,1
2021-07-13,42.75,71.73,1023.82,110.55,1098.3,47.7,0.21,0.34,0.42,0.66,0.84,1.4,2.08,0.05,9,0,1,1,3,3
2021-07-13,18.98,27.53,971.72,135.48,875.9,40.8,0.3,0.55,1.19,2.08,2.29,3.37,5.0,0.05,0,0,1,2,0,2
2021-07-13,19.92,29.22,942.12,132.61,130.9,47.4,0.23,0.35,0.53,0.65,1.09,1.96,2.81,0.05,0,0,1,3,0,2
2021-07-13,9.02,89.81,1026.98,134.42,1269.4,30.2,4.58,11.06,16.13,31.32,50.97,86.85,113.46,0.95,0,1,2,1,0,0
2021-07-15,30.53,52.11,956.77,151.48,2327.8,37.3,2.08,2.72,3.93,7.56,11.85,17.08,30.75,0.16,0,0,1,3,0,2
2021-07-16,42.78,88.37,962.55,22.16,2143.9,24.9,5.08,7.6,14.53,17.9,22.84,51.87,75.36,0.517,4,1,1,1,2,2
2021-07-16,28.18,33.35,947.49,88.3,1574.1,8.2,0.58,0.78,1.42,2.27,3.94,7.8,10.75,0.05,0,0,0,2,0,2
2021-07-17,36.3,80.56,940.86,68.13,740.6,49.5,0.08,0.12,0.22,0.42,0.64,1.0,1.66,0.051,5,0,1,2,2,3
2021-07-17,11.87,55.56,947.12,150.66,1657.7,49.7,0.19,0.4,0.53,0.83,1.02,1.56,2.2,0.174,0,0,1,3,0,2
2021-07-18,44.6,75.56,998.43,96.95,1463.1,33.0,2.36,4.65,6.3,8.11,10.94,17.34,23.34,0.087,8,0,1,1,3,3
2021-07-18,11.15,32.16,1006.21,146.45,2094.3,22.3,3.87,7.96,13.16,26.15,36.83,60.46,128.15,0.904,0,1,2,2,0,0
2021-07-18,25.45,36.46,969.08,74.4,885.3,35.4,3.16,7.76,15.64,27.73,40.12,89.75,153.64,0.95,0,1,2,2,0,0
2021-07-19,26.16,43.34,974.91,21.64,233.7,40.7,1.56,3.72,5.8,10.73,13.75,22.63,32.25,0.17,0,0,1,1,0,2
2021-07-19,12.23,15.24,955.11,109.14,2499.2,44.5,0.02,0.03,0.06,0.07,0.11,0.14,0.21,0.05,0,0,1,2,0,2
2021-07-19,39.65,57.5,965.79,95.63,1218.0,1.1,2.4,5.43,9.83,14.63,25.12,40.82,59.96,0.291,6,0,0,2,2,2
2021-07-20,10.4,37.49,960.37,20.15,27.3,42.3,8.67,20.92,40.13,65.81,117.21,239.77,329.18,0.95,0,3,3,1,0,0
2021-07-20,20.83,35.15,1025.81,126.91,492.7,41.8,2.86,6.89,8.96,14.24,17.31,27.22,55.49,0.337,0,0,1,1,0,1
2021-07-21,15.3,23.74,955.79,47.23,2128.0,36.6,2.11,2.67,3.34,4.29,7.05,9.96,20.03,0.099,0,0,1,1,0,2
2021-07-21,17.11,38.2,954.09,70.31,840.0,34.7,1.03,1.91,3.93,6.86,8.07,17.45,33.19,0.241,0,0,1,2,0,1
2021-07-21,32.89,55.39,949.0,95.76,758.4,47.3,1.15,2.72,3.92,5.82,9.34,17.54,35.9,0.187,0,0,1,2,0,2
2021-07-23,25.45,86.0,975.6,82.68,1524.9,8.7,2.12,4.76,7.45,14.25,24.64,36.3,50.53,0.512,0,0,1,1,0,1
2021-07-23,43.81,35.37,1028.49,73.66,301.0,37.1,8.65,21.48,32.81,64.84,96.38,215.43,334.45,0.95,4,3,3,1,2,0
2021-07-23,35.67,54.79,949.77,95.04,2390.5,29.2,2.52,3.94,6.01,7.34,11.54,28.2,38.32,0.173,1,0,1,2,1,2
2021-07-24,34.87,39.04,1004.41,155.3,2027.4,40.2,3.45,4.14,7.44,10.37,13.25,26.3,44.53,0.143,0,0,1,2,0,2
2021-07-24,44.37,42.08,977.28,67.12,2194.5,10.2,2.72,3.38,5.97,9.55,16.94,25.87,39.14,0.05,6,0,0,1,3,3
2021-07-25,34.71,60.54,943.42,44.22,1489.7,10.6,0.85,1.07,1.71,2.26,3.19,6.16,12.64,0.05,0,0,0,1,1,3
2021-07-25,41.16,79.4,963.22,119.85,186.4,38.1,15.15,19.4,37.37,47.42,68.85,115.33,175.91,0.95,7,3,3,3,3,0
2021-07-26,25.68,40.87,980.68,140.98,2241.9,35.8,1.23,2.15,3.6,5.63,8.35,16.36,30.45,0.151,0,0,1,2,0,2
2021-07-27,14.06,50.85,974.33,136.34,1666.2,26.7,1.2,1.99,3.62,7.23,9.78,19.55,29.04,0.307,0,0,1,2,0,1
2021-07-28,21.11,64.54,940.77,54.82,2463.9,34.2,0.03,0.06,0.12,0.22,0.29,0.68,1.47,0.121,0,0,1,2,0,2
2021-07-28,33.38,82.24,1004.27,18.07,2485.2,19.9,3.23,7.49,9.81,14.86,25.17,53.76,107.88,0.797,0,1,1,0,1,0
2021-07-28,5.46,72.61,962.76,159.45,2028.5,24.5,1.94,3.56,6.67,11.72,13.57,25.46,32.52,0.525,0,0,1,3,0,1
2021-07-28,23.14,87.2,1019.01,20.57,1683.8,24.8,0.06,0.09,0.15,0.28,0.47,0.76,0.94,0.211,0,0,0,0,0,2
2021-07-28,24.55,66.03,959.78,141.1,642.4,42.5,2.33,4.94,9.88,11.2,15.83,21.28,36.88,0.331,0,0,1,3,0,1
2021-07-28,11.36,39.62,1020.84,126.55,701.8,31.2,2.51,3.47,5.9,10.0,14.3,35.54,49.42,0.414,0,0,1,1,0,1
2021-07-29,42.39,14.71,1020.45,117.6,1317.4,35.5,5.57,11.7,24.83,42.67,69.35,163.91,262.94,0.95,4,2,3,1,2,0
2021-07-31,11.33,51.46,951.74,12.8,2384.9,30.9,0.08,0.13,0.19,0.3,0.4,0.7,1.25,0.152,0,0,0,1,0,2
2021-08-01,11.56,19.95,945.22,132.92,2336.6,1.3,3.6,6.35,10.03,11.62,19.21,41.13,89.68,0.582,0,1,0,3,0,0
2021-08-01,46.01,52.42,1016.54,138.94,1597.9,15.5,0.11,0.15,0.22,0.43,0.68,1.4,2.35,0.05,3,0,0,1,2,3
2021-08-01,38.55,66.49,1028.82,127.41,1422.4,7.8,3.57,5.71,10.15,15.41,22.89,52.09,90.41,0.55,1,1,1,1,1,1
2021-08-01,12.08,50.42,1011.88,66.52,1542.6,17.5,1.03,2.46,3.93,5.64,6.53,13.64,18.31,0.253,0,0,0,1,0,2
2021-08-01,35.01,90.16,961.26,152.68,1784.2,15.0,1.61,3.87,8.44,12.98,14.77,17.76,32.28,0.316,6,0,0,3,2,2
2021-08-01,33.46,71.77,963.14,53.02,816.1,17.3,0.23,0.28,0.45,0.67,0.98,2.13,3.63,0.05,0,0,0,1,0,3
2021-08-02,43.51,89.97,946.45,8.1,2363.6,4.2,7.1,12.52,18.95,33.52,40.75,88.28,126.59,0.859,7,1,1,1,3,1
2021-08-02,47.97,43.61,999.2,136.4,1899.9,40.8,0.5,0.86,1.18,2.2,3.82,8.19,12.26,0.05,1,0,1,2,2,3
2021-08-02,5.16,91.99,1015.72,80.11,98.0,33.7,0.19,0.42,0.66,0.9,1.53,2.53,4.27,0.437,0,1,1,1,0,2
2021-08-02,20.56,97.84,997.29,144.79,980.3,16.6,8.26,15.94,22.18,34.06,44.15,109.81,175.22,0.95,0,2,2,2,0,0
2021-08-03,7.37,69.74,963.88,14.01,2186.7,39.5,0.59,0.89,1.29,2.5,3.43,6.97,13.46,0.365,0,0,1,1,0,2
2021-08-03,28.68,60.45,981.26,115.92,1736.9,18.6,1.59,2.87,3.82,5.44,9.43,17.23,33.06,0.236,0,0,0,2,0,2
2021-08-03,11.64,63.08,1023.4,18.81,847.7,41.1,3.32,8.11,12.28,16.72,22.84,45.08,83.41,0.755,0,1,2,0,0,0
2021-08-03,15.22,22.25,975.25,50.53,2338.0,11.3,1.97,4.11,7.71,10.28,14.34,28.83,59.21,0.354,0,0,0,1,0,1
2021-08-03,16.79,28.85,989.95,159.66,374.2,4.3,2.13,3.18,4.77,5.76,7.81,11.48,15.63,0.081,0,0,0,2,0,2
2021-08-03,7.27,58.02,961.12,35.2,49.2,20.8,1.98,3.4,5.06,8.5,9.43,12.41,20.58,0.355,0,1,0,1,0,1
2021-08-03,29.88,13.8,963.48,14.6,2223.5,47.7,1.98,3.17,5.84,8.84,10.57,19.66,39.67,0.05,0,0,1,1,0,2
2021-08-04,22.52,43.63,993.97,5.49,1923.3,27.3,3.45,4.71,8.12,12.43,21.19,27.08,37.85,0.245,0,0,1,0,0,1
2021-08-04,19.32,32.08,984.03,119.33,743.5,11.2,1.92,3.4,7.15,10.85,18.62,27.28,57.57,0.351,0,0,0,2,0,1
2021-08-04,8.88,32.92,970.94,109.15,1358.7,28.7,0.52,0.68,0.82,1.26,2.13,4.06,7.85,0.128,0,0,0,2,0,2
2021-08-05,13.76,62.73,977.81,116.45,1313.5,46.0,2.34,5.68,11.56,16.99,28.01,50.18,99.93,0.842,0,1,2,2,0,0
2021-08-06,41.21,26.82,976.36,152.88,2307.3,29.0,1.62,2.95,5.65,10.2,17.02,32.47,40.59,0.05,5,0,1,2,2,3
2021-08-06,29.97,76.0,949.17,91.02,1925.5,37.0,0.91,1.14,1.37,2.7,3.82,6.66,9.73,0.145,0,0,1,2,0,2
2021-08-06,8.98,78.73,974.16,64.26,1069.0,9.4,4.04,6.69,13.47,17.45,26.69,54.55,82.64,0.855,0,1,1,1,0,0
2021-08-07,17.01,31.24,968.74,139.31,1772.4,43.6,7.03,16.59,30.76,55.65,83.17,147.17,180.85,0.95,0,2,3,3,0,0
2021-08-07,42.32,68.73,1019.08,116.35,790.2,47.0,0.03,0.06,0.13,0.24,0.3,0.46,0.66,0.05,3,0,1,1,2,3
2021-08-08,15.05,61.33,978.52,118.78,775.9,47.7,0.82,1.56,2.32,3.55,4.03,6.61,7.97,0.209,0,0,1,2,0,2
2021-08-08,33.36,60.64,992.6,61.47,1202.1,19.2,1.88,3.5,7.53,12.08,19.23,46.84,57.29,0.352,0,0,1,1,0,2
2021-08-08,42.84,38.19,990.16,8.48,644.5,33.3,2.19,3.3,4.56,6.23,10.89,17.89,28.34,0.05,1,0,1,0,1,3
2021-08-09,32.56,59.88,990.39,62.68,1531.1,1.7,3.16,3.81,6.79,10.58,14.08,32.67,52.18,0.322,0,0,0,1,0,2
2021-08-09,11.51,42.32,1021.75,113.74,957.2,32.4,4.52,10.14,17.6,26.61,34.14,48.71,74.86,0.596,0,1,1,1,0,1
2021-08-09,24.94,96.94,946.68,82.7,468.9,38.6,2.47,3.31,6.49,8.2,11.45,18.49,35.22,0.47,0,0,1,2,0,1
2021-08-10,22.03,62.63,1020.55,30.86,574.5,8.0,4.13,10.11,22.11,43.89,63.45,143.65,182.69,0.95,0,2,2,0,0,0
2021-08-10,46.19,13.32,991.32,81.65,669.7,9.3,0.86,1.16,1.91,3.4,5.84,11.25,23.7,0.05,9,0,0,1,3,3
2021-08-11,39.82,27.98,1021.54,92.1,2469.9,22.2,2.87,5.2,11.36,14.86,25.61,63.45,122.2,0.556,2,1,1,1,1,1
2021-08-12,9.28,39.16,995.46,21.45,2386.3,29.5,2.11,4.86,10.37,14.1,23.76,47.8,79.98,0.636,0,1,1,0,0,0
2021-08-12,31.46,18.13,974.44,112.08,1738.3,30.8,0.11,0.17,0.25,0.28,0.32,0.76,1.42,0.05,0,0,0,2,0,2
2021-08-13,23.01,92.76,1022.87,54.16,1450.0,41.1,3.97,5.18,10.6,12.18,19.07,41.16,51.77,0.579,0,0,2,0,0,1
2021-08-13,8.67,47.47,1024.88,124.14,2144.6,28.8,1.15,2.54,3.22,4.65,7.3,10.22,16.01,0.257,0,0,1,1,0,2
2021-08-14,23.13,75.82,970.06,72.71,464.8,7.1,2.21,4.75,5.88,9.13,10.36,16.52,27.9,0.334,0,0,0,1,0,1
2021-08-15,32.19,85.91,964.54,88.35,1217.6,4.4,4.37,8.58,13.32,23.32,36.84,88.18,119.86,0.907,0,1,1,2,0,0
2021-08-15,40.52,94.87,955.26,101.28,417.0,48.0,2.73,5.46,8.49,13.06,19.83,24.19,41.84,0.348,4,0,1,2,2,2
2021-08-15,25.84,25.81,974.6,122.53,1079.4,20.7,3.29,5.16,9.77,18.04,20.75,46.75,88.58,0.461,0,1,1,2,0,1
2021-08-16,31.83,22.7,968.63,74.85,1578.0,28.5,0.41,0.92,1.44,2.51,2.86,5.64,7.26,0.05,0,0,0,1,0,2
2021-08-16,39.47,77.35,991.73,66.82,149.5,11.2,0.61,0.78,1.42,2.04,2.83,6.95,11.45,0.068,7,0,0,1,2,3
2021-08-16,17.9,57.26,948.79,158.45,147.3,13.3,0.75,1.8,3.82,5.84,7.46,16.57,28.53,0.298,0,1,0,3,0,1
2021-08-16,25.58,28.47,946.8,10.32,2041.4,12.2,0.22,0.33,0.41,0.67,0.8,1.3,2.84,0.05,0,0,0,1,0,2
2021-08-17,43.17,79.02,993.42,59.86,2165.9,39.8,6.36,13.94,29.83,57.29,98.7,233.33,351.15,0.95,7,3,3,1,3,0
2021-08-17,7.07,44.52,992.3,45.13,2094.2,27.8,3.06,6.26,9.44,10.71,13.15,27.89,44.69,0.45,0,0,1,1,0,1
2021-08-17,34.12,50.9,987.66,67.49,1353.3,32.3,6.42,13.29,17.26,33.68,49.68,70.98,101.4,0.589,0,1,2,1,0,1
2021-08-17,42.56,78.44,1005.22,135.05,172.3,44.1,2.73,6.05,7.54,11.49,14.27,31.89,46.77,0.278,5,1,1,2,2,2
2021-08-17,22.17,39.4,1007.66,30.85,2032.3,40.5,1.34,3.33,6.4,8.81,11.58,23.46,38.21,0.23,0,0,1,0,0,1
2021-08-18,30.5,56.54,992.36,57.59,131.8,4.0,0.79,1.79,3.7,6.38,11.05,21.39,42.8,0.263,0,1,0,1,0,2
2021-08-18,23.82,91.87,950.78,49.49,660.9,27.0,1.56,2.32,4.05,6.55,11.79,29.24,46.4,0.53,0,0,1,1,0,1
2021-08-19,36.42,49.42,943.02,127.74,1827.4,13.9,3.7,6.66,8.79,15.97,22.22,53.28,95.98,0.523,2,1,1,3,1,1
2021-08-19,24.04,25.27,972.55,71.96,257.1,6.4,2.22,4.69,9.12,16.92,25.82,51.75,109.32,0.615,0,1,1,1,0,0
2021-08-19,39.59,58.37,984.64,131.03,306.7,12.3,2.87,3.85,7.43,14.27,25.55,38.62,72.54,0.38,2,1,1,2,1,2
2021-08-20,16.99,12.03,971.3,19.98,1461.8,43.1,1.23,2.12,3.52,5.73,8.39,10.69,16.54,0.05,0,0,1,1,0,2
2021-08-21,29.81,18.88,996.03,115.55,256.3,5.9,2.29,3.61,6.26,12.13,20.56,34.79,47.75,0.115,0,0,0,1,0,2
2021-08-21,42.85,47.09,1011.01,86.1,383.5,15.8,4.74,9.19,12.68,21.78,26.73,52.32,113.51,0.564,4,1,1,1,2,1
2021-08-22,42.31,86.93,946.77,79.83,2200.9,29.4,3.33,6.45,13.32,26.41,41.92,57.76,104.62,0.709,5,1,2,2,3,1
2021-08-22,26.57,80.46,973.85,155.13,407.5,44.8,4.17,5.19,6.24,7.59,9.22,19.72,28.96,0.33,0,0,1,3,0,1
2021-08-22,12.77,12.77,1026.52,121.71,817.0,14.2,0.71,1.12,1.36,2.56,4.3,7.66,13.51,0.05,0,0,0,1,0,2
2021-08-22,33.84,40.15,984.04,102.73,2238.3,22.7,3.99,5.71,8.54,11.73,16.86,36.59,76.39,0.372,0,0,1,2,0,1
2021-08-22,21.71,63.93,961.36,81.79,1085.7,49.9,0.09,0.19,0.28,0.5,0.8,1.37,2.12,0.117,0,0,1,2,0,2
2021-08-22,45.43,95.05,953.08,24.92,1477.4,41.1,0.64,1.35,1.86,3.45,4.96,10.28,20.06,0.155,6,0,1,1,3,3
2021-08-22,47.25,30.95,940.58,80.36,259.6,39.2,8.06,11.21,18.48,35.23,61.8,108.58,165.41,0.785,7,2,3,2,3,1
2021-08-23,10.61,28.79,1027.47,143.67,1965.3,22.2,0.89,2.01,4.12,6.53,7.78,17.28,26.15,0.212,0,0,0,1,0,2
2021-08-23,47.65,46.01,1001.46,136.13,1046.5,24.0,4.65,9.13,14.95,24.02,37.05,45.17,86.44,0.33,2,1,1,2,2,2
2021-08-23,28.5,11.03,1008.47,146.09,252.0,32.1,1.39,2.03,2.65,3.36,6.04,7.37,9.37,0.05,0,0,0,2,0,2
2021-08-24,31.79,58.65,972.06,116.87,962.5,15.0,5.56,9.65,15.46,25.02,30.69,50.21,82.4,0.525,0,1,1,2,0,1
2021-08-25,5.03,63.58,994.79,132.59,1045.0,2.0,7.9,16.53,36.12,66.1,92.42,156.03,298.14,0.95,0,3,2,2,0,0
2021-08-25,6.34,62.03,941.21,13.38,1273.8,4.4,2.76,4.47,5.83,7.63,12.85,26.94,58.82,0.639,0,0,0,1,0,1
2021-08-26,24.75,25.28,982.63,123.69,2374.7,8.6,0.25,0.53,0.68,1.15,2.02,2.89,4.17,0.05,0,0,0,2,0,2
2021-08-26,18.31,33.41,956.08,11.52,2269.8,30.8,0.98,1.91,3.17,5.6,9.29,21.46,25.77,0.156,0,0,1,1,0,2
2021-08-27,33.25,45.92,942.99,29.19,1440.6,8.3,1.86,2.98,3.66,6.96,9.41,20.48,29.18,0.092,0,0,0,1,0,2
2021-08-27,46.5,43.09,1011.72,73.12,343.6,11.1,7.6,16.02,28.32,44.5,61.2,74.35,134.94,0.65,1,2,1,1,2,1
2021-08-28,36.76,32.7,998.38,99.81,1242.5,10.9,4.55,10.63,17.99,33.61,46.83,92.88,178.02,0.95,4,2,2,1,1,0
2021-08-28,26.18,25.7,959.09,51.06,485.1,25.4,0.36,0.69,1.49,2.09,3.06,6.55,10.28,0.05,0,0,0,1,0,2
2021-08-28,12.54,50.21,995.43,143.36,502.0,27.9,2.9,7.09,10.0,14.66,18.66,23.1,48.13,0.447,0,0,1,2,0,1
2021-08-29,39.63,49.05,1010.08,70.71,332.9,16.6,4.65,5.88,12.28,22.05,26.75,55.03,102.37,0.531,6,1,1,1,2,1
2021-08-30,47.43,18.51,1002.18,89.6,1850.7,42.1,0.08,0.13,0.16,0.28,0.34,0.65,0.9,0.05,7,0,1,1,3,3
2021-08-30,45.51,32.26,947.56,131.66,1039.0,25.3,0.87,1.88,2.31,3.65,5.38,9.75,18.28,0.05,2,0,0,3,2,3
2021-08-31,18.23,71.11,1017.4,40.47,1494.8,34.1,0.25,0.4,0.63,0.97,1.7,3.27,6.25,0.215,0,0,1,0,0,2
2021-08-31,39.62,22.0,948.22,38.61,733.4,45.4,0.34,0.72,1.12,2.21,3.75,4.96,7.27,0.05,8,0,1,1,2,3
2021-08-31,7.86,84.48,1021.34,157.08,1193.9,21.3,2.95,5.33,10.1,13.28,15.76,20.89,42.22,0.625,0,0,1,2,0,1
2021-09-01,42.11,50.26,992.28,52.51,2116.6,40.2,4.58,6.63,13.29,15.74,23.14,30.29,48.11,0.151,1,0,1,1,1,2
2021-09-01,27.05,97.53,1026.01,8.76,1667.1,0.7,0.84,1.99,3.07,3.65,6.05,11.55,20.21,0.352,0,0,0,0,0,2
2021-09-01,43.12,62.98,944.83,49.54,543.7,45.7,5.76,12.38,26.98,36.65,65.84,108.97,194.6,0.95,5,2,3,2,2,0
2021-09-01,29.33,85.05,957.81,111.69,344.5,21.1,2.13,5.26,10.9,16.39,19.98,26.4,44.43,0.428,0,1,1,2,0,1
2021-09-01,31.98,91.97,964.82,146.58,272.1,27.5,0.33,0.47,0.77,1.05,1.63,3.01,4.15,0.168,0,0,0,2,0,2
2021-09-01,31.93,44.38,950.29,87.0,846.9,42.4,1.16,1.67,2.24,4.38,5.02,8.7,17.21,0.05,0,0,1,2,0,2
2021-09-02,23.9,85.32,1010.76,100.96,2204.3,35.0,2.56,3.48,4.29,5.25,8.32,20.05,39.88,0.453,0,0,1,1,0,1
2021-09-02,41.71,60.98,980.01,110.22,1408.8,36.0,0.48,1.05,1.66,2.48,4.22,5.58,8.08,0.05,8,0,1,2,3,3
2021-09-03,19.43,50.55,1018.98,151.35,327.5,38.3,1.03,1.51,2.8,4.47,8.02,12.78,18.63,0.183,0,0,1,2,0,2
2021-09-03,30.47,74.8,980.31,134.89,519.3,16.0,0.45,0.68,1.43,2.0,2.74,4.56,7.47,0.119,0,0,0,2,0,2
2021-09-03,43.48,45.48,1008.13,113.39,145.8,48.7,1.36,2.46,4.28,5.47,6.92,15.08,19.87,0.05,9,0,1,1,3,3
2021-09-04,34.2,90.66,958.37,81.17,251.1,21.5,0.19,0.46,0.84,1.37,1.83,2.37,4.58,0.142,0,0,0,2,1,3
2021-09-04,30.38,17.5,949.92,84.33,473.7,44.1,0.54,1.07,2.13,3.3,4.43,7.3,9.6,0.05,0,0,1,2,0,2
2021-09-04,45.28,82.12,971.56,52.24,67.4,1.3,1.47,2.73,4.78,6.77,8.87,12.73,21.96,0.104,5,0,0,1,3,3
2021-09-05,14.24,47.2,969.09,112.68,160.8,7.6,2.71,5.93,9.86,12.28,20.0,44.69,90.96,0.7,0,1,1,2,0,0
2021-09-06,43.78,46.37,1004.47,15.24,2194.2,1.3,8.28,13.3,24.41,42.37,73.26,92.4,138.47,0.717,1,2,1,0,2,1
2021-09-06,26.38,58.28,1010.61,61.44,1891.1,4.7,4.09,7.13,13.17,22.11,33.88,43.12,86.43,0.604,0,1,1,1,0,0
2021-09-07,42.94,57.69,942.84,57.18,717.3,17.4,5.11,8.47,11.98,20.03,22.3,37.26,56.14,0.233,9,0,1,2,3,2
2021-09-07,42.27,55.52,965.61,44.5,1913.3,44.1,0.31,0.54,0.97,1.59,1.96,3.72,6.65,0.05,6,0,1,1,2,3
2021-09-08,15.08,86.19,947.49,60.62,806.2,26.0,3.62,8.7,14.26,20.0,30.6,46.96,63.61,0.704,0,1,1,2,0,1
2021-09-08,26.91,18.65,1029.14,20.24,680.5,21.4,4.01,9.1,12.49,18.71,33.07,55.89,79.73,0.356,0,1,1,0,0,1
2021-09-09,15.79,12.74,952.66,50.53,1807.6,14.1,0.89,1.24,1.49,1.9,2.58,5.78,10.68,0.05,0,0,0,1,0,2
2021-09-09,11.14,89.88,961.55,53.35,2330.3,2.2,2.42,4.96,7.99,9.2,16.48,22.53,44.55,0.635,0,0,0,1,0,1
2021-09-10,35.24,61.68,985.56,82.7,1303.5,15.2,0.42,0.51,0.72,0.97,1.71,3.77,7.45,0.05,7,0,0,1,2,3
2021-09-10,46.26,33.58,969.53,33.93,2208.0,35.3,1.88,4.69,8.79,14.35,20.82,42.8,81.49,0.249,8,0,1,1,3,2
2021-09-11,28.63,34.95,951.62,96.09,1887.8,41.5,11.55,28.14,40.26,54.35,82.37,108.66,202.26,0.95,0,2,3,3,0,0
2021-09-12,19.57,34.74,1014.03,115.77,1534.5,49.4,2.24,3.43,5.53,7.96,13.68,29.37,50.64,0.316,0,0,1,1,0,1
2021-09-12,45.06,51.84,998.29,83.28,961.2,2.8,0.16,0.36,0.71,1.32,1.61,3.17,6.86,0.05,6,0,0,1,3,3
2021-09-12,12.93,34.74,1026.76,118.12,164.6,36.8,2.03,4.28,8.92,16.21,20.03,35.41,57.08,0.425,0,1,1,1,0,1
2021-09-13,12.5,20.94,1019.18,71.73,1238.8,10.8,4.6,7.2,11.76,18.47,30.72,53.45,75.75,0.485,0,1,1,1,0,1
2021-09-13,38.09,73.51,992.64,74.39,2102.4,36.7,0.53,1.01,2.11,2.46,3.74,8.27,17.25,0.102,4,0,1,1,2,3
2021-09-13,28.67,68.23,1018.53,76.75,417.4,42.4,1.63,2.91,5.18,10.25,11.59,19.6,43.07,0.342,0,0,1,1,0,1
2021-09-13,14.27,30.27,1029.15,40.2,406.2,35.7,8.66,21.05,31.94,53.17,72.03,162.89,266.06,0.95,0,3,3,0,0,0
2021-09-13,10.65,36.88,1004.73,0.58,2493.9,14.9,0.2,0.27,0.58,1.04,1.31,3.0,5.91,0.117,0,0,0,0,0,2
2021-09-14,43.12,67.05,956.74,79.95,770.1,41.5,7.44,12.05,14.48,17.2,22.73,32.36,67.39,0.353,7,0,1,2,3,2
2021-09-15,10.18,42.77,992.03,74.78,1950.1,39.6,1.18,2.63,3.78,4.74,6.11,9.03,12.19,0.193,0,0,1,1,0,2
2021-09-15,42.1,77.17,987.41,72.77,813.8,6.8,0.96,1.64,2.85,3.78,4.42,6.27,13.14,0.052,3,0,0,1,2,3
2021-09-15,11.31,65.33,978.08,38.47,2017.3,35.3,1.66,3.85,5.58,10.13,13.3,24.9,51.44,0.557,0,0,1,1,0,1
2021-09-16,28.5,19.77,942.83,33.59,2027.0,14.9,2.01,2.92,5.64,9.82,14.68,22.9,35.71,0.052,0,0,0,1,0,2
2021-09-17,12.63,76.84,980.62,2.11,2346.1,41.2,0.87,1.93,3.25,4.59,5.36,12.16,22.31,0.407,0,0,1,0,0,1
2021-09-17,31.64,58.36,1027.94,12.19,1043.5,19.3,2.05,4.72,5.84,9.63,14.72,24.13,46.08,0.283,0,0,0,0,0,2
2021-09-17,34.1,91.86,987.13,39.37,108.0,32.0,5.14,10.62,20.38,23.13,29.72,67.34,93.4,0.741,0,2,2,1,1,1
2021-09-18,40.03,30.12,969.45,137.91,109.0,3.9,0.28,0.5,0.84,1.36,2.05,2.47,3.06,0.05,5,0,0,2,2,3
2021-09-19,41.93,55.1,1011.6,111.94,2299.7,40.7,0.14,0.34,0.59,1.02,1.2,2.16,4.14,0.05,7,0,1,1,3,3
2021-09-19,16.19,88.61,977.81,8.22,1607.4,18.2,7.6,11.13,15.96,29.59,39.09,89.1,140.27,0.95,0,1,2,1,0,0
2021-09-20,26.5,66.7,969.22,37.67,966.0,45.6,0.27,0.58,0.87,1.69,2.07,4.68,7.97,0.122,0,0,1,1,0,2
2021-09-20,21.53,48.66,943.81,47.04,1634.9,25.6,4.14,6.25,9.52,15.62,27.3,35.13,46.66,0.339,0,0,1,2,0,1
2021-09-20,16.09,67.43,1012.06,98.7,600.2,39.9,0.05,0.08,0.12,0.17,0.22,0.45,0.84,0.182,0,0,1,1,0,2
2021-09-20,33.13,51.49,946.89,85.23,1990.9,3.2,3.85,7.73,9.43,16.79,26.03,50.49,70.89,0.399,0,0,0,2,0,1
2021-09-21,22.28,32.23,942.92,11.02,778.1,34.0,2.06,4.8,9.46,13.66,15.77,25.35,42.72,0.223,0,0,1,1,0,1
2021-09-21,35.76,69.06,1009.89,55.69,362.3,46.0,3.91,6.48,11.11,21.05,30.52,50.58,101.36,0.663,1,1,2,1,1,1
2021-09-22,30.94,37.89,990.69,29.2,2065.5,48.1,3.18,5.42,7.57,9.8,14.87,29.99,57.19,0.261,0,0,1,0,0,1
2021-09-22,31.09,96.56,964.6,135.44,1195.7,28.6,0.07,0.12,0.19,0.38,0.6,0.76,1.47,0.182,0,0,0,2,0,2
2021-09-22,15.41,52.46,1009.74,21.31,304.2,31.2,1.71,3.84,7.84,10.83,18.22,24.18,29.8,0.307,0,0,1,0,0,1
2021-09-23,18.04,10.48,959.95,78.97,526.6,6.7,0.7,1.42,2.9,5.25,6.65,15.27,29.25,0.067,0,0,0,2,0,2
2021-09-24,6.4,99.24,1024.05,132.53,2286.4,1.7,2.75,6.33,12.09,21.86,32.61,40.19,66.6,0.876,0,1,1,1,0,0
2021-09-25,14.25,71.93,964.92,25.31,1392.0,15.2,0.1,0.21,0.34,0.59,1.06,2.02,2.93,0.237,0,0,0,1,0,2
2021-09-25,17.29,58.43,959.59,90.94,1459.0,11.3,0.84,1.97,2.51,3.98,4.97,11.24,23.01,0.273,0,0,0,2,0,2
2021-09-25,17.09,62.2,1013.18,142.55,146.0,43.3,3.0,5.26,11.08,21.72,34.0,58.93,107.63,0.858,0,2,2,2,0,0
2021-09-25,5.75,53.35,983.97,38.8,718.7,16.8,3.64,7.37,14.79,27.21,30.76,56.79,71.6,0.687,0,1,1,1,0,0
2021-09-26,29.97,29.94,996.46,48.04,955.7,44.3,1.95,3.33,5.2,6.62,8.54,20.65,44.59,0.147,0,0,1,1,0,2
2021-09-26,47.8,10.39,1004.86,89.71,1892.2,9.7,4.25,6.38,8.45,14.25,20.04,47.04,68.57,0.05,3,0,0,1,2,3
2021-09-26,21.71,46.32,1025.71,13.16,1847.2,28.1,3.0,7.32,15.29,27.42,46.63,89.47,121.65,0.825,0,1,2,0,0,0
2021-09-27,10.22,93.77,1007.33,44.47,491.4,41.1,1.66,2.15,2.81,5.57,8.23,18.35,39.01,0.627,0,0,1,0,0,1
2021-09-28,23.3,34.1,979.27,104.03,723.2,15.8,2.75,5.14,8.58,11.48,20.29,48.0,64.82,0.37,0,0,1,2,0,1
2021-09-29,35.21,18.76,972.69,82.28,1482.0,17.2,3.79,8.48,17.42,28.99,33.37,47.87,92.37,0.358,9,1,1,2,2,1
2021-09-29,39.5,11.38,956.47,52.66,292.7,22.5,2.03,3.27,4.64,6.2,10.37,17.43,25.92,0.05,3,0,0,1,1,3
2021-09-29,8.38,85.82,961.1,117.14,1020.1,10.8,0.27,0.33,0.51,0.64,1.12,2.64,4.65,0.376,0,0,0,2,0,2
2021-10-01,19.08,90.53,1029.27,61.03,1487.2,30.4,0.1,0.14,0.19,0.31,0.48,0.63,1.08,0.269,0,0,1,0,0,2
2021-10-01,30.96,87.32,952.6,153.62,464.3,10.5,6.52,9.62,19.65,29.42,50.81,100.01,126.85,0.95,0,2,2,3,0,0
2021-10-02,11.39,77.82,966.74,92.07,2361.9,11.5,5.65,12.74,23.55,33.83,52.98,80.41,108.82,0.95,0,1,2,2,0,0
2021-10-02,32.09,25.54,1004.38,67.27,1917.7,29.0,4.38,7.99,14.97,23.96,32.95,66.91,89.97,0.407,0,1,1,1,0,1
2021-10-02,19.65,54.91,943.43,117.88,1182.5,24.0,0.09,0.13,0.25,0.4,0.58,1.14,1.56,0.088,0,0,0,2,0,2
2021-10-02,44.32,10.64,966.31,110.6,756.8,14.9,0.36,0.52,0.83,1.57,2.57,5.18,10.49,0.05,6,0,0,2,2,3
2021-10-02,25.31,11.9,989.43,17.77,1793.2,10.0,9.81,24.46,38.18,76.2,122.45,278.6,593.56,0.95,0,3,3,1,0,0
2021-10-02,28.94,59.49,993.62,15.82,1594.2,30.5,7.88,17.23,37.15,54.83,62.64,114.34,207.56,0.95,0,2,2,1,0,0
2021-10-02,30.19,85.8,1019.38,113.9,688.6,5.1,0.47,0.73,1.59,2.25,2.92,4.65,8.7,0.185,0,0,0,1,0,2
2021-10-03,17.97,46.25,971.62,154.93,2164.9,11.0,1.76,2.76,5.79,8.08,13.37,27.21,52.55,0.402,0,0,0,3,0,1
2021-10-03,33.64,79.72,1003.77,55.13,1164.5,23.6,0.74,1.17,2.45,3.2,5.51,6.61,10.82,0.134,0,0,0,1,1,2
2021-10-04,31.83,84.41,1012.43,44.92,255.2,16.4,2.25,5.56,11.18,15.07,26.74,37.21,55.01,0.47,0,1,1,0,0,1
2021-10-04,32.54,16.29,970.18,97.51,448.5,0.3,0.68,0.95,1.24,1.93,2.27,5.35,7.86,0.05,0,0,0,2,0,2
2021-10-05,16.06,31.55,965.71,97.5,935.1,12.7,1.91,3.16,6.06,10.5,18.02,34.78,45.63,0.301,0,0,0,2,0,1
2021-10-05,35.33,22.13,1025.89,109.81,333.2,10.4,1.45,3.46,6.37,7.11,11.52,14.8,18.17,0.05,2,0,0,1,1,3
2021-10-05,18.37,31.91,946.69,132.07,2448.6,25.2,0.0,0.0,0.0,0.0,0.0,0.01,0.01,0.05,0,0,0,3,0,2
2021-10-06,23.24,48.73,941.39,106.19,399.7,14.4,0.26,0.32,0.44,0.68,1.11,2.64,3.92,0.05,0,0,0,2,0,2
2021-10-06,20.92,76.65,1023.45,15.51,582.5,48.0,2.45,5.18,8.22,10.89,17.56,33.06,43.78,0.466,0,0,2,0,0,1
2021-10-06,24.12,84.82,973.41,128.78,1345.0,45.5,0.39,0.96,2.11,3.33,4.19,6.11,8.49,0.239,0,0,1,2,0,2
2021-10-07,31.22,85.1,940.69,104.6,1600.7,45.5,0.95,1.56,3.11,5.26,6.94,8.78,18.77,0.238,0,0,1,2,0,2
2021-10-07,10.78,37.25,1004.95,112.31,1879.5,10.0,0.85,1.62,2.41,4.72,8.44,17.84,36.92,0.325,0,0,0,1,0,1
2021-10-07,32.62,79.53,1014.84,145.41,1368.8,34.9,4.68,6.51,12.32,17.06,22.17,28.63,36.12,0.312,0,0,1,2,0,2
2021-10-07,31.22,89.56,995.23,103.78,514.1,49.1,1.78,2.28,4.7,7.47,11.73,21.48,33.9,0.362,0,0,1,1,0,2
2021-10-07,28.94,11.45,1022.93,17.35,785.1,48.7,0.44,0.63,1.28,1.64,1.84,4.1,5.35,0.05,0,0,1,0,0,2
2021-10-08,30.83,13.45,1009.55,155.67,809.0,5.9,10.48,20.14,42.47,64.84,88.08,213.32,422.22,0.95,0,3,3,2,0,0
2021-10-08,20.19,21.76,1029.3,142.28,1919.0,17.0,0.78,1.72,3.74,6.98,11.53,25.07,42.52,0.19,0,0,0,1,0,1
2021-10-09,36.13,27.76,948.49,148.79,2368.4,4.9,2.5,4.83,8.29,14.92,18.55,28.59,35.8,0.05,3,0,0,3,1,2
2021-10-11,38.06,91.44,1011.5,57.41,2247.8,48.1,2.69,3.76,7.84,14.19,18.54,26.86,39.47,0.34,1,0,1,0,1,2
2021-10-11,31.42,51.93,975.6,15.96,1093.1,41.8,0.49,0.63,0.84,1.56,2.09,4.41,7.24,0.05,0,0,1,0,0,2
2021-10-12,22.41,30.87,995.21,23.27,283.4,30.4,27.36,52.18,95.12,117.2,209.38,278.35,586.72,0.95,0,3,3,2,0,0
2021-10-12,31.31,56.94,1028.68,97.51,2050.7,28.6,0.86,1.43,2.54,4.8,6.16,14.84,29.18,0.166,0,0,1,1,0,2
2021-10-12,20.07,22.51,946.85,127.95,2345.2,31.6,7.36,12.26,20.2,29.9,42.49,90.92,124.51,0.742,0,1,2,3,0,0
2021-10-12,40.32,73.91,983.22,143.31,2486.1,17.0,10.96,21.82,32.12,53.23,82.47,113.83,238.43,0.95,8,2,2,3,3,0
2021-10-13,33.46,77.0,978.22,46.21,315.7,10.3,0.92,1.52,2.63,3.5,4.14,8.52,15.17,0.152,0,0,0,1,1,2
2021-10-13,15.02,75.66,955.94,32.3,136.9,8.7,1.14,1.9,3.33,4.74,5.35,10.67,23.37,0.384,0,1,0,1,0,1
2021-10-14,29.51,85.27,988.02,122.54,2375.6,23.1,2.82,6.2,11.25,20.76,25.34,56.14,108.28,0.853,0,1,1,2,0,0
2021-10-14,32.42,94.9,1008.89,146.03,2345.7,26.9,3.22,5.89,10.32,12.98,17.94,34.2,51.5,0.494,0,0,1,2,1,1
2021-10-14,24.4,62.67,950.87,66.35,76.0,44.9,3.24,5.27,7.18,8.94,15.56,29.21,57.17,0.45,0,1,1,2,0,1
2021-10-14,45.91,95.11,971.23,95.51,630.1,45.0,2.64,4.02,8.02,13.02,16.57,26.36,38.74,0.275,5,0,1,2,3,3
2021-10-14,34.77,27.28,961.15,120.33,2279.0,44.8,2.25,2.75,4.32,5.1,6.5,8.49,13.57,0.05,0,0,1,2,0,3
2021-10-15,15.76,12.64,1027.31,25.64,1650.0,46.4,2.0,3.41,7.33,11.24,13.15,21.6,26.64,0.083,0,0,1,0,0,2
2021-10-17,11.2,95.28,993.21,35.69,1442.3,37.0,0.6,0.86,1.81,2.46,2.93,6.69,9.71,0.429,0,0,1,0,0,1
2021-10-17,17.73,73.27,1010.07,13.17,256.9,3.9,4.31,5.55,6.92,13.09,20.8,26.51,41.26,0.464,0,1,0,0,0,1
2021-10-17,31.82,59.42,1001.78,32.2,1353.3,9.0,0.07,0.17,0.31,0.42,0.61,1.08,2.08,0.05,0,0,0,0,0,2
2021-10-18,32.29,21.42,1002.15,111.25,590.6,10.9,0.47,1.15,1.77,2.81,4.73,5.87,12.32,0.05,0,0,0,1,0,2
2021-10-18,44.13,48.33,960.29,154.75,1484.8,32.9,10.7,20.23,25.26,40.24,66.14,129.85,236.16,0.95,3,2,3,3,2,0
2021-10-18,18.32,97.99,944.61,50.19,2167.8,6.3,4.23,7.01,12.74,18.6,31.21,54.53,117.46,0.95,0,1,1,2,0,0
2021-10-18,20.42,48.38,958.78,122.49,68.6,38.1,1.07,2.62,5.43,9.61,13.73,27.76,39.53,0.301,0,1,1,2,0,1
2021-10-19,35.15,39.64,962.04,52.74,141.0,2.6,6.34,12.15,22.32,43.01,50.55,123.78,166.05,0.95,3,2,2,1,1,0
2021-10-19,39.31,49.67,1002.0,151.56,996.6,24.3,4.64,6.8,8.61,10.73,16.09,38.5,63.52,0.279,6,0,1,2,2,2
2021-10-20,6.7,56.82,1021.54,142.61,2497.8,7.7,2.24,4.89,8.31,9.5,16.08,29.14,41.62,0.495,0,0,0,1,0,1
2021-10-21,29.12,10.76,999.62,78.43,732.4,37.9,1.13,1.59,3.07,4.46,5.36,9.44,15.34,0.05,0,0,1,1,0,2
2021-10-21,22.96,68.14,955.92,7.2,1602.9,33.9,3.96,8.69,13.65,15.2,21.28,41.21,60.5,0.514,0,0,1,1,0,1
2021-10-22,26.2,74.45,1019.04,109.72,1485.0,39.2,0.49,0.77,0.97,1.75,2.06,2.7,5.51,0.147,0,0,1,1,0,2
2021-10-22,42.75,60.52,942.34,107.82,77.9,43.1,0.35,0.46,0.93,1.55,2.74,6.36,9.96,0.05,7,0,1,2,3,3
2021-10-23,24.01,13.78,1010.4,88.02,873.9,6.7,0.4,0.78,1.52,2.59,4.66,8.51,10.84,0.05,0,0,0,1,0,2
2021-10-23,43.05,25.53,978.92,120.36,1213.9,25.9,1.3,2.33,3.94,5.86,7.08,15.71,34.34,0.05,2,0,0,2,2,3
2021-10-24,36.67,46.41,982.34,114.06,1739.3,24.9,2.97,6.82,10.96,16.71,25.08,58.45,107.75,0.584,2,1,1,2,1,1
2021-10-24,35.13,22.26,998.11,110.81,1479.8,35.4,4.98,8.87,13.65,24.88,33.66,55.19,104.52,0.457,8,1,1,1,2,1
2021-10-24,5.89,82.33,1026.39,106.19,1140.2,21.8,1.82,3.32,6.15,10.53,17.33,21.14,28.49,0.543,0,0,1,1,0,1
2021-10-25,8.59,59.65,967.76,71.99,744.9,29.9,1.93,4.4,5.93,8.07,11.51,19.98,30.5,0.416,0,0,1,1,0,1
2021-10-26,32.17,27.92,952.85,138.63,1984.8,2.6,1.36,3.26,5.55,7.79,11.85,18.73,30.7,0.05,0,0,0,3,0,2
2021-10-27,37.22,86.77,1022.05,48.64,220.1,39.1,0.31,0.68,1.1,1.94,2.26,5.05,8.27,0.117,8,0,1,0,2,3
2021-10-27,14.3,87.29,974.52,140.55,1005.9,45.2,0.16,0.23,0.47,0.62,0.8,0.98,1.31,0.302,0,0,1,2,0,2
2021-10-28,9.03,35.76,976.65,43.33,1317.7,17.0,1.36,1.84,2.33,2.57,3.85,6.65,13.85,0.181,0,0,0,1,0,2
2021-10-28,33.59,42.83,996.46,6.47,1201.4,30.6,0.61,1.41,2.08,3.39,4.8,9.28,18.82,0.05,0,0,0,0,0,2
2021-10-28,19.49,35.04,944.95,159.35,913.3,34.9,5.23,11.18,21.25,33.18,55.83,74.42,94.41,0.61,0,1,2,3,0,0
2021-10-28,35.4,67.62,986.26,132.75,744.1,26.6,1.93,4.49,9.29,10.57,13.7,22.05,35.96,0.224,9,0,1,2,2,2
2021-10-28,20.4,17.75,949.08,108.51,1988.5,18.9,3.47,7.64,13.59,23.25,31.37,65.82,100.82,0.557,0,1,1,2,0,0
2021-10-29,13.81,21.54,953.38,63.85,831.2,12.1,1.32,1.71,3.03,5.34,6.61,16.47,25.19,0.138,0,0,0,2,0,2
2021-10-30,38.24,61.61,997.96,100.27,1106.1,17.5,1.45,2.99,5.26,9.2,12.23,19.58,25.05,0.093,2,0,0,1,1,3
2021-10-31,33.24,71.87,980.14,138.98,1404.2,19.9,3.04,4.92,9.38,14.44,24.83,38.95,83.48,0.584,0,1,1,2,0,1
2021-10-31,46.59,23.46,988.06,130.33,1548.7,35.9,3.3,4.28,7.12,13.75,24.24,31.09,38.12,0.05,6,0,1,2,3,3
2021-11-01,36.64,83.95,953.86,36.98,1784.2,0.4,5.9,12.18,15.49,27.15,34.67,64.11,122.96,0.873,2,1,1,1,1,0
2021-11-01,34.95,73.35,1025.92,56.38,2410.6,4.9,4.2,10.45,16.09,24.95,36.1,63.62,131.83,0.896,0,1,1,0,1,0
2021-11-01,22.32,71.14,1017.05,148.92,1029.9,2.7,1.09,2.45,5.0,9.75,14.87,34.8,48.79,0.458,0,0,0,2,0,1
2021-11-01,32.56,37.15,997.48,37.84,1543.2,11.7,1.11,1.78,2.42,4.58,5.54,7.7,10.4,0.05,0,0,0,0,0,2
2021-11-01,17.36,38.35,1020.13,74.63,185.6,24.9,3.91,7.0,12.67,22.64,27.08,59.43,96.13,0.659,0,1,1,1,0,0
2021-11-02,46.95,57.69,1016.46,41.69,649.0,12.3,0.75,1.85,2.88,4.0,4.65,10.32,12.88,0.05,9,0,0,0,3,3
2021-11-03,18.0,52.32,942.01,87.01,1395.7,12.3,0.38,0.56,0.79,1.05,1.42,1.94,3.29,0.103,0,0,0,2,0,2
2021-11-03,15.18,45.82,1026.17,136.3,329.0,7.5,2.49,3.44,4.61,6.2,7.61,14.32,21.87,0.223,0,0,0,1,0,2
2021-11-03,45.31,97.58,1000.28,116.25,380.9,27.1,4.19,8.33,14.77,27.42,37.67,53.59,82.93,0.588,2,1,1,2,2,2
2021-11-03,26.05,33.66,950.29,104.84,1832.6,1.5,11.51,18.08,38.86,46.29,73.22,107.39,209.17,0.95,0,2,2,3,0,0
2021-11-05,26.06,13.63,991.37,76.57,853.3,24.5,0.07,0.11,0.22,0.4,0.48,1.06,2.22,0.05,0,0,0,1,0,2
2021-11-05,30.47,21.37,945.98,141.31,2193.7,34.0,4.22,9.8,15.56,29.81,51.44,75.72,157.89,0.855,0,2,2,3,0,0
2021-11-05,6.73,39.23,997.06,50.57,2252.6,37.1,1.02,2.26,4.36,5.59,6.53,10.43,14.38,0.225,0,0,1,1,0,2
2021-11-05,7.35,66.41,1012.8,149.69,1463.5,16.7,3.23,4.55,9.74,18.98,31.36,40.21,63.46,0.682,0,1,1,2,0,1
2021-11-06,43.3,88.62,1015.23,43.72,1775.4,36.6,3.3,5.89,10.71,17.14,26.18,38.34,82.9,0.563,8,1,1,0,3,2
2021-11-06,24.34,92.32,1021.86,84.56,1630.6,48.7,0.26,0.34,0.41,0.82,0.93,1.96,3.64,0.242,0,0,1,1,0,2
2021-11-06,36.49,79.01,973.18,12.72,2415.3,28.7,4.1,9.67,19.56,26.13,39.08,58.72,77.11,0.544,4,1,1,1,2,1
2021-11-06,33.13,46.74,965.42,90.71,186.7,46.0,7.14,9.53,15.36,30.52,39.95,99.33,195.33,0.95,0,2,3,2,0,0
2021-11-07,13.04,16.55,978.45,57.12,2128.1,37.4,3.99,6.08,8.86,13.48,21.96,36.12,79.03,0.479,0,1,1,1,0,1
2021-11-07,19.42,90.61,1018.49,105.11,702.0,30.5,2.74,6.61,12.41,22.21,27.56,40.01,83.05,0.813,0,1,1,1,0,0
2021-11-07,21.82,25.73,954.46,2.04,2161.6,40.4,1.08,2.24,3.87,6.62,11.7,27.54,48.46,0.234,0,0,1,1,0,1
2021-11-08,7.7,88.97,1003.78,103.29,1558.9,48.9,0.31,0.66,1.13,1.33,1.66,3.43,4.63,0.399,0,0,1,1,0,2
2021-11-08,16.69,61.16,1011.14,77.13,1027.3,45.2,1.58,2.01,3.26,4.87,6.55,8.11,17.42,0.255,0,0,1,1,0,2
2021-11-08,41.75,63.21,1020.02,45.0,848.8,30.6,0.32,0.74,1.4,1.86,3.01,7.49,10.12,0.05,6,0,0,0,2,3
2021-11-08,12.33,92.96,959.57,97.92,1861.6,44.7,0.12,0.19,0.34,0.52,0.72,1.15,1.77,0.353,0,0,1,2,0,2
2021-11-09,41.32,13.74,946.44,13.98,2208.3,3.4,8.51,15.21,25.79,43.07,69.99,108.79,205.78,0.95,6,2,2,1,2,0
2021-11-09,40.35,58.35,1001.03,22.18,1762.0,35.8,2.03,3.46,6.93,13.26,22.22,46.22,93.92,0.514,1,1,1,0,1,1
2021-11-09,10.0,97.56,999.59,4.67,1193.4,49.2,1.84,3.8,5.18,8.64,12.81,21.36,35.35,0.623,0,0,2,0,0,1
2021-11-09,37.18,71.83,1008.72,115.48,277.6,44.7,2.29,3.46,5.41,6.56,10.31,12.5,16.96,0.1,3,0,1,1,1,3
2021-11-10,29.94,72.57,943.86,14.33,2056.6,19.3,5.78,14.28,19.67,38.63,54.82,118.9,210.21,0.95,0,2,2,1,0,0
2021-11-10,40.24,83.9,987.04,72.47,2272.0,39.1,1.85,2.68,3.92,6.31,9.64,12.08,23.82,0.176,3,0,1,1,2,3
2021-11-10,11.91,77.0,1008.26,159.63,1743.6,8.8,9.18,22.91,32.07,44.33,70.78,97.84,129.71,0.95,0,2,2,2,0,0
2021-11-10,36.52,86.39,1002.69,119.15,2251.1,28.3,0.19,0.26,0.48,0.9,1.4,3.25,5.92,0.106,2,0,0,1,1,3
2021-11-11,18.18,74.4,989.04,72.74,1462.6,7.6,5.68,11.64,18.44,28.35,50.28,108.57,152.49,0.95,0,2,2,1,0,0
2021-11-11,7.2,79.44,947.48,85.73,1744.4,15.4,16.72,27.89,43.72,55.97,69.91,159.86,282.32,0.95,0,2,2,3,0,0
2021-11-12,30.82,77.75,979.99,155.34,140.6,25.0,4.17,7.03,10.87,21.48,27.16,40.93,70.68,0.552,0,1,1,2,0,1
2021-11-12,41.62,89.27,995.22,75.0,294.7,46.6,0.39,0.57,1.11,1.49,1.83,3.77,7.53,0.08,7,0,1,1,3,3
2021-11-12,6.92,19.64,956.81,104.81,1847.3,17.1,5.33,9.59,20.4,26.18,30.87,52.04,97.7,0.68,0,1,1,2,0,0
2021-11-13,28.45,59.66,1028.62,107.03,884.7,1.3,0.87,1.5,2.37,4.37,6.05,10.72,20.7,0.152,0,0,0,1,0,2
2021-11-13,9.77,44.0,948.89,59.5,371.9,20.4,0.48,1.05,2.08,2.61,3.87,7.28,14.55,0.219,0,0,0,2,0,2
2021-11-13,40.58,64.34,964.5,66.17,301.1,19.0,2.46,3.99,6.32,10.72,18.05,33.01,50.69,0.254,2,0,1,1,2,2
2021-11-14,16.51,10.83,987.22,43.61,239.4,36.3,8.26,14.01,22.06,24.42,30.36,69.6,87.88,0.475,0,1,2,1,0,0
2021-11-14,24.29,82.67,979.38,38.34,1731.5,13.3,14.68,36.22,69.74,117.08,136.33,275.64,408.92,0.95,0,3,3,2,0,0
2021-11-14,15.69,30.42,987.55,134.71,1978.4,1.0,3.89,5.48,11.26,14.09,19.49,34.37,42.43,0.278,0,0,0,2,0,1
2021-11-14,34.38,20.46,956.96,42.57,2482.9,9.8,0.23,0.39,0.55,0.7,0.85,1.23,2.23,0.05,0,0,0,1,0,3
2021-11-14,11.47,24.01,994.37,54.86,2354.1,0.1,0.38,0.59,1.22,1.4,1.67,3.19,4.64,0.05,0,0,0,1,0,2
2021-11-15,37.69,18.87,954.24,131.97,1121.9,49.2,4.3,8.91,15.61,27.01,33.38,62.78,83.46,0.274,4,1,2,3,1,2
2021-11-15,24.59,93.54,947.51,85.89,1858.6,30.7,0.67,1.05,1.8,2.76,3.13,7.51,9.89,0.288,0,0,1,2,0,2
2021-11-15,28.04,43.51,960.81,125.32,50.2,7.7,3.47,4.47,9.41,15.57,26.57,62.79,77.39,0.453,0,1,1,2,0,1
2021-11-15,31.62,30.42,1029.47,36.83,1298.1,6.6,16.48,20.39,39.95,46.45,82.26,144.91,202.25,0.95,0,2,2,1,0,0
2021-11-16,35.9,70.72,971.88,130.48,2265.6,27.2,1.01,1.64,3.35,5.61,8.35,13.7,29.08,0.188,8,0,1,2,2,2
2021-11-16,45.48,34.62,950.48,48.77,1994.6,16.6,0.14,0.19,0.25,0.36,0.64,1.25,2.05,0.05,7,0,0,1,3,3
2021-11-17,46.43,38.93,1027.79,133.73,1973.9,19.3,2.67,6.46,14.14,16.18,26.9,66.67,93.06,0.351,9,1,1,1,3,2
2021-11-17,11.14,42.06,1020.8,88.88,51.5,0.7,2.06,4.14,8.51,11.94,13.45,28.46,50.14,0.433,0,1,0,1,0,1
2021-11-17,39.75,59.03,1013.81,83.17,2414.3,4.1,2.49,3.22,6.59,12.96,21.33,35.91,76.16,0.405,7,0,0,1,2,2
2021-11-18,17.46,97.88,949.99,80.97,1872.2,2.2,1.61,2.65,5.53,9.16,15.19,30.54,66.36,0.757,0,1,0,2,0,0
2021-11-19,15.17,15.67,962.74,47.79,827.6,30.2,3.45,5.58,7.82,11.21,16.07,39.68,49.36,0.256,0,0,1,1,0,1
2021-11-19,16.05,29.33,1023.23,69.51,1928.6,40.1,4.61,7.76,13.84,23.07,28.54,66.97,109.56,0.716,0,1,2,1,0,0
2021-11-19,13.61,79.89,1009.37,112.28,524.7,11.9,0.29,0.69,1.0,1.39,1.8,2.62,4.24,0.292,0,0,0,1,0,2
2021-11-19,44.54,13.77,979.11,64.9,981.6,27.3,5.47,7.02,14.92,20.62,24.47,52.78,95.59,0.261,6,0,1,1,2,2
2021-11-20,6.65,51.0,1029.6,14.88,1738.8,36.8,0.26,0.54,0.87,1.33,2.19,3.17,4.09,0.216,0,0,1,0,0,2
2021-11-20,9.92,80.72,967.6,128.22,1301.9,42.4,3.66,7.98,10.63,12.12,20.77,25.55,52.54,0.655,0,1,2,2,0,1
2021-11-20,27.32,64.52,967.23,60.52,255.2,19.6,7.52,18.21,31.52,41.45,55.36,86.87,114.34,0.812,0,2,2,2,0,0
2021-11-20,7.81,72.42,985.06,113.53,0.3,47.6,5.35,9.54,15.01,17.68,23.26,55.99,100.21,0.95,0,2,2,2,0,0
2021-11-20,12.29,46.03,1011.77,132.97,2051.6,43.2,6.53,10.15,13.08,17.87,22.36,54.14,88.36,0.696,0,1,2,2,0,0
2021-11-20,21.68,64.99,1002.65,118.99,206.8,34.9,2.89,6.53,10.22,16.83,19.93,36.04,52.73,0.46,0,1,1,1,0,1
2021-11-21,26.75,94.62,997.89,56.9,2443.6,41.2,3.2,7.96,11.5,22.46,29.88,65.79,93.97,0.832,0,1,2,1,0,0
2021-11-22,27.24,92.34,949.57,40.93,1621.1,18.1,0.92,1.61,2.0,3.52,5.62,7.15,14.63,0.287,0,0,0,1,0,2
2021-11-23,8.94,62.18,1024.62,9.58,818.7,37.7,0.47,0.85,1.6,2.51,3.74,8.67,12.43,0.304,0,0,1,0,0,2
2021-11-23,47.69,45.62,1009.84,57.48,2120.2,0.3,0.38,0.5,0.66,1.21,1.41,1.95,2.88,0.05,9,0,0,0,3,3
2021-11-23,9.99,55.78,1026.09,69.13,1621.5,22.2,12.33,26.18,39.72,75.58,93.01,202.22,366.59,0.95,0,3,3,1,0,0
2021-11-25,24.07,11.98,1014.64,148.36,1651.0,39.1,0.12,0.22,0.39,0.44,0.67,0.84,1.28,0.05,0,0,1,2,0,2
2021-11-25,41.92,52.77,1016.08,33.79,2097.2,26.7,1.05,1.92,3.42,5.37,7.93,11.72,25.28,0.05,8,0,0,0,3,3
2021-11-26,20.46,37.28,994.96,14.35,401.4,43.6,2.4,5.33,6.5,10.49,11.76,20.79,37.23,0.23,0,0,1,0,0,1
2021-11-26,45.72,61.42,977.02,100.29,497.9,45.4,0.02,0.04,0.08,0.14,0.16,0.21,0.38,0.05,4,0,1,2,3,3
2021-11-27,6.32,58.03,972.09,77.48,2337.9,14.9,0.95,2.06,4.4,7.27,8.36,15.08,23.13,0.381,0,0,0,1,0,1
2021-11-27,43.56,77.41,946.78,118.07,484.7,40.5,10.08,18.96,27.53,53.99,77.53,134.06,186.43,0.95,3,2,3,3,2,0
2021-11-28,29.33,33.83,948.25,89.44,2149.7,8.9,6.82,9.48,18.83,27.97,47.22,103.43,138.55,0.8,0,1,1,2,0,0
2021-11-28,40.13,72.84,1005.2,59.56,2307.7,30.5,2.04,3.01,4.54,7.27,12.25,27.86,38.01,0.216,3,0,1,1,2,2
2021-11-29,7.4,18.27,987.05,19.93,1873.5,16.7,9.45,18.21,32.82,43.82,55.7,68.96,126.14,0.858,0,1,2,1,0,0
2021-11-29,17.08,31.45,1023.75,93.63,219.9,40.9,2.22,3.23,5.41,7.45,12.29,25.4,44.02,0.28,0,1,1,1,0,1
2021-11-30,7.98,73.4,970.41,70.78,1702.7,40.7,0.76,1.25,2.43,4.04,5.8,8.47,16.19,0.395,0,0,1,1,0,1
2021-11-30,15.62,71.86,948.05,29.52,508.0,0.4,3.27,7.69,13.04,25.9,45.49,80.2,154.41,0.95,0,2,1,1,0,0
2021-11-30,34.3,91.29,969.54,73.74,1990.7,22.1,1.37,2.29,3.12,3.67,6.39,9.16,19.24,0.242,0,0,0,1,1,2
2021-12-01,32.67,46.94,1023.78,90.66,2017.7,38.4,2.4,6.0,10.41,12.7,20.3,45.14,78.84,0.434,0,0,1,1,0,1
2021-12-01,16.31,16.59,940.13,110.59,232.9,26.1,0.08,0.11,0.22,0.38,0.54,1.07,2.29,0.05,0,0,0,2,0,2
2021-12-01,12.83,29.31,984.4,2.2,118.1,18.4,3.7,6.99,14.95,27.86,43.95,88.94,117.15,0.799,0,2,2,0,0,0
2021-12-02,47.14,94.77,1022.36,112.06,149.2,47.0,2.04,4.95,6.83,10.18,11.69,23.31,47.13,0.317,1,1,1,1,3,3
2021-12-02,46.05,88.24,974.93,123.34,906.4,14.8,3.92,9.2,13.95,26.11,39.5,68.77,137.02,0.894,3,1,1,2,3,1
2021-12-03,7.97,19.73,964.17,52.22,670.5,18.0,1.03,2.57,4.83,9.46,15.24,29.94,62.99,0.439,0,0,1,1,0,1
2021-12-03,12.52,18.86,990.47,63.32,1976.3,22.2,6.09,9.07,19.66,22.99,31.61,67.96,90.25,0.571,0,1,1,1,0,0
2021-12-04,13.09,54.14,951.05,100.58,2172.8,6.9,2.33,3.75,6.6,10.35,12.49,23.31,45.31,0.442,0,0,0,2,0,1
2021-12-04,8.1,24.81,992.32,32.48,774.6,23.3,0.87,1.12,2.17,3.5,5.74,11.45,13.77,0.135,0,0,0,0,0,2
2021-12-04,36.73,39.06,964.63,98.44,1678.8,32.7,0.76,1.24,2.71,4.21,7.19,13.57,18.43,0.05,8,0,1,2,2,3
2021-12-05,23.82,82.3,991.19,82.96,1026.5,9.4,1.63,2.66,4.51,7.68,11.73,14.52,27.06,0.354,0,0,0,1,0,1
2021-12-05,33.73,17.05,973.83,38.77,1323.4,40.6,2.46,3.06,6.09,6.75,11.09,15.39,24.95,0.05,0,0,1,1,0,2
2021-12-05,18.57,43.81,975.71,153.37,2037.2,28.0,0.03,0.07,0.13,0.24,0.33,0.59,1.12,0.05,0,0,0,2,0,2
2021-12-06,22.21,88.29,1023.53,129.02,1721.5,3.5,2.9,6.02,9.73,14.29,18.9,36.97,58.55,0.61,0,0,0,1,0,1
2021-12-06,17.94,79.23,980.44,118.88,763.7,26.7,11.26,16.19,34.25,63.92,78.09,139.02,209.65,0.95,0,2,3,2,0,0
2021-12-07,33.7,92.79,960.41,58.92,707.5,12.5,10.11,20.7,34.68,48.03,63.74,129.16,253.02,0.95,0,2,2,2,1,0
2021-12-07,7.97,82.94,977.79,141.14,1586.9,33.4,0.07,0.12,0.19,0.36,0.4,0.96,1.64,0.346,0,0,1,2,0,2
2021-12-07,8.05,12.38,991.21,4.37,448.6,18.2,0.12,0.24,0.45,0.83,1.26,2.26,4.84,0.05,0,0,0,0,0,2
2021-12-08,43.82,81.73,958.44,132.35,2119.7,33.6,1.18,2.64,3.77,7.36,10.87,16.41,19.69,0.102,3,0,1,2,2,3
2021-12-09,21.86,39.6,968.86,9.74,1045.1,5.3,10.39,15.86,19.82,28.57,37.77,79.36,116.15,0.754,0,1,1,1,0,0
2021-12-09,9.2,88.63,1016.6,112.17,145.1,7.3,1.18,1.44,2.78,4.8,5.7,7.39,11.01,0.425,0,1,0,1,0,1
2021-12-09,47.19,37.8,1019.16,27.05,1797.5,18.7,1.15,1.5,3.0,4.93,8.85,16.63,34.51,0.05,6,0,0,0,3,3
2021-12-09,38.31,19.63,951.45,123.42,1042.6,30.2,0.02,0.03,0.05,0.09,0.1,0.17,0.23,0.05,1,0,0,2,1,3
2021-12-09,37.68,91.54,949.51,44.61,441.3,31.5,4.56,9.36,13.9,26.78,47.8,75.46,129.48,0.944,8,2,2,1,2,0
2021-12-09,41.78,25.14,956.95,122.89,591.9,4.0,2.16,5.13,6.86,10.48,14.35,22.82,29.59,0.05,4,0,0,2,2,3
2021-12-10,6.31,90.1,979.5,10.33,1454.8,46.0,0.28,0.37,0.55,0.75,1.2,2.46,3.57,0.411,0,0,1,0,0,2
2021-12-11,41.64,86.62,1012.74,143.12,213.1,4.7,5.18,12.2,18.09,22.72,38.57,53.18,79.71,0.548,9,1,1,2,3,2
2021-12-11,21.9,36.81,961.94,144.23,385.7,13.7,1.02,1.43,2.2,2.73,4.82,7.72,16.18,0.073,0,0,0,3,0,2
2021-12-11,44.53,80.01,994.8,0.54,2038.4,8.9,2.99,6.21,12.83,19.71,32.76,63.96,105.61,0.659,1,1,1,0,2,1
2021-12-12,33.99,27.68,957.87,89.59,1354.3,40.4,10.6,18.31,37.15,58.46,70.61,138.46,221.51,0.95,0,2,3,2,0,0
2021-12-12,18.35,70.3,1000.14,27.74,656.1,34.6,1.15,2.86,3.77,6.41,8.0,11.27,24.29,0.33,0,0,1,0,0,1
2021-12-12,43.72,80.45,1024.71,36.06,1073.4,31.6,2.49,4.96,9.79,17.86,25.76,43.45,92.77,0.584,9,1,1,0,3,1
2021-12-13,25.67,70.21,1019.69,145.94,902.0,27.3,2.43,3.26,5.18,7.43,12.88,30.29,41.6,0.372,0,0,1,1,0,1
2021-12-13,7.76,51.8,942.99,10.3,2337.6,8.5,8.98,21.0,32.0,52.45,61.05,120.51,152.14,0.95,0,2,2,1,0,0
2021-12-13,23.5,42.13,1004.36,150.22,69.8,23.0,3.5,6.54,8.19,12.57,19.02,35.22,76.05,0.483,0,1,1,2,0,1
2021-12-14,31.67,47.32,986.13,65.0,2346.2,13.0,5.42,13.16,19.95,22.59,33.35,79.92,104.31,0.615,0,1,1,1,0,1
2021-12-14,35.41,15.14,990.29,81.93,1269.8,35.7,0.26,0.4,0.6,0.66,0.81,1.33,2.41,0.05,3,0,1,1,1,3
2021-12-14,41.06,95.55,970.81,118.15,1653.7,40.1,3.77,7.03,10.79,14.2,20.72,37.85,64.95,0.5,1,0,1,2,2,2
2021-12-16,34.85,13.63,946.96,50.53,1407.3,14.8,12.72,17.53,36.59,46.22,59.87,146.09,225.67,0.95,0,2,2,2,0,0
2021-12-16,16.38,14.51,1001.14,10.91,358.7,37.6,1.84,4.19,9.07,13.79,18.21,42.83,72.44,0.392,0,1,1,0,0,1
2021-12-17,12.35,88.71,962.7,119.48,1891.1,18.4,0.43,0.76,1.53,2.23,3.07,4.33,8.3,0.375,0,0,0,2,0,2
2021-12-17,6.93,84.9,1019.64,81.12,1838.7,43.0,6.47,9.99,20.4,37.25,66.01,152.13,270.26,0.95,0,2,3,1,0,0
2021-12-17,29.39,63.18,944.74,16.75,1637.2,30.7,2.24,5.02,9.07,11.11,16.68,24.77,36.55,0.266,0,0,1,1,0,2
2021-12-19,12.95,94.25,954.39,149.5,677.0,45.7,4.11,10.25,18.27,35.92,47.82,111.2,198.46,0.95,0,2,3,3,0,0
2021-12-20,8.41,45.66,968.38,40.28,1615.5,28.0,1.8,2.84,3.98,7.65,12.81,28.29,62.1,0.558,0,0,1,1,0,1
2021-12-20,23.79,49.36,958.96,115.35,368.1,33.1,4.39,6.13,8.52,12.95,22.46,55.81,78.15,0.53,0,1,1,2,0,1
2021-12-21,5.7,52.94,1008.56,33.62,827.7,47.7,2.31,4.99,10.34,19.8,28.38,46.44,95.93,0.847,0,1,2,0,0,0
2021-12-21,19.66,47.27,997.69,157.98,1696.2,12.5,0.17,0.34,0.68,1.31,2.21,4.75,7.63,0.091,0,0,0,2,0,2
2021-12-21,27.73,61.33,956.67,15.33,527.8,28.2,5.76,13.75,25.54,35.13,47.0,87.1,136.18,0.937,0,1,2,1,0,0
2021-12-22,30.56,10.12,958.38,120.17,297.0,20.8,1.01,1.66,2.03,3.69,6.46,12.96,18.29,0.05,0,0,0,2,0,2
2021-12-23,14.74,32.67,994.75,53.23,2155.6,27.0,4.08,7.76,10.94,20.65,26.48,52.11,91.2,0.624,0,1,1,1,0,0
2021-12-23,20.58,12.95,1023.76,43.71,1852.8,44.0,8.54,14.5,20.26,27.18,34.41,83.49,152.79,0.878,0,1,2,0,0,0
2021-12-23,25.83,58.67,958.15,77.86,2284.1,9.4,4.67,8.76,16.13,28.6,35.51,54.42,104.31,0.73,0,1,1,2,0,0
2021-12-23,13.79,50.84,1000.21,19.89,1014.3,9.7,13.13,24.74,45.41,85.43,96.39,201.37,430.33,0.95,0,3,3,1,0,0
2021-12-24,42.97,52.29,982.29,126.61,2192.5,47.1,0.88,1.11,1.9,3.49,4.2,9.78,15.18,0.05,6,0,1,2,2,3
2021-12-25,36.55,24.75,947.28,59.79,2243.7,9.5,6.36,10.1,13.45,24.27,29.28,40.94,53.87,0.117,3,0,0,2,1,2
2021-12-25,7.86,89.62,1007.15,50.38,355.3,27.3,2.75,4.61,8.11,12.38,21.56,36.11,68.71,0.828,0,1,1,0,0,0
2021-12-26,11.0,10.99,1007.83,123.15,596.6,47.1,0.24,0.42,0.59,0.79,1.42,2.84,3.89,0.05,0,0,1,1,0,2
2021-12-26,29.6,43.63,940.4,122.34,1864.7,26.7,1.07,1.84,2.32,3.87,4.69,5.88,12.01,0.05,0,0,0,3,0,2
2021-12-26,13.49,54.46,981.06,11.36,58.0,34.3,1.01,1.37,2.56,4.23,6.3,9.95,16.82,0.25,0,1,1,0,0,2
2021-12-28,41.04,33.04,991.86,83.49,1770.5,44.5,1.18,2.87,5.19,7.64,13.71,20.55,40.14,0.05,3,0,1,1,2,3
2021-12-28,42.81,43.5,940.87,126.46,1285.2,2.2,3.22,5.14,8.65,15.95,18.97,30.77,57.43,0.172,9,0,0,3,3,2
2021-12-28,31.26,76.68,995.36,63.65,357.5,13.7,0.39,0.61,1.05,1.32,2.15,4.31,7.14,0.118,0,0,0,1,0,2
2021-12-29,18.83,89.07,975.41,99.03,2027.7,40.2,2.71,3.91,8.17,15.06,17.63,29.87,45.4,0.56,0,0,1,2,0,1
2021-12-29,41.21,22.27,987.19,152.76,2286.4,10.1,8.59,15.49,26.4,45.27,52.55,104.16,149.72,0.697,6,1,1,3,2,1
2021-12-29,18.96,66.22,984.11,59.45,847.3,7.7,1.63,4.02,6.33,7.66,10.35,21.73,26.73,0.32,0,0,0,1,0,1
2021-12-30,40.63,50.0,997.9,109.27,1996.6,13.2,1.01,1.92,3.97,4.63,5.6,11.75,15.58,0.05,7,0,0,1,2,3
2021-12-30,31.81,43.15,947.63,86.37,269.5,6.9,3.28,7.78,9.93,11.77,16.32,24.05,31.04,0.105,0,0,0,2,0,2
2021-12-30,45.18,76.55,961.34,157.73,1357.2,31.4,0.28,0.58,1.2,2.2,3.41,6.79,8.72,0.05,8,0,0,3,3,3
2021-12-30,12.71,23.08,988.12,113.11,721.6,45.7,1.93,4.38,7.95,9.44,12.07,25.42,41.11,0.262,0,0,1,2,0,1
2021-12-30,19.49,27.44,944.55,151.25,1764.0,28.9,5.39,7.13,12.57,22.83,40.59,65.96,98.79,0.601,0,1,2,3,0,0
2021-12-31,18.57,85.28,999.24,47.01,511.0,34.4,1.24,2.95,5.6,11.19,12.86,30.05,61.58,0.651,0,0,1,1,0,1
2021-12-31,33.54,42.73,963.99,124.41,1768.0,41.8,0.09,0.15,0.25,0.46,0.62,1.42,3.01,0.05,0,0,1,2,0,3
2021-12-31,15.19,69.74,972.08,18.98,185.8,2.4,1.09,1.5,3.23,5.75,9.12,20.52,24.84,0.362,0,1,0,1,0,1
2021-12-31,19.97,47.82,951.72,81.13,558.1,37.2,3.96,9.59,17.57,20.11,27.54,57.06,85.79,0.611,0,1,2,2,0,0
2021-12-31,28.58,28.87,1010.45,21.61,1220.9,28.0,2.07,4.17,5.04,6.5,10.95,27.2,44.75,0.157,0,0,1,0,0,2
2022-01-01,44.53,88.57,1011.59,79.58,135.7,33.6,0.81,1.27,1.78,3.26,5.81,8.68,15.51,0.101,1,0,1,1,2,3
2022-01-01,5.28,38.62,978.45,141.19,2294.4,29.0,1.78,2.42,3.69,4.86,7.01,17.44,30.96,0.347,0,0,1,2,0,1
2022-01-02,22.07,28.1,998.82,114.76,88.4,28.6,1.95,3.75,6.2,9.24,13.86,32.84,45.82,0.225,0,1,1,1,0,1
2022-01-02,38.86,46.83,1024.45,155.9,2209.3,14.5,0.93,1.82,3.48,6.94,10.43,21.92,35.93,0.085,4,0,0,2,2,2
2022-01-02,36.45,60.92,985.26,90.81,1590.8,1.0,3.59,4.81,6.41,10.5,16.65,25.17,35.51,0.177,9,0,0,1,2,2
2022-01-03,18.52,38.73,1028.15,22.05,116.4,5.8,16.27,28.26,52.23,63.7,106.33,163.18,225.1,0.95,0,3,2,0,0,0
2022-01-03,6.71,68.58,943.35,106.26,1300.6,33.0,2.39,4.0,7.01,10.57,16.65,31.4,50.65,0.613,0,0,1,2,0,1
2022-01-03,30.18,80.97,1024.28,62.57,664.1,34.7,0.49,1.15,1.95,3.4,4.39,10.71,22.24,0.251,0,0,1,0,0,2
2022-01-04,33.09,35.99,990.57,79.54,1828.6,33.5,2.83,3.51,4.45,5.66,6.6,14.71,29.19,0.05,0,0,1,1,0,2
2022-01-04,24.7,35.85,969.55,87.81,549.3,37.1,1.13,2.04,4.45,6.82,11.29,14.83,25.62,0.103,0,0,1,2,0,2
2022-01-05,17.61,11.85,1014.71,133.95,1065.4,7.4,4.04,8.91,18.4,21.0,33.88,41.19,76.97,0.396,0,1,1,2,0,1
2022-01-05,14.87,12.11,987.39,97.69,401.8,39.7,0.92,1.51,2.27,3.84,6.58,13.89,18.58,0.05,0,0,1,1,0,2
2022-01-05,27.42,70.25,948.78,38.83,1026.7,33.4,4.54,5.71,9.85,15.19,22.55,54.36,112.45,0.827,0,1,2,1,0,0
2022-01-05,33.86,12.66,1014.0,120.01,1864.8,41.5,1.35,2.3,4.81,7.09,9.31,18.08,34.29,0.05,0,0,1,1,0,2
2022-01-06,32.59,20.31,998.9,94.18,234.8,23.1,1.05,2.13,3.34,5.55,8.5,15.4,32.55,0.05,0,0,0,1,0,2
2022-01-06,26.75,45.86,1011.24,117.82,1829.2,25.1,0.82,1.98,4.16,6.43,8.37,16.4,35.18,0.196,0,0,0,1,0,2
2022-01-06,7.07,50.67,1003.44,52.38,1415.1,18.4,2.56,3.37,4.32,7.59,10.46,16.85,20.28,0.318,0,0,0,1,0,1
2022-01-06,42.56,98.38,1029.14,51.52,185.8,25.1,8.57,19.86,41.61,59.02,100.74,184.63,288.25,0.95,1,3,3,1,2,0
2022-01-08,38.39,14.98,967.87,117.38,1137.4,26.4,1.37,2.34,3.75,5.29,8.46,19.59,29.02,0.05,7,0,0,2,2,3
2022-01-09,25.8,49.19,956.13,49.97,439.8,10.9,5.06,9.32,15.83,20.79,25.08,54.71,105.95,0.694,0,1,1,1,0,0
2022-01-09,32.16,99.94,1024.09,76.28,422.7,32.0,0.47,0.58,1.08,2.03,3.07,7.21,15.8,0.283,0,0,1,0,1,2
2022-01-09,46.54,82.03,964.59,155.41,1647.2,25.9,1.93,4.34,5.48,7.61,12.97,19.42,36.71,0.189,2,0,1,3,2,3
2022-01-09,34.35,68.82,991.66,80.74,251.7,5.4,6.54,9.73,16.9,24.46,40.94,61.3,122.4,0.817,0,2,1,1,1,0
2022-01-10,18.15,75.48,954.17,27.17,28.0,28.2,0.89,2.21,2.86,3.49,4.79,7.67,11.87,0.275,0,1,1,1,0,2
2022-01-10,38.28,17.7,978.85,134.3,1920.8,24.8,0.79,1.72,2.86,3.43,5.95,13.7,23.64,0.05,6,0,0,2,2,3
2022-01-11,36.92,25.93,1011.04,47.41,883.0,35.1,2.21,5.45,11.36,18.7,22.67,44.34,73.68,0.252,5,0,1,0,1,2
2022-01-11,14.08,39.26,975.41,61.17,1438.4,18.9,2.47,5.99,10.92,13.05,23.0,41.44,69.65,0.52,0,1,1,1,0,1
2022-01-11,39.56,69.3,982.57,67.83,527.1,9.8,3.48,7.21,10.05,13.9,15.58,32.43,42.68,0.235,8,0,0,1,3,2
2022-01-12,13.61,98.04,959.79,24.18,643.6,6.7,3.01,5.79,11.55,21.65,36.11,75.16,140.16,0.95,0,1,1,1,0,0
2022-01-12,9.21,88.15,971.06,150.2,848.4,14.7,2.85,6.63,8.67,10.76,18.03,39.94,80.39,0.885,0,1,1,3,0,0
2022-01-13,27.17,51.41,1024.16,13.73,63.9,24.7,2.99,6.95,12.97,18.9,23.01,47.61,83.76,0.544,0,1,1,0,0,1
2022-01-13,6.06,22.2,985.82,53.92,1181.4,14.5,0.22,0.37,0.52,0.89,1.37,1.87,3.96,0.077,0,0,0,1,0,2
2022-01-13,34.74,57.68,973.69,90.12,1437.1,5.8,0.48,0.82,1.71,2.23,2.76,4.33,6.38,0.05,0,0,0,1,0,3
2022-01-14,34.15,54.82,988.21,49.6,1642.9,19.0,1.7,3.23,4.24,7.84,13.47,31.85,50.41,0.269,0,0,1,1,0,2
2022-01-15,32.41,28.54,990.96,38.36,1877.9,29.8,0.04,0.09,0.13,0.2,0.3,0.58,0.73,0.05,0,0,0,1,0,3
2022-01-15,7.48,50.87,981.74,127.89,335.0,45.6,0.61,1.02,1.93,2.3,4.11,8.11,15.21,0.281,0,0,1,2,0,2
2022-01-15,42.88,12.28,1005.43,48.33,1997.1,6.3,0.09,0.18,0.36,0.6,0.71,1.08,1.93,0.05,3,0,0,0,2,3
2022-01-15,31.05,41.2,1000.2,64.23,1429.9,47.2,4.45,10.28,19.0,27.47,49.21,66.97,138.43,0.818,0,1,2,1,0,0
2022-01-15,38.81,11.34,1019.23,68.29,1984.9,26.0,0.28,0.37,0.51,0.59,1.03,1.79,3.11,0.05,4,0,0,0,1,3
2022-01-16,22.78,85.64,981.46,8.02,1456.2,44.9,0.77,1.22,1.47,1.7,2.77,3.61,7.01,0.247,0,0,1,0,0,2
2022-01-16,11.47,22.45,1008.32,134.17,487.1,4.2,2.69,5.02,6.22,6.96,9.43,17.82,23.1,0.152,0,0,0,2,0,2
2022-01-17,45.64,96.61,983.5,11.09,2005.1,24.7,1.19,2.7,5.25,6.16,9.87,20.99,45.97,0.333,8,0,1,0,3,3
2022-01-18,13.56,41.34,998.09,49.44,2134.3,6.8,0.73,1.73,2.71,3.84,5.82,12.09,24.99,0.238,0,0,0,1,0,2
2022-01-18,19.51,29.25,989.43,137.0,641.7,6.5,2.6,5.59,9.9,14.38,23.4,40.8,51.53,0.295,0,0,0,2,0,1
2022-01-18,13.45,88.75,966.23,25.49,1587.5,8.3,1.24,1.62,2.6,3.8,5.78,7.59,10.16,0.377,0,0,0,1,0,2
2022-01-19,36.67,16.55,954.63,145.48,178.6,22.6,5.69,12.92,25.59,31.38,34.78,81.99,154.22,0.744,9,2,2,3,2,0
2022-01-19,37.52,30.53,1000.48,95.22,628.1,17.5,1.29,2.81,4.97,6.08,9.28,22.49,40.87,0.05,3,0,0,1,1,2
2022-01-20,14.51,32.54,990.9,120.85,2262.2,42.2,4.79,9.04,17.98,30.93,44.0,102.04,139.23,0.946,0,1,3,2,0,0
2022-01-20,34.91,96.53,1001.45,28.6,1150.2,12.6,4.62,7.01,13.37,25.06,36.79,65.64,135.47,0.95,0,1,1,0,1,0
2022-01-21,36.05,53.01,978.67,115.56,1691.9,8.8,2.79,6.25,12.87,21.79,25.02,47.19,62.5,0.321,3,0,0,2,1,2
2022-01-21,39.83,93.55,946.99,66.3,126.0,19.2,5.79,11.44,21.72,34.95,56.65,69.38,110.7,0.807,8,2,2,2,3,1
2022-01-21,12.02,45.37,1023.76,17.44,1081.4,11.6,1.18,1.53,3.23,6.2,10.63,12.77,20.46,0.243,0,0,0,0,0,2
2022-01-22,22.47,93.39,955.17,155.41,706.4,12.6,7.56,13.79,26.43,47.85,62.81,143.74,287.23,0.95,0,2,2,3,0,0
2022-01-22,19.57,84.57,1003.44,12.99,1174.4,11.2,1.91,3.31,5.63,11.01,16.36,38.61,67.29,0.676,0,1,1,0,0,1
2022-01-22,17.35,57.91,1002.51,101.07,1202.7,31.8,1.77,2.37,3.22,3.99,4.67,5.62,11.03,0.19,0,0,1,1,0,2
2022-01-22,41.87,62.88,987.46,1.11,698.8,1.6,2.86,6.56,12.44,21.69,29.28,66.23,124.45,0.725,7,1,1,0,3,1
2022-01-23,15.35,42.47,1014.71,47.32,1039.8,30.6,0.98,1.24,2.7,3.24,5.58,10.39,18.4,0.181,0,0,1,0,0,2
2022-01-23,36.45,75.66,964.92,105.64,720.4,33.3,2.52,5.49,9.16,15.63,23.03,43.48,76.83,0.526,8,1,1,2,2,1
2022-01-23,29.96,95.05,973.51,100.0,1823.9,11.4,5.01,11.31,23.59,41.87,72.87,176.8,230.59,0.95,0,2,2,2,0,0
2022-01-24,14.36,59.05,1002.44,132.33,1100.4,42.8,0.31,0.63,1.16,1.62,2.8,4.48,9.08,0.212,0,0,1,2,0,2
2022-01-25,12.92,97.64,956.82,79.89,1030.3,32.6,0.92,1.72,2.94,4.1,6.61,15.07,28.68,0.55,0,0,1,2,0,1
2022-01-25,26.82,51.24,956.97,61.36,572.8,18.8,1.29,2.38,3.26,6.37,10.98,20.35,31.25,0.196,0,0,0,1,0,2
2022-01-26,31.78,30.38,1016.94,7.51,872.5,15.1,6.67,9.4,14.67,27.06,35.52,81.47,103.62,0.525,0,1,1,0,0,1
2022-01-26,17.41,36.83,945.47,65.91,970.5,5.5,4.42,7.51,10.87,21.46,24.58,43.57,62.15,0.424,0,0,0,2,0,1
2022-01-27,42.58,89.42,1019.6,92.96,452.9,15.3,2.39,3.87,5.88,10.18,17.68,25.66,40.22,0.289,7,0,0,1,3,2
2022-01-27,29.44,73.65,946.6,107.41,2351.9,28.6,6.51,10.27,13.93,26.92,33.33,71.46,132.35,0.95,0,1,2,2,0,0
2022-01-28,8.59,57.89,1029.35,136.18,1561.2,11.0,3.11,6.0,12.51,17.65,30.1,58.87,92.02,0.817,0,1,1,1,0,0
2022-01-28,24.22,80.2,975.54,84.14,439.1,0.4,0.57,0.74,0.92,1.74,2.25,4.46,5.96,0.199,0,0,0,1,0,2
2022-01-28,21.61,37.48,1022.79,112.38,1430.4,38.4,2.72,4.4,9.39,13.13,16.15,30.02,42.44,0.254,0,0,1,1,0,1
2022-01-29,40.78,87.38,975.61,3.45,1822.0,1.7,17.08,32.28,62.81,105.85,180.6,327.98,706.34,0.95,3,3,3,1,2,0
2022-01-30,21.34,45.25,974.94,83.51,691.1,28.6,0.97,1.53,2.34,3.21,5.29,13.15,25.77,0.185,0,0,1,1,0,2
2022-01-30,5.9,94.93,940.38,118.52,1387.5,11.7,0.71,0.89,1.74,3.04,5.38,8.03,11.29,0.491,0,0,0,3,0,1
2022-01-30,10.45,42.44,955.89,108.93,284.8,32.4,6.98,16.08,32.14,58.15,99.34,193.28,269.73,0.95,0,3,3,3,0,0
2022-01-30,45.75,62.87,1012.58,135.91,2289.1,30.6,4.37,8.8,11.65,22.03,38.25,65.26,105.33,0.559,8,1,2,2,3,1
2022-01-30,43.2,21.73,947.95,1.19,1216.6,14.4,1.3,2.13,4.59,5.39,5.98,14.22,28.06,0.05,5,0,0,1,2,3
2022-01-30,28.84,95.57,1010.53,95.68,1756.4,32.2,0.35,0.53,1.03,1.22,1.89,4.32,7.31,0.238,0,0,1,1,0,2
2022-01-31,32.0,32.3,963.5,96.73,1328.8,11.2,3.78,8.66,18.95,24.23,38.58,54.63,102.3,0.524,0,1,1,2,0,1
2022-02-01,9.38,90.42,980.13,19.64,1110.3,34.0,0.95,1.49,2.12,4.23,6.14,14.07,18.42,0.481,0,0,1,0,0,1
2022-02-01,29.98,84.06,995.35,147.25,743.1,7.7,2.65,4.12,5.94,8.66,11.84,24.42,35.49,0.357,0,0,0,2,0,2
2022-02-02,18.07,98.78,946.24,17.94,2211.3,33.4,1.23,1.84,2.86,5.44,7.74,12.6,18.91,0.439,0,0,1,1,0,1
2022-02-02,16.84,44.93,1014.25,89.09,1062.2,14.3,2.73,4.43,5.77,10.72,17.86,28.18,50.72,0.394,0,0,1,1,0,1
2022-02-02,6.75,77.03,949.5,153.6,1669.9,15.6,0.07,0.09,0.13,0.18,0.26,0.37,0.64,0.322,0,0,0,3,0,2
2022-02-02,34.92,14.27,967.31,46.1,885.6,1.8,0.76,1.0,1.24,1.79,2.18,2.93,6.44,0.05,0,0,0,1,0,3
2022-02-02,23.28,16.76,940.7,35.53,875.6,48.9,2.64,6.53,12.18,13.94,23.1,32.29,67.85,0.303,0,0,1,2,0,1
2022-02-03,35.05,36.82,958.05,147.73,944.8,8.1,1.12,1.8,3.43,6.15,9.25,19.78,28.9,0.05,1,0,0,3,1,2
2022-02-04,22.26,66.14,959.08,47.62,1550.3,24.2,6.28,14.0,30.56,59.22,94.1,195.26,245.9,0.95,0,3,3,2,0,0
2022-02-05,15.68,94.4,945.15,45.09,2260.4,4.5,4.56,10.42,19.57,38.82,50.29,116.26,217.69,0.95,0,2,2,2,0,0
2022-02-05,19.71,89.32,966.92,112.11,881.4,11.3,9.16,16.75,33.06,43.04,59.39,124.44,266.76,0.95,0,2,2,2,0,0
2022-02-06,45.44,92.78,949.25,94.83,1138.6,47.9,1.3,2.19,4.75,7.45,11.91,23.9,44.08,0.303,8,0,1,2,3,3
2022-02-06,26.34,16.01,994.26,80.7,880.4,40.7,5.71,9.41,18.15,30.17,35.95,61.6,89.57,0.414,0,1,2,1,0,1
2022-02-07,40.34,17.83,992.32,156.68,1422.4,3.3,0.48,1.05,2.12,4.2,6.07,8.84,18.49,0.05,3,0,0,2,1,3
2022-02-07,46.68,57.54,964.49,97.24,1262.8,8.4,14.73,19.56,35.79,48.08,62.6,98.42,190.78,0.95,6,2,2,2,3,1
2022-02-08,5.52,57.91,1016.51,22.74,2107.2,20.3,9.41,16.47,21.34,29.85,48.94,87.45,111.15,0.95,0,1,2,0,0,0
2022-02-08,29.01,99.72,1010.36,89.44,911.1,40.8,4.57,11.15,16.74,32.29,39.17,74.63,133.67,0.95,0,1,2,1,0,0
2022-02-09,39.69,60.85,963.47,117.15,2367.2,46.2,1.08,1.41,3.09,5.69,8.86,21.05,42.33,0.189,6,0,1,2,2,2
2022-02-09,6.13,30.96,978.94,60.05,540.4,17.3,1.47,3.57,5.82,7.81,12.5,20.51,37.36,0.343,0,0,0,1,0,1
2022-02-09,35.21,14.82,945.82,154.48,822.8,37.8,9.09,20.87,27.48,44.64,71.78,143.07,246.64,0.95,9,2,3,3,2,0
2022-02-09,19.84,71.09,968.28,94.04,309.1,26.2,0.24,0.39,0.68,0.97,1.24,2.7,4.25,0.185,0,0,0,2,0,2
2022-02-09,24.75,44.71,979.99,69.0,1873.1,41.9,2.33,4.42,5.38,10.14,15.15,30.34,49.36,0.305,0,0,1,1,0,1
2022-02-09,26.45,62.76,980.2,76.64,1642.1,6.8,3.21,4.32,7.13,8.94,12.27,25.65,39.45,0.312,0,0,0,1,0,1
2022-02-10,24.01,87.19,940.68,73.3,540.0,38.8,4.21,8.98,19.21,33.55,40.15,79.2,135.3,0.95,0,1,2,2,0,0
2022-02-11,32.94,80.18,949.36,55.86,323.2,0.0,1.99,3.46,4.17,6.77,9.71,21.49,42.52,0.355,0,0,0,2,0,2
2022-02-11,29.76,34.75,1011.96,135.11,1572.2,40.5,1.59,2.64,4.8,6.34,10.38,17.51,34.01,0.103,0,0,1,1,0,2
2022-02-11,36.29,93.17,1027.96,14.35,1025.5,7.9,5.29,8.67,13.08,14.42,17.76,42.58,62.78,0.521,5,0,1,0,2,1
2022-02-12,22.48,11.82,1016.43,139.0,1793.3,18.9,1.1,1.56,3.26,6.22,9.21,12.27,16.13,0.05,0,0,0,1,0,2
2022-02-13,16.74,24.55,1008.88,88.0,706.6,5.1,4.56,6.73,11.12,16.52,20.27,27.77,40.22,0.223,0,0,0,1,0,1
2022-02-13,30.91,74.17,991.6,51.73,517.0,13.0,4.6,10.1,19.33,31.96,43.0,58.89,92.83,0.681,0,1,1,1,0,1
2022-02-14,41.25,92.99,1013.56,60.56,2190.8,23.6,1.81,3.86,7.89,12.63,14.25,20.21,37.05,0.3,1,0,1,0,2,2
2022-02-14,14.99,52.94,1020.52,4.08,1726.9,31.3,3.89,6.34,7.65,12.95,17.25,34.87,46.12,0.422,0,0,1,0,0,1
2022-02-14,9.21,35.77,953.51,87.04,1591.5,27.8,3.02,5.64,9.4,17.52,23.39,51.74,65.37,0.523,0,1,1,2,0,1
2022-02-15,12.7,21.59,997.01,142.01,1691.4,20.4,1.04,1.28,2.03,3.8,4.19,6.7,11.96,0.061,0,0,0,2,0,2
2022-02-15,47.19,89.81,979.08,144.32,650.2,49.1,3.86,8.93,13.3,19.47,27.54,41.27,59.1,0.371,4,0,2,2,3,2
2022-02-15,27.29,97.73,948.98,150.31,1525.5,21.7,5.39,13.22,18.34,21.21,28.29,48.07,73.5,0.706,0,1,1,3,0,1
2022-02-16,25.11,30.24,943.19,114.26,1024.6,41.7,3.31,4.98,9.03,14.98,19.03,22.93,40.19,0.168,0,0,1,3,0,1
2022-02-16,22.23,17.56,1004.74,122.03,416.2,35.5,2.49,5.87,10.95,18.0,26.95,49.53,91.4,0.475,0,1,1,1,0,0
2022-02-16,44.86,12.15,1001.95,36.36,350.8,10.2,1.66,2.74,5.09,8.65,11.39,27.38,33.21,0.05,4,0,0,0,2,3
2022-02-16,43.03,94.85,1011.83,6.73,1872.6,34.2,3.18,3.82,8.18,16.32,18.48,36.77,64.39,0.473,2,0,1,0,2,2
2022-02-17,26.98,53.33,1009.47,12.45,1238.4,21.3,7.93,11.01,13.58,25.8,29.88,42.96,74.19,0.491,0,1,1,0,0,1
2022-02-17,28.46,38.36,994.71,51.31,1801.1,9.0,1.1,1.54,2.89,5.71,7.57,12.74,25.56,0.077,0,0,0,1,0,2
2022-02-19,31.83,83.86,1025.79,13.24,919.4,47.7,3.6,8.73,18.35,34.59,39.38,86.82,153.57,0.95,0,1,3,0,0,0
2022-02-20,45.91,17.9,947.86,35.0,393.5,32.2,1.35,2.72,3.46,6.46,8.08,15.6,25.22,0.05,1,0,1,1,2,3
2022-02-20,12.53,65.98,1015.81,110.18,1660.8,28.0,0.3,0.62,0.82,1.18,2.11,5.02,10.7,0.276,0,0,1,1,0,2
2022-02-20,37.69,37.24,1005.71,155.36,2432.9,42.4,0.89,2.14,2.83,5.07,8.66,18.3,33.51,0.05,6,0,1,2,2,2
2022-02-20,6.58,68.0,940.4,86.3,204.7,22.6,2.34,4.15,8.84,16.06,24.62,34.57,49.77,0.606,0,1,1,2,0,1
2022-02-21,29.3,38.16,983.29,142.42,2458.8,36.3,2.19,4.83,7.75,12.83,21.26,46.53,100.13,0.565,0,1,1,2,0,1
2022-02-23,35.37,53.42,1008.37,87.14,1392.3,15.8,3.22,4.5,6.91,9.49,12.54,27.17,42.36,0.196,7,0,0,1,2,2
2022-02-24,23.49,27.77,950.53,10.12,2069.9,18.3,1.78,2.95,5.56,10.35,14.65,27.08,35.34,0.14,0,0,0,1,0,2
2022-02-24,15.21,35.28,1016.77,111.33,323.8,43.7,0.2,0.33,0.47,0.8,1.07,2.42,4.31,0.053,0,0,1,1,0,2
2022-02-25,10.16,93.27,949.63,152.85,1604.7,15.6,0.02,0.05,0.11,0.15,0.21,0.28,0.35,0.367,0,0,0,3,0,2
2022-02-25,47.86,48.21,1012.69,8.49,419.6,8.6,0.57,0.76,1.33,2.51,4.08,7.04,8.95,0.05,8,0,0,0,3,3
2022-02-25,18.41,63.05,974.47,106.13,64.2,28.7,3.2,7.92,14.06,21.91,33.84,42.27,82.1,0.678,0,2,1,2,0,0
2022-02-25,36.13,78.09,962.98,74.06,359.5,25.2,3.0,4.23,5.3,6.52,7.6,9.13,14.69,0.127,7,0,0,2,2,3
2022-02-26,33.36,71.81,968.72,139.99,1615.6,0.6,1.36,1.94,3.63,6.72,7.57,15.94,21.35,0.168,0,0,0,2,0,2
2022-02-26,29.97,83.33,1029.54,45.8,2365.3,14.8,0.52,1.06,2.0,2.54,3.13,5.73,8.21,0.172,0,0,0,0,0,2
2022-02-26,24.04,21.72,945.58,47.87,2088.4,11.2,1.35,3.19,5.32,10.47,14.95,20.52,42.38,0.151,0,0,0,1,0,1
2022-02-26,19.37,52.84,1021.6,156.32,1228.8,6.9,8.75,19.21,39.99,66.5,90.57,126.77,211.14,0.95,0,2,2,2,0,0
2022-02-26,31.45,58.81,959.08,106.55,1993.0,8.8,13.49,22.38,47.62,69.84,77.84,148.35,250.7,0.95,0,2,2,3,0,0
2022-02-27,18.62,64.39,966.7,21.0,333.1,5.7,3.36,6.86,13.51,16.18,21.28,40.53,50.17,0.47,0,1,0,1,0,1
2022-02-27,46.94,16.83,1020.46,27.34,847.0,21.6,3.3,7.75,15.32,17.16,20.62,42.85,76.67,0.126,2,0,1,0,2,2
2022-02-28,33.96,21.47,979.2,141.57,1497.9,19.7,2.24,5.2,9.17,16.3,25.28,62.12,103.1,0.455,0,1,1,2,0,1
2022-02-28,5.03,37.09,998.33,79.92,1537.9,14.2,1.64,2.56,3.81,7.44,13.22,17.52,24.34,0.297,0,0,0,1,0,1
2022-02-28,34.6,50.36,989.91,35.79,1445.9,48.8,1.74,2.59,4.38,8.08,11.18,20.55,44.71,0.204,0,0,1,1,0,2
2022-03-01,45.02,82.75,1005.66,54.82,2253.7,3.8,7.43,18.04,23.83,39.87,59.43,83.87,138.95,0.89,1,2,1,1,2,1
2022-03-01,34.44,17.63,973.82,100.42,2391.2,38.8,0.85,1.17,2.48,4.03,5.71,14.26,30.46,0.05,0,0,1,2,0,2
2022-03-01,28.0,13.79,998.8,156.71,1029.4,0.2,1.41,2.63,3.66,4.49,6.54,14.19,18.85,0.05,0,0,0,2,0,2
2022-03-01,32.76,84.14,985.45,82.83,931.8,27.8,1.62,3.07,3.97,5.3,6.22,7.62,11.36,0.169,0,0,0,1,0,2
2022-03-01,43.55,58.98,1023.21,125.73,1246.9,22.8,2.03,5.07,7.66,9.41,12.97,22.62,38.5,0.116,5,0,0,1,2,3
2022-03-02,10.42,90.07,957.33,82.25,1258.8,23.7,2.61,3.98,5.39,7.16,9.59,15.25,30.82,0.552,0,0,1,2,0,1
2022-03-02,41.79,39.97,1008.28,96.89,279.3,8.4,4.11,10.13,20.69,28.14,34.92,78.37,161.14,0.856,9,2,1,1,3,0
2022-03-02,22.67,55.71,1008.31,11.09,809.9,2.6,0.22,0.38,0.56,1.1,1.58,3.71,8.13,0.106,0,0,0,0,0,2
2022-03-02,37.34,78.59,1022.45,146.04,888.2,18.9,2.46,5.79,9.56,14.56,22.04,43.08,86.68,0.597,5,1,1,2,2,1
2022-03-03,17.04,21.43,981.22,125.28,1526.0,45.2,13.58,19.78,37.72,75.4,96.99,153.92,334.72,0.95,0,3,3,2,0,0
2022-03-03,36.8,55.7,983.34,107.88,2328.2,48.0,4.29,5.64,10.13,18.08,32.52,67.73,122.52,0.727,6,1,2,2,2,1
2022-03-03,40.49,10.83,972.85,100.87,46.8,44.9,0.73,1.82,3.38,6.62,11.31,14.93,24.5,0.05,6,1,1,2,2,3
2022-03-03,37.3,83.94,969.21,157.0,1021.8,45.5,0.22,0.32,0.69,1.21,2.0,3.37,5.56,0.084,4,0,1,3,2,3
2022-03-03,19.05,82.88,961.87,89.87,503.3,37.6,1.22,2.71,4.47,5.55,7.23,10.74,19.12,0.351,0,0,1,2,0,1
2022-03-04,10.3,25.46,992.37,24.29,1095.8,1.4,6.55,12.13,26.06,50.79,57.2,82.83,147.18,0.95,0,2,1,1,0,0
2022-03-05,36.65,83.27,971.85,129.82,143.3,49.6,4.54,10.87,14.89,27.32,43.51,95.64,171.22,0.95,8,2,3,2,2,0
2022-03-06,39.44,60.43,1010.27,96.0,1992.5,23.4,0.47,0.98,1.76,2.61,3.41,6.99,9.88,0.05,6,0,0,1,2,3
2022-03-06,21.99,25.44,1026.25,61.84,1499.8,4.3,3.38,4.66,7.88,14.54,21.25,31.73,65.19,0.342,0,0,0,0,0,1
2022-03-06,24.52,44.2,979.4,66.73,1607.5,39.1,3.09,7.56,13.74,23.01,38.68,53.37,102.52,0.659,0,1,2,1,0,0
2022-03-06,26.58,25.39,968.13,80.64,1860.1,40.3,8.66,13.31,27.98,49.4,66.2,114.76,216.22,0.95,0,2,3,2,0,0
2022-03-07,47.16,11.8,1026.34,67.02,1241.9,18.9,2.96,5.28,7.48,11.75,16.05,37.36,74.84,0.086,1,0,0,0,2,3
2022-03-07,17.39,76.52,995.08,39.61,283.4,29.8,1.29,2.03,3.39,4.53,5.73,10.87,23.58,0.366,0,0,1,0,0,1
2022-03-09,38.6,55.43,979.04,157.22,1949.1,34.6,1.43,2.75,5.96,10.83,14.15,31.08,56.29,0.266,1,0,1,2,1,2
2022-03-09,40.58,32.44,1009.68,103.51,1100.4,21.5,2.62,5.33,9.96,16.23,22.41,35.77,43.08,0.05,3,0,0,1,1,3
2022-03-09,40.04,16.8,943.65,88.99,83.1,12.9,1.44,2.56,4.5,8.98,10.34,24.11,32.13,0.05,9,0,0,2,2,3
2022-03-10,45.47,76.49,1013.63,139.48,1935.4,8.6,0.19,0.32,0.43,0.53,0.81,1.55,3.01,0.05,5,0,0,1,3,3
2022-03-11,7.73,33.24,958.99,145.88,987.6,22.0,0.31,0.69,1.32,1.86,2.24,5.17,9.74,0.154,0,0,0,3,0,2
2022-03-11,13.4,44.08,982.58,16.75,978.5,27.0,2.32,4.2,6.37,7.27,12.14,16.18,22.15,0.234,0,0,1,0,0,2
2022-03-12,33.32,27.02,969.36,12.1,152.1,29.6,0.35,0.82,1.03,1.96,2.8,5.91,12.12,0.05,0,0,0,1,0,2
2022-03-12,18.03,75.2,1016.73,139.59,1295.7,20.6,6.37,8.27,16.1,19.43,23.04,53.1,75.62,0.7,0,1,1,2,0,0
2022-03-12,42.53,36.56,962.49,125.58,1246.8,46.3,5.67,11.57,15.94,19.23,28.6,44.63,92.37,0.373,3,1,2,2,2,2
2022-03-12,20.52,93.57,974.52,135.97,121.1,46.5,0.92,1.56,2.95,4.2,7.37,17.8,33.65,0.487,0,1,1,2,0,1
2022-03-13,39.11,82.11,1010.47,100.22,1360.7,2.9,0.02,0.03,0.06,0.06,0.1,0.24,0.49,0.05,2,0,0,1,2,3
2022-03-13,35.71,84.97,988.69,50.08,1539.3,15.9,1.51,2.07,3.57,4.09,6.34,11.47,17.84,0.187,9,0,0,1,2,2
2022-03-13,30.13,96.55,1004.04,22.57,1136.8,34.3,2.89,5.25,11.19,14.11,22.41,40.57,54.66,0.546,0,0,1,0,0,1
2022-03-14,44.22,11.99,1013.45,54.42,464.8,35.6,0.04,0.1,0.19,0.29,0.43,0.61,0.73,0.05,2,0,0,0,2,3
2022-03-14,35.5,22.53,954.19,34.52,772.2,19.5,7.41,11.72,20.94,33.38,37.78,91.66,144.77,0.723,6,1,2,1,1,0
2022-03-14,12.26,58.01,964.96,53.45,1424.8,24.1,11.65,28.17,47.13,56.55,81.76,151.82,185.88,0.95,0,2,3,2,0,0
2022-03-15,24.88,40.27,984.27,36.67,176.4,1.9,0.15,0.32,0.53,0.82,0.94,1.7,2.69,0.05,0,0,0,1,0,2
2022-03-15,46.96,31.9,984.23,75.68,414.5,1.8,4.52,10.26,18.37,32.92,54.32,101.04,173.65,0.848,6,2,1,1,3,1
2022-03-17,10.63,97.83,956.66,81.23,1209.5,30.1,8.84,14.82,22.67,37.87,57.53,117.3,142.18,0.95,0,2,2,2,0,0
2022-03-17,40.87,39.15,953.6,106.22,239.7,27.3,8.12,15.61,31.24,62.36,77.66,167.79,253.43,0.95,2,3,3,3,1,0
2022-03-18,37.56,47.34,966.13,145.26,432.2,16.8,1.32,2.57,4.75,8.03,13.8,30.04,44.65,0.159,9,0,0,2,2,2
2022-03-18,19.71,52.03,983.2,122.68,1611.8,24.1,2.99,3.98,6.72,9.71,11.69,23.46,44.24,0.358,0,0,1,2,0,1
2022-03-18,9.49,79.16,979.28,89.3,1829.0,38.9,0.89,1.79,3.12,5.99,8.11,10.16,14.28,0.396,0,0,1,1,0,1
2022-03-18,34.15,79.72,974.38,109.24,1501.5,44.0,1.9,3.48,5.85,7.6,9.19,20.18,39.75,0.322,0,0,1,2,1,2
2022-03-19,38.33,95.53,969.68,129.54,778.1,49.1,2.64,4.59,7.42,12.66,15.55,26.1,38.39,0.35,3,0,1,2,2,2
2022-03-20,17.1,24.55,964.23,120.72,1873.5,43.1,1.63,4.08,5.04,9.71,17.02,31.97,51.89,0.298,0,0,1,2,0,1
2022-03-20,7.59,83.74,1027.23,66.25,1621.7,34.4,4.23,5.63,6.81,12.48,21.11,30.8,54.64,0.707,0,1,1,0,0,1
2022-03-20,17.74,98.04,969.31,25.48,602.3,43.8,0.28,0.55,0.84,1.08,1.49,2.79,4.24,0.341,0,0,1,1,0,2
2022-03-22,20.47,87.18,973.04,40.35,371.7,21.1,2.69,4.34,5.95,9.63,10.63,15.78,30.37,0.434,0,0,1,1,0,1
2022-03-22,12.3,42.41,1015.28,68.34,915.4,29.5,4.51,9.16,14.23,27.78,36.48,84.44,124.7,0.92,0,1,2,1,0,0
2022-03-22,18.06,72.59,969.4,35.86,343.3,13.7,5.43,11.22,15.44,26.6,47.66,104.15,163.84,0.95,0,2,2,1,0,0
2022-03-24,34.93,89.33,1027.26,157.05,2288.7,28.3,7.38,14.41,29.24,41.18,54.33,96.8,151.73,0.95,0,2,2,2,1,0
2022-03-24,39.25,86.81,1005.6,128.14,1944.6,12.3,2.33,5.74,7.39,11.16,19.32,31.33,39.35,0.304,5,0,0,1,2,2
2022-03-24,31.91,73.88,957.46,42.63,1441.3,34.4,2.58,3.33,5.19,9.03,14.79,33.65,41.34,0.326,0,0,1,1,0,2
2022-03-25,13.45,81.19,942.87,29.36,2160.7,9.1,5.01,10.42,17.14,21.08,36.01,84.55,111.92,0.95,0,1,1,1,0,0
2022-03-25,44.27,59.45,1003.64,125.16,370.5,45.2,2.43,5.81,8.6,12.88,16.52,21.91,38.91,0.114,7,0,1,2,3,3
2022-03-25,19.71,43.44,968.34,10.63,1049.0,43.3,1.31,2.12,2.77,5.0,6.29,11.11,20.69,0.158,0,0,1,1,0,2
2022-03-26,32.72,43.79,966.2,143.28,1336.5,28.3,3.44,7.41,15.91,27.15,41.59,52.16,85.53,0.462,0,1,1,3,0,1
2022-03-26,29.66,35.26,944.48,10.32,1026.9,35.0,3.23,7.69,15.64,27.5,42.17,93.74,173.71,0.95,0,2,2,1,0,0
2022-03-26,8.44,83.67,998.91,96.86,1269.6,13.0,2.21,4.48,6.35,8.98,11.68,19.43,26.23,0.509,0,0,0,1,0,1
2022-03-27,21.9,69.52,952.79,55.51,986.9,15.6,3.3,4.1,7.09,12.82,15.08,19.08,27.24,0.31,0,0,0,1,0,1
2022-03-28,33.32,62.73,969.62,102.51,1867.1,34.1,0.61,1.03,1.57,2.62,4.42,10.41,17.16,0.095,0,0,1,2,0,2
2022-03-28,41.89,93.94,968.73,88.4,1233.0,31.1,0.45,0.95,2.0,2.61,3.95,8.37,10.94,0.124,5,0,1,2,3,3
2022-03-28,19.58,72.27,968.01,91.95,2405.9,32.3,5.64,10.22,17.4,23.6,33.05,48.56,84.6,0.73,0,1,2,2,0,0
2022-03-28,19.4,55.59,978.83,48.49,803.0,17.6,0.74,1.55,2.99,4.72,8.0,14.94,19.63,0.215,0,0,0,1,0,2
2022-03-29,35.45,64.46,1026.3,108.33,1428.3,7.3,3.14,6.57,9.34,18.3,22.24,29.55,38.71,0.226,6,0,0,1,2,2
2022-03-29,16.43,65.27,978.15,12.05,1023.2,33.9,0.02,0.04,0.06,0.11,0.15,0.27,0.34,0.164,0,0,1,0,0,2
2022-03-29,7.42,13.7,978.24,75.0,24.3,46.8,2.1,4.58,6.5,8.5,13.55,28.0,40.51,0.264,0,1,1,1,0,1
2022-03-29,15.6,42.04,1023.77,157.56,1504.8,0.8,3.09,6.13,7.69,13.13,14.82,26.29,46.36,0.363,0,0,0,2,0,1
2022-03-30,8.3,53.32,966.23,143.37,2221.6,5.9,5.35,12.04,17.99,22.02,36.98,78.94,143.77,0.95,0,1,1,3,0,0
2022-03-30,5.63,61.92,1021.2,59.8,1751.7,40.4,2.26,3.59,4.43,8.31,13.68,22.95,27.54,0.437,0,0,1,0,0,1
2022-03-30,17.0,62.12,940.32,65.62,1898.0,18.7,0.36,0.7,1.36,1.94,2.86,4.68,9.89,0.207,0,0,0,2,0,2
2022-03-30,23.68,36.22,1019.45,21.62,1400.9,26.6,4.68,8.38,17.74,27.92,41.11,87.86,127.5,0.794,0,1,2,0,0,0
2022-03-31,44.1,69.52,1001.56,44.48,235.1,5.3,2.18,4.83,9.34,18.4,25.44,52.82,100.15,0.574,4,1,1,1,2,1
2022-04-01,32.76,68.18,995.52,78.09,2201.8,5.2,0.83,2.01,3.52,5.98,9.15,19.04,35.58,0.25,0,0,0,1,0,2
2022-04-01,31.53,40.4,956.67,34.47,2471.2,49.1,2.5,3.12,6.06,7.04,10.61,19.94,39.34,0.149,0,0,1,1,0,2
2022-04-02,7.17,56.07,1011.88,83.55,1015.2,29.6,0.84,1.65,3.12,5.32,7.12,8.65,18.52,0.332,0,0,1,1,0,1
2022-04-03,5.56,38.81,1019.86,18.2,297.7,6.2,2.7,3.48,5.52,7.23,9.59,19.71,26.44,0.315,0,0,0,0,0,1
2022-04-03,13.89,66.33,1012.47,159.37,1754.8,30.5,0.67,1.23,2.28,4.16,5.4,10.7,22.57,0.343,0,0,1,2,0,1
2022-04-04,43.14,20.66,987.8,1.58,2430.8,3.9,2.92,7.2,15.19,20.74,23.26,29.07,47.9,0.05,1,0,0,0,1,3
2022-04-04,8.45,32.17,992.46,72.88,1277.5,1.4,0.79,1.22,2.31,4.25,5.22,10.69,18.87,0.202,0,0,0,1,0,2
2022-04-05,23.05,90.56,979.49,47.34,1484.9,34.2,0.54,0.81,1.63,3.06,4.51,10.2,16.8,0.334,0,0,1,1,0,2
2022-04-05,46.84,67.42,980.73,125.54,844.6,32.7,2.85,4.9,7.22,14.23,20.42,25.49,32.99,0.089,2,0,1,2,2,3
2022-04-05,22.56,67.95,945.5,145.11,2368.4,11.7,1.82,4.17,5.39,6.34,8.33,18.18,25.51,0.284,0,0,0,3,0,1
2022-04-06,41.11,21.61,1024.02,110.32,1040.4,37.7,6.56,12.81,22.2,42.87,60.42,148.67,304.45,0.95,5,2,3,1,2,0
2022-04-06,38.42,85.7,1018.92,25.15,1995.0,32.1,3.08,3.94,8.3,10.36,14.84,25.23,34.54,0.275,8,0,1,0,3,2
2022-04-06,39.76,90.59,966.92,49.34,608.5,27.9,1.81,2.63,5.32,7.55,8.36,19.97,38.47,0.312,3,0,1,1,2,2
2022-04-06,39.53,22.93,941.56,61.96,806.4,32.8,8.74,11.36,17.82,31.02,54.9,91.9,132.66,0.604,4,1,2,2,1,1
2022-04-07,39.87,37.99,1025.2,141.48,1335.2,28.7,1.11,2.0,3.56,5.39,7.5,10.39,18.0,0.05,9,0,0,1,2,3
2022-04-07,22.95,43.84,995.21,79.21,874.3,6.2,7.47,9.72,14.29,20.69,34.82,64.81,102.73,0.675,0,1,1,1,0,0
2022-04-07,17.61,82.6,984.44,103.21,1422.4,39.6,3.51,6.27,12.07,20.36,33.24,82.52,180.06,0.95,0,1,2,2,0,0
2022-04-08,42.05,86.63,1015.22,151.16,1746.3,30.9,6.15,9.41,15.0,26.65,47.61,111.82,160.59,0.95,3,2,2,2,2,0
2022-04-08,5.21,19.06,971.18,1.3,99.8,40.3,2.08,4.83,7.33,12.92,18.08,26.31,54.03,0.403,0,1,1,0,0,1
2022-04-09,19.96,90.64,952.57,82.92,2310.9,26.3,4.64,6.79,13.9,18.92,30.17,65.35,112.92,0.95,0,1,2,2,0,0
2022-04-10,12.52,16.51,984.14,10.19,2139.1,13.4,5.44,13.25,28.15,39.37,55.92,91.24,126.68,0.802,0,1,2,1,0,0
2022-04-11,8.5,85.45,1021.36,68.14,1386.4,29.6,0.19,0.35,0.65,0.72,1.06,1.72,2.44,0.358,0,0,1,0,0,2
2022-04-11,12.3,82.92,960.8,20.24,1092.0,33.4,0.04,0.09,0.15,0.19,0.24,0.34,0.54,0.295,0,0,1,1,0,2
2022-04-12,7.45,79.58,949.79,142.42,2437.2,18.9,0.82,1.43,2.71,3.37,4.83,11.08,21.34,0.466,0,0,0,3,0,1
2022-04-12,17.44,21.73,974.25,148.26,2037.5,31.8,0.11,0.14,0.27,0.52,0.88,1.23,1.7,0.05,0,0,0,2,0,2
2022-04-12,22.81,19.62,940.86,143.25,1331.8,34.6,0.75,1.38,2.45,4.33,6.11,10.7,15.24,0.05,0,0,1,3,0,2
2022-04-12,12.38,95.29,999.22,35.02,670.6,16.8,6.91,9.98,18.04,34.09,48.66,84.85,138.51,0.95,0,1,2,1,0,0
2022-04-12,43.67,41.21,961.08,64.54,2317.3,37.3,6.84,11.62,22.61,25.53,40.6,73.34,154.55,0.8,3,1,2,2,2,1
2022-04-13,28.92,46.89,1008.18,146.55,1450.6,49.6,0.18,0.26,0.5,0.59,0.91,1.5,2.77,0.05,0,0,1,2,0,2
2022-04-13,15.2,82.29,979.86,52.18,1433.1,2.0,12.04,15.37,22.96,36.2,48.24,113.17,223.61,0.95,0,2,1,1,0,0
2022-04-13,34.93,85.19,993.79,117.88,1681.7,3.2,1.71,2.1,3.89,4.73,8.14,12.48,21.91,0.223,0,0,0,2,1,2
2022-04-13,43.31,39.01,976.98,81.39,1685.9,27.4,8.64,16.09,34.01,60.29,97.79,149.38,288.89,0.95,1,3,3,2,2,0
2022-04-14,34.6,18.12,967.37,7.42,269.0,3.2,0.04,0.06,0.1,0.18,0.28,0.6,1.3,0.05,0,0,0,1,0,3
2022-04-14,33.0,96.65,949.65,98.17,1360.7,22.9,7.86,16.96,31.55,36.73,62.85,124.1,199.63,0.95,0,2,2,3,1,0
2022-04-14,32.27,45.83,1011.81,134.92,1883.9,5.6,3.88,4.81,7.84,9.18,14.96,21.19,28.67,0.098,0,0,0,1,0,2
2022-04-14,25.79,21.82,1006.54,121.71,1838.9,21.5,0.34,0.83,1.15,2.25,3.06,4.94,7.73,0.05,0,0,0,1,0,2
2022-04-14,31.29,38.52,1025.99,154.85,1175.8,3.9,1.13,1.48,2.61,5.08,7.53,12.29,23.63,0.05,0,0,0,2,0,2
2022-04-15,42.59,76.74,1005.8,91.36,718.5,28.5,5.65,13.22,19.14,25.66,37.87,49.74,79.34,0.487,9,1,1,1,3,2
2022-04-16,8.1,68.88,975.35,92.21,1518.3,46.1,4.39,5.75,10.1,12.53,18.79,32.72,56.81,0.642,0,1,2,2,0,1
2022-04-16,24.03,21.39,940.13,60.31,53.4,0.1,14.44,26.3,55.09,74.59,99.73,125.72,168.77,0.95,0,3,2,3,0,0
2022-04-16,8.31,79.48,999.35,16.23,54.2,4.8,1.38,1.9,3.67,5.46,8.64,18.04,25.91,0.487,0,1,0,0,0,1
2022-04-17,32.24,32.41,989.25,129.89,1947.1,47.6,6.56,16.28,23.58,38.78,56.69,86.95,181.88,0.95,0,2,3,2,0,0
2022-04-17,24.37,46.21,1017.47,39.77,2493.5,25.7,1.5,3.01,4.56,5.1,8.85,16.15,30.17,0.189,0,0,1,0,0,2
2022-04-17,22.67,80.06,978.63,109.66,756.0,5.4,2.04,2.6,3.14,5.62,8.42,19.55,24.08,0.334,0,0,0,2,0,1
2022-04-17,42.61,89.04,1023.49,23.77,1339.2,9.4,0.16,0.25,0.43,0.85,1.48,2.79,5.69,0.057,3,0,0,0,2,3
2022-04-18,7.44,78.35,974.2,127.97,458.3,9.3,1.11,1.46,1.82,2.61,3.56,7.15,14.88,0.417,0,0,0,2,0,1
2022-04-18,42.06,62.03,992.64,14.93,543.7,17.1,0.36,0.9,1.68,2.27,2.94,6.41,13.65,0.05,6,0,0,0,2,3
2022-04-18,17.07,67.98,1009.46,47.95,1910.6,33.4,1.44,3.45,5.97,11.59,14.32,28.01,44.24,0.464,0,0,1,0,0,1
2022-04-18,44.93,96.96,944.59,80.93,170.7,48.2,10.22,13.68,25.13,45.14,56.98,135.26,260.86,0.95,4,3,3,2,3,0
2022-04-18,40.09,79.45,940.9,73.74,657.0,40.5,6.89,8.61,10.54,19.43,28.5,37.96,73.57,0.487,1,1,1,2,1,2
2022-04-20,43.75,54.22,959.04,73.93,2347.0,28.0,0.19,0.45,0.74,1.31,1.7,2.25,4.6,0.05,9,0,0,2,3,3
2022-04-20,7.09,97.8,1000.5,38.86,514.4,3.7,0.7,1.25,2.61,5.0,7.25,13.75,23.81,0.577,0,0,0,0,0,1
2022-04-20,38.12,33.64,1022.28,121.1,47.4,7.5,2.15,3.19,6.7,9.72,14.99,28.05,43.34,0.076,2,1,0,1,1,2
2022-04-21,35.86,88.38,1010.38,55.62,439.0,46.4,6.22,14.7,18.83,22.0,25.5,52.93,103.37,0.773,3,1,2,1,1,1
2022-04-22,38.86,60.89,972.53,154.61,458.1,45.2,0.81,1.64,3.33,6.09,8.58,16.07,30.17,0.117,4,0,1,2,2,3
2022-04-22,43.27,80.93,985.37,5.86,1678.8,40.0,0.2,0.31,0.65,1.19,1.79,4.01,5.49,0.05,2,0,1,0,2,3
2022-04-23,29.07,45.81,1003.68,32.25,520.7,28.1,2.28,3.11,5.6,7.37,11.21,18.52,35.32,0.174,0,0,1,0,0,2
2022-04-23,5.57,20.62,1021.53,15.12,58.0,14.7,1.17,1.44,1.82,3.08,4.06,8.21,17.88,0.167,0,0,0,0,0,2
2022-04-24,8.31,52.78,1017.55,26.83,428.0,37.2,4.12,5.26,10.12,16.92,21.43,43.24,58.15,0.568,0,1,1,0,0,1
2022-04-24,10.66,43.59,995.9,60.78,1837.3,48.2,0.0,0.01,0.01,0.02,0.03,0.08,0.13,0.112,0,0,1,1,0,2
2022-04-24,19.41,66.63,988.91,88.6,1003.3,44.2,4.88,7.06,14.58,17.59,23.29,39.02,50.44,0.475,0,0,2,1,0,1
2022-04-25,17.24,78.64,945.06,61.98,1434.5,45.5,1.17,2.36,3.86,5.79,7.51,9.74,19.04,0.348,0,0,1,2,0,1
2022-04-25,30.68,37.95,982.27,8.65,1213.1,24.4,1.33,2.19,3.02,3.68,4.19,10.18,12.91,0.05,0,0,0,0,0,2
2022-04-25,19.16,64.89,972.4,49.64,2096.4,13.2,6.46,13.08,28.55,40.6,63.29,99.27,156.95,0.95,0,2,2,1,0,0
2022-04-25,6.11,18.27,1019.14,46.7,540.2,34.4,0.35,0.66,1.03,1.51,2.52,4.18,5.51,0.067,0,0,1,0,0,2
2022-04-25,24.08,68.03,1007.94,35.3,927.3,33.8,3.55,6.42,9.82,12.04,18.41,44.08,90.84,0.705,0,1,1,0,0,0
2022-04-26,20.24,85.35,962.37,129.39,1446.3,18.6,2.18,4.89,9.21,10.55,15.88,39.5,51.11,0.565,0,0,1,2,0,1
2022-04-26,22.0,35.75,969.32,95.54,271.8,10.8,0.75,1.43,2.4,3.68,5.54,10.42,17.07,0.073,0,0,0,2,0,2
2022-04-26,18.98,39.29,967.77,141.24,1052.2,49.2,2.63,4.86,10.53,19.08,32.71,43.99,66.32,0.449,0,1,2,2,0,1
2022-04-26,14.65,48.29,1004.91,135.77,1662.1,42.7,0.55,1.21,1.89,2.87,4.51,6.81,14.05,0.189,0,0,1,2,0,2
2022-04-27,30.44,69.14,1025.4,95.49,679.9,41.5,3.37,7.01,8.9,16.79,24.36,44.68,86.18,0.616,0,1,2,1,0,1
2022-04-27,46.45,35.37,1029.4,18.54,1604.7,14.4,2.17,4.31,8.07,9.5,11.03,25.35,31.27,0.05,3,0,0,0,2,3
2022-04-27,28.32,58.92,946.0,27.62,472.4,45.6,0.27,0.36,0.45,0.64,0.84,1.78,2.23,0.05,0,0,1,1,0,2
2022-04-28,44.49,31.77,960.73,47.49,2301.4,36.2,2.48,3.13,5.41,10.8,17.86,37.32,73.45,0.204,8,0,1,1,3,2
2022-04-28,25.4,46.13,988.36,54.67,1187.4,24.3,0.01,0.02,0.04,0.05,0.07,0.13,0.2,0.05,0,0,0,1,0,2
2022-04-28,23.18,94.46,953.69,28.49,581.8,38.9,0.5,1.24,2.05,2.41,3.35,5.0,9.24,0.302,0,0,1,1,0,2
2022-04-29,42.22,60.01,980.08,4.05,319.3,2.8,3.8,7.66,10.03,18.56,32.2,55.35,90.67,0.482,8,1,1,0,3,2
2022-04-30,11.15,74.93,1028.74,150.52,1537.7,5.4,20.27,48.43,70.72,109.53,159.42,279.07,337.37,0.95,0,3,3,2,0,0
2022-04-30,37.72,28.95,966.76,114.38,1171.7,38.4,5.93,10.71,21.75,26.06,30.44,51.75,101.14,0.442,8,1,2,2,2,1
2022-04-30,5.32,82.82,966.31,103.06,566.3,10.7,6.73,13.76,28.67,40.26,65.16,82.57,155.89,0.95,0,2,2,2,0,0
2022-05-01,34.8,87.64,950.32,92.73,1619.0,3.9,4.56,11.15,21.66,41.13,60.39,88.73,175.45,0.95,0,2,1,2,1,0
2022-05-01,16.1,60.5,978.82,87.3,659.7,6.5,3.0,4.18,5.22,7.24,9.38,21.3,31.9,0.354,0,0,0,1,0,1
2022-05-01,7.11,46.06,1014.04,30.67,1536.6,24.5,2.12,3.02,4.95,8.68,14.35,34.36,41.62,0.437,0,0,1,0,0,1
2022-05-01,14.75,10.19,941.51,107.92,14.8,40.4,9.88,19.92,40.77,76.04,107.48,193.08,325.32,0.95,0,3,3,3,0,0
2022-05-02,18.47,24.5,984.35,75.49,1441.1,45.6,1.96,4.1,7.15,12.34,14.3,32.51,48.6,0.262,0,0,1,1,0,1
2022-05-02,32.12,88.89,975.85,12.16,80.3,6.5,2.06,4.11,5.95,10.21,16.28,24.46,34.34,0.352,0,1,0,1,0,2
2022-05-02,45.09,25.77,1016.63,98.14,226.4,48.2,4.47,9.65,20.78,40.97,48.3,63.54,88.36,0.267,1,1,2,1,2,2
2022-05-03,21.52,79.79,1006.07,127.03,242.3,28.9,3.17,7.13,11.58,17.99,28.77,60.88,78.74,0.709,0,1,2,2,0,0
2022-05-03,12.79,19.27,969.42,141.74,468.1,13.2,9.54,19.66,26.57,33.41,38.31,58.88,109.86,0.701,0,1,1,3,0,0
2022-05-03,41.04,92.64,985.77,88.3,13.4,0.9,0.43,0.54,0.66,1.17,1.79,3.53,7.16,0.101,2,0,0,1,2,3
2022-05-03,8.62,46.23,1011.33,99.61,372.7,21.6,4.17,8.96,11.26,16.91,29.74,55.82,68.81,0.604,0,1,1,1,0,1
2022-05-04,7.9,60.39,1015.38,114.04,2274.7,19.0,0.14,0.21,0.32,0.63,0.79,1.57,3.28,0.245,0,0,0,1,0,2
2022-05-04,16.75,92.1,972.43,25.4,1224.2,16.9,2.3,5.04,8.48,10.18,17.53,34.39,48.1,0.614,0,0,1,1,0,1
2022-05-04,34.3,10.7,1029.09,17.19,456.2,3.6,0.73,1.02,1.65,2.22,2.5,5.62,7.51,0.05,0,0,0,0,0,3
2022-05-06,45.27,33.2,978.69,108.12,253.3,44.4,2.74,3.29,7.18,10.13,14.69,32.67,43.79,0.05,4,0,1,2,2,3
2022-05-06,44.11,98.07,1017.01,61.06,1683.7,30.6,7.42,12.96,25.87,34.04,39.69,87.36,142.96,0.95,4,1,2,1,3,0
2022-05-06,14.86,39.01,940.58,5.05,1017.0,34.6,5.12,11.55,15.15,18.43,31.92,71.36,90.68,0.651,0,1,2,1,0,0
2022-05-07,26.52,57.27,1006.0,52.37,1756.5,27.5,8.9,21.18,34.36,62.84,90.26,196.06,270.18,0.95,0,3,3,1,0,0
2022-05-07,27.6,32.44,1001.16,2.43,2112.6,34.3,0.26,0.32,0.58,0.75,1.06,1.77,2.93,0.05,0,0,0,0,0,2
2022-05-07,9.26,73.16,982.72,49.76,2068.1,43.1,2.89,6.17,11.03,15.32,25.11,36.93,81.19,0.814,0,1,2,1,0,0
2022-05-07,22.12,96.92,995.01,143.78,754.6,33.1,3.29,7.15,10.24,15.08,26.86,37.53,46.16,0.571,0,1,1,2,0,1
2022-05-08,14.82,48.65,995.26,0.74,337.9,38.5,0.27,0.51,0.73,1.27,1.75,4.31,7.24,0.143,0,0,1,0,0,2
2022-05-08,17.7,58.78,953.42,91.99,2021.2,5.3,2.6,4.62,9.67,17.19,21.14,42.71,81.43,0.66,0,1,1,2,0,0
2022-05-09,25.21,30.74,986.5,92.29,1578.4,46.2,3.52,4.52,5.94,11.6,18.59,39.23,66.86,0.347,0,0,1,1,0,1
2022-05-09,47.62,37.89,1002.55,126.8,1549.7,21.7,0.14,0.24,0.46,0.6,0.88,1.56,2.54,0.05,6,0,0,1,3,3
2022-05-10,46.63,69.57,1027.76,146.35,331.4,4.6,13.8,23.89,38.91,68.09,104.98,238.58,315.8,0.95,3,3,3,2,3,1
2022-05-10,34.76,31.8,1010.47,57.58,451.1,49.4,0.8,1.45,1.8,2.4,3.22,6.35,8.65,0.05,0,0,1,0,0,3
2022-05-11,20.12,60.43,951.63,66.16,516.8,36.8,1.04,1.86,3.73,5.11,5.8,9.4,20.64,0.239,0,0,1,2,0,2
2022-05-11,29.81,59.87,950.02,118.57,418.9,41.3,0.41,0.65,0.82,1.58,2.56,5.8,8.6,0.059,0,0,1,2,0,2
2022-05-12,18.05,99.17,988.87,123.01,581.0,3.6,1.8,3.99,5.53,10.63,18.17,25.04,48.57,0.639,0,0,0,2,0,1
2022-05-12,25.58,43.48,1002.11,67.97,2148.4,48.7,0.74,1.19,1.98,3.9,6.25,14.58,25.11,0.129,0,0,1,1,0,2
2022-05-12,10.58,49.68,1021.21,138.69,371.9,46.7,1.21,1.66,3.56,4.82,5.44,12.41,20.28,0.278,0,0,1,1,0,2
2022-05-14,27.3,29.05,977.34,38.62,2417.8,1.5,4.39,8.53,10.56,19.01,23.91,58.22,70.17,0.34,0,0,0,1,0,1
2022-05-15,29.4,19.55,989.43,128.4,1948.0,48.4,0.59,0.78,1.21,1.41,1.83,3.41,4.82,0.05,0,0,1,2,0,2
2022-05-16,35.73,63.2,953.48,9.41,1774.7,32.4,3.44,8.28,12.48,18.35,26.83,39.18,60.65,0.363,7,0,1,1,2,2
2022-05-17,10.29,50.26,1029.03,149.73,2124.5,24.7,7.92,12.7,17.59,23.8,42.82,76.88,147.81,0.95,0,1,2,2,0,0
2022-05-17,42.45,92.24,997.04,88.22,397.7,20.5,0.48,0.62,0.88,1.25,1.86,4.2,7.1,0.084,2,0,0,1,2,3
2022-05-17,36.9,56.27,1010.27,110.35,1377.5,3.2,2.02,2.83,6.11,7.27,8.83,18.28,36.65,0.157,5,0,0,1,2,2
2022-05-18,41.26,36.13,976.64,87.8,790.9,45.8,4.03,7.66,14.55,24.6,43.75,77.75,141.45,0.711,3,1,2,2,2,1
2022-05-18,31.72,27.57,988.39,139.07,1407.5,24.7,0.26,0.48,0.92,1.49,2.57,3.27,6.73,0.05,0,0,0,2,0,2
2022-05-18,32.67,99.04,949.3,155.67,465.3,36.8,0.65,1.47,2.78,5.24,6.42,10.57,19.73,0.3,0,0,1,3,1,2
2022-05-19,45.73,86.24,940.82,38.34,203.8,7.3,5.1,8.88,11.53,14.47,20.57,49.54,63.5,0.397,9,1,0,2,3,2
2022-05-19,16.52,10.92,976.09,140.1,1877.4,2.1,8.34,17.34,35.11,56.99,95.29,211.43,344.9,0.95,0,3,3,3,0,0
2022-05-20,7.67,80.97,946.59,73.29,2478.0,33.5,4.94,10.31,20.48,24.63,38.89,63.61,129.09,0.95,0,1,2,2,0,0
2022-05-20,37.08,95.39,1029.11,98.73,854.8,7.5,0.61,0.76,1.62,2.95,3.25,7.16,11.38,0.182,5,0,0,1,2,3
2022-05-20,24.89,82.7,972.29,17.7,1205.8,30.2,1.21,1.51,2.34,3.23,5.56,11.4,18.74,0.29,0,0,1,1,0,2
2022-05-21,7.75,64.45,994.04,112.02,2205.7,28.2,1.56,2.5,3.85,7.45,8.74,15.94,31.88,0.457,0,0,1,1,0,1
2022-05-21,25.64,44.76,1006.48,120.27,426.1,22.5,0.37,0.65,1.08,1.61,1.81,3.93,5.08,0.05,0,0,0,1,0,2
2022-05-21,38.06,89.03,969.44,119.92,799.4,46.4,3.37,5.12,8.47,11.18,18.01,23.92,37.7,0.316,4,0,1,2,2,2
2022-05-21,12.58,92.67,977.58,140.81,1931.4,5.3,4.6,6.38,14.01,18.64,27.67,49.48,84.74,0.902,0,1,1,2,0,0
2022-05-22,41.01,44.35,949.27,151.85,2128.1,35.2,2.93,5.05,6.9,12.71,19.14,33.36,65.63,0.249,1,0,1,3,1,2
2022-05-22,44.91,10.08,1003.06,49.72,1611.9,34.0,2.55,5.16,6.25,12.37,16.85,38.32,59.94,0.05,7,0,1,1,2,3
2022-05-22,34.13,59.85,1008.53,28.82,979.9,37.5,4.76,10.23,21.71,37.21,47.79,105.11,127.68,0.809,0,1,2,0,0,0
2022-05-22,21.0,31.77,1007.22,156.2,2402.2,30.1,2.62,5.36,9.82,12.87,20.88,26.51,40.81,0.221,0,0,1,2,0,1
2022-05-22,46.5,49.4,1006.94,2.63,2022.0,19.7,10.35,19.78,25.83,32.25,49.82,61.7,81.16,0.323,4,1,1,0,3,2
2022-05-23,45.44,50.62,970.37,19.92,2111.4,8.7,0.53,0.86,1.89,2.96,3.48,4.43,7.88,0.05,6,0,0,1,3,3
2022-05-23,34.04,24.55,960.2,154.24,2246.1,36.9,7.41,15.22,27.77,32.28,57.03,83.53,182.58,0.95,0,2,2,3,0,0
2022-05-23,25.39,54.4,940.32,108.34,1046.6,44.8,0.84,1.22,1.67,2.47,3.9,5.28,9.53,0.082,0,0,1,2,0,2
2022-05-24,13.71,99.29,973.93,69.12,328.3,9.3,1.55,3.13,5.96,9.14,14.02,23.05,40.04,0.626,0,1,0,1,0,1
2022-05-25,11.79,45.0,966.14,49.34,1244.8,26.3,0.56,1.36,2.9,3.89,5.9,13.24,20.08,0.241,0,0,1,1,0,2
2022-05-25,6.71,43.98,941.69,23.21,2141.9,18.6,2.02,4.71,8.48,14.42,24.67,61.37,94.11,0.78,0,1,1,1,0,0
2022-05-26,46.19,83.9,1026.31,145.4,508.8,0.1,3.98,9.73,18.5,27.77,34.0,69.2,113.6,0.715,9,1,1,2,3,1
2022-05-27,41.28,80.72,1024.07,104.21,796.3,47.5,1.77,4.33,9.03,16.06,22.46,53.77,85.27,0.559,4,1,2,1,2,1
2022-05-27,30.6,98.38,991.91,159.51,139.3,41.4,7.83,9.69,16.05,31.3,55.81,126.01,159.12,0.95,0,2,3,2,0,0
2022-05-27,40.25,62.1,996.84,72.39,2102.6,29.7,2.94,6.72,11.27,16.54,27.15,49.62,98.44,0.564,4,1,1,1,2,1
2022-05-27,35.7,70.37,948.07,82.46,265.7,6.9,0.06,0.1,0.19,0.33,0.42,0.91,1.52,0.05,2,0,0,2,1,3
2022-05-28,33.42,30.47,985.23,93.47,57.3,22.0,6.53,12.4,25.85,32.62,38.15,80.86,164.5,0.915,0,2,2,2,0,0
2022-05-28,38.76,66.38,1022.87,89.16,445.9,14.4,0.79,1.8,2.41,3.32,4.87,5.96,12.28,0.05,8,0,0,1,2,3
2022-05-29,18.54,54.83,979.57,24.79,2103.3,36.6,0.82,1.05,1.43,2.24,2.72,4.98,6.13,0.13,0,0,1,1,0,2
2022-05-30,42.32,69.92,969.57,107.17,1552.0,12.5,2.46,4.06,6.28,7.18,12.12,18.71,30.64,0.131,7,0,0,2,3,3
2022-05-30,36.4,89.98,996.51,42.17,221.1,14.0,4.31,5.3,8.5,15.44,23.42,41.51,77.25,0.601,6,1,1,1,2,1
2022-05-30,35.26,88.41,1003.13,38.37,1929.7,41.9,1.31,2.72,5.89,11.35,16.08,39.61,47.81,0.408,3,0,1,0,1,2
2022-05-31,34.22,25.31,945.87,21.89,1642.0,39.4,7.35,10.99,17.18,33.82,51.48,81.97,170.98,0.924,0,2,2,1,0,0
2022-05-31,37.24,62.43,979.52,105.53,497.3,31.7,3.04,3.7,5.15,6.82,10.95,17.14,37.6,0.19,6,0,1,2,2,2
2022-06-01,5.85,38.95,989.77,100.77,324.0,27.3,1.74,3.08,6.53,12.1,17.12,22.18,31.95,0.349,0,0,1,1,0,1
2022-06-01,39.31,52.69,940.88,28.6,1540.9,7.8,0.74,1.8,2.84,5.4,6.17,13.51,16.44,0.05,1,0,0,1,1,3
2022-06-01,12.2,33.06,982.94,5.17,1972.1,9.9,0.92,2.15,3.39,6.54,9.33,18.41,30.52,0.247,0,0,0,0,0,1
2022-06-01,10.84,30.25,980.34,52.18,2253.7,41.1,3.09,4.12,6.3,8.77,12.32,19.99,28.75,0.235,0,0,1,1,0,1
2022-06-02,45.45,60.88,971.45,159.1,1687.1,17.4,5.49,8.62,18.06,19.94,26.47,50.86,111.05,0.59,7,1,1,3,3,1
2022-06-02,41.28,87.21,1026.06,9.21,1311.1,32.1,7.69,9.77,14.09,24.91,39.75,69.07,86.13,0.598,6,1,2,0,3,1
2022-06-03,13.18,94.81,1011.24,109.63,1863.4,31.2,0.09,0.11,0.21,0.33,0.59,0.76,1.01,0.349,0,0,1,1,0,2
2022-06-03,38.54,20.24,972.62,127.6,1420.1,27.5,1.38,3.38,6.55,9.57,11.04,22.79,37.41,0.05,1,0,0,2,1,2
2022-06-04,32.77,28.75,991.0,110.44,2247.7,20.9,5.83,12.75,25.44,42.29,66.85,104.79,189.48,0.95,0,2,2,2,0,0
2022-06-06,18.1,62.01,990.27,68.52,2038.4,48.3,0.11,0.26,0.34,0.48,0.62,1.0,1.71,0.14,0,0,1,1,0,2
2022-06-06,39.62,44.84,945.8,46.24,637.1,18.3,0.6,0.93,1.79,2.02,3.56,6.15,13.15,0.05,9,0,0,1,2,3
2022-06-06,22.34,39.89,942.16,82.32,1435.4,15.9,4.74,8.13,11.41,17.85,29.87,57.6,95.95,0.616,0,1,1,2,0,0
2022-06-06,27.28,91.53,1020.61,139.04,747.7,27.4,4.59,8.5,10.64,15.98,27.34,63.72,106.11,0.892,0,1,2,1,0,0
2022-06-07,16.42,55.29,982.45,71.76,796.5,40.1,7.61,10.72,21.24,35.27,40.28,75.55,110.53,0.849,0,1,2,1,0,0
2022-06-07,13.58,14.48,1017.07,81.58,1951.3,11.1,0.37,0.72,1.27,1.76,2.51,5.85,11.61,0.05,0,0,0,1,0,2
2022-06-08,37.29,49.65,988.2,132.32,366.3,31.6,2.14,3.41,5.98,11.33,15.68,28.6,35.34,0.111,9,0,1,2,2,2
2022-06-08,29.59,63.85,1009.23,26.19,144.1,37.9,1.18,2.91,5.24,5.78,8.72,19.89,27.17,0.204,0,0,1,0,0,2
2022-06-08,7.2,51.81,953.72,97.45,574.7,29.9,7.43,14.42,23.47,46.02,67.94,101.08,212.85,0.95,0,2,2,2,0,0
2022-06-09,45.35,23.43,979.0,37.49,681.6,19.6,1.11,1.34,2.54,4.68,6.46,11.29,19.13,0.05,7,0,0,1,3,3
2022-06-09,32.8,57.29,1023.94,17.5,351.9,4.0,2.16,3.85,6.87,9.95,11.31,24.59,40.18,0.226,0,0,0,0,0,2
2022-06-09,31.05,28.84,942.61,68.23,2220.0,49.2,4.62,9.54,18.61,27.8,49.8,106.46,172.44,0.95,0,2,3,2,0,0
2022-06-11,17.05,74.09,956.82,132.32,2088.8,45.3,0.31,0.53,1.01,1.91,2.96,5.65,6.93,0.246,0,0,1,2,0,2
2022-06-11,35.14,60.59,1025.94,1.56,240.6,44.5,4.15,6.67,13.97,20.07,26.8,54.59,104.9,0.651,3,1,2,0,1,1
2022-06-11,43.51,31.61,1011.28,70.1,1868.2,42.2,1.31,2.27,4.0,7.05,7.79,17.26,35.92,0.05,2,0,1,1,2,3
2022-06-11,19.51,40.32,1011.04,44.0,1645.4,37.9,1.93,3.53,7.17,14.07,21.7,40.78,82.97,0.56,0,1,1,0,0,0
2022-06-11,19.84,55.77,961.48,133.31,1659.3,35.6,2.17,5.03,9.65,12.38,14.38,29.38,58.52,0.471,0,0,1,2,0,1
2022-06-11,31.04,32.37,957.7,20.35,200.9,12.8,0.5,1.11,1.83,2.81,3.1,6.52,13.19,0.05,0,0,0,1,0,2
2022-06-13,38.95,51.87,979.1,13.63,2012.1,10.9,3.23,6.36,8.91,12.2,17.68,35.22,47.04,0.183,3,0,0,1,1,2
2022-06-13,30.99,89.9,963.44,124.7,1594.6,16.8,0.33,0.62,1.01,1.35,1.87,4.47,9.72,0.204,0,0,0,2,0,2
2022-06-13,33.35,95.03,963.61,88.43,40.9,27.2,0.92,2.0,3.18,4.59,6.81,15.3,21.23,0.283,0,1,1,2,1,2
2022-06-14,6.65,51.62,1009.85,69.34,1198.4,3.2,0.6,1.0,1.77,2.06,3.37,7.26,15.19,0.293,0,0,0,1,0,2
2022-06-15,32.24,72.83,996.88,4.58,1396.8,35.3,3.21,5.59,9.61,15.78,27.7,64.62,123.73,0.867,0,1,2,0,0,0
2022-06-15,21.88,94.94,960.97,72.65,1283.2,36.5,0.22,0.42,0.84,0.98,1.7,3.97,7.18,0.304,0,0,1,1,0,2
2022-06-16,9.72,90.26,956.56,103.81,925.6,16.5,1.74,4.26,8.95,14.98,18.97,29.92,55.82,0.726,0,1,1,2,0,1
2022-06-16,41.19,93.74,994.56,52.13,283.0,29.7,1.4,2.16,3.84,6.7,12.02,21.01,45.68,0.361,1,0,1,1,2,2
2022-06-17,38.3,13.81,990.49,147.31,74.1,45.3,6.49,8.6,18.83,25.68,35.05,63.18,122.52,0.503,4,2,2,2,1,1
2022-06-17,38.57,31.34,1010.68,74.6,399.6,0.9,2.22,3.43,4.37,6.31,11.01,24.11,40.58,0.05,1,0,0,1,1,2
2022-06-17,36.19,54.59,1020.89,62.44,910.8,47.1,3.65,5.91,7.89,15.71,26.61,45.97,96.31,0.553,7,1,2,0,2,1
2022-06-17,33.3,11.06,1029.66,7.68,670.9,17.1,0.37,0.63,0.86,1.36,2.29,3.6,5.08,0.05,0,0,0,0,0,3
2022-06-18,18.99,23.81,984.2,98.17,1515.9,4.9,6.9,12.56,18.57,31.41,50.47,93.33,190.89,0.95,0,2,1,2,0,0
2022-06-18,38.68,64.44,961.43,73.71,2126.1,32.8,2.0,4.52,8.82,10.93,17.7,22.41,32.83,0.154,8,0,1,2,2,2
2022-06-18,33.28,81.86,946.77,58.89,1937.5,37.1,5.13,6.52,13.84,24.8,34.19,80.16,164.93,0.95,0,1,2,2,1,0
2022-06-18,5.42,73.27,970.83,59.76,1236.5,40.6,5.64,13.88,22.28,32.81,49.13,73.19,117.63,0.95,0,1,2,1,0,0
2022-06-18,43.21,79.16,943.82,35.96,389.5,18.9,1.89,4.45,8.25,13.85,23.48,34.25,70.17,0.431,8,1,1,1,3,2
2022-06-18,36.43,36.21,945.26,147.48,24.5,38.1,1.3,1.73,2.13,3.7,5.81,8.99,11.51,0.05,5,0,1,3,1,3
2022-06-19,45.67,61.47,998.36,72.78,1561.9,48.5,0.31,0.61,0.77,1.27,1.65,3.29,6.49,0.05,8,0,1,1,3,3
2022-06-20,5.5,83.14,1025.69,157.35,1077.0,47.2,0.3,0.7,1.23,2.0,3.18,3.99,7.77,0.413,0,0,1,2,0,2
2022-06-20,5.73,69.99,961.24,37.46,129.0,14.6,2.53,3.68,7.68,8.72,13.95,32.64,43.42,0.582,0,1,1,1,0,1
2022-06-21,30.23,38.86,965.66,153.04,432.7,19.9,4.14,5.7,9.43,10.88,13.37,31.2,63.43,0.315,0,0,1,3,0,1
2022-06-21,32.96,85.67,1011.69,88.51,839.0,17.0,2.72,6.73,9.54,18.36,31.07,62.55,117.41,0.882,0,1,1,1,1,0
2022-06-23,33.73,54.26,973.75,48.1,328.5,34.0,1.57,3.69,4.49,7.63,10.03,15.37,33.75,0.159,0,0,1,1,0,2
2022-06-23,47.78,33.55,1004.13,73.54,1582.8,28.8,0.16,0.29,0.48,0.87,1.28,2.29,2.88,0.05,5,0,0,1,3,3
2022-06-23,12.18,15.9,1028.93,115.85,1283.5,24.7,1.26,2.27,3.98,4.47,7.32,10.1,22.17,0.105,0,0,0,1,0,2
2022-06-23,41.59,40.3,941.69,78.9,1949.6,22.3,2.07,3.01,4.87,5.92,8.43,14.62,21.64,0.05,1,0,0,2,1,3
2022-06-23,22.44,93.45,1011.69,118.0,740.4,44.0,4.41,7.87,12.97,21.97,26.62,65.06,140.25,0.95,0,1,2,1,0,0
2022-06-24,8.93,51.49,940.76,11.78,1673.5,49.7,0.29,0.67,0.86,1.49,2.08,4.89,9.75,0.233,0,0,1,1,0,2
2022-06-25,40.58,10.52,974.6,144.46,2094.2,49.7,6.16,9.95,12.28,24.36,30.81,44.29,80.09,0.181,2,0,2,2,1,2
2022-06-25,8.31,80.93,1008.87,23.84,1876.1,43.1,2.59,3.65,7.85,15.37,26.04,46.73,73.93,0.814,0,1,2,0,0,0
2022-06-25,34.39,79.49,1021.54,87.18,1685.8,31.6,6.52,9.79,12.01,15.26,18.1,32.51,52.72,0.405,0,0,1,1,1,2
2022-06-26,21.05,55.28,1004.14,3.69,1785.9,28.8,7.44,15.88,28.65,45.43,72.3,118.3,239.16,0.95,0,2,2,0,0,0
2022-06-26,39.04,98.95,1028.01,91.4,2341.7,44.4,11.78,27.88,41.4,79.02,100.17,135.86,181.31,0.95,7,3,3,1,3,0
2022-06-26,24.71,44.12,964.05,22.18,952.8,28.5,0.82,1.52,2.27,4.24,6.76,15.25,31.4,0.183,0,0,1,1,0,2
2022-06-26,27.64,13.54,957.79,0.9,317.4,32.0,4.13,9.45,17.21,27.44,41.18,80.36,159.53,0.855,0,2,2,1,0,0
2022-06-28,41.33,51.45,1012.2,2.3,2357.4,14.0,3.78,6.53,9.9,18.35,26.01,59.16,80.7,0.382,8,0,1,0,3,2
2022-06-29,36.99,61.94,945.69,106.11,2333.6,31.5,7.92,10.24,21.1,37.29,49.73,113.81,218.73,0.95,8,2,2,3,2,0
2022-06-30,37.88,36.17,1013.33,150.49,1201.4,23.8,0.72,1.66,2.6,3.85,6.81,16.32,21.62,0.05,6,0,0,2,2,3
2022-06-30,28.95,74.86,946.6,153.98,417.8,20.9,5.82,8.66,14.06,20.05,29.04,50.96,86.33,0.66,0,1,1,3,0,1
2022-06-30,29.13,60.74,1016.42,56.45,1128.8,33.4,0.23,0.5,0.79,1.51,2.12,2.92,5.61,0.05,0,0,0,0,0,2
2022-06-30,8.34,12.33,988.79,18.53,2422.9,22.1,1.23,1.48,2.28,2.96,4.48,10.98,14.19,0.073,0,0,0,0,0,2
2022-06-30,31.8,15.23,1018.33,101.42,1398.1,20.4,6.38,13.92,28.95,45.26,62.39,151.48,312.33,0.95,0,3,2,1,0,0
2022-07-01,34.25,90.12,971.56,43.05,2372.1,13.6,2.61,6.29,10.25,15.22,23.79,51.01,63.16,0.529,0,1,1,1,1,1
2022-07-01,6.23,53.58,991.64,38.26,40.3,40.9,0.47,1.12,1.58,2.91,5.08,7.24,10.42,0.275,0,1,1,1,0,2
2022-07-02,39.44,44.86,1006.94,82.37,2191.5,40.8,1.16,1.98,3.37,5.01,8.42,14.48,26.44,0.05,2,0,1,1,1,3
2022-07-02,6.72,94.66,985.15,159.56,763.2,36.8,2.45,3.61,7.9,12.26,16.84,24.76,48.5,0.729,0,1,1,2,0,1
2022-07-02,42.54,99.33,952.65,106.22,1912.1,43.8,1.17,2.35,3.43,5.11,7.48,12.94,16.68,0.182,6,0,1,2,3,3
2022-07-03,44.96,34.7,977.04,50.28,1751.2,48.6,3.14,6.45,12.15,14.44,19.93,33.44,61.0,0.131,4,0,1,1,2,3
2022-07-03,24.37,77.56,1029.85,104.4,1760.2,32.3,2.43,5.52,10.69,19.73,28.49,66.67,108.99,0.871,0,1,2,1,0,0
2022-07-03,12.49,33.13,966.25,97.34,1481.8,15.9,0.33,0.5,0.66,1.19,1.84,3.72,4.58,0.071,0,0,0,2,0,2
2022-07-04,12.21,72.16,999.3,80.0,1611.9,0.6,0.22,0.28,0.41,0.52,0.9,1.7,2.6,0.256,0,0,0,1,0,2
2022-07-04,34.35,98.47,1018.83,139.33,1901.3,45.8,6.94,15.31,29.76,38.45,52.57,120.39,199.98,0.95,0,2,3,2,1,0
2022-07-04,22.56,35.03,990.84,71.24,1023.1,1.9,3.86,4.92,8.28,9.98,13.74,18.59,40.82,0.222,0,0,0,1,0,1
2022-07-05,14.44,72.44,1006.2,113.03,1184.5,40.4,11.01,24.08,36.22,70.06,83.1,200.95,301.39,0.95,0,3,3,2,0,0
2022-07-05,33.68,73.25,965.69,117.24,1897.4,28.5,2.9,3.6,7.58,11.19,13.68,31.05,42.1,0.31,0,0,1,2,0,2
2022-07-06,5.3,23.61,1000.32,74.78,1349.4,41.1,3.44,7.06,15.13,19.15,29.11,60.84,121.65,0.876,0,1,2,1,0,0
2022-07-07,37.69,25.85,982.5,76.33,1635.4,38.0,0.41,0.59,1.1,2.19,2.9,4.43,8.85,0.05,7,0,1,1,2,3
2022-07-07,29.28,55.89,970.25,119.23,916.3,7.3,0.79,1.05,2.13,4.04,4.55,7.47,11.03,0.06,0,0,0,2,0,2
2022-07-07,41.47,82.0,942.57,58.11,428.3,43.1,0.43,0.54,1.12,1.26,1.86,2.64,5.22,0.05,5,0,1,2,2,3
2022-07-08,12.02,64.14,978.88,141.43,154.7,42.6,2.42,4.69,6.44,10.37,14.8,29.49,35.46,0.437,0,1,1,2,0,1
2022-07-08,11.91,29.74,942.9,108.26,681.7,16.2,9.7,21.75,40.27,72.27,87.6,169.55,279.38,0.95,0,3,3,3,0,0
2022-07-08,5.55,47.53,979.57,62.75,330.9,24.5,1.16,1.55,2.59,4.57,5.41,7.39,15.48,0.285,0,0,0,1,0,2
2022-07-08,15.58,39.88,1015.23,97.79,1250.0,7.0,0.3,0.46,0.72,1.35,2.32,2.87,4.28,0.072,0,0,0,1,0,2
2022-07-10,42.6,72.44,975.54,96.49,2029.9,1.5,1.87,2.91,3.8,4.96,5.62,10.27,16.08,0.05,2,0,0,2,2,3
2022-07-10,28.6,35.8,946.08,102.58,461.7,31.4,1.66,3.67,7.79,9.36,10.67,22.8,31.47,0.103,0,0,1,2,0,2
2022-07-11,34.47,53.65,947.54,83.87,733.8,31.8,8.81,12.35,26.26,31.35,52.97,94.71,152.79,0.942,0,2,2,2,0,0
2022-07-11,9.55,72.37,990.73,83.37,1097.1,15.6,7.9,12.12,15.19,28.78,36.22,47.72,67.22,0.714,0,1,1,1,0,0
2022-07-12,18.52,43.65,982.23,110.09,2181.8,37.4,0.36,0.46,0.72,0.86,0.98,1.86,3.19,0.054,0,0,1,2,0,2
2022-07-12,23.04,52.0,1022.09,16.68,1676.0,7.8,3.2,6.78,9.74,11.73,16.23,36.23,55.41,0.399,0,0,0,0,0,1
2022-07-13,21.63,65.1,1003.37,121.64,1696.6,33.8,3.11,5.42,11.43,21.95,27.3,38.81,78.44,0.632,0,1,1,2,0,0
2022-07-13,28.74,36.27,1016.46,111.08,1734.0,27.6,3.87,5.45,10.04,18.6,25.42,52.04,104.34,0.59,0,1,1,1,0,0
2022-07-13,9.96,67.02,986.53,0.96,1724.5,12.8,3.72,8.7,19.05,34.0,50.36,77.19,139.37,0.95,0,2,2,0,0,0
2022-07-13,26.71,94.83,1009.21,87.59,72.0,26.3,1.1,2.52,5.16,9.76,16.44,33.49,66.15,0.648,0,1,1,1,0,1
2022-07-14,11.11,24.27,1015.89,40.37,844.1,43.5,0.56,1.39,2.24,3.38,5.93,7.9,16.85,0.123,0,0,1,0,0,2
2022-07-15,27.93,81.93,964.12,15.26,1450.1,42.5,1.17,1.64,2.41,2.95,4.11,5.09,10.7,0.202,0,0,1,1,0,2
2022-07-16,35.67,47.08,984.11,146.41,1031.5,35.0,0.28,0.45,0.57,0.66,0.86,1.56,3.15,0.05,4,0,0,2,1,3
2022-07-16,33.67,59.42,1020.8,34.74,600.8,32.2,1.87,2.86,5.63,10.38,13.99,32.18,41.79,0.239,0,0,1,0,0,2
2022-07-16,17.53,49.4,1015.1,140.88,2080.4,2.8,1.7,2.15,3.77,7.11,10.15,19.43,32.86,0.291,0,0,0,1,0,1
2022-07-17,29.49,22.66,996.66,98.53,227.6,6.0,3.1,7.58,13.07,21.5,27.43,60.67,74.01,0.312,0,1,0,1,0,1
2022-07-17,40.62,33.27,997.1,61.02,2081.6,41.3,1.17,1.76,3.44,5.6,7.61,16.13,29.18,0.05,7,0,1,1,2,3
2022-07-17,27.04,18.53,963.21,29.55,1857.3,36.0,0.09,0.16,0.28,0.49,0.67,1.29,1.8,0.05,0,0,1,1,0,2
2022-07-17,21.74,58.45,1002.79,52.78,2465.8,46.0,3.62,4.39,9.15,16.91,19.96,27.92,42.14,0.356,0,0,1,1,0,1
2022-07-18,17.27,32.02,964.23,36.36,1427.8,28.4,0.64,1.31,2.21,3.4,5.6,12.78,23.27,0.142,0,0,0,1,0,2
2022-07-19,24.35,36.41,968.77,62.73,2064.4,47.6,1.09,2.61,4.34,4.91,6.11,10.36,15.25,0.05,0,0,1,1,0,2
2022-07-20,19.28,34.52,1001.6,133.24,1157.4,17.2,1.47,2.91,3.67,4.05,5.44,11.83,14.94,0.079,0,0,0,2,0,2
2022-07-20,16.66,56.54,942.52,11.62,1674.9,19.3,2.73,4.3,5.82,7.76,13.79,22.39,33.53,0.34,0,0,1,1,0,1
2022-07-20,19.65,99.16,1014.47,18.36,678.7,31.0,4.08,9.62,16.55,21.06,26.11,49.77,83.63,0.857,0,1,2,0,0,0
2022-07-20,16.91,65.28,995.27,13.98,835.2,0.7,0.17,0.23,0.47,0.78,0.93,1.23,2.5,0.174,0,0,0,0,0,2
2022-07-21,9.41,87.75,1029.84,43.48,388.8,36.7,0.45,0.76,0.94,1.1,1.61,3.49,6.55,0.388,0,0,1,0,0,2
2022-07-21,16.44,68.0,980.61,127.29,1168.5,23.2,1.33,2.63,5.27,6.92,11.67,18.28,30.21,0.377,0,0,1,2,0,1
2022-07-21,23.64,33.86,1029.06,80.6,271.0,8.0,1.79,2.9,4.0,4.65,7.98,19.6,30.15,0.134,0,0,0,1,0,2
2022-07-21,7.64,43.01,953.62,19.43,228.3,44.8,1.13,2.44,3.92,4.4,5.34,8.83,12.45,0.222,0,0,1,1,0,2
2022-07-22,29.47,27.83,963.31,127.59,1058.7,43.3,0.57,0.94,1.47,2.1,3.51,8.61,11.92,0.05,0,0,1,2,0,2
2022-07-22,32.9,20.46,983.31,39.76,1889.4,7.9,4.59,6.38,8.49,12.21,20.26,38.43,57.13,0.154,0,0,0,1,0,2
2022-07-23,23.03,64.87,995.06,29.86,1107.8,8.0,1.4,1.69,2.5,3.16,3.57,6.44,8.52,0.151,0,0,0,0,0,2
2022-07-23,14.1,34.41,950.7,53.05,1458.0,30.4,0.55,1.01,1.8,2.85,3.55,5.17,10.5,0.101,0,0,0,1,0,2
2022-07-24,27.02,14.91,943.53,28.6,966.1,24.8,12.31,18.67,23.78,30.31,49.49,67.6,119.55,0.601,0,1,1,2,0,0
2022-07-24,22.96,80.07,1027.65,71.67,673.4,29.2,3.88,5.15,8.65,12.63,19.65,35.7,60.92,0.577,0,0,1,1,0,1
2022-07-24,8.13,59.74,983.5,59.14,1167.4,10.9,2.66,4.66,9.83,14.78,22.71,30.03,58.15,0.605,0,1,1,1,0,1
2022-07-25,34.43,10.42,995.97,146.13,2380.7,12.0,6.25,12.18,21.01,41.38,55.39,128.29,198.4,0.95,0,2,2,2,0,0
2022-07-25,31.94,38.74,975.48,97.07,354.0,35.7,2.6,3.92,5.04,8.21,13.92,28.64,35.99,0.114,0,0,1,2,0,2
2022-07-25,11.34,75.6,978.47,26.09,2258.5,17.7,5.64,10.04,14.53,23.04,38.62,64.2,84.87,0.83,0,1,1,1,0,0
2022-07-25,31.37,74.57,953.24,85.64,1386.0,45.3,7.74,11.05,16.79,28.95,41.39,81.89,99.39,0.722,0,1,2,2,0,0
2022-07-25,9.5,20.9,1021.04,103.11,421.4,9.6,1.57,3.4,4.12,5.74,7.69,17.0,29.36,0.205,0,0,0,1,0,2
2022-07-26,15.61,77.16,985.56,87.57,1950.6,27.8,2.74,6.71,8.34,10.47,18.53,24.6,45.08,0.53,0,0,1,1,0,1
2022-07-26,28.05,17.21,941.49,59.63,2231.8,38.6,0.64,0.89,1.38,2.63,4.17,6.93,12.94,0.05,0,0,1,2,0,2
2022-07-26,7.14,50.28,988.56,49.32,305.3,2.2,0.61,1.11,1.63,2.44,4.16,7.91,16.41,0.289,0,0,0,1,0,2
2022-07-26,18.24,28.96,970.15,70.94,543.8,0.5,1.81,4.24,6.41,10.53,12.92,16.0,21.15,0.103,0,0,0,1,0,2
2022-07-26,12.47,84.14,1018.56,8.94,998.4,34.9,0.03,0.04,0.06,0.07,0.12,0.19,0.4,0.299,0,0,1,0,0,2
2022-07-26,43.7,37.83,1009.24,85.76,1130.7,43.6,1.06,1.42,1.78,1.97,2.63,5.3,9.48,0.05,5,0,1,1,2,3
2022-07-27,33.72,10.02,1005.63,29.72,185.0,43.1,1.56,3.88,6.23,9.9,14.55,32.8,46.42,0.05,0,0,1,0,0,2
2022-07-27,46.51,33.51,982.48,10.08,1091.2,46.9,1.37,2.21,3.49,4.89,7.91,13.74,25.69,0.05,6,0,1,0,3,3
2022-07-28,31.89,95.46,980.15,72.07,708.7,47.2,0.01,0.02,0.03,0.05,0.06,0.15,0.24,0.16,0,0,1,1,0,2
2022-07-28,29.33,50.55,1011.01,54.74,108.4,42.1,2.02,4.76,8.6,15.66,24.55,37.48,82.23,0.508,0,1,2,0,0,1
2022-07-28,38.53,45.22,1019.87,72.86,2407.4,18.0,2.89,3.82,4.84,8.08,9.93,14.5,27.35,0.05,3,0,0,1,1,3
2022-07-28,19.79,25.81,960.38,113.24,1087.0,10.9,0.46,0.7,0.84,1.06,1.21,2.61,5.19,0.05,0,0,0,2,0,2
2022-07-28,41.32,98.59,958.08,98.93,2276.4,42.0,0.34,0.45,0.94,1.77,2.59,3.81,8.19,0.134,6,0,1,2,3,3
2022-07-29,46.18,16.39,997.55,31.12,1954.6,6.9,0.21,0.33,0.54,0.94,1.21,1.64,3.02,0.05,2,0,0,0,2,3
2022-07-29,46.12,77.35,958.11,94.13,1434.7,46.3,0.66,1.2,1.54,2.37,3.11,7.25,10.91,0.05,9,0,1,2,3,3
2022-07-30,40.29,42.8,945.84,159.78,1689.9,17.8,0.68,1.52,1.98,3.82,5.94,8.44,15.38,0.05,4,0,0,3,2,3
2022-07-30,26.57,68.75,975.17,107.45,1874.8,49.0,6.19,8.49,14.52,26.25,32.91,53.53,67.08,0.525,0,1,2,2,0,1
2022-07-31,10.66,95.06,984.4,4.26,932.0,39.4,5.64,6.95,8.67,15.65,22.14,51.25,107.31,0.95,0,1,2,0,0,0
2022-08-02,9.65,24.37,1029.57,105.26,648.7,45.7,2.22,3.94,7.08,10.67,14.09,30.09,37.56,0.276,0,0,1,1,0,1
2022-08-02,26.74,97.11,1001.49,12.21,1509.6,6.2,0.55,1.3,2.7,3.34,5.82,12.38,23.05,0.372,0,0,0,0,0,1
2022-08-03,22.88,11.82,962.12,104.53,1516.2,43.0,1.45,3.44,5.21,6.23,8.54,12.68,16.06,0.05,0,0,1,2,0,2
2022-08-03,9.64,88.7,999.35,2.59,600.8,32.9,3.93,8.74,18.47,33.76,38.22,83.53,138.84,0.95,0,1,2,0,0,0
2022-08-03,26.76,21.19,1017.56,60.92,892.4,46.8,2.35,5.79,10.71,19.49,30.74,56.64,73.35,0.327,0,0,2,0,0,1
2022-08-03,6.43,16.21,1018.77,145.92,1849.0,32.2,3.92,9.21,19.22,26.56,39.02,54.18,77.88,0.536,0,1,1,2,0,1
2022-08-03,11.66,75.04,946.92,9.78,1092.4,6.6,0.94,1.71,2.18,3.08,4.76,7.05,9.03,0.319,0,0,0,1,0,2
2022-08-03,41.42,90.46,945.69,25.79,1824.7,36.4,10.49,13.47,26.39,49.94,74.67,127.92,216.33,0.95,7,2,3,1,3,0
2022-08-04,5.94,51.07,1026.88,95.85,1280.6,49.9,0.09,0.15,0.27,0.42,0.49,1.15,1.48,0.206,0,0,1,1,0,2
2022-08-04,21.35,60.11,950.89,57.22,1444.3,48.5,0.86,1.87,2.88,4.17,7.4,8.92,16.07,0.194,0,0,1,1,0,2
2022-08-05,39.33,48.11,943.21,131.47,185.0,11.3,1.9,2.87,3.89,7.56,10.93,24.8,51.95,0.194,4,1,0,3,2,2
2022-08-05,34.72,12.31,992.86,99.35,1411.4,45.0,1.37,2.78,5.87,7.8,13.68,22.85,29.93,0.05,0,0,1,1,0,2
2022-08-05,11.5,32.02,1028.37,158.71,2363.9,20.2,1.81,2.82,3.59,4.28,6.02,7.29,12.41,0.128,0,0,0,2,0,2
2022-08-06,25.42,14.42,989.15,87.4,873.9,33.4,1.29,2.63,4.78,5.6,8.17,16.97,27.44,0.05,0,0,1,1,0,2
2022-08-06,19.75,14.99,1027.54,98.0,2279.7,47.4,2.04,4.72,8.2,9.49,12.34,21.19,29.27,0.073,0,0,1,1,0,2
2022-08-06,43.44,69.7,988.78,112.3,1851.3,8.8,1.25,2.1,3.4,4.13,5.47,11.27,18.65,0.05,6,0,0,2,3,3
2022-08-06,41.58,98.18,942.34,32.29,765.6,3.3,6.88,10.99,20.68,32.79,37.06,64.8,139.21,0.95,7,1,1,2,3,0
2022-08-07,44.67,57.41,979.15,156.48,2159.5,37.7,0.1,0.19,0.36,0.52,0.8,1.86,2.38,0.05,2,0,1,2,2,3
2022-08-07,5.0,80.25,946.92,87.63,616.2,24.0,3.14,4.82,9.19,11.04,18.56,40.69,59.12,0.745,0,1,1,2,0,1
2022-08-08,29.05,79.81,1009.31,134.34,2241.1,42.8,13.33,22.29,48.24,93.38,104.61,138.54,249.18,0.95,0,3,3,2,0,0
2022-08-08,27.27,36.05,944.73,40.86,2343.2,6.2,0.53,0.81,1.25,2.38,3.7,8.85,17.56,0.05,0,0,0,1,0,2
2022-08-09,13.37,28.78,1014.51,110.7,375.9,22.9,1.13,1.4,2.13,2.76,4.86,8.26,14.21,0.105,0,0,0,1,0,2
2022-08-09,19.95,64.29,950.83,16.03,1275.8,42.7,4.01,9.89,14.3,28.5,45.43,88.36,176.64,0.95,0,2,2,1,0,0
2022-08-10,8.97,28.4,1005.07,145.54,97.8,16.3,0.72,1.46,2.28,3.22,4.15,7.27,12.45,0.135,0,0,0,2,0,2
2022-08-10,7.96,12.24,942.07,40.31,69.4,31.7,5.17,9.89,16.38,30.35,43.08,91.44,152.15,0.95,0,2,2,2,0,0
2022-08-10,11.61,61.81,954.0,118.89,442.8,49.0,1.97,2.41,4.54,6.5,10.78,24.77,29.84,0.392,0,0,1,2,0,1
2022-08-10,47.68,15.07,995.16,64.88,74.1,35.3,0.75,1.57,2.05,2.67,3.22,5.56,6.82,0.05,5,0,1,1,3,3
2022-08-11,29.87,99.12,976.98,75.76,1123.6,40.8,1.05,1.61,3.48,6.41,9.38,19.88,24.48,0.36,0,0,1,1,0,2
2022-08-11,33.24,41.49,1002.89,140.0,61.0,3.9,1.57,2.14,3.37,6.39,7.49,13.02,21.22,0.05,0,0,0,2,0,2
2022-08-11,12.18,65.67,1027.2,143.25,1215.2,18.0,0.15,0.35,0.57,1.08,1.52,2.64,4.79,0.238,0,0,0,1,0,2
2022-08-12,23.93,75.8,971.64,52.96,312.0,11.5,4.62,8.1,14.27,26.8,32.42,77.28,143.53,0.95,0,2,1,1,0,0
2022-08-12,47.38,26.86,993.65,51.03,1903.3,40.4,2.08,4.51,5.77,8.69,14.41,18.47,39.85,0.05,1,0,1,1,2,3
2022-08-13,10.17,22.44,940.73,19.79,223.8,47.5,4.17,8.99,12.2,16.06,21.96,43.24,87.88,0.596,0,1,2,1,0,0
2022-08-13,18.86,93.69,956.29,54.92,1826.3,8.2,1.87,4.39,7.2,11.32,15.35,36.39,48.07,0.6,0,0,1,1,0,1
2022-08-13,23.65,69.55,943.21,93.69,724.1,21.6,1.18,1.99,2.66,4.93,7.7,12.39,24.97,0.278,0,0,0,2,0,1
2022-08-14,19.54,84.72,987.88,159.54,1283.5,10.3,1.43,2.64,5.78,11.23,14.63,30.8,51.33,0.57,0,0,1,2,0,1
2022-08-14,39.31,33.87,976.45,36.0,367.5,7.9,1.67,3.76,7.38,11.42,19.84,36.46,55.01,0.143,8,0,0,1,2,2
2022-08-14,39.53,77.96,997.99,155.02,1250.2,43.8,4.01,5.77,8.73,16.45,18.91,34.73,56.92,0.374,6,0,1,2,2,2
2022-08-15,17.68,21.87,1010.64,137.42,1057.9,7.0,0.89,2.07,3.66,7.07,9.92,20.46,28.79,0.125,0,0,0,1,0,2
2022-08-15,30.6,16.46,986.5,109.71,703.1,20.2,3.29,5.16,9.55,18.83,30.46,56.36,109.68,0.507,0,1,1,2,0,1
2022-08-16,32.46,97.48,961.07,26.33,2438.7,7.1,6.71,15.48,30.84,61.48,107.31,185.67,276.05,0.95,0,3,3,1,1,0
2022-08-16,8.59,25.45,1028.74,12.5,528.2,22.9,1.24,2.67,3.63,6.75,9.25,14.91,32.63,0.259,0,0,0,0,0,1
2022-08-16,6.0,32.83,988.45,129.34,641.2,13.5,1.59,2.95,5.28,5.92,10.0,21.55,36.34,0.346,0,0,0,2,0,1
2022-08-16,8.15,61.25,980.09,50.37,1071.0,1.1,2.84,4.15,7.93,12.26,16.75,33.99,54.59,0.589,0,0,0,1,0,1
2022-08-16,16.86,49.79,946.88,71.41,815.3,7.8,6.67,13.59,26.31,38.04,65.39,113.07,162.0,0.95,0,2,2,2,0,0
2022-08-17,29.04,86.19,960.55,131.09,2384.7,14.3,1.18,2.53,5.02,6.52,10.92,17.81,26.61,0.318,0,0,0,2,0,2
2022-08-17,26.25,38.88,952.67,79.0,806.1,10.9,2.29,5.39,8.58,15.25,20.32,47.06,84.57,0.496,0,1,1,2,0,1
2022-08-18,30.59,77.38,945.62,103.04,163.2,18.1,2.65,5.86,8.52,16.66,29.92,69.75,150.68,0.95,0,2,1,2,0,0
2022-08-19,47.76,57.4,1021.82,97.86,2234.0,26.9,0.93,1.93,3.61,5.68,8.33,19.14,40.48,0.079,9,0,0,1,3,3
2022-08-19,15.08,21.6,973.46,155.84,1444.7,5.9,2.59,3.23,5.0,7.68,9.77,16.97,23.19,0.112,0,0,0,3,0,2
2022-08-19,6.81,43.95,1013.07,23.44,1118.1,9.9,1.79,3.6,5.11,9.29,15.98,30.01,36.2,0.393,0,0,0,0,0,1
2022-08-21,10.54,14.42,1008.86,106.96,112.3,33.5,0.62,0.95,1.59,1.97,2.25,2.74,5.77,0.05,0,0,0,1,0,2
2022-08-21,33.92,52.35,1021.86,76.58,2248.6,29.4,2.65,4.55,6.28,9.27,12.55,15.96,34.29,0.151,0,0,1,1,0,2
2022-08-21,18.44,91.09,1028.36,51.49,2007.9,46.7,0.12,0.21,0.37,0.71,1.0,2.08,3.36,0.293,0,0,1,0,0,2
2022-08-21,36.77,64.25,1000.35,67.67,2149.0,5.9,0.45,0.94,1.92,3.33,4.54,7.17,12.0,0.05,8,0,0,1,2,3
2022-08-22,39.83,33.44,986.53,101.0,756.3,7.2,6.37,8.06,14.99,24.48,40.27,68.15,116.55,0.546,3,1,1,2,1,1
2022-08-22,47.24,87.29,1007.79,80.93,1068.7,30.3,0.96,1.9,2.64,4.79,7.69,9.44,11.37,0.05,4,0,0,1,3,3
2022-08-23,8.66,52.25,945.13,31.79,661.5,44.6,1.37,3.12,4.23,8.16,10.49,17.59,29.23,0.37,0,0,1,1,0,1
2022-08-24,8.74,87.42,967.8,50.49,532.6,23.8,4.02,8.95,13.98,21.21,27.42,54.68,94.95,0.95,0,1,2,1,0,0
2022-08-25,37.65,18.5,1003.88,136.1,1565.6,39.9,2.43,3.63,6.88,11.05,13.58,28.84,48.74,0.05,8,0,1,2,2,2
2022-08-25,19.94,66.27,1013.9,50.24,423.1,21.2,0.3,0.43,0.56,0.83,1.35,3.05,5.43,0.168,0,0,0,0,0,2
2022-08-26,32.25,51.43,945.13,60.11,2492.6,47.4,3.98,8.44,13.28,19.91,32.74,57.11,102.03,0.615,0,1,2,2,0,1
2022-08-26,47.75,38.85,949.89,96.94,270.2,23.5,2.81,5.4,9.9,12.05,17.95,35.59,71.25,0.192,7,1,1,2,3,3
2022-08-27,35.8,94.32,1026.84,119.84,1833.8,43.6,0.5,0.69,1.2,2.24,2.83,6.78,11.7,0.192,6,0,1,1,2,2
2022-08-28,13.48,27.33,954.9,63.61,1963.4,8.7,1.67,2.72,3.8,4.91,6.65,8.89,15.42,0.105,0,0,0,2,0,2
2022-08-28,37.4,53.58,1029.85,70.72,367.7,20.3,2.01,4.04,6.3,10.88,16.29,30.85,57.77,0.279,5,0,1,0,2,2
2022-08-28,10.0,88.39,1020.64,27.28,1167.2,26.8,3.3,7.09,9.03,9.96,17.6,41.04,56.23,0.717,0,1,1,0,0,1
2022-08-28,21.09,75.06,1022.19,156.23,314.2,0.5,1.64,2.68,5.82,11.35,16.84,41.94,50.7,0.502,0,1,0,2,0,1
2022-08-28,42.01,37.01,1029.02,159.19,46.5,15.5,0.28,0.58,1.08,2.05,2.28,3.04,5.95,0.05,9,0,0,2,3,3
2022-08-29,44.96,72.47,986.91,18.11,487.8,15.7,0.8,1.79,3.47,6.37,9.9,22.78,46.05,0.22,3,0,0,0,2,3
2022-08-29,29.54,64.36,955.48,62.79,1388.0,15.6,6.47,16.07,21.06,33.2,46.47,86.47,149.7,0.95,0,2,2,2,0,0
2022-08-29,7.81,58.39,997.1,148.06,1733.5,39.6,0.04,0.1,0.18,0.27,0.35,0.56,0.85,0.22,0,0,1,2,0,2
2022-08-30,21.0,61.15,951.53,158.52,2110.8,19.8,0.1,0.24,0.44,0.62,1.06,2.47,3.57,0.119,0,0,0,3,0,2
2022-08-30,28.6,52.69,994.77,78.22,697.0,29.5,1.89,2.8,3.5,5.03,6.58,8.12,16.04,0.084,0,0,0,1,0,2
2022-08-30,45.88,64.59,1002.93,138.85,897.5,32.5,1.31,3.11,6.8,10.6,13.65,32.13,50.13,0.198,7,0,1,2,3,3
2022-08-30,40.51,83.24,1010.55,78.34,1383.1,31.0,1.63,3.58,5.62,8.13,12.96,28.56,52.97,0.364,5,0,1,1,2,2
2022-08-31,44.87,28.48,1001.29,50.07,691.0,11.6,9.55,14.82,18.61,31.19,48.72,85.98,145.2,0.662,9,1,1,1,3,1
2022-08-31,29.81,25.09,954.27,27.43,76.1,40.9,10.51,13.11,23.92,38.37,42.98,57.4,99.5,0.491,0,2,2,1,0,1
2022-09-01,5.52,33.71,1012.77,54.81,2019.1,44.2,1.33,2.39,3.57,6.46,10.82,25.81,55.65,0.484,0,0,1,0,0,1
2022-09-01,37.87,34.39,992.37,138.58,1106.3,40.1,5.32,12.44,20.52,32.02,46.28,113.92,201.41,0.95,7,2,3,2,2,0
2022-09-01,31.77,51.73,1015.99,41.97,978.2,20.5,5.74,8.04,10.42,13.78,22.22,55.09,69.44,0.404,0,0,1,0,0,1
2022-09-02,5.69,71.1,961.91,30.89,2130.1,45.9,1.75,2.13,2.78,4.46,4.99,11.96,17.35,0.414,0,0,1,1,0,1
2022-09-02,42.24,92.98,949.86,116.03,57.9,35.2,2.09,4.34,7.45,10.28,15.29,25.49,40.89,0.315,7,1,1,2,3,2
2022-09-03,27.4,49.45,998.06,84.92,1104.7,16.3,2.07,2.59,3.2,3.58,4.63,6.94,11.95,0.053,0,0,0,1,0,2
2022-09-03,42.74,34.72,1007.6,105.46,1753.5,7.3,1.55,2.47,3.71,7.01,11.24,16.16,32.07,0.05,4,0,0,1,2,3
2022-09-03,8.77,77.72,993.16,85.58,1677.2,31.8,1.23,2.24,4.52,6.19,11.03,17.7,32.24,0.516,0,0,1,1,0,1
2022-09-03,47.45,98.27,978.28,37.21,2099.5,7.2,0.68,1.47,2.74,5.27,9.49,15.08,30.75,0.222,6,0,0,1,3,3
2022-09-03,44.45,96.21,979.58,80.93,1680.1,42.4,4.88,7.87,13.24,17.56,22.08,40.61,84.12,0.597,4,1,2,1,3,2
2022-09-03,42.82,57.16,961.38,103.7,269.8,14.4,6.24,9.67,14.08,21.57,33.19,75.18,94.29,0.486,2,1,1,2,2,2
2022-09-03,46.99,91.15,948.84,116.19,314.7,3.9,6.62,8.43,13.07,19.57,31.02,38.59,50.93,0.325,2,1,0,3,3,3
2022-09-03,39.48,79.9,986.31,35.44,731.4,32.7,3.33,4.88,9.25,12.67,20.73,45.18,83.84,0.564,9,1,1,1,3,1
2022-09-04,40.52,28.01,997.85,133.37,408.8,35.0,8.18,17.94,38.38,57.06,92.82,173.75,341.02,0.95,9,3,3,2,2,0
2022-09-04,16.83,21.01,1002.17,64.47,2068.4,29.6,1.99,4.62,7.53,8.66,12.84,28.99,47.8,0.255,0,0,1,1,0,1
2022-09-05,34.98,93.5,975.23,91.73,1743.4,45.4,4.65,5.9,8.01,11.12,12.71,15.84,30.94,0.324,0,0,1,2,1,2
2022-09-05,21.6,59.84,956.26,154.83,933.6,44.2,0.67,1.44,3.03,5.17,7.79,16.94,30.88,0.289,0,0,1,3,0,1
2022-09-05,35.43,44.34,989.07,33.83,2385.1,33.1,2.9,6.21,11.23,12.47,14.9,27.16,48.08,0.188,2,0,1,1,1,2
2022-09-05,35.98,73.64,989.24,66.97,1392.9,30.6,7.94,18.33,34.55,68.55,90.0,153.62,313.28,0.95,6,3,3,1,2,0
2022-09-05,16.98,64.19,984.88,109.32,924.8,36.6,10.42,21.21,26.18,37.07,59.4,89.45,179.79,0.95,0,2,2,2,0,0
2022-09-05,26.62,87.57,956.79,159.2,1891.3,11.3,1.13,1.94,2.64,3.04,4.04,5.62,11.28,0.247,0,0,0,3,0,2
2022-09-06,6.95,95.55,975.41,29.58,550.2,35.7,2.96,7.25,11.52,19.86,30.73,68.91,124.2,0.95,0,1,2,1,0,0
2022-09-06,30.66,13.49,1005.51,0.1,1228.1,34.6,8.31,18.01,27.18,46.71,80.62,140.31,204.69,0.95,0,2,3,0,0,0
2022-09-06,30.63,35.66,963.62,39.22,1764.0,23.4,0.77,1.4,2.53,4.67,7.01,17.14,25.79,0.05,0,0,0,1,0,2
2022-09-07,31.81,34.33,961.9,57.52,2439.3,5.3,2.86,5.18,6.33,7.22,9.8,16.44,21.63,0.05,0,0,0,1,0,2
2022-09-07,11.89,70.94,955.54,14.29,182.4,45.9,0.49,1.06,1.97,3.23,4.04,7.76,16.89,0.348,0,0,1,1,0,1
2022-09-07,11.93,43.86,1005.05,13.63,622.5,9.5,7.35,15.67,19.23,28.78,49.14,81.55,157.4,0.95,0,2,1,0,0,0
2022-09-07,5.77,11.43,964.94,38.51,808.1,25.5,3.26,4.35,6.15,8.25,14.67,31.6,45.24,0.301,0,0,1,1,0,1
2022-09-07,8.48,77.44,973.59,111.34,576.3,19.2,9.73,24.33,36.12,44.38,61.46,143.02,239.76,0.95,0,2,2,2,0,0
2022-09-08,8.74,16.34,955.44,148.68,2302.2,34.4,5.63,9.95,13.44,16.92,25.04,59.66,114.13,0.755,0,1,2,3,0,0
2022-09-08,31.38,14.71,968.92,87.32,915.0,13.8,0.72,1.16,1.84,2.41,4.33,10.68,18.19,0.05,0,0,0,2,0,2
2022-09-09,39.25,30.6,993.23,124.96,1915.9,33.8,1.07,1.4,2.45,3.85,5.32,11.37,21.15,0.05,6,0,1,2,2,3
2022-09-09,7.36,95.07,985.37,20.73,1515.4,17.7,7.22,16.71,27.34,30.94,38.29,83.62,173.42,0.95,0,1,2,1,0,0
2022-09-09,35.97,20.61,940.02,130.94,82.1,37.3,3.66,8.89,10.96,21.2,36.27,53.35,110.53,0.48,8,2,2,3,2,1
2022-09-10,28.28,89.9,1015.18,41.5,549.3,39.8,1.66,3.53,7.08,13.6,20.07,28.29,58.99,0.56,0,0,1,0,0,1
2022-09-10,15.21,91.08,982.88,49.54,2138.7,13.2,3.36,6.34,11.9,22.44,37.38,61.26,132.36,0.95,0,1,1,1,0,0
2022-09-10,17.88,63.43,988.0,109.37,1835.7,21.1,0.59,0.93,1.29,1.84,2.97,4.76,6.89,0.184,0,0,0,1,0,2
2022-09-11,11.72,69.33,1007.53,150.81,1743.7,14.2,2.59,6.36,8.14,16.18,21.51,53.46,104.09,0.923,0,1,1,2,0,0
2022-09-11,6.73,19.87,983.88,125.79,1020.5,2.1,1.22,1.88,3.42,4.9,7.12,15.78,20.16,0.166,0,0,0,2,0,2
2022-09-11,46.52,93.22,975.48,5.85,2268.7,28.6,1.49,2.94,6.31,10.68,18.64,24.46,44.84,0.3,7,0,1,0,3,3
2022-09-11,36.73,27.4,1011.11,49.14,2224.1,45.3,1.48,2.05,3.1,3.67,6.27,10.42,16.95,0.05,4,0,1,0,1,3
2022-09-12,18.46,90.49,966.1,88.32,2170.4,43.0,1.34,2.07,2.97,5.9,6.79,16.46,20.42,0.404,0,0,1,2,0,1
2022-09-12,9.76,46.67,1019.95,62.62,1283.0,20.6,0.62,1.42,2.11,4.02,5.19,9.59,18.95,0.262,0,0,0,0,0,2
2022-09-12,33.98,13.04,988.13,74.32,949.3,24.1,3.25,5.23,6.52,11.12,16.14,36.3,44.18,0.05,0,0,1,1,0,2
2022-09-12,6.67,46.15,1003.85,97.19,1318.7,26.5,0.96,1.38,2.61,4.38,6.64,14.61,17.53,0.281,0,0,1,1,0,2
2022-09-13,30.85,66.41,980.41,92.56,804.7,34.3,1.75,2.22,4.8,6.46,8.03,16.96,29.11,0.218,0,0,1,1,0,2
2022-09-13,20.21,10.0,985.98,1.87,2287.6,28.3,7.89,17.42,30.81,57.16,72.09,139.92,222.75,0.95,0,2,3,1,0,0
2022-09-14,10.39,95.5,951.17,44.19,889.2,33.6,0.03,0.07,0.11,0.14,0.21,0.52,0.7,0.378,0,0,1,1,0,2
2022-09-14,21.06,93.99,992.93,82.5,2008.3,15.0,4.33,9.18,13.37,16.5,29.47,43.34,79.2,0.787,0,1,1,1,0,0
2022-09-15,46.43,54.81,1013.75,52.42,1569.5,5.5,0.94,1.58,2.46,4.18,5.97,11.15,20.75,0.05,4,0,0,0,3,3
2022-09-15,45.4,83.86,996.79,126.88,2077.1,14.7,3.41,5.97,8.54,11.67,17.46,30.61,47.88,0.284,1,0,0,2,2,3
2022-09-15,28.14,63.79,953.96,45.86,1555.8,39.3,4.7,6.57,11.9,16.71,21.98,51.68,86.48,0.614,0,1,2,1,0,1
2022-09-16,27.73,44.78,1022.28,81.96,571.4,3.1,2.66,4.01,7.54,9.47,10.88,19.8,39.56,0.21,0,0,0,1,0,2
2022-09-17,13.1,16.84,970.86,125.34,187.2,37.4,0.67,1.63,2.06,2.49,2.81,3.58,7.65,0.05,0,0,1,2,0,2
2022-09-17,15.77,75.24,990.64,126.23,2277.5,46.6,7.98,19.88,35.34,54.75,87.55,139.27,241.68,0.95,0,3,3,2,0,0
2022-09-17,37.7,43.87,962.41,35.06,292.7,33.9,1.84,2.49,5.17,7.04,8.22,18.3,22.37,0.05,2,0,1,1,1,3
2022-09-18,21.18,15.72,1002.55,30.76,250.7,3.8,0.89,1.35,2.73,3.54,5.88,12.12,24.65,0.05,0,0,0,0,0,2
2022-09-18,11.62,47.43,955.63,99.97,24.2,41.7,0.73,1.67,3.53,4.84,8.25,14.87,31.75,0.333,0,1,1,2,0,1
2022-09-18,7.68,77.67,987.33,113.78,2014.9,15.5,0.13,0.29,0.39,0.76,1.14,2.09,4.05,0.339,0,0,0,2,0,2
2022-09-19,8.7,12.56,1002.04,92.49,387.1,13.7,14.03,16.98,26.04,35.28,39.08,88.62,144.48,0.939,0,2,2,1,0,0
2022-09-20,28.45,97.43,997.88,0.33,1665.1,45.5,0.58,1.4,2.14,2.92,4.49,9.22,16.27,0.311,0,0,1,0,0,2
2022-09-20,16.53,44.65,969.45,86.57,651.1,4.6,7.21,10.61,20.6,27.57,42.14,57.96,92.27,0.673,0,1,1,2,0,0
2022-09-21,21.38,24.98,998.22,156.81,317.8,22.0,1.82,4.4,6.16,7.84,12.19,16.05,22.73,0.063,0,0,0,2,0,2
2022-09-21,22.1,87.34,977.07,80.49,1194.0,17.7,1.48,1.91,3.25,5.71,10.15,24.26,31.69,0.427,0,0,1,1,0,1
2022-09-21,35.26,27.09,985.04,33.29,1111.6,35.4,1.42,1.85,3.29,6.45,10.79,14.41,19.93,0.05,5,0,1,1,1,2
2022-09-21,31.48,44.48,998.02,21.92,390.3,37.5,1.15,2.07,3.0,5.98,7.63,17.36,25.84,0.08,0,0,1,0,0,2
2022-09-21,30.94,37.33,1018.8,0.55,1247.6,32.3,5.19,7.57,16.54,27.59,40.26,95.74,177.58,0.95,0,2,2,0,0,0
2022-09-21,23.64,44.04,942.4,102.06,1160.3,12.3,0.68,1.54,2.52,3.85,6.73,12.87,28.12,0.171,0,0,0,2,0,2
2022-09-22,7.22,18.89,960.7,145.81,1859.6,30.1,5.13,6.9,11.04,13.84,22.0,40.21,56.27,0.397,0,0,1,3,0,1
2022-09-22,44.1,24.48,980.8,9.78,1329.9,16.4,0.32,0.45,0.85,1.12,1.51,3.71,6.95,0.05,8,0,0,0,3,3
2022-09-23,17.07,72.39,941.14,130.23,740.8,25.9,2.42,4.64,9.28,13.01,19.79,39.6,83.34,0.747,0,1,1,3,0,0
2022-09-23,29.73,79.91,974.19,79.52,2096.2,6.5,0.15,0.3,0.65,1.18,1.33,2.45,3.77,0.127,0,0,0,1,0,2
2022-09-24,15.79,97.57,952.14,7.24,972.2,6.8,5.16,7.2,11.87,17.39,29.59,37.7,51.44,0.673,0,1,1,1,0,1
2022-09-24,8.81,82.64,974.96,102.83,2197.3,18.3,1.27,2.03,2.66,5.16,7.77,17.13,33.04,0.545,0,0,1,2,0,1
2022-09-24,41.07,14.69,993.32,153.55,1478.7,45.2,0.67,1.3,2.41,2.72,4.74,8.36,15.29,0.05,7,0,1,2,2,3
2022-09-24,13.46,96.04,945.23,28.73,2453.4,22.0,0.04,0.08,0.16,0.29,0.49,0.86,1.9,0.358,0,0,0,1,0,2
2022-09-25,25.66,95.72,1010.41,140.72,2412.2,32.9,5.56,7.55,12.34,17.92,20.53,36.38,50.0,0.555,0,0,1,2,0,1
2022-09-25,16.86,10.27,947.25,135.24,2427.8,0.4,0.65,0.85,1.13,2.2,3.68,5.13,6.79,0.05,0,0,0,3,0,2
2022-09-25,14.88,54.8,951.66,136.06,184.8,29.9,6.84,13.77,21.58,31.58,52.09,124.96,239.24,0.95,0,3,2,3,0,0
2022-09-26,40.37,53.42,986.11,147.72,718.6,18.9,4.0,8.48,14.31,28.27,48.45,69.88,139.97,0.797,1,1,2,2,1,0
2022-09-26,19.97,85.56,1009.73,82.77,1329.2,23.9,3.7,5.08,7.45,12.88,22.73,49.5,77.11,0.742,0,1,1,1,0,0
2022-09-27,35.75,74.45,968.03,14.48,739.3,26.9,0.44,0.63,0.93,1.68,2.79,3.82,5.21,0.05,3,0,0,1,1,3
2022-09-28,39.96,85.32,984.55,87.81,1085.7,28.4,3.05,5.56,9.62,13.22,16.1,23.07,33.62,0.251,4,0,1,1,2,2
2022-09-29,21.49,44.41,1018.42,117.18,2295.3,27.8,1.48,3.39,5.61,10.11,11.49,15.36,31.81,0.219,0,0,1,1,0,1
2022-09-29,26.83,53.01,983.34,148.79,2482.6,31.7,7.11,16.2,25.96,39.38,66.13,84.2,157.42,0.95,0,2,2,3,0,0
2022-09-30,46.55,69.02,1014.58,57.46,184.0,4.9,6.89,9.91,16.62,27.58,31.57,58.65,80.65,0.417,1,1,1,1,2,2
2022-09-30,8.21,19.61,1017.71,103.96,2356.9,31.7,2.76,5.28,8.24,14.02,19.34,34.47,73.78,0.508,0,0,1,1,0,1
2022-10-01,38.28,52.41,958.33,156.93,137.6,18.1,3.06,6.65,8.34,10.76,11.96,22.62,30.11,0.08,9,0,0,3,2,3
2022-10-01,23.49,76.92,987.09,70.19,467.7,31.4,7.0,9.8,13.96,18.4,30.56,49.46,82.88,0.702,0,1,2,1,0,0
2022-10-02,6.69,39.53,1023.97,93.8,1983.4,47.3,4.5,8.19,16.28,18.89,33.23,74.38,94.24,0.759,0,1,2,1,0,0
2022-10-02,8.86,21.51,1024.18,1.44,510.6,35.3,7.35,17.01,21.14,23.84,31.53,49.45,92.1,0.633,0,1,2,0,0,0
2022-10-02,37.4,52.37,1018.07,2.85,574.0,47.9,0.44,0.68,0.97,1.93,2.62,4.47,5.67,0.05,9,0,1,0,2,3
2022-10-03,9.38,17.76,990.32,9.2,777.9,27.6,0.3,0.65,0.9,1.37,1.97,4.36,7.01,0.05,0,0,0,0,0,2
2022-10-04,17.78,93.02,941.52,70.1,1158.5,27.0,0.44,0.66,1.45,2.72,3.12,5.35,8.59,0.345,0,0,1,2,0,2
2022-10-04,13.87,25.22,956.27,43.87,101.1,17.2,0.08,0.15,0.23,0.42,0.5,0.63,0.84,0.05,0,0,0,1,0,2
2022-10-04,5.39,83.01,977.72,83.46,1625.3,42.0,0.55,0.68,1.01,1.43,2.4,4.55,8.78,0.42,0,0,1,1,0,2
2022-10-04,45.25,65.76,968.31,23.16,1636.3,28.7,0.75,1.55,3.09,5.22,8.54,11.48,15.93,0.05,3,0,0,1,2,3
2022-10-04,40.82,71.18,1020.17,6.64,748.3,37.1,1.82,3.09,4.89,7.06,11.53,17.92,27.59,0.132,4,0,1,0,2,3
2022-10-05,16.08,23.04,1002.76,37.31,1653.4,23.6,4.22,5.76,12.32,13.83,16.21,40.3,85.54,0.525,0,0,1,0,0,0
2022-10-05,35.16,74.36,1005.9,70.03,266.6,42.9,3.68,8.31,13.02,17.3,30.86,51.35,92.8,0.639,9,1,2,1,2,1
2022-10-06,18.72,13.55,1007.58,158.25,1792.9,35.9,5.92,7.14,13.47,25.12,32.84,71.79,117.35,0.663,0,1,2,2,0,0
2022-10-06,35.54,68.04,988.36,78.86,1897.8,14.0,4.47,5.96,9.55,13.07,21.8,50.22,89.99,0.585,4,1,1,1,1,1
2022-10-06,33.48,46.08,987.35,57.11,2148.7,10.4,2.49,3.11,6.48,12.8,22.18,40.06,78.58,0.419,0,0,1,1,0,1
2022-10-06,44.09,62.12,1016.14,10.21,738.1,33.3,1.82,3.46,6.55,9.7,14.44,19.01,37.8,0.122,1,0,1,0,2,3
2022-10-06,8.93,47.65,1018.66,101.19,2178.5,41.9,1.49,2.97,6.39,9.61,15.56,33.54,44.05,0.443,0,0,1,1,0,1
2022-10-07,37.2,80.5,941.39,48.11,1306.7,32.5,5.71,9.2,11.17,19.34,27.27,50.22,100.39,0.7,1,1,2,2,1,1
2022-10-07,10.08,89.98,1027.82,100.81,769.9,33.2,0.89,1.69,2.46,2.81,5.03,11.32,19.1,0.476,0,0,1,1,0,1
2022-10-07,39.94,48.47,980.56,7.6,584.2,11.4,1.73,3.32,6.53,7.82,14.07,31.48,42.03,0.123,7,0,0,0,2,2
2022-10-07,21.69,64.87,961.97,143.26,1075.0,17.3,2.63,4.72,7.71,13.31,17.69,38.41,48.24,0.429,0,0,1,3,0,1
2022-10-07,17.9,29.31,956.3,156.51,1738.9,18.7,1.01,1.77,3.3,4.51,5.26,11.88,20.99,0.108,0,0,0,3,0,2
2022-10-08,11.26,91.56,952.45,37.58,1901.1,33.6,4.9,10.75,13.86,26.01,34.85,50.04,104.64,0.95,0,1,2,1,0,0
2022-10-08,36.58,17.17,954.66,145.55,1749.5,12.5,8.72,11.03,13.98,20.78,25.97,35.1,57.48,0.103,9,0,0,3,2,2
2022-10-09,40.97,48.89,990.87,33.47,549.1,13.4,0.44,0.95,1.24,1.39,1.72,3.38,5.53,0.05,6,0,0,0,2,3
2022-10-09,33.33,43.91,1002.02,71.17,128.8,3.8,0.03,0.06,0.09,0.14,0.18,0.36,0.48,0.05,0,0,0,1,0,3
2022-10-09,23.83,38.31,1024.03,5.04,392.1,40.5,7.67,10.47,15.38,29.62,42.76,89.05,145.66,0.924,0,2,2,0,0,0
2022-10-09,33.99,10.5,1028.81,10.11,972.2,14.2,9.71,19.23,31.59,40.61,53.96,109.43,153.64,0.737,0,1,2,0,0,0
2022-10-10,41.3,70.27,998.41,23.49,549.2,5.1,9.43,15.16,24.27,38.95,43.67,91.85,170.56,0.95,1,2,1,1,2,0
2022-10-10,7.86,57.78,969.59,132.24,83.5,7.5,1.04,1.92,3.32,6.03,9.81,22.98,45.76,0.515,0,1,0,2,0,1
2022-10-11,44.76,28.43,987.47,57.52,49.7,27.1,1.76,3.99,8.29,11.45,14.54,22.71,28.25,0.05,9,1,1,1,3,3
2022-10-11,45.87,87.49,951.09,68.63,598.7,25.3,2.28,3.28,4.93,6.78,8.74,17.09,23.05,0.132,2,0,0,2,2,3
2022-10-11,28.42,17.97,1027.05,86.59,988.7,49.3,6.81,11.47,21.41,39.21,43.67,67.15,116.44,0.582,0,1,2,1,0,0
2022-10-11,22.43,18.2,997.72,116.13,2162.8,19.4,0.61,1.18,2.47,4.73,7.36,15.56,29.89,0.066,0,0,0,1,0,2
2022-10-12,8.12,17.13,1026.28,141.13,82.9,47.6,0.87,2.03,3.92,5.31,7.78,19.13,36.64,0.249,0,1,1,1,0,1
2022-10-12,28.56,27.68,981.82,50.43,476.2,43.6,1.85,4.09,6.82,8.74,13.29,24.91,34.25,0.081,0,0,1,1,0,2
2022-10-12,12.0,26.75,975.39,113.21,34.7,34.0,0.37,0.5,0.71,0.89,1.09,2.5,4.45,0.05,0,0,0,2,0,2
2022-10-12,36.01,19.93,1014.59,52.74,187.1,48.2,1.17,1.79,3.49,4.1,5.59,7.26,10.85,0.05,2,0,1,0,1,3
2022-10-13,21.53,19.72,978.01,131.62,236.4,30.1,10.96,27.04,56.83,106.59,135.3,194.67,291.47,0.95,0,3,3,3,0,0
2022-10-13,6.17,38.24,956.85,111.44,956.8,42.3,3.77,8.73,17.44,22.87,35.29,55.66,114.39,0.892,0,1,2,2,0,0
2022-10-13,7.43,56.59,948.99,135.4,67.8,12.6,0.12,0.22,0.44,0.55,0.96,2.08,3.49,0.232,0,0,0,3,0,2
2022-10-14,13.07,46.85,1004.83,119.24,969.4,15.9,2.87,6.38,9.48,15.28,19.2,27.57,34.84,0.336,0,0,1,1,0,1
2022-10-14,20.77,48.13,1025.2,111.65,417.9,31.2,1.34,2.33,2.93,3.31,5.01,8.34,13.29,0.122,0,0,1,1,0,2
2022-10-15,30.55,30.31,944.91,11.35,2015.8,3.8,5.8,13.5,27.88,30.84,42.27,58.4,97.73,0.498,0,1,1,1,0,1
2022-10-15,44.66,52.47,963.39,45.2,2223.5,25.3,0.48,1.07,1.58,1.78,2.89,5.24,10.36,0.05,5,0,0,1,2,3
2022-10-16,20.95,24.18,986.04,147.51,1270.2,7.6,1.81,4.37,9.0,11.68,19.78,44.83,76.85,0.424,0,0,0,2,0,1
2022-10-16,18.63,56.02,970.23,37.64,191.2,19.6,1.2,2.15,3.24,6.28,10.46,16.37,32.22,0.309,0,1,0,1,0,1
2022-10-17,41.38,68.39,994.16,132.45,603.4,25.0,2.33,3.58,4.83,7.06,9.66,20.11,36.59,0.172,2,0,1,2,2,3
2022-10-17,40.21,28.2,1005.29,57.47,273.2,19.1,0.28,0.42,0.58,0.8,1.27,2.7,5.54,0.05,9,0,0,1,2,3
2022-10-18,23.91,95.42,986.31,127.98,855.7,35.4,0.73,0.98,1.95,3.08,5.0,11.54,15.85,0.344,0,0,1,2,0,2
2022-10-18,38.26,18.53,994.66,71.19,1629.2,49.4,1.04,1.93,3.34,6.3,8.03,12.21,25.35,0.05,2,0,1,1,1,3
2022-10-18,42.41,52.94,940.23,78.79,2211.4,49.8,1.75,3.66,4.75,6.56,10.47,21.93,30.12,0.05,2,0,1,2,2,3
2022-10-18,8.83,24.82,997.95,110.32,1252.1,0.7,1.13,1.6,3.05,4.21,7.46,16.78,35.33,0.271,0,0,0,1,0,1
2022-10-19,10.68,62.2,997.32,27.87,2200.9,4.4,10.08,18.39,38.85,60.24,71.46,106.98,196.65,0.95,0,2,2,1,0,0
2022-10-19,13.96,82.53,965.65,138.59,1746.0,11.7,4.99,7.57,15.97,17.98,24.46,51.95,84.65,0.837,0,1,1,3,0,0
2022-10-19,20.26,10.51,1016.82,98.88,1451.9,41.9,1.53,2.88,3.94,6.28,10.27,18.56,24.93,0.05,0,0,1,1,0,2
2022-10-20,16.47,70.49,981.83,32.1,103.6,42.6,1.78,2.18,4.12,4.61,7.81,11.87,14.98,0.288,0,1,1,1,0,2
2022-10-21,42.21,56.34,998.58,24.15,821.6,33.2,0.68,0.99,1.61,2.69,4.13,5.9,9.62,0.05,6,0,0,0,2,3
2022-10-21,21.96,39.05,954.5,78.6,1027.0,20.9,0.33,0.44,0.78,1.16,2.05,3.03,3.81,0.05,0,0,0,2,0,2
2022-10-22,47.3,48.33,968.29,146.6,779.0,4.7,0.07,0.11,0.17,0.33,0.52,1.26,2.69,0.05,5,0,0,2,3,3
2022-10-23,42.28,15.91,1023.7,100.66,1200.9,5.3,0.82,1.48,2.95,5.48,7.38,16.69,34.85,0.05,7,0,0,1,2,3
2022-10-24,33.88,34.17,959.6,98.53,1699.4,16.5,0.46,0.96,1.95,2.68,4.31,6.76,11.63,0.05,0,0,0,2,0,3
2022-10-24,45.97,94.05,965.55,75.71,2367.8,16.6,3.19,4.77,10.13,13.69,16.67,22.61,48.17,0.332,4,0,0,2,3,3
2022-10-24,15.87,33.13,941.82,137.5,1405.1,38.9,1.66,3.75,6.14,8.31,14.53,31.06,62.79,0.426,0,0,1,3,0,1
2022-10-24,20.09,67.27,946.17,0.43,2004.1,32.4,7.39,17.82,29.03,39.79,55.4,137.43,172.48,0.95,0,2,3,1,0,0
2022-10-25,43.93,24.78,971.99,51.2,1783.8,38.2,2.68,4.04,5.7,11.14,12.57,30.1,54.36,0.05,3,0,1,1,2,3
2022-10-25,33.5,10.51,982.04,68.72,756.8,19.9,0.3,0.55,0.99,1.77,2.24,5.33,8.14,0.05,0,0,0,1,0,3
2022-10-25,8.14,22.33,966.09,149.42,1148.0,29.1,0.87,1.11,1.61,1.86,2.83,5.02,9.06,0.091,0,0,0,3,0,2
2022-10-25,8.4,66.62,985.88,133.85,187.7,30.4,2.6,5.2,10.8,19.32,33.19,51.33,86.16,0.824,0,1,2,2,0,0
2022-10-25,35.28,31.61,1010.07,124.83,1465.9,21.0,0.89,1.14,1.99,3.61,4.52,9.07,15.83,0.05,6,0,0,1,1,3
2022-10-25,18.31,40.14,994.05,78.68,1456.7,0.8,1.93,2.73,4.64,6.95,10.82,17.19,35.62,0.255,0,0,0,1,0,1
2022-10-25,8.34,82.27,987.24,126.06,2319.4,34.8,4.31,7.76,12.41,23.0,37.37,46.85,57.66,0.712,0,1,2,2,0,1
2022-10-25,7.13,72.83,1001.65,96.74,2064.5,28.0,0.64,0.95,1.22,2.13,3.78,6.22,11.79,0.371,0,0,1,1,0,2
2022-10-26,44.35,83.46,1002.94,144.92,816.6,28.8,3.09,6.89,11.03,18.32,29.16,43.13,83.54,0.531,7,1,1,2,3,2
2022-10-27,12.71,15.79,1017.2,112.96,1160.5,34.2,3.13,5.81,12.4,23.16,28.31,49.9,90.89,0.558,0,1,1,1,0,0
2022-10-27,5.52,42.15,972.65,48.28,196.9,7.8,5.86,8.07,14.62,23.6,38.86,47.42,98.99,0.815,0,2,1,1,0,0
2022-10-27,23.53,24.62,989.38,125.74,1633.7,21.1,1.58,2.49,3.39,5.34,8.87,19.93,42.93,0.174,0,0,0,2,0,1
2022-10-27,8.03,85.35,1003.0,128.8,900.0,33.5,0.49,0.72,1.52,2.58,3.33,6.23,9.01,0.407,0,0,1,1,0,2
2022-10-28,39.83,30.5,1026.91,93.59,325.6,49.8,13.66,17.13,21.13,33.68,54.31,70.25,116.41,0.53,4,1,2,1,2,1
2022-10-29,39.42,66.23,1001.54,61.11,1462.3,18.6,0.43,0.53,0.69,1.34,1.96,4.32,7.77,0.05,8,0,0,1,2,3
2022-10-29,19.86,38.43,962.53,118.94,499.1,2.1,0.53,0.96,1.73,2.48,3.38,6.11,9.84,0.059,0,0,0,2,0,2
2022-10-30,21.6,62.39,953.74,27.03,100.6,5.3,6.81,8.87,14.18,15.62,26.31,45.69,97.08,0.743,0,1,1,1,0,0
2022-10-30,18.56,12.32,1024.39,83.26,87.3,33.8,7.45,14.94,25.4,50.63,57.23,128.07,165.22,0.95,0,3,3,1,0,0
2022-10-30,17.35,96.24,1008.69,87.62,1804.0,32.3,1.73,2.34,4.29,5.55,7.75,11.07,19.31,0.436,0,0,1,1,0,1
2022-10-30,24.54,58.98,950.23,43.38,1390.8,21.9,6.15,15.14,29.1,48.19,78.04,186.82,336.1,0.95,0,3,3,2,0,0
2022-10-30,20.77,81.04,1005.39,132.54,1517.6,49.8,9.03,10.95,22.16,26.13,37.51,84.64,139.83,0.95,0,1,3,2,0,0
2022-10-31,40.54,37.24,975.02,17.83,252.1,34.7,5.44,7.35,10.18,15.72,25.43,39.44,59.44,0.177,8,1,1,1,2,2
2022-10-31,19.59,13.64,948.72,98.32,1131.8,12.5,0.91,1.84,2.28,2.9,4.3,8.62,15.93,0.05,0,0,0,2,0,2
2022-10-31,32.35,76.21,973.2,122.6,756.8,44.0,0.14,0.18,0.24,0.46,0.83,1.75,3.33,0.08,0,0,1,2,0,2
2022-11-01,42.56,19.17,1021.84,123.88,1599.4,49.1,3.22,7.86,15.7,23.5,35.49,85.77,179.72,0.868,8,1,3,1,2,0
2022-11-01,17.87,24.11,1018.93,21.19,1507.2,39.0,0.18,0.33,0.49,0.55,0.8,1.53,2.73,0.05,0,0,1,0,0,2
2022-11-01,39.7,86.79,974.96,53.4,594.3,36.2,5.66,13.18,28.33,43.53,51.37,76.56,108.28,0.759,6,1,2,1,2,1
2022-11-02,43.52,95.45,1006.22,23.28,1274.5,14.4,4.86,11.57,24.4,32.31,45.02,100.54,208.51,0.95,2,2,2,0,2,0
2022-11-03,31.9,11.49,971.28,75.7,1225.8,3.3,3.15,6.38,9.5,15.44,24.43,41.78,84.82,0.304,0,0,0,1,0,1
2022-11-04,31.92,50.56,981.01,142.96,718.5,20.6,0.66,0.98,2.0,3.83,5.41,11.83,24.45,0.097,0,0,0,2,0,2
2022-11-04,47.58,57.87,941.32,115.05,2449.7,24.6,0.9,1.18,2.39,3.01,3.69,6.24,13.37,0.05,6,0,0,3,3,3
2022-11-04,32.74,73.02,944.75,6.34,436.6,47.6,0.19,0.3,0.41,0.47,0.82,1.99,3.3,0.06,0,0,1,1,0,3
2022-11-05,10.1,74.84,1012.94,158.46,959.5,25.2,1.22,2.18,3.38,4.06,4.86,12.14,18.73,0.398,0,0,1,2,0,1
2022-11-05,39.33,33.01,1006.67,23.85,1147.0,17.4,1.02,1.91,3.4,4.35,5.7,12.02,22.49,0.05,7,0,0,0,2,3
2022-11-05,14.18,12.25,988.67,0.6,694.8,29.4,1.76,4.13,6.45,8.13,12.01,29.53,50.21,0.254,0,0,1,0,0,1
2022-11-05,39.4,94.89,950.25,133.87,1927.6,4.8,7.43,10.13,17.54,29.18,35.79,52.44,83.36,0.636,1,1,1,3,2,1
2022-11-06,42.7,78.49,995.18,57.89,1236.0,0.4,0.77,1.74,2.8,3.52,4.93,9.83,12.01,0.05,4,0,0,1,2,3
2022-11-06,43.23,70.66,1003.53,30.57,1400.6,11.5,0.05,0.09,0.19,0.23,0.28,0.52,1.13,0.05,3,0,0,0,2,3
2022-11-07,23.61,21.37,1006.47,158.87,1449.2,37.4,1.63,2.83,4.28,7.55,12.05,21.37,35.32,0.106,0,0,1,2,0,2
2022-11-07,14.94,14.19,1021.26,88.45,1366.4,23.8,1.83,4.37,6.35,9.18,16.12,21.27,42.07,0.202,0,0,1,1,0,1
2022-11-08,40.09,72.82,992.51,38.56,1214.1,48.5,0.99,1.22,2.12,3.4,4.77,10.89,22.69,0.115,4,0,1,1,2,3
2022-11-08,44.67,18.01,1000.63,87.63,374.9,38.9,6.92,12.04,25.61,34.32,51.41,96.71,189.87,0.909,3,2,2,1,2,0
2022-11-08,40.22,12.8,942.22,15.56,2300.6,45.2,1.45,2.23,2.79,3.55,4.87,6.1,12.66,0.05,9,0,1,1,2,3
2022-11-09,46.63,95.38,969.33,129.1,695.8,46.8,0.12,0.27,0.48,0.62,0.7,1.59,3.5,0.05,6,0,1,2,3,3
2022-11-09,23.39,26.44,996.29,103.12,922.4,9.5,2.43,4.77,6.7,9.94,13.73,21.11,40.58,0.169,0,0,0,1,0,1
2022-11-09,44.87,86.86,944.26,73.17,1934.5,6.2,0.86,1.86,4.07,5.64,8.98,15.73,20.05,0.119,9,0,0,2,3,3
2022-11-09,31.25,62.47,947.97,4.51,1821.7,49.6,4.86,11.93,21.31,33.42,41.35,73.75,110.93,0.739,0,1,2,1,0,0
2022-11-09,41.08,14.28,988.98,150.75,129.7,21.5,1.48,3.64,6.25,10.09,11.95,16.69,28.99,0.05,6,0,0,2,2,3
2022-11-10,10.15,58.57,964.68,65.65,240.5,47.0,1.1,1.75,3.62,4.91,7.83,18.21,35.48,0.428,0,1,1,1,0,1
2022-11-10,14.16,14.15,1014.47,53.12,305.6,7.1,1.12,1.46,3.05,5.84,10.16,19.89,30.12,0.13,0,0,0,0,0,2
2022-11-10,47.95,14.2,942.68,110.34,2476.4,49.3,2.19,4.8,7.22,11.2,15.75,33.93,52.52,0.05,8,0,1,2,3,3
2022-11-10,40.37,95.21,942.96,49.45,651.7,20.9,6.6,13.0,16.46,20.01,35.78,63.31,81.73,0.617,4,1,1,2,2,1
2022-11-11,5.24,25.2,953.42,139.01,1193.9,18.4,2.6,5.59,11.89,19.68,25.17,43.2,52.64,0.425,0,0,1,3,0,1
2022-11-11,47.88,54.56,983.09,130.32,1601.5,0.4,1.91,3.56,7.18,8.61,13.8,23.15,30.25,0.05,8,0,0,2,3,3
2022-11-11,22.22,97.1,962.11,99.23,154.5,18.7,0.35,0.66,1.03,1.65,1.82,3.05,5.76,0.302,0,0,0,2,0,2
2022-11-11,21.91,98.2,978.94,45.43,1766.0,48.1,0.25,0.32,0.58,0.82,1.33,2.11,4.54,0.302,0,0,1,1,0,2
2022-11-12,5.32,55.92,999.71,51.28,396.9,21.9,4.29,7.4,11.35,16.74,20.62,42.49,61.95,0.639,0,1,1,1,0,1
2022-11-12,42.81,29.35,967.97,124.93,544.7,3.0,1.74,2.42,4.73,6.8,11.57,26.26,32.86,0.05,5,0,0,2,2,3
2022-11-14,18.24,91.36,1028.12,49.68,747.7,6.2,5.42,10.91,22.67,35.26,43.51,79.04,147.89,0.95,0,1,1,0,0,0
2022-11-14,12.63,10.83,967.52,33.45,2252.3,22.5,3.08,5.55,7.48,8.51,9.38,22.52,30.85,0.134,0,0,0,1,0,2
2022-11-14,14.89,49.82,978.91,29.82,652.6,30.1,2.13,4.52,7.39,11.91,17.53,29.24,48.65,0.425,0,0,1,1,0,1
2022-11-15,13.0,28.03,950.19,142.39,1089.9,36.9,1.56,3.42,4.84,8.21,11.11,13.51,27.31,0.192,0,0,1,3,0,2
2022-11-15,40.66,66.05,1014.44,53.33,1638.2,36.3,1.05,1.92,3.42,6.25,9.25,15.18,28.91,0.116,7,0,1,0,2,3
2022-11-15,40.35,14.68,941.79,80.47,2024.7,41.0,4.1,7.73,16.69,29.01,38.09,46.09,58.63,0.061,4,0,1,2,1,2
2022-11-15,32.64,64.58,977.67,149.53,459.7,11.5,2.84,3.46,4.62,7.16,10.79,17.12,27.56,0.18,0,0,0,2,0,2
2022-11-16,12.19,67.92,1024.92,16.81,1762.7,43.6,4.12,8.47,16.09,30.14,36.24,77.91,165.72,0.95,0,1,2,0,0,0
2022-11-17,21.62,94.47,946.47,95.28,1491.1,17.7,7.91,11.29,22.44,31.14,53.97,100.55,154.36,0.95,0,2,2,2,0,0
2022-11-17,42.4,41.63,946.74,152.45,1032.3,8.6,5.02,7.97,14.92,28.34,35.98,46.29,76.09,0.291,4,1,1,3,2,2
2022-11-17,7.42,96.4,966.87,99.59,2034.3,28.2,0.22,0.44,0.61,0.84,1.13,2.11,3.22,0.429,0,0,1,2,0,2
2022-11-18,6.5,13.53,974.08,122.66,330.3,45.3,7.47,14.16,21.05,25.04,34.26,44.05,93.62,0.627,0,1,2,2,0,0
2022-11-18,39.15,96.06,959.16,55.02,1834.0,25.8,2.54,5.32,6.96,8.14,13.26,29.65,44.78,0.387,3,0,1,1,2,2
2022-11-18,47.57,53.26,940.03,125.13,1464.7,24.8,2.98,3.85,6.66,10.69,16.8,23.75,51.66,0.135,8,0,1,3,3,3
2022-11-18,22.79,17.82,1008.51,50.59,966.7,16.1,2.59,4.44,7.26,8.71,10.18,21.01,38.9,0.121,0,0,0,0,0,1
2022-11-19,46.79,82.16,1016.7,143.35,1538.3,24.8,0.61,1.08,1.77,3.23,3.63,6.3,13.7,0.05,5,0,0,1,3,3
2022-11-19,30.19,51.72,1010.14,72.35,2162.9,16.6,1.52,2.37,3.26,4.27,6.59,13.22,28.97,0.15,0,0,0,1,0,2
2022-11-20,9.17,85.48,993.89,98.24,1465.9,37.6,0.1,0.13,0.19,0.22,0.26,0.32,0.7,0.34,0,0,1,1,0,2
2022-11-20,6.46,77.29,1027.95,19.43,2027.5,42.8,1.78,2.16,4.65,7.93,11.32,24.3,35.24,0.557,0,0,1,0,0,1
2022-11-20,25.88,67.08,1012.04,32.73,2363.1,13.8,0.39,0.79,1.66,2.08,3.19,4.17,6.26,0.118,0,0,0,0,0,2
2022-11-21,34.93,69.71,990.5,49.03,211.6,22.0,3.79,8.69,11.57,16.85,21.99,48.38,64.54,0.43,0,1,1,1,1,1
2022-11-22,46.99,91.46,945.84,39.26,1699.9,16.9,5.75,7.93,11.26,13.08,21.78,27.7,51.64,0.332,1,0,1,1,2,3
2022-11-22,11.71,24.15,987.58,140.21,2450.8,29.4,5.45,13.49,26.18,36.19,47.89,73.33,130.8,0.876,0,1,2,2,0,0
2022-11-22,10.69,66.0,1021.1,97.51,1541.8,8.6,2.05,3.04,4.86,6.88,11.62,19.6,35.95,0.463,0,0,0,1,0,1
2022-11-23,18.49,17.72,974.09,17.3,1369.2,27.7,0.87,2.05,3.71,6.24,7.42,15.9,19.09,0.05,0,0,0,1,0,2
2022-11-24,41.57,78.14,991.03,142.54,417.5,0.2,5.29,10.82,17.13,23.72,39.47,81.67,124.21,0.803,8,1,1,2,3,1
2022-11-24,19.72,75.34,958.75,92.77,2102.2,5.3,6.56,8.03,14.61,22.79,31.52,48.9,69.1,0.64,0,1,1,2,0,1
2022-11-24,30.37,42.06,1010.12,140.99,506.5,21.6,2.54,5.46,7.44,12.44,16.47,39.52,85.48,0.476,0,0,1,2,0,1
2022-11-24,12.76,31.72,1016.23,1.48,2218.2,6.6,2.81,6.83,13.49,25.65,38.66,52.64,82.54,0.581,0,1,1,0,0,0
2022-11-24,30.71,49.61,948.2,12.65,1977.8,37.9,3.05,6.69,9.91,15.57,21.9,33.45,68.21,0.396,0,0,1,1,0,1
2022-11-24,24.72,77.5,1025.21,130.25,1435.0,14.5,2.26,3.49,6.46,7.19,12.91,18.73,35.0,0.374,0,0,0,1,0,1
2022-11-26,30.74,65.18,1009.63,114.68,2296.3,10.9,1.14,1.76,3.2,4.55,5.92,7.25,14.49,0.115,0,0,0,1,0,2
2022-11-26,36.76,85.17,949.29,56.42,2183.6,30.9,1.7,3.46,5.14,6.3,10.07,17.61,32.73,0.277,3,0,1,2,1,2
2022-11-27,23.78,81.3,950.74,37.86,2471.5,26.0,1.77,2.4,3.22,5.35,6.01,10.87,21.24,0.31,0,0,1,1,0,1
2022-11-28,19.76,50.31,976.91,100.51,535.3,31.4,0.31,0.41,0.55,1.03,1.39,3.21,4.72,0.085,0,0,0,2,0,2
2022-11-28,11.33,15.96,946.19,109.44,689.3,24.9,12.43,29.78,62.35,122.62,152.89,262.73,451.65,0.95,0,3,3,3,0,0
2022-11-28,8.65,82.21,942.8,110.19,2189.7,7.1,2.82,6.49,11.99,13.83,19.87,28.62,48.59,0.648,0,0,1,3,0,1
2022-11-29,30.71,86.34,1007.46,21.0,384.4,1.4,2.06,3.09,6.02,11.9,18.9,34.54,45.32,0.427,0,0,0,0,0,1
2022-11-30,45.03,99.9,1014.96,38.69,88.7,44.8,5.58,12.43,27.33,45.96,55.11,98.48,194.83,0.95,7,3,3,0,3,0
2022-11-30,11.03,40.39,1027.86,81.92,391.9,27.2,9.76,17.61,36.64,45.23,79.91,99.56,176.72,0.95,0,2,2,1,0,0
2022-12-01,42.72,60.68,982.13,142.25,284.7,33.2,0.93,1.73,3.57,4.57,5.44,8.21,11.4,0.05,2,0,1,2,2,3
2022-12-01,31.07,82.45,978.35,154.11,2043.6,32.1,4.44,8.79,16.22,31.99,47.62,101.42,155.05,0.95,0,2,2,3,0,0
2022-12-02,19.53,60.64,1029.09,42.26,1460.8,30.3,1.63,3.64,6.71,8.72,14.37,29.08,45.69,0.412,0,0,1,0,0,1
2022-12-03,16.79,64.83,994.75,50.65,1131.9,0.9,2.73,6.27,11.91,13.11,20.77,32.98,69.68,0.621,0,1,0,1,0,1
2022-12-03,17.61,75.12,945.04,144.08,1672.3,19.6,0.78,1.3,2.41,2.86,4.69,6.54,14.03,0.293,0,0,0,3,0,2
2022-12-04,11.45,35.85,977.75,119.33,1745.7,27.1,3.64,6.88,14.12,20.39,30.84,38.83,81.28,0.607,0,1,1,2,0,0
2022-12-05,44.27,12.77,1014.92,74.08,472.7,43.2,3.3,7.08,12.27,15.75,19.19,25.81,37.44,0.05,5,0,1,1,2,3
2022-12-05,14.97,70.46,953.84,115.03,252.0,36.1,5.47,13.37,18.71,29.02,46.61,79.8,146.95,0.95,0,2,2,3,0,0
2022-12-05,7.97,14.03,966.82,111.83,428.9,18.4,0.93,2.27,3.28,6.16,9.15,17.38,28.94,0.183,0,0,0,2,0,2
2022-12-05,28.52,17.46,1004.39,82.61,642.3,46.1,2.84,3.43,4.36,7.24,9.38,14.74,20.51,0.05,0,0,1,1,0,2
2022-12-05,46.1,98.73,943.61,6.72,2433.9,32.6,9.55,15.01,24.28,45.38,77.55,122.84,263.44,0.95,1,3,3,1,2,1
2022-12-06,17.52,18.05,946.37,9.93,480.0,14.6,0.33,0.43,0.6,1.17,1.51,2.71,3.83,0.05,0,0,0,1,0,2
2022-12-06,6.82,38.2,1008.47,102.55,2149.5,25.1,4.0,8.27,14.75,28.17,41.48,81.13,113.15,0.877,0,1,2,1,0,0
2022-12-06,43.02,51.84,959.48,71.15,2231.7,32.6,4.32,9.43,18.58,26.0,32.0,53.3,98.21,0.484,4,1,1,2,2,1
2022-12-07,10.75,68.98,1029.18,155.3,899.4,24.3,3.41,6.71,14.15,25.15,30.47,73.32,149.76,0.95,0,1,2,2,0,0
2022-12-08,17.32,96.99,947.33,132.58,864.9,24.6,1.3,2.62,4.08,7.47,11.18,23.43,29.86,0.511,0,0,1,3,0,1
2022-12-08,13.7,87.75,990.78,159.69,471.2,34.1,1.39,2.74,3.51,5.65,6.73,9.28,13.2,0.39,0,0,1,2,0,1
2022-12-08,11.33,11.76,991.36,60.33,1419.7,10.1,4.01,7.16,10.94,21.87,25.64,64.01,77.36,0.461,0,1,1,1,0,1
2022-12-08,22.98,80.46,1029.06,73.92,1631.6,22.3,1.36,1.85,2.61,4.57,7.48,11.39,22.6,0.323,0,0,0,0,0,1
2022-12-09,28.11,29.37,1023.99,108.37,1652.0,24.6,0.23,0.29,0.47,0.68,0.94,1.91,3.45,0.05,0,0,0,1,0,2
2022-12-09,38.2,53.75,990.67,66.06,2336.6,28.3,1.99,2.46,5.39,9.66,13.6,17.71,28.8,0.079,7,0,1,1,2,3
2022-12-09,37.18,75.29,996.74,35.2,1068.8,9.6,0.91,1.74,3.72,6.21,8.27,15.94,33.54,0.228,7,0,0,0,2,2
2022-12-09,5.52,69.22,1003.5,82.79,926.8,27.3,1.19,1.8,3.92,4.72,5.3,11.83,23.85,0.45,0,0,1,1,0,1
2022-12-10,19.68,24.53,993.58,126.28,521.4,13.3,1.86,3.37,4.08,7.07,9.42,17.07,34.54,0.156,0,0,0,2,0,1
2022-12-10,15.42,63.3,971.94,131.22,170.1,11.1,0.05,0.11,0.18,0.29,0.36,0.91,1.42,0.172,0,0,0,2,0,2
2022-12-10,24.41,25.37,955.32,119.35,18.2,10.6,7.2,12.47,24.43,34.9,39.77,74.24,105.18,0.584,0,2,1,3,0,0
2022-12-10,37.83,94.4,969.5,66.13,587.7,12.7,4.22,8.61,16.36,30.25,44.39,96.08,173.02,0.95,3,2,2,1,2,0
2022-12-11,23.58,92.76,982.45,7.43,995.6,2.1,4.49,6.93,12.22,17.47,28.41,43.79,85.37,0.797,0,1,1,0,0,0
2022-12-11,41.0,95.42,1024.15,25.63,1380.7,13.8,2.1,4.37,7.82,9.96,13.23,25.52,43.44,0.357,9,0,0,0,3,2
2022-12-11,6.8,94.97,984.14,41.8,550.7,39.2,2.85,3.66,4.64,8.53,13.16,32.62,58.25,0.795,0,1,2,1,0,0
2022-12-12,35.66,36.03,994.24,21.5,2354.9,1.1,5.09,7.69,15.12,18.78,29.82,48.33,80.81,0.362,1,1,0,0,1,1
2022-12-12,14.4,12.89,1008.11,38.99,526.0,16.1,6.71,8.07,14.55,28.37,49.34,97.93,121.41,0.73,0,1,2,0,0,0
2022-12-13,22.11,32.79,1008.7,151.53,1717.3,25.9,4.82,8.59,15.75,24.87,28.97,43.28,71.55,0.42,0,1,1,2,0,1
2022-12-13,15.61,99.38,1000.95,144.82,1327.4,8.6,2.46,3.29,5.93,9.68,11.33,28.23,37.97,0.594,0,0,0,2,0,1
2022-12-13,11.94,88.45,963.1,124.82,124.4,2.5,0.99,1.43,2.31,3.16,4.62,6.17,13.14,0.41,0,1,0,2,0,1
2022-12-14,31.64,79.95,990.87,124.57,223.6,46.8,0.59,0.83,1.47,2.28,3.35,5.96,9.65,0.148,0,0,1,2,0,2
2022-12-14,7.68,24.43,956.75,58.45,2048.7,9.5,0.15,0.31,0.51,0.67,0.79,1.63,3.17,0.066,0,0,0,1,0,2
2022-12-15,8.39,34.47,1008.2,78.91,68.7,11.3,0.62,1.49,2.47,2.79,3.48,7.07,12.41,0.171,0,0,0,1,0,2
2022-12-16,35.26,67.94,1002.58,45.78,866.2,27.9,7.12,13.35,22.73,41.34,65.27,96.26,171.75,0.95,4,2,2,1,1,0
2022-12-16,28.3,60.86,1002.22,30.33,1810.8,22.3,1.02,1.48,2.26,3.19,3.62,8.26,16.35,0.13,0,0,0,0,0,2
2022-12-16,18.23,69.06,972.02,155.08,757.8,46.0,0.66,0.99,1.84,2.79,3.73,5.83,10.72,0.234,0,0,1,2,0,2
2022-12-17,20.61,91.8,992.86,155.22,208.1,7.3,2.46,3.63,4.42,5.5,7.79,18.68,40.95,0.526,0,1,0,2,0,1
2022-12-17,8.51,22.48,941.74,145.64,1303.9,25.6,1.99,2.86,5.65,7.74,13.48,30.84,63.85,0.453,0,0,1,3,0,1
2022-12-17,40.02,43.18,1000.02,20.41,2462.0,31.9,0.57,0.81,1.13,2.15,2.72,6.78,9.4,0.05,1,0,0,0,1,3
2022-12-19,32.32,82.35,971.43,112.05,714.7,16.7,0.37,0.65,1.1,1.61,2.79,5.28,8.59,0.146,0,0,0,2,0,2
2022-12-20,15.41,37.13,988.56,147.42,881.0,16.1,8.27,13.57,19.72,31.59,44.24,92.08,135.83,0.937,0,1,2,2,0,0
2022-12-20,42.17,48.92,1017.8,89.33,1923.7,29.0,0.4,0.51,0.7,1.23,1.58,3.83,5.68,0.05,4,0,0,1,2,3
2022-12-20,29.31,74.62,961.46,43.46,1160.8,10.6,0.37,0.63,0.92,1.58,2.61,4.11,7.11,0.127,0,0,0,1,0,2
2022-12-21,36.16,50.38,979.97,90.53,1127.2,17.8,5.59,7.96,9.65,11.6,14.14,21.94,36.58,0.134,6,0,0,1,2,2
2022-12-21,40.03,86.41,947.61,104.25,413.9,16.7,1.75,3.24,4.6,5.15,6.17,8.03,16.21,0.14,4,0,0,2,2,3
2022-12-22,18.5,46.19,1018.65,27.87,1308.6,42.4,4.11,9.94,16.43,32.18,37.25,49.82,60.0,0.446,0,1,2,0,0,1
2022-12-22,43.22,91.67,998.93,24.45,768.7,47.6,3.03,4.23,8.25,10.56,18.38,33.79,71.8,0.505,4,0,2,0,3,2
2022-12-22,29.97,24.35,957.31,151.65,1431.0,13.6,7.94,17.76,24.58,40.52,67.54,148.86,213.69,0.95,0,2,2,3,0,0
2022-12-22,12.82,44.56,974.89,58.54,2250.1,13.3,1.7,3.94,4.93,5.57,6.7,16.1,33.36,0.317,0,0,0,1,0,1
2022-12-23,29.34,87.59,986.46,154.95,2397.7,14.4,6.32,14.68,23.21,30.82,53.53,78.32,129.56,0.95,0,2,2,3,0,0
2022-12-23,18.63,40.27,946.07,32.66,422.5,38.2,2.6,5.97,11.0,21.28,26.08,37.2,81.04,0.555,0,1,1,1,0,0
2022-12-23,38.39,72.41,1018.41,73.24,259.4,34.5,2.04,3.93,6.54,9.3,12.02,26.2,53.01,0.332,4,1,1,1,2,2
2022-12-24,14.77,48.6,960.34,2.44,1427.1,46.1,9.21,16.67,26.65,48.61,59.05,81.25,170.16,0.95,0,2,3,1,0,0
2022-12-24,21.02,32.72,994.32,19.24,2257.3,46.1,3.15,6.46,12.24,21.15,32.94,41.41,62.81,0.372,0,1,2,0,0,1
2022-12-24,13.67,98.67,1008.8,12.17,1821.2,35.5,1.07,1.73,3.12,3.59,5.84,9.82,20.09,0.491,0,0,1,0,0,1
2022-12-25,21.74,67.79,957.95,30.62,2214.5,2.8,2.98,3.89,7.26,8.9,10.54,25.78,49.08,0.449,0,0,0,1,0,1
2022-12-25,21.58,50.51,1004.76,47.45,2037.5,30.1,4.58,9.99,12.43,20.91,31.73,56.95,90.63,0.641,0,1,1,1,0,0
2022-12-25,19.6,81.04,1023.87,143.34,1144.8,30.5,4.0,7.6,10.64,17.1,27.39,44.84,65.54,0.646,0,1,1,1,0,1
2022-12-26,34.13,23.75,966.18,85.08,411.7,3.0,0.41,0.57,1.02,1.25,1.66,2.12,2.71,0.05,0,0,0,2,0,3
2022-12-26,8.11,46.51,963.13,65.5,1694.8,0.6,2.3,3.07,3.92,5.85,7.35,13.8,21.14,0.292,0,0,0,1,0,2
2022-12-26,33.7,20.58,1002.59,9.38,1254.7,29.0,3.18,7.88,10.82,18.91,32.69,72.58,117.65,0.55,0,1,1,0,0,1
2022-12-27,35.84,26.85,985.52,105.86,196.3,16.7,4.44,6.93,11.9,21.29,31.45,75.72,109.6,0.506,9,1,1,2,2,1
2022-12-27,26.05,28.74,956.31,22.86,109.0,5.5,1.43,2.79,5.8,10.06,13.61,21.49,38.72,0.141,0,1,0,1,0,2
2022-12-28,19.93,49.74,1027.42,108.13,261.3,12.9,1.64,2.89,3.89,5.44,8.75,11.03,18.09,0.17,0,0,0,1,0,2
2022-12-28,36.47,81.09,978.76,122.69,605.3,28.4,6.61,14.42,24.18,27.45,39.79,81.55,164.0,0.95,7,1,2,2,2,0
2022-12-29,12.3,49.71,992.76,37.23,2290.1,39.5,0.87,1.81,2.53,4.41,6.03,13.31,26.01,0.299,0,0,1,0,0,1
2022-12-30,15.05,48.92,1017.61,71.33,483.0,20.1,3.83,8.33,13.34,22.99,27.86,41.02,55.99,0.467,0,1,1,1,0,1
2022-12-30,47.5,41.03,989.32,113.99,973.4,19.0,1.66,2.95,4.78,9.48,10.79,16.94,24.42,0.05,6,0,0,2,3,3
2022-12-30,15.4,56.18,993.19,137.66,2253.5,45.7,0.64,1.05,1.82,3.26,5.38,8.13,10.37,0.196,0,0,1,2,0,2
2022-12-31,15.1,68.38,970.97,128.88,720.5,2.9,5.19,7.11,10.53,20.3,36.24,83.9,152.11,0.95,0,1,1,2,0,0
2022-12-31,44.36,23.35,977.56,148.3,1205.8,1.7,0.29,0.72,0.92,1.27,1.53,2.87,4.6,0.05,8,0,0,2,3,3
2022-12-31,13.98,27.73,959.66,99.25,1680.1,22.8,1.34,3.09,5.78,7.02,10.14,16.03,31.33,0.208,0,0,0,2,0,1
2022-12-31,19.13,92.39,991.58,132.96,1410.1,40.2,7.34,15.27,29.17,37.21,44.52,61.9,111.48,0.95,0,1,2,2,0,0
2023-01-01,20.1,69.83,1001.02,16.86,941.4,40.1,0.83,1.54,2.23,2.73,3.13,7.39,16.02,0.255,0,0,1,0,0,2
2023-01-01,46.91,44.84,970.12,97.55,1293.1,35.6,0.76,1.59,3.27,4.12,5.56,13.61,21.97,0.05,3,0,1,2,2,3
2023-01-01,40.06,51.46,1026.2,138.99,156.0,41.8,2.77,5.78,8.23,16.3,19.09,31.34,60.72,0.261,8,1,1,1,2,2
2023-01-01,30.19,51.24,1009.63,80.62,626.2,5.3,4.65,10.91,14.8,27.33,47.51,60.25,94.18,0.582,0,1,1,1,0,1
2023-01-01,46.82,37.02,991.32,79.91,1533.7,30.7,2.6,4.95,7.94,13.86,21.22,47.51,97.03,0.364,6,0,1,1,3,2
2023-01-01,29.55,79.0,996.94,120.3,2159.9,19.2,1.12,1.51,2.95,4.72,5.74,7.49,15.83,0.205,0,0,0,1,0,2
2023-01-01,25.77,59.24,1009.83,34.88,130.8,8.2,1.25,2.36,4.6,5.95,9.3,17.81,27.07,0.219,0,1,0,0,0,2
2023-01-02,36.37,78.36,996.47,62.05,254.3,37.3,0.71,1.62,2.69,3.61,4.4,9.1,11.61,0.105,2,0,1,1,1,3
2023-01-02,31.77,86.17,1007.97,80.33,1723.5,0.3,6.09,13.3,21.24,27.17,30.98,60.37,74.54,0.61,0,1,1,1,0,1
2023-01-03,17.4,87.62,1017.28,135.26,71.1,8.4,1.66,3.89,5.26,5.94,8.25,16.83,31.26,0.473,0,1,0,1,0,1
2023-01-03,47.63,45.2,945.58,72.41,2428.6,18.8,0.72,1.31,2.81,4.61,7.35,17.56,35.91,0.05,7,0,0,2,3,3
2023-01-05,20.76,71.08,1029.24,44.73,2336.9,7.1,1.96,4.36,6.4,7.31,10.02,22.91,43.18,0.436,0,0,0,0,0,1
2023-01-05,6.49,70.96,1019.96,126.86,1525.2,23.8,0.28,0.49,1.04,1.83,3.22,6.89,10.17,0.358,0,0,0,1,0,2
2023-01-05,17.8,21.76,1003.53,51.97,1676.1,1.9,1.4,2.9,3.94,4.47,6.77,12.48,26.58,0.108,0,0,0,1,0,2
2023-01-05,34.13,23.17,1028.98,16.67,2064.7,12.4,2.2,3.12,6.44,11.26,16.49,22.84,33.21,0.05,0,0,0,0,0,2
2023-01-05,33.53,25.03,991.45,152.62,605.4,5.0,0.53,1.27,2.47,3.7,5.96,10.97,22.98,0.05,0,0,0,2,0,2
2023-01-06,19.27,84.51,1019.17,137.92,389.8,42.8,0.19,0.36,0.75,1.15,1.9,3.54,7.65,0.281,0,0,1,1,0,2
2023-01-06,30.64,35.59,972.41,88.78,1745.7,45.6,1.96,4.67,8.16,14.85,18.07,27.73,36.8,0.117,0,0,1,2,0,2
2023-01-06,6.76,62.34,990.19,44.69,319.9,2.5,2.35,4.44,8.39,11.61,13.42,22.39,26.96,0.424,0,0,0,1,0,1
2023-01-06,47.44,46.71,1022.99,146.85,541.5,33.0,6.8,9.76,19.34,35.33,59.71,90.28,183.46,0.95,9,2,2,2,3,1
2023-01-06,40.88,71.73,990.51,75.71,1448.5,20.4,7.58,18.51,28.36,33.21,59.13,87.15,116.56,0.727,2,1,2,1,2,1
2023-01-06,46.45,14.32,996.55,33.33,262.8,6.5,2.91,3.89,6.23,12.46,14.37,34.9,48.11,0.05,5,0,0,0,2,3
2023-01-07,6.35,41.73,976.62,12.23,1534.5,15.5,1.11,2.37,4.12,7.35,12.67,19.97,28.86,0.338,0,0,0,0,0,1
2023-01-08,11.39,91.85,980.48,103.51,3.6,45.7,0.08,0.15,0.25,0.37,0.54,1.08,2.26,0.36,0,1,1,2,0,2
2023-01-08,38.53,99.25,1008.17,83.56,2474.2,24.4,3.44,5.92,10.7,20.78,33.63,47.77,102.01,0.791,3,1,1,1,2,1
2023-01-08,40.42,24.63,980.71,58.04,1148.8,25.0,3.26,6.97,13.18,24.44,41.84,78.7,160.16,0.787,5,1,2,1,2,0
2023-01-09,11.57,78.11,971.19,86.42,1089.6,45.6,1.56,3.67,5.11,9.36,15.51,34.96,45.57,0.579,0,0,2,2,0,1
2023-01-09,34.98,69.68,1001.16,106.02,905.3,5.4,2.03,3.28,6.42,12.67,18.59,42.13,60.67,0.403,0,0,0,1,1,2
2023-01-09,14.35,19.06,987.48,52.56,1504.3,7.8,7.07,16.71,27.81,55.49,71.17,148.83,262.21,0.95,0,2,2,1,0,0
2023-01-10,35.85,84.43,941.87,75.55,1375.7,36.0,2.13,2.68,4.66,9.3,16.44,38.71,77.45,0.58,8,1,1,2,2,1
2023-01-10,25.73,58.3,990.47,105.77,744.7,20.4,0.09,0.18,0.34,0.41,0.47,1.14,1.43,0.05,0,0,0,1,0,2
2023-01-10,40.12,59.91,1004.79,50.06,996.9,29.5,17.74,31.06,52.45,83.16,147.99,188.99,355.82,0.95,3,3,3,1,2,0
2023-01-10,7.51,49.72,971.93,103.95,749.9,31.8,12.88,24.34,41.35,51.49,90.93,157.02,225.35,0.95,0,3,3,2,0,0
2023-01-11,22.84,12.23,941.14,36.62,528.4,15.5,0.43,1.06,1.46,1.74,2.2,4.45,8.08,0.05,0,0,0,1,0,2
2023-01-11,28.87,63.72,976.84,97.81,144.2,4.6,2.8,4.04,7.12,8.93,14.73,30.03,36.11,0.271,0,1,0,2,0,2
2023-01-12,10.46,54.26,1025.59,99.9,249.1,15.8,2.92,4.05,8.57,13.91,16.12,39.14,60.84,0.572,0,1,1,1,0,1
2023-01-12,17.64,45.02,1020.3,93.74,536.5,13.6,4.3,8.77,19.16,35.16,43.89,104.35,129.32,0.911,0,1,2,1,0,0
2023-01-13,47.19,15.2,972.7,125.15,1627.0,6.7,1.19,2.26,3.5,5.52,8.09,12.91,18.06,0.05,4,0,0,2,2,3
2023-01-13,46.4,43.47,947.3,126.73,946.6,0.2,1.34,2.22,4.83,6.24,7.9,11.94,16.44,0.05,5,0,0,3,3,3
2023-01-13,7.07,58.26,1010.83,30.91,272.3,26.1,3.38,5.34,11.15,19.12,25.72,50.23,76.53,0.731,0,1,1,0,0,0
2023-01-13,29.8,50.54,987.63,133.64,823.1,45.5,1.85,3.14,6.88,11.69,20.67,51.08,102.17,0.636,0,1,2,2,0,0
2023-01-17,29.58,19.03,971.44,158.03,395.4,22.0,6.72,15.16,31.53,48.47,65.98,115.59,167.94,0.919,0,2,2,3,0,0
2023-01-18,39.72,14.68,971.41,139.51,758.3,17.4,1.16,2.52,5.4,9.7,14.28,21.45,37.5,0.05,8,0,0,2,2,3
2023-01-18,44.34,16.03,949.44,97.09,607.4,7.4,4.15,8.55,11.9,15.76,25.93,31.9,43.73,0.05,1,0,0,2,1,3
2023-01-18,13.87,21.62,994.33,133.44,1139.3,41.7,4.52,7.93,12.69,16.3,24.21,52.89,68.96,0.429,0,0,2,2,0,1
2023-01-18,27.12,59.82,988.78,63.32,1248.6,46.1,1.75,2.91,4.02,4.67,6.97,10.89,21.29,0.17,0,0,1,1,0,2
2023-01-18,12.0,41.16,961.53,58.51,93.2,43.3,2.11,4.25,8.96,16.47,26.84,59.33,97.56,0.736,0,2,2,1,0,0
2023-01-19,42.97,26.13,976.67,152.3,660.0,14.4,6.0,14.7,19.59,27.61,47.38,71.17,130.13,0.569,5,1,1,3,2,1
2023-01-19,19.72,53.7,990.01,154.4,2000.3,19.7,0.89,1.28,1.55,1.81,2.98,6.37,8.2,0.126,0,0,0,2,0,2
2023-01-19,12.15,81.89,983.52,12.03,1348.7,40.3,2.67,4.91,7.02,9.33,15.75,20.19,31.41,0.497,0,0,1,0,0,1
2023-01-19,8.86,54.29,1029.84,128.41,2369.0,4.3,3.33,7.61,10.13,14.97,17.36,24.82,49.52,0.513,0,0,0,1,0,1
2023-01-20,20.87,75.29,1004.58,122.03,783.0,7.1,0.41,0.61,1.21,1.89,3.09,6.43,8.16,0.222,0,0,0,1,0,2
2023-01-20,17.42,56.04,978.49,112.22,1577.6,42.0,1.93,3.58,6.58,7.48,13.09,22.26,30.23,0.307,0,0,1,2,0,1
2023-01-20,40.79,41.85,999.17,30.58,1569.1,47.9,2.53,4.0,5.02,8.27,12.22,15.27,27.49,0.05,9,0,1,0,3,3
2023-01-21,40.42,15.85,1028.82,39.03,2152.1,18.4,1.92,3.73,7.76,10.5,15.51,33.58,69.24,0.137,4,0,0,0,1,2
2023-01-22,33.89,28.53,1012.34,65.36,493.0,48.3,0.8,1.61,2.48,4.57,7.49,11.91,24.59,0.05,0,0,1,1,0,2
2023-01-22,35.48,63.26,1001.36,23.39,1204.3,33.5,0.57,1.03,1.77,2.03,3.58,5.11,8.85,0.05,1,0,0,0,1,3
2023-01-23,32.37,42.77,971.47,52.68,835.4,19.2,3.28,4.07,7.03,13.78,17.38,38.1,73.42,0.38,0,0,1,1,0,1
2023-01-23,7.92,44.19,1024.16,91.8,1817.2,48.8,1.17,2.68,4.38,7.21,11.89,29.69,38.12,0.396,0,0,1,1,0,1
2023-01-23,12.79,16.8,947.62,127.82,728.6,11.1,1.23,2.85,6.16,8.54,10.78,14.15,23.18,0.111,0,0,0,3,0,2
2023-01-25,46.61,99.0,987.47,7.66,1084.4,16.0,0.36,0.61,1.28,2.26,2.99,6.97,14.06,0.123,3,0,0,0,3,3
2023-01-26,43.51,21.67,997.76,156.68,865.5,32.9,1.18,1.52,2.01,2.98,4.25,7.75,9.65,0.05,7,0,0,2,2,3
2023-01-26,5.52,21.54,962.4,8.4,2339.8,19.5,1.6,2.53,5.11,7.81,11.37,24.72,42.37,0.335,0,0,1,1,0,1
2023-01-26,20.29,21.38,961.34,27.25,1698.6,40.6,6.5,10.59,13.8,24.34,36.0,84.35,124.77,0.736,0,1,2,1,0,0
2023-01-26,6.58,18.2,990.56,23.22,1219.6,45.9,1.4,2.55,4.48,8.4,13.54,26.42,44.24,0.32,0,0,1,0,0,1
2023-01-27,27.92,20.95,974.66,158.09,2254.8,37.5,1.6,2.66,4.43,8.24,12.73,23.31,37.61,0.076,0,0,1,3,0,2
2023-01-27,13.28,22.57,949.8,129.72,1350.8,0.1,1.58,3.63,4.73,6.9,10.02,23.9,35.43,0.216,0,0,0,3,0,1
2023-01-27,20.36,75.92,1010.8,150.48,116.1,26.0,0.45,1.13,2.2,3.83,4.89,10.54,14.3,0.271,0,0,1,2,0,2
2023-01-27,7.94,88.34,973.97,56.14,1754.4,12.6,13.83,33.02,49.2,76.72,135.25,211.19,256.76,0.95,0,3,3,2,0,0
2023-01-27,10.49,56.31,1004.73,17.95,2349.6,21.1,0.9,1.62,3.07,5.52,6.85,13.25,16.27,0.285,0,0,0,0,0,2
2023-01-28,42.33,89.46,948.1,106.27,1715.8,24.9,8.7,12.78,21.35,41.89,74.67,167.59,256.85,0.95,6,2,3,3,3,0
2023-01-28,19.4,38.14,940.66,65.99,476.8,25.8,6.13,14.42,21.55,24.93,29.31,46.74,99.41,0.659,0,1,1,2,0,0
2023-01-29,33.31,29.72,994.97,142.43,2374.9,49.1,10.22,18.25,33.28,61.15,104.49,173.95,301.34,0.95,0,3,3,2,0,0
2023-01-29,46.86,17.97,1008.93,141.56,1273.0,25.7,3.23,7.03,12.24,17.84,27.8,64.67,121.67,0.432,2,1,1,2,2,2
2023-01-29,28.38,78.26,1022.63,36.27,148.8,22.0,1.05,1.98,2.5,3.45,4.62,10.68,19.16,0.235,0,0,0,0,0,2
2023-01-30,32.61,73.3,968.39,142.5,1981.3,45.5,1.3,3.17,5.79,8.53,12.18,23.72,32.52,0.257,0,0,1,2,0,2
2023-01-30,21.99,22.23,1018.81,64.17,312.4,27.4,3.54,5.65,7.11,10.36,17.82,42.49,53.02,0.245,0,0,1,0,0,1
2023-01-30,5.94,67.41,987.63,12.47,1662.5,24.5,2.06,4.99,10.75,18.25,20.68,39.13,60.55,0.681,0,1,1,0,0,1
2023-01-31,10.42,42.01,950.01,93.39,2294.0,26.0,2.44,5.71,11.69,16.44,18.14,30.38,59.87,0.505,0,0,1,2,0,1
2023-01-31,26.53,84.54,943.74,21.27,1717.2,35.0,3.37,6.05,12.57,22.25,37.05,69.67,137.53,0.95,0,1,2,1,0,0
2023-02-01,38.99,68.51,1027.6,97.02,2306.0,20.6,1.14,1.88,3.49,6.63,9.19,18.8,30.4,0.155,5,0,0,1,2,2
2023-02-01,29.84,88.75,1016.47,40.7,2067.3,6.2,5.5,7.35,13.68,24.23,27.45,56.22,74.98,0.645,0,1,1,0,0,1
2023-02-03,27.69,19.4,954.19,11.05,1298.4,26.1,2.81,5.9,7.71,14.08,15.94,20.76,36.78,0.065,0,0,0,1,0,2
2023-02-03,35.32,95.92,997.47,145.98,470.0,8.3,12.47,26.91,53.22,76.98,86.3,139.22,194.51,0.95,2,2,2,3,1,0
2023-02-03,22.89,51.71,948.54,142.34,1526.3,8.6,1.01,2.52,3.83,6.02,7.37,16.19,30.22,0.231,0,0,0,3,0,1
2023-02-03,10.22,84.89,1002.91,25.22,1500.4,14.0,2.36,5.2,6.75,9.81,13.34,29.47,59.76,0.721,0,1,1,0,0,1
2023-02-04,27.47,16.04,984.87,64.62,2170.3,30.6,1.76,4.14,8.14,9.18,15.31,28.0,54.24,0.167,0,0,1,1,0,1
2023-02-04,16.91,76.81,1013.53,104.33,1512.5,17.2,0.29,0.69,1.31,2.61,3.76,6.43,7.96,0.268,0,0,0,1,0,2
2023-02-04,19.5,79.37,997.71,39.61,400.2,17.1,1.86,4.1,7.79,15.17,22.33,41.67,88.42,0.791,0,1,1,1,0,0
2023-02-04,28.64,84.72,1015.15,39.37,981.9,10.7,5.16,10.51,20.46,32.72,38.61,92.29,181.05,0.95,0,2,2,0,0,0
2023-02-04,26.55,32.95,949.87,54.67,1761.9,30.2,0.65,1.48,1.91,2.64,4.47,6.53,7.85,0.05,0,0,0,1,0,2
2023-02-04,24.95,40.33,953.36,33.51,253.6,25.6,6.33,10.35,15.63,27.92,34.84,53.6,75.96,0.459,0,1,1,1,0,1
2023-02-05,22.83,27.43,965.06,139.14,882.8,13.8,2.19,5.35,7.32,11.51,19.9,40.89,63.77,0.334,0,0,1,2,0,1
2023-02-05,14.99,92.71,1028.65,108.9,1957.4,14.0,2.9,3.78,8.08,15.25,19.06,31.12,55.23,0.682,0,1,1,1,0,1
2023-02-05,47.91,67.16,980.69,79.37,961.4,19.1,1.23,2.54,5.31,8.37,14.81,28.47,53.72,0.215,8,0,0,1,3,3
2023-02-05,29.42,17.07,988.61,36.81,1321.2,21.9,6.47,11.31,23.65,39.17,68.32,99.3,168.89,0.917,0,2,2,1,0,0
2023-02-05,27.27,11.33,954.98,115.95,316.3,2.3,0.72,1.13,2.0,2.25,2.51,5.52,9.87,0.05,0,0,0,2,0,2
2023-02-06,8.05,59.9,956.46,45.08,2330.3,36.1,9.19,12.18,21.7,26.96,34.7,54.89,115.85,0.95,0,1,2,1,0,0
2023-02-06,31.87,49.24,947.5,11.76,764.4,11.4,0.3,0.68,1.18,1.35,1.96,2.49,4.74,0.05,0,0,0,1,0,2
2023-02-06,23.18,45.75,952.9,61.83,92.1,36.3,1.7,3.42,5.17,10.29,16.98,34.38,72.3,0.479,0,1,1,2,0,1
2023-02-06,38.41,54.66,953.87,75.91,1050.3,44.3,8.05,18.63,34.59,46.53,68.75,113.42,177.19,0.95,9,2,3,2,2,0
2023-02-07,46.39,34.25,968.25,34.15,725.6,30.9,7.76,16.76,24.55,43.17,71.77,151.52,230.85,0.95,7,2,3,1,3,1
2023-02-07,38.08,76.24,999.11,85.85,198.6,24.2,1.67,2.24,3.19,5.97,9.92,17.41,22.27,0.149,8,0,0,1,2,3
2023-02-08,39.87,92.24,1026.51,73.06,1572.7,33.0,1.85,3.69,5.87,6.89,10.21,18.15,24.71,0.227,5,0,1,1,2,3
2023-02-08,29.33,38.49,1013.17,79.71,1833.5,39.9,1.94,3.72,7.26,9.46,11.39,18.94,32.92,0.119,0,0,1,1,0,2
2023-02-08,19.62,29.36,941.77,45.78,2131.8,39.1,14.08,30.87,46.4,78.65,93.14,195.63,403.06,0.95,0,3,3,2,0,0
2023-02-09,46.14,50.34,963.2,150.34,908.8,45.2,1.43,3.0,6.02,7.32,10.4,24.0,51.0,0.13,4,0,1,3,2,3
2023-02-09,30.28,48.51,999.54,117.83,1272.2,44.7,0.47,1.14,1.9,3.6,4.97,9.89,15.53,0.05,0,0,1,1,0,2
2023-02-09,17.04,42.35,992.86,38.25,1027.6,0.4,5.2,9.63,12.29,18.32,21.46,45.66,80.76,0.58,0,1,0,1,0,0
2023-02-09,30.88,47.21,952.32,43.38,1690.4,13.7,0.21,0.27,0.46,0.84,1.31,2.37,3.4,0.05,0,0,0,1,0,2
2023-02-10,28.82,20.54,973.69,41.91,2035.2,25.1,2.65,4.08,8.77,13.86,16.05,35.35,71.44,0.291,0,0,1,1,0,1
2023-02-10,31.46,31.8,945.7,73.93,1121.4,24.3,2.95,5.38,11.2,13.23,22.59,36.49,59.04,0.238,0,0,1,2,0,2
2023-02-10,34.22,54.37,1019.99,37.21,16.5,48.7,0.41,0.51,0.65,0.76,0.91,1.27,2.68,0.05,0,0,1,0,0,3
2023-02-12,15.05,40.28,960.56,110.31,1948.6,20.3,1.23,2.36,4.62,5.99,8.89,21.95,31.85,0.263,0,0,0,2,0,1
2023-02-13,30.59,21.31,959.55,7.27,883.4,2.3,1.36,1.87,2.65,4.86,7.51,13.8,20.36,0.05,0,0,0,1,0,2
2023-02-13,5.78,52.06,977.23,18.38,1771.6,36.7,2.38,3.2,6.37,9.66,13.24,22.59,37.56,0.453,0,0,1,1,0,1
2023-02-14,28.41,70.08,970.4,114.77,90.1,41.2,2.56,6.38,8.35,15.77,17.48,28.46,41.34,0.342,0,1,1,2,0,1
2023-02-14,18.68,77.15,959.91,123.2,2107.3,34.0,1.61,2.63,4.07,8.14,12.76,28.61,59.78,0.597,0,0,1,2,0,1
2023-02-15,16.17,76.75,1001.06,113.46,1997.3,6.8,4.88,10.75,20.44,35.65,55.14,69.76,110.24,0.95,0,1,1,2,0,0
2023-02-15,43.36,32.4,1009.14,3.91,543.8,31.4,1.57,3.0,5.98,11.2,15.95,32.5,67.2,0.176,2,0,1,0,2,2
2023-02-15,34.67,17.19,960.71,113.37,492.4,8.2,1.72,4.03,5.98,10.33,12.93,18.17,23.02,0.05,0,0,0,2,0,2
2023-02-15,38.62,26.41,960.43,111.67,1747.1,25.7,5.58,13.41,25.26,40.91,47.72,86.29,174.21,0.907,9,2,2,2,2,0
2023-02-16,18.09,30.44,990.99,102.04,1708.9,40.7,3.65,5.27,7.4,8.59,10.86,20.58,34.66,0.202,0,0,1,1,0,1
2023-02-16,44.95,74.37,942.06,30.42,2176.1,21.2,3.29,4.21,8.66,16.16,20.52,32.39,59.72,0.32,2,0,1,1,2,2
2023-02-17,37.52,53.97,956.33,66.5,484.7,0.2,0.84,1.85,2.56,3.89,4.7,6.93,9.93,0.05,4,0,0,2,1,3
2023-02-17,31.98,10.9,945.83,119.93,904.1,41.5,1.85,3.31,4.84,7.96,12.03,14.67,29.91,0.05,0,0,1,3,0,2
2023-02-18,45.34,35.51,940.08,10.6,1603.2,15.4,2.97,6.95,12.53,23.72,36.02,84.7,120.06,0.525,1,1,1,1,2,1
2023-02-18,23.61,74.67,1014.01,1.63,688.4,33.2,0.76,1.49,2.45,3.7,4.97,9.63,20.15,0.272,0,0,1,0,0,2
2023-02-19,6.03,17.4,995.02,103.08,375.1,16.1,0.84,1.53,2.34,3.84,6.8,15.65,26.27,0.202,0,0,0,1,0,2
2023-02-19,31.45,67.75,962.03,155.0,2337.0,18.4,3.65,6.99,9.95,13.16,16.45,22.52,49.18,0.352,0,0,1,3,0,2
2023-02-19,31.29,47.77,1005.44,37.9,110.3,7.4,1.63,2.43,3.56,5.25,6.19,12.11,20.64,0.064,0,0,0,0,0,2
2023-02-21,6.4,56.26,954.15,144.6,1726.6,1.0,1.56,3.12,4.2,7.36,10.67,12.83,20.68,0.355,0,0,0,3,0,1
2023-02-21,42.07,58.06,945.98,39.49,2337.1,49.3,6.39,10.61,12.9,16.61,19.22,30.86,56.4,0.246,9,0,1,1,3,2
2023-02-21,33.45,18.99,1015.44,120.71,291.8,19.4,3.17,7.26,10.99,14.43,19.78,46.89,62.77,0.179,0,1,1,1,0,2
2023-02-22,8.81,66.46,1029.63,79.49,2441.2,20.3,2.21,5.21,6.5,9.01,15.83,25.71,47.94,0.564,0,0,1,1,0,1
2023-02-22,13.27,54.93,996.31,49.32,1967.6,2.0,3.04,6.65,13.19,23.98,28.78,48.47,73.18,0.63,0,1,1,1,0,0
2023-02-22,10.03,63.17,998.13,21.29,533.0,3.0,3.87,9.62,14.48,19.64,25.26,54.53,110.45,0.95,0,1,1,0,0,0
2023-02-22,36.71,70.85,973.79,140.43,2481.3,25.4,1.61,3.17,4.82,9.34,13.27,33.13,70.17,0.455,9,0,1,2,2,1
2023-02-22,6.68,88.1,950.0,39.22,985.3,16.9,0.62,1.27,2.43,4.66,5.25,8.18,14.44,0.47,0,0,0,1,0,1
2023-02-25,20.28,56.35,956.44,0.93,323.4,18.1,4.77,11.01,16.77,18.75,25.05,47.32,58.15,0.467,0,1,1,1,0,1
2023-02-25,21.27,99.53,1026.17,53.22,808.3,42.6,0.78,1.74,3.54,4.3,6.59,10.65,22.04,0.432,0,0,1,0,0,1
2023-02-25,14.48,16.44,1015.83,31.04,1619.8,13.8,0.8,1.57,3.14,5.58,7.04,14.78,25.87,0.11,0,0,0,0,0,2
2023-02-26,36.97,55.88,956.84,42.3,1804.5,32.9,4.31,7.31,14.13,17.22,18.99,29.45,61.99,0.323,3,0,1,1,1,2
2023-02-26,31.78,75.21,948.61,23.65,1669.2,20.7,2.67,5.51,8.38,9.92,17.37,33.68,62.7,0.476,0,0,1,1,0,1
2023-02-27,26.63,89.65,981.63,53.78,673.8,8.0,4.53,6.36,9.5,17.21,28.64,52.27,104.28,0.877,0,1,1,1,0,0
2023-02-27,10.12,28.89,1022.53,4.41,728.6,21.2,3.87,6.35,9.82,15.73,24.24,53.06,93.47,0.666,0,1,1,0,0,0
2023-02-27,18.73,14.3,998.94,78.33,1896.0,14.5,1.95,4.05,8.82,16.14,23.66,53.83,77.38,0.4,0,0,1,1,0,1
2023-02-27,7.74,29.45,943.62,84.12,2043.6,45.6,4.5,7.63,15.61,21.4,28.48,50.48,74.11,0.564,0,1,2,2,0,1
2023-02-28,40.45,23.69,985.48,15.49,2005.6,7.7,2.17,2.83,6.05,7.07,10.54,13.38,23.65,0.05,4,0,0,0,2,3
2023-03-01,25.86,43.14,995.39,63.97,1242.2,24.3,2.13,3.97,5.72,7.88,10.24,23.8,39.11,0.218,0,0,1,1,0,1
2023-03-01,32.92,21.35,1001.25,85.62,1997.0,16.3,3.79,8.1,14.76,24.87,37.14,78.04,127.24,0.626,0,1,1,1,0,0
2023-03-03,6.09,70.37,971.61,74.89,1092.7,3.5,3.39,7.02,8.91,10.5,14.6,33.22,71.68,0.769,0,1,1,1,0,0
2023-03-03,19.41,73.88,986.14,16.98,1020.7,11.4,3.15,5.78,8.42,15.06,24.83,47.08,81.15,0.716,0,1,1,0,0,0
2023-03-03,6.94,52.35,1017.53,35.89,403.6,36.1,4.72,6.85,10.32,18.13,20.43,27.91,55.56,0.563,0,1,1,0,0,1
2023-03-03,44.91,44.48,981.72,25.53,1767.3,36.8,1.2,1.64,2.18,2.62,3.49,4.34,8.86,0.05,5,0,1,1,2,3
2023-03-04,16.18,32.63,987.41,46.75,872.7,44.8,5.11,8.56,11.23,18.01,21.65,50.7,107.16,0.716,0,1,2,1,0,0
2023-03-04,39.28,48.68,982.11,49.95,111.2,23.1,3.39,8.48,14.82,23.37,40.04,48.52,86.31,0.426,7,1,1,1,2,1
2023-03-04,47.43,52.23,1018.28,79.01,2335.0,24.9,0.06,0.08,0.16,0.27,0.32,0.46,0.86,0.05,3,0,0,1,3,3
2023-03-04,18.56,69.73,1014.49,4.07,2094.9,31.7,7.94,15.8,20.11,25.41,33.02,81.38,129.67,0.95,0,1,2,0,0,0
2023-03-05,32.88,88.81,1021.03,52.84,1764.4,10.2,2.01,3.6,5.26,9.38,12.43,25.78,47.27,0.43,0,0,0,0,1,2
2023-03-05,14.06,49.97,975.99,156.3,2279.6,29.5,2.16,5.07,10.81,17.9,21.4,46.73,66.41,0.552,0,1,1,3,0,1
2023-03-05,21.67,71.81,950.79,150.99,23.8,23.0,1.78,3.08,6.31,12.21,16.92,25.71,37.46,0.392,0,1,1,3,0,1
2023-03-05,10.75,30.15,1020.68,155.94,1056.8,32.6,0.97,1.86,3.83,4.22,5.07,8.74,18.9,0.169,0,0,1,2,0,2
2023-03-05,34.75,21.1,985.81,29.43,2186.1,14.4,1.32,2.17,3.15,5.43,7.52,17.17,25.93,0.05,0,0,0,1,0,2
2023-03-05,7.35,80.77,1027.33,152.18,1470.4,31.3,2.06,3.63,6.38,9.13,14.21,31.17,52.26,0.679,0,0,1,2,0,1
2023-03-06,6.21,98.81,1027.47,107.66,1539.1,45.8,1.58,3.7,5.07,7.56,9.42,23.06,43.2,0.72,0,0,2,1,0,1
2023-03-06,34.35,78.65,956.27,59.91,2050.6,46.7,1.04,1.65,3.47,6.93,10.69,24.77,37.4,0.299,0,0,1,1,1,2
2023-03-06,25.7,63.95,968.7,111.42,1398.5,42.4,7.28,17.27,24.39,41.38,67.32,97.87,145.66,0.95,0,2,3,2,0,0
2023-03-06,23.12,21.79,972.55,7.76,1405.9,47.2,5.5,12.1,21.47,37.74,43.09,107.27,132.88,0.764,0,1,3,1,0,0
2023-03-07,44.38,26.46,1005.15,115.19,1185.0,38.6,8.74,19.53,30.22,45.21,64.52,114.82,210.08,0.95,6,2,3,2,2,0
2023-03-07,16.57,52.65,1009.67,97.57,2018.6,43.9,2.36,5.18,10.5,18.83,22.18,45.27,73.43,0.587,0,1,2,1,0,1
2023-03-08,18.04,11.35,990.9,156.0,1796.5,1.7,0.89,1.83,3.91,5.28,6.4,11.48,19.29,0.05,0,0,0,2,0,2
2023-03-08,45.93,37.87,1009.7,70.92,138.5,14.7,0.77,1.81,3.55,5.47,7.41,9.84,16.91,0.05,9,0,0,1,3,3
2023-03-08,45.58,37.2,1020.75,153.92,2025.0,11.2,6.29,10.31,13.54,22.53,33.38,58.68,103.62,0.421,7,1,1,2,3,2
2023-03-08,45.89,95.15,978.42,32.99,2364.3,8.2,0.84,1.52,3.14,3.63,4.28,6.26,12.61,0.101,1,0,0,1,2,3
2023-03-09,42.83,18.19,1007.22,141.7,482.8,38.3,1.04,1.29,2.81,3.96,6.94,11.61,16.07,0.05,2,0,1,2,1,3
2023-03-09,42.53,75.85,940.83,14.4,1965.6,30.1,1.84,3.45,6.21,11.58,13.16,21.91,45.34,0.256,3,0,1,1,2,2
2023-03-10,46.09,21.02,943.91,5.24,2077.1,38.3,3.72,5.27,9.63,15.91,20.83,50.31,60.59,0.05,7,0,1,1,3,3
2023-03-11,28.4,81.88,989.02,25.58,1108.2,17.9,0.16,0.28,0.41,0.57,0.94,1.23,2.29,0.141,0,0,0,0,0,2
2023-03-11,21.33,95.07,1014.95,120.0,1520.8,2.8,4.2,7.56,13.39,15.74,21.14,28.48,51.77,0.607,0,0,0,1,0,1
2023-03-11,15.27,64.86,993.37,26.44,1848.9,20.0,0.78,1.33,1.7,2.18,3.4,4.42,5.98,0.211,0,0,0,0,0,2
2023-03-12,46.74,38.47,941.82,92.56,533.6,3.7,9.35,17.3,25.92,39.04,60.63,122.67,188.13,0.95,1,2,2,3,2,1
2023-03-12,23.32,67.08,954.33,21.64,2380.1,43.9,0.12,0.23,0.29,0.51,0.67,1.66,2.95,0.122,0,0,1,1,0,2
2023-03-13,21.22,50.48,1007.18,133.26,2181.5,14.7,4.58,7.56,15.05,24.49,32.62,68.25,132.82,0.926,0,1,1,2,0,0
2023-03-13,44.16,83.55,973.87,120.25,1453.4,47.2,0.25,0.49,0.81,0.9,1.25,2.86,5.68,0.05,7,0,1,2,3,3
2023-03-13,14.06,98.82,944.03,59.41,1764.0,48.6,5.84,7.75,9.92,13.78,23.75,59.11,125.96,0.95,0,1,2,2,0,0
2023-03-13,44.58,55.84,1007.29,140.95,1406.3,30.5,1.33,1.7,2.54,3.96,4.94,11.43,19.84,0.05,8,0,0,2,3,3
2023-03-13,37.14,25.85,1027.24,152.17,1459.9,11.8,0.51,0.81,1.0,1.51,2.65,4.76,7.35,0.05,9,0,0,1,2,3
2023-03-15,24.59,64.34,1012.4,141.16,1493.5,8.1,0.84,1.45,2.16,3.9,6.88,8.88,13.55,0.166,0,0,0,1,0,2
2023-03-15,47.18,78.92,976.47,50.88,688.9,38.5,8.11,11.35,14.07,21.84,33.93,64.21,91.86,0.535,4,1,2,1,3,2
2023-03-16,43.11,71.25,1012.42,54.11,1482.8,7.1,1.52,3.43,6.59,8.12,10.73,24.94,52.23,0.273,3,0,0,0,2,2
2023-03-16,39.21,54.41,956.8,41.18,1410.0,16.0,4.25,10.23,17.88,24.07,32.77,67.63,129.58,0.744,9,1,1,1,3,1
2023-03-16,45.18,55.52,961.9,109.65,604.2,20.5,1.17,2.61,3.39,6.25,10.34,15.18,24.31,0.05,8,0,0,2,3,3
2023-03-16,25.05,21.89,965.96,79.54,737.7,35.1,1.32,3.25,6.87,8.37,11.41,21.87,35.67,0.097,0,0,1,2,0,2
2023-03-17,38.69,37.85,977.37,103.71,1960.1,21.2,11.63,25.58,39.59,66.09,97.71,192.84,346.28,0.95,6,3,3,2,2,0
2023-03-17,12.71,32.7,1024.53,111.65,1652.8,26.2,0.76,1.34,2.66,5.08,6.59,9.1,14.27,0.132,0,0,0,1,0,2
2023-03-17,20.26,91.36,984.25,112.05,650.5,38.6,13.7,17.91,23.7,44.61,79.49,141.85,196.84,0.95,0,2,3,2,0,0
2023-03-17,43.28,15.72,967.8,11.97,1252.8,4.6,0.01,0.02,0.03,0.03,0.06,0.09,0.15,0.05,1,0,0,1,1,3
2023-03-18,44.29,11.41,946.61,57.67,968.4,38.1,1.75,3.33,5.78,6.45,10.86,13.67,28.72,0.05,7,0,1,2,2,3
2023-03-18,12.22,67.06,987.98,21.98,1892.3,4.4,2.2,5.4,7.82,14.49,17.89,31.08,45.58,0.517,0,0,0,0,0,1
2023-03-18,20.59,19.02,960.46,115.97,1110.1,13.8,4.78,6.41,8.29,16.03,25.9,34.97,54.07,0.25,0,0,0,2,0,1
2023-03-19,14.0,46.57,1017.37,99.84,2037.4,7.6,6.42,14.69,24.46,29.63,45.52,63.09,138.6,0.95,0,1,1,1,0,0
2023-03-20,16.22,64.46,959.89,147.45,2338.4,11.6,1.78,2.2,3.6,6.64,11.54,22.93,46.22,0.468,0,0,0,3,0,1
2023-03-20,39.18,62.07,995.34,30.81,499.6,36.0,10.33,14.5,20.2,37.55,55.29,93.2,204.91,0.95,3,2,2,1,2,0
2023-03-22,26.95,12.49,964.27,66.91,1301.4,39.5,2.73,5.08,10.68,14.68,21.43,29.01,54.41,0.156,0,0,1,1,0,1
2023-03-22,34.63,51.42,987.31,37.37,1186.8,46.9,0.34,0.86,1.66,1.93,3.22,6.16,12.23,0.05,0,0,1,1,0,3
2023-03-24,33.07,28.62,970.56,56.03,574.6,43.0,3.04,6.47,10.0,16.37,18.02,37.05,57.41,0.195,0,0,1,1,0,2
2023-03-24,12.35,87.8,975.77,98.89,2121.7,48.0,3.37,7.09,13.58,20.28,32.96,44.23,58.16,0.703,0,1,2,2,0,1
2023-03-24,31.25,75.02,991.65,56.05,2346.5,40.1,4.69,10.36,16.44,24.46,34.26,78.59,127.73,0.914,0,1,2,1,0,0
2023-03-24,42.85,91.13,1009.61,20.54,10.7,2.3,0.97,1.49,2.38,4.56,7.27,11.18,20.23,0.162,9,1,0,0,3,3
2023-03-24,12.52,53.78,1000.57,7.27,473.8,4.7,2.86,6.24,8.21,14.97,20.83,42.64,55.55,0.514,0,0,0,0,0,1
2023-03-25,24.45,18.01,955.62,85.66,1353.1,32.7,0.77,1.34,2.23,2.81,4.37,10.91,15.65,0.05,0,0,1,2,0,2
2023-03-25,5.65,32.81,942.61,101.83,1534.5,31.4,4.83,11.07,20.4,30.2,50.76,91.79,141.26,0.95,0,2,2,3,0,0
2023-03-26,36.73,58.72,1009.67,67.79,1247.5,35.8,8.92,17.97,22.65,33.13,52.72,68.36,98.84,0.585,3,1,2,1,1,1
2023-03-26,18.39,17.62,1022.37,126.48,533.8,17.3,0.36,0.8,1.58,1.79,2.75,4.27,6.84,0.05,0,0,0,1,0,2
2023-03-26,43.27,57.41,979.11,68.34,235.6,39.8,1.74,3.37,6.5,10.64,14.88,35.93,45.78,0.16,9,0,1,1,3,3
2023-03-26,8.51,49.85,1019.88,156.87,258.8,3.8,0.59,1.33,2.12,2.47,3.59,5.03,6.13,0.205,0,0,0,2,0,2
2023-03-27,20.35,75.56,978.13,81.31,693.8,29.0,1.03,1.63,3.52,4.95,8.11,11.13,18.46,0.297,0,0,1,1,0,2
2023-03-28,15.09,13.95,1016.31,94.21,2455.2,49.5,6.25,12.94,22.4,42.23,52.48,87.71,131.88,0.798,0,1,3,1,0,0
2023-03-28,41.13,66.13,955.67,86.77,385.4,0.3,4.78,6.25,11.41,19.16,24.91,32.06,53.53,0.276,8,0,0,2,3,2
2023-03-28,45.41,60.21,952.34,88.56,759.9,17.4,1.32,2.54,4.96,6.59,10.82,19.58,33.01,0.067,5,0,0,2,3,3
2023-03-29,35.75,61.92,961.33,99.77,2448.7,37.3,2.39,4.67,8.58,15.68,19.35,44.94,57.9,0.338,8,0,1,2,2,2
2023-03-29,34.77,62.96,990.1,142.76,572.6,47.2,1.22,2.82,5.41,6.33,7.87,16.43,28.42,0.157,0,0,1,2,1,2
2023-03-30,43.48,57.39,981.36,87.26,340.1,45.0,3.0,4.12,7.8,12.13,14.25,17.11,33.2,0.073,4,0,1,1,2,3
2023-03-31,22.11,87.92,1022.4,6.12,2029.1,21.6,3.97,9.81,16.35,21.9,24.11,53.19,113.71,0.95,0,1,1,0,0,0
2023-03-31,47.19,52.83,981.18,79.42,1503.4,28.2,1.39,2.33,3.06,4.73,8.0,17.17,36.26,0.05,7,0,0,1,3,3
2023-03-31,34.24,22.44,949.01,11.6,601.9,26.6,0.98,2.09,4.19,5.72,9.48,17.75,26.26,0.05,0,0,0,1,0,2
2023-03-31,17.89,86.07,952.09,119.0,1888.5,20.5,4.87,11.32,22.71,39.48,50.61,82.36,160.55,0.95,0,2,2,3,0,0
2023-04-01,23.75,25.55,984.98,78.63,1235.2,3.0,1.07,2.15,4.32,5.41,6.52,15.92,19.56,0.05,0,0,0,1,0,2
2023-04-01,40.53,73.43,1007.23,104.99,2299.4,25.3,3.87,6.21,12.24,20.25,25.98,64.15,79.42,0.491,3,1,1,1,2,2
2023-04-01,9.5,53.87,1005.45,92.89,522.7,5.1,0.33,0.47,0.63,1.21,1.92,3.23,5.01,0.208,0,0,0,1,0,2
2023-04-01,47.55,97.57,1019.14,48.19,1061.2,15.2,4.3,5.84,9.54,10.96,15.32,21.23,29.71,0.21,1,0,0,0,3,3
2023-04-02,37.9,37.66,1005.31,60.46,48.6,36.3,2.14,4.01,8.59,11.8,18.15,41.35,79.16,0.337,9,1,1,1,2,2
2023-04-02,6.96,39.64,1000.08,36.3,1053.9,34.2,0.25,0.4,0.84,1.01,1.66,2.14,2.67,0.146,0,0,1,0,0,2
2023-04-03,12.7,96.92,975.26,154.54,2157.6,42.4,0.09,0.15,0.29,0.53,0.79,0.99,2.08,0.371,0,0,1,2,0,2
2023-04-05,22.87,84.3,1005.84,115.93,1386.2,20.8,0.17,0.33,0.52,0.78,1.03,2.02,2.53,0.21,0,0,0,1,0,2
2023-04-05,46.07,84.28,1019.82,45.72,1054.1,31.1,0.73,1.77,2.91,4.46,7.33,17.68,23.73,0.119,2,0,1,0,2,3
2023-04-05,21.94,53.15,1027.8,53.81,1852.9,2.0,2.39,3.31,7.12,11.22,14.08,22.24,36.01,0.286,0,0,0,0,0,1
2023-04-06,12.82,70.85,1023.95,68.66,912.3,20.9,4.31,6.77,8.23,13.22,23.71,29.96,62.17,0.641,0,1,1,0,0,1
2023-04-06,41.58,49.87,1004.43,27.68,384.2,17.7,6.24,10.61,18.01,24.15,37.34,44.94,79.71,0.365,9,1,1,0,3,2
2023-04-07,21.38,29.06,1015.8,53.08,886.9,23.1,0.1,0.22,0.31,0.61,1.04,2.34,3.83,0.05,0,0,0,0,0,2
2023-04-07,47.02,90.43,974.37,83.49,1582.5,4.6,5.31,9.74,13.85,22.07,38.73,88.63,138.51,0.905,1,1,1,2,2,1
2023-04-08,14.09,67.74,964.99,85.32,1157.1,6.6,0.01,0.01,0.01,0.02,0.03,0.05,0.08,0.198,0,0,0,2,0,2
2023-04-08,13.39,74.61,981.7,75.26,2440.6,34.1,2.05,4.73,7.02,9.29,16.52,37.3,70.67,0.71,0,1,1,1,0,0
2023-04-08,34.71,88.41,941.96,101.7,1281.8,42.9,0.92,1.74,3.77,7.53,8.44,11.01,21.33,0.237,0,0,1,2,1,2
2023-04-08,7.94,65.56,1013.74,3.28,941.7,38.7,2.73,5.42,6.94,12.95,22.33,51.18,96.2,0.89,0,1,2,0,0,0
2023-04-08,38.1,71.06,1027.04,131.18,586.8,23.1,2.15,3.23,5.94,7.4,8.99,17.93,27.88,0.16,2,0,0,1,1,2
2023-04-09,44.35,43.52,942.9,55.4,1792.6,5.6,5.16,9.75,16.08,18.11,20.86,29.83,42.52,0.058,7,0,0,2,3,3
2023-04-10,39.19,88.48,942.25,131.5,1993.6,32.3,4.15,8.47,13.75,25.33,29.96,40.47,50.71,0.389,8,0,1,3,3,2
2023-04-10,33.52,89.08,1025.87,144.6,523.8,35.8,1.31,2.11,2.55,3.03,4.34,6.0,7.66,0.161,0,0,1,1,1,2
2023-04-10,31.86,85.98,946.2,33.76,1586.2,24.2,4.1,5.74,10.34,18.18,32.32,38.84,74.39,0.607,0,1,1,1,0,1
2023-04-11,45.22,62.54,967.47,28.48,336.6,39.5,6.39,9.76,12.12,21.63,31.11,57.8,78.59,0.384,6,1,2,1,3,2
2023-04-12,22.3,13.24,948.61,16.52,2156.1,15.2,1.36,2.94,5.45,7.75,13.04,21.24,30.53,0.05,0,0,0,1,0,2
2023-04-12,39.53,67.64,989.3,148.02,304.3,15.6,0.2,0.47,0.75,1.03,1.82,4.45,6.96,0.05,3,0,0,2,2,3
2023-04-13,19.67,48.38,1012.73,123.39,1397.3,26.4,0.48,1.14,2.3,4.59,6.76,10.52,20.7,0.183,0,0,0,1,0,2
2023-04-13,46.53,99.7,1025.14,109.58,1814.8,8.4,0.08,0.15,0.28,0.32,0.46,0.7,1.02,0.05,8,0,0,1,3,3
2023-04-14,27.85,97.38,989.66,84.19,863.8,21.2,0.17,0.31,0.64,0.75,1.13,2.04,4.45,0.238,0,0,0,1,0,2
2023-04-14,29.88,88.72,1021.86,69.31,1529.6,49.8,6.08,11.76,23.98,43.45,76.38,132.97,209.8,0.95,0,2,3,1,0,0
2023-04-14,23.34,39.76,997.03,53.31,1406.6,5.0,0.14,0.31,0.5,0.67,0.82,1.49,3.21,0.05,0,0,0,1,0,2
2023-04-15,19.7,82.17,1013.18,124.81,635.0,36.5,2.8,5.28,11.07,12.3,18.58,35.52,65.72,0.652,0,1,1,1,0,1
2023-04-16,6.0,84.48,1004.32,94.24,575.1,39.5,1.38,1.96,2.82,5.28,7.94,10.52,14.37,0.458,0,0,1,1,0,1
2023-04-16,16.4,19.52,1010.63,27.55,1222.2,24.3,1.97,3.7,5.58,6.53,8.27,18.72,25.32,0.102,0,0,0,0,0,2
2023-04-16,38.84,40.08,1019.14,113.6,2201.9,47.3,1.35,2.19,3.91,5.73,6.33,9.36,18.44,0.05,7,0,1,1,2,3
2023-04-16,43.25,44.21,955.03,156.79,1744.3,36.1,3.67,4.65,6.71,10.43,15.14,27.49,57.38,0.171,8,0,1,3,3,2
2023-04-16,12.54,56.21,980.85,29.78,482.4,46.0,1.79,3.9,5.8,7.19,11.83,21.05,44.75,0.454,0,0,1,1,0,1
2023-04-17,42.12,70.19,1003.81,105.05,1674.4,12.7,4.47,6.19,13.13,18.67,26.59,57.4,87.81,0.515,9,1,1,1,3,2
2023-04-17,19.86,65.72,943.22,136.78,2057.2,14.6,2.66,4.61,6.1,11.62,18.18,22.11,47.47,0.446,0,0,1,3,0,1
2023-04-18,25.05,27.44,947.52,84.09,397.2,10.9,3.13,5.25,9.68,12.16,18.13,41.59,88.77,0.479,0,1,1,2,0,0
2023-04-18,12.24,94.11,986.03,12.69,1964.2,41.7,5.74,11.94,24.47,40.15,71.18,102.55,135.14,0.95,0,2,3,1,0,0
2023-04-18,14.69,47.69,993.43,95.82,34.6,9.7,1.04,1.5,3.14,5.72,8.73,17.55,22.05,0.239,0,1,0,1,0,2
2023-04-19,15.69,90.55,983.3,123.05,1048.0,4.8,8.02,16.03,30.35,58.86,76.72,146.04,236.29,0.95,0,2,2,2,0,0
2023-04-19,42.28,39.64,1021.11,4.89,1697.3,35.1,1.36,3.03,4.09,7.52,9.22,16.93,24.01,0.05,1,0,1,0,1,3
2023-04-21,42.34,63.74,1015.63,54.74,1634.3,1.7,0.45,0.8,1.17,1.33,1.77,2.47,5.0,0.05,9,0,0,0,3,3
2023-04-21,6.94,86.21,951.15,66.16,1732.7,28.9,2.35,3.37,4.95,8.34,10.84,17.78,38.9,0.621,0,0,1,2,0,1
2023-04-22,28.41,17.2,1019.93,5.88,1546.0,17.3,1.6,2.08,3.98,6.88,10.54,12.77,24.25,0.05,0,0,0,0,0,2
2023-04-24,24.15,57.46,1020.94,124.38,2000.0,44.2,1.05,2.27,4.87,9.64,11.98,21.77,43.94,0.339,0,0,1,1,0,1
2023-04-24,34.82,25.35,1000.39,147.57,1284.6,7.9,0.65,1.35,1.86,2.75,4.69,9.97,13.33,0.05,0,0,0,2,0,3
2023-04-24,27.33,47.34,956.19,24.48,2443.6,11.8,0.75,1.41,1.81,1.99,3.23,8.04,15.83,0.069,0,0,0,1,0,2
2023-04-24,25.02,88.1,1008.76,7.48,834.5,15.4,2.57,4.94,6.15,7.96,9.62,22.98,27.75,0.375,0,0,0,0,0,1
2023-04-25,19.28,64.69,956.96,118.04,1583.7,32.4,0.45,0.74,1.45,1.9,3.1,5.83,9.78,0.196,0,0,1,2,0,2
2023-04-25,26.52,18.2,995.34,47.79,2060.8,7.4,5.6,8.28,15.3,22.42,32.47,53.46,90.79,0.431,0,1,1,1,0,1
2023-04-25,36.08,86.16,979.04,79.48,708.3,20.9,0.57,0.81,1.66,2.99,4.93,10.86,22.74,0.222,3,0,0,1,1,2
2023-04-25,6.69,61.24,999.05,122.12,2265.3,49.2,5.8,8.1,13.66,16.27,22.95,48.66,83.85,0.798,0,1,2,2,0,0
2023-04-25,33.85,73.41,1004.65,27.44,504.2,29.9,0.53,1.29,2.56,4.42,4.99,6.79,12.79,0.114,0,0,0,0,1,2
2023-04-27,17.18,79.06,989.15,136.38,794.0,3.3,5.38,13.05,23.95,45.87,55.46,132.08,262.05,0.95,0,2,2,2,0,0
2023-04-27,43.51,41.07,981.11,7.73,260.4,41.0,2.71,4.74,7.65,13.97,18.96,39.46,75.69,0.275,4,1,1,0,2,2
2023-04-28,43.32,10.74,1011.42,38.5,32.0,47.7,0.58,0.86,1.15,1.28,1.51,3.48,6.49,0.05,2,0,1,0,1,3
2023-04-28,19.26,85.43,984.26,102.67,1590.8,18.4,0.28,0.52,1.0,1.4,2.23,2.86,4.76,0.266,0,0,0,1,0,2
2023-04-28,35.38,67.54,948.36,134.3,1660.9,16.9,1.82,2.56,3.61,6.92,12.29,20.82,41.92,0.263,2,0,0,3,1,2
2023-04-29,38.35,87.64,1026.09,113.1,753.8,35.8,2.4,4.62,9.64,18.89,33.17,48.93,75.07,0.555,2,1,2,1,2,1
2023-04-29,19.86,86.9,978.32,126.99,1974.2,40.9,0.87,1.9,2.59,5.16,6.3,13.37,21.56,0.38,0,0,1,2,0,1
2023-04-30,26.16,40.68,946.91,124.18,1864.9,13.5,2.69,5.39,8.22,15.84,24.35,50.16,61.78,0.354,0,0,1,3,0,1
2023-04-30,28.03,74.88,1000.62,25.74,1350.0,49.7,0.09,0.14,0.24,0.32,0.56,1.02,1.71,0.106,0,0,1,0,0,2
2023-05-01,31.09,13.91,957.16,124.7,2201.1,47.8,0.79,1.21,2.22,3.09,4.37,7.1,11.59,0.05,0,0,1,2,0,2
2023-05-01,24.9,74.85,946.6,133.94,1487.7,1.4,5.48,6.78,14.72,27.26,30.56,75.26,97.88,0.778,0,1,1,3,0,0
2023-05-02,47.95,60.39,1016.03,15.09,1415.4,17.3,1.34,2.11,3.1,4.55,7.17,13.9,28.85,0.05,1,0,0,0,2,3
2023-05-02,16.07,59.34,1017.13,157.21,368.6,46.4,6.64,8.37,10.24,18.29,26.66,40.44,67.43,0.586,0,1,2,2,0,1
2023-05-03,43.98,67.3,962.89,21.75,362.5,2.5,2.85,4.49,8.43,13.59,19.9,45.66,74.26,0.392,8,1,0,1,3,2
2023-05-03,29.66,45.64,1027.48,157.41,1334.9,46.8,1.63,3.51,5.14,6.36,11.03,17.34,33.92,0.158,0,0,1,2,0,2
2023-05-03,22.6,48.1,964.34,117.32,1243.6,21.4,5.95,7.16,12.06,14.7,20.95,29.38,51.95,0.361,0,0,1,2,0,1
2023-05-04,40.01,60.68,987.13,65.95,202.9,39.8,0.77,1.62,2.55,3.09,4.98,10.97,17.98,0.05,9,0,1,1,3,3
2023-05-04,36.87,48.49,1021.64,129.05,1011.7,38.7,0.84,1.69,2.57,4.65,5.27,10.54,19.0,0.05,4,0,1,1,1,3
2023-05-05,7.17,98.77,1019.73,23.59,734.7,33.7,0.94,1.69,2.39,3.64,5.19,11.25,19.74,0.554,0,0,1,0,0,1
2023-05-06,30.83,12.74,978.43,138.37,480.8,23.2,1.73,2.83,4.41,6.25,9.0,21.06,39.72,0.05,0,0,0,2,0,2
2023-05-06,27.38,27.37,955.78,140.32,944.0,40.0,6.2,11.95,22.36,37.06,44.52,87.16,107.79,0.582,0,1,2,3,0,0
2023-05-07,31.08,18.14,946.15,7.09,1180.8,43.5,0.78,1.11,2.23,4.01,4.77,11.34,16.87,0.05,0,0,1,1,0,2
2023-05-07,17.54,41.95,1017.6,122.84,1557.8,4.9,2.25,4.39,8.04,14.55,18.37,23.4,45.32,0.336,0,0,0,1,0,1
2023-05-08,21.53,93.97,958.34,3.49,2247.2,32.5,1.07,1.88,4.06,5.25,7.15,10.74,15.51,0.358,0,0,1,1,0,1
2023-05-08,10.07,39.91,967.05,144.21,2329.9,23.9,1.7,2.38,3.28,6.19,10.06,16.47,24.01,0.259,0,0,1,2,0,2
2023-05-09,13.4,33.81,985.29,136.76,2426.0,38.7,1.9,2.98,6.2,11.47,18.62,32.27,43.82,0.327,0,0,1,2,0,1
2023-05-10,8.59,50.53,994.77,106.08,778.3,16.7,0.53,0.98,1.45,1.92,2.75,3.92,8.3,0.222,0,0,0,1,0,2
2023-05-10,7.03,88.75,995.63,56.83,1291.3,24.4,2.5,5.58,9.53,14.25,21.18,42.57,92.5,0.95,0,1,1,1,0,0
2023-05-10,10.72,48.16,983.33,122.99,1065.2,34.5,1.68,3.68,6.85,7.54,12.82,23.13,28.75,0.325,0,0,1,2,0,1
2023-05-10,37.76,52.18,959.71,10.96,191.6,26.5,3.66,5.13,7.9,14.6,16.5,24.8,53.37,0.239,8,1,1,1,2,2
2023-05-12,14.86,76.31,956.04,33.09,1830.6,7.1,4.54,7.44,16.25,32.01,45.91,111.75,179.09,0.95,0,2,2,1,0,0
2023-05-13,16.78,52.77,1016.98,15.73,88.4,43.8,2.72,5.09,8.93,14.94,20.77,50.6,80.61,0.633,0,1,2,0,0,0
2023-05-13,39.68,41.56,940.91,121.61,1256.8,40.7,4.18,8.34,17.09,32.31,39.99,91.38,183.23,0.95,1,2,2,3,1,0
2023-05-14,29.0,25.03,1004.78,34.72,776.3,33.7,7.45,13.42,27.55,37.06,56.12,104.66,213.72,0.95,0,2,2,1,0,0
2023-05-15,28.4,34.17,942.61,103.64,659.2,19.8,2.83,6.94,10.18,13.23,18.84,27.98,41.55,0.164,0,0,0,2,0,2
2023-05-15,11.74,61.37,965.91,31.9,1606.6,21.1,0.2,0.44,0.95,1.46,1.84,4.35,6.33,0.232,0,0,0,1,0,2
2023-05-16,35.3,12.7,992.43,121.6,1885.6,27.7,3.29,6.52,12.6,15.15,23.94,47.34,82.85,0.263,2,0,1,2,0,1
2023-05-16,11.1,74.08,1019.25,73.41,1905.7,20.6,2.02,4.1,5.32,10.36,15.05,20.79,38.09,0.513,0,0,1,1,0,1
2023-05-17,42.28,59.09,1028.24,26.78,1283.4,45.8,0.58,1.4,3.06,4.61,5.81,7.96,17.39,0.05,5,0,1,0,2,3
2023-05-17,9.06,94.2,973.3,101.76,112.1,43.4,13.51,28.34,38.04,68.94,109.51,258.5,358.2,0.95,0,3,3,2,0,0
2023-05-17,30.63,74.34,978.62,133.75,310.8,47.8,2.02,5.01,10.74,20.38,28.95,38.66,53.46,0.422,0,1,2,2,0,1
2023-05-17,10.99,29.91,1009.53,51.16,1386.6,30.8,0.18,0.26,0.47,0.56,0.73,1.81,3.96,0.066,0,0,0,0,0,2
2023-05-17,11.7,32.99,1015.47,105.25,1258.3,28.4,1.18,2.05,3.28,4.14,6.0,7.92,11.85,0.127,0,0,0,1,0,2
2023-05-18,10.43,71.7,1018.34,129.14,727.5,37.9,2.27,3.06,5.83,6.79,12.17,16.53,22.27,0.403,0,0,1,1,0,1
2023-05-18,46.33,96.53,1022.75,97.48,2192.4,13.9,3.53,4.29,5.38,10.15,17.71,43.05,83.61,0.577,7,1,1,1,3,2
2023-05-19,35.9,24.89,986.52,107.44,919.5,18.2,0.28,0.38,0.66,1.1,1.7,2.32,5.02,0.05,6,0,0,1,1,3
2023-05-19,25.51,13.65,1000.48,76.46,150.0,9.1,0.39,0.89,1.23,2.2,2.93,6.46,11.02,0.05,0,0,0,1,0,2
2023-05-19,32.12,82.92,1005.24,49.44,2479.3,38.9,2.4,4.13,5.34,7.13,8.77,15.55,23.17,0.248,0,0,1,0,0,2
2023-05-20,22.77,48.5,1011.99,81.48,817.9,1.2,4.9,6.6,8.84,13.0,15.72,35.36,45.87,0.321,0,0,0,1,0,1
2023-05-20,5.57,19.04,966.66,33.18,1167.8,45.3,0.42,0.85,1.46,2.02,3.48,6.75,14.15,0.134,0,0,1,1,0,2
2023-05-21,47.34,38.47,1005.14,123.76,611.3,14.1,0.12,0.18,0.3,0.47,0.75,1.58,2.6,0.05,5,0,0,1,3,3
2023-05-21,22.42,45.39,956.55,113.94,77.9,3.0,1.36,3.39,4.08,7.52,10.26,20.1,41.92,0.282,0,1,0,2,0,1
2023-05-21,32.37,75.04,963.58,92.83,1553.2,9.4,2.3,5.3,9.31,17.79,31.14,65.0,96.29,0.693,0,1,1,2,0,1
2023-05-21,44.89,63.84,976.07,59.06,36.2,33.0,0.04,0.1,0.18,0.26,0.45,1.04,2.05,0.05,5,0,0,1,3,3
2023-05-21,38.52,57.24,1015.69,93.75,1801.4,42.7,1.73,3.4,7.25,13.31,22.72,42.85,63.34,0.323,4,0,1,1,2,2
2023-05-22,27.04,33.14,1026.94,91.72,1632.7,23.0,9.02,11.31,15.97,19.1,31.28,39.29,66.19,0.337,0,0,1,1,0,1
2023-05-22,16.62,70.62,1019.81,137.53,1084.8,32.3,2.45,4.07,7.37,12.37,15.85,28.67,41.86,0.466,0,0,1,1,0,1
2023-05-23,11.66,19.66,1000.37,135.43,760.7,28.1,1.8,2.29,3.18,3.77,6.52,8.44,12.57,0.066,0,0,0,2,0,2
2023-05-23,23.38,86.73,1018.57,152.13,2320.9,2.4,1.85,2.73,3.87,5.65,7.88,14.09,26.94,0.379,0,0,0,2,0,1
2023-05-23,35.34,55.38,1026.31,1.94,135.3,16.7,1.74,3.59,5.01,7.0,7.83,10.44,16.41,0.05,6,0,0,0,2,3
2023-05-24,40.9,70.54,950.42,137.08,1306.3,19.3,4.11,6.14,11.14,14.08,16.4,33.07,65.91,0.383,2,0,1,3,2,2
2023-05-24,43.74,44.02,1022.82,133.26,769.5,15.8,2.97,3.59,5.19,6.9,8.96,15.56,21.79,0.05,5,0,0,1,2,3
2023-05-25,5.63,25.86,1004.5,76.51,700.3,10.2,3.27,7.8,14.83,22.11,38.65,78.6,168.12,0.95,0,1,1,1,0,0
2023-05-25,8.92,15.24,953.54,95.58,1827.2,5.4,1.32,1.74,2.21,3.39,5.3,8.01,13.32,0.076,0,0,0,2,0,2
2023-05-26,21.69,15.84,1009.73,1.95,2111.2,35.7,3.28,6.52,7.91,13.19,19.45,42.18,81.05,0.403,0,0,1,0,0,1
2023-05-26,39.46,55.67,1022.33,124.09,931.1,1.2,1.21,2.27,3.37,6.26,9.82,19.24,26.13,0.058,2,0,0,1,1,3
2023-05-26,34.88,14.81,968.37,152.57,2444.4,34.0,8.62,12.94,19.07,29.72,52.58,110.47,163.7,0.817,0,2,2,3,0,0
2023-05-26,42.07,13.61,943.6,32.75,1113.0,3.1,1.37,2.56,3.75,5.13,9.15,21.4,46.46,0.05,3,0,0,1,1,3
2023-05-27,16.6,32.87,943.35,81.56,2043.1,19.7,10.7,24.48,42.18,49.02,68.35,101.59,163.44,0.95,0,2,2,3,0,0
2023-05-27,9.04,92.93,948.75,133.39,104.8,1.5,1.61,2.44,5.22,6.83,10.4,21.2,37.6,0.625,0,1,0,3,0,1
2023-05-27,5.3,33.88,982.44,46.84,199.4,47.4,4.76,6.89,10.5,12.49,16.06,37.55,69.93,0.583,0,1,2,1,0,1
2023-05-27,34.98,84.17,953.5,158.13,1742.5,40.9,9.2,14.61,23.77,34.57,42.86,100.06,139.78,0.95,0,1,3,3,1,0
2023-05-28,22.71,84.14,989.54,129.78,662.6,10.3,0.38,0.54,1.0,1.91,2.34,2.89,5.26,0.229,0,0,0,2,0,2
2023-05-29,46.0,40.5,943.83,116.46,1737.8,26.5,0.47,1.04,1.68,2.4,3.2,5.48,7.04,0.05,7,0,0,2,3,3
2023-05-29,16.09,30.99,1007.3,115.47,2498.6,3.6,0.46,0.83,1.05,1.31,1.79,2.53,3.9,0.05,0,0,0,1,0,2
2023-05-29,10.95,75.47,1000.03,63.42,2410.3,40.2,0.95,1.38,2.17,4.03,6.35,10.03,18.6,0.392,0,0,1,1,0,1
2023-05-30,16.76,47.5,971.42,54.71,873.1,21.0,0.58,1.08,1.37,2.38,3.62,5.21,10.66,0.141,0,0,0,1,0,2
2023-05-30,33.44,74.75,975.63,100.3,2487.2,23.3,3.81,7.15,12.52,23.28,28.29,41.13,88.57,0.63,0,1,1,2,0,1
2023-05-30,47.81,44.19,993.74,82.94,1737.1,39.8,1.79,4.39,8.23,11.78,19.42,29.19,39.63,0.05,2,0,1,1,2,3
2023-05-30,13.02,99.02,1012.19,146.42,1397.0,19.7,3.07,4.17,5.21,9.69,16.87,34.95,50.76,0.703,0,1,1,2,0,1
2023-05-31,34.87,62.32,976.15,47.11,1814.1,6.4,5.88,10.22,19.1,21.6,34.24,72.28,150.04,0.95,0,1,1,1,1,0
2023-05-31,41.09,47.63,975.18,58.27,1815.6,16.5,0.57,1.18,2.18,2.58,3.68,7.57,11.07,0.05,3,0,0,1,2,3
2023-05-31,45.02,72.35,965.64,19.98,1190.1,47.7,0.2,0.25,0.54,1.04,1.25,3.05,3.72,0.05,6,0,1,1,3,3
2023-06-02,15.7,95.89,996.37,24.85,989.2,4.2,0.54,0.75,1.29,2.4,3.52,7.23,12.38,0.405,0,0,0,0,0,1
2023-06-02,9.35,56.37,990.61,122.5,1329.6,1.4,6.22,9.9,17.69,33.72,49.96,78.63,157.15,0.95,0,2,1,2,0,0
2023-06-02,15.01,50.64,959.64,75.74,480.7,28.4,1.1,2.58,3.34,6.44,9.12,11.51,15.48,0.206,0,0,1,2,0,2
2023-06-03,10.36,11.15,966.8,40.36,931.2,7.3,4.24,6.21,13.6,16.65,19.87,38.24,82.16,0.5,0,1,0,1,0,1
2023-06-03,36.61,51.37,981.05,60.54,1884.8,17.8,0.41,0.66,1.44,2.63,4.18,5.94,11.35,0.05,9,0,0,1,2,3
2023-06-03,21.85,75.61,970.16,112.89,1673.8,28.7,2.42,5.24,7.11,10.02,12.83,27.44,48.41,0.482,0,0,1,2,0,1
2023-06-04,37.1,42.99,1001.42,8.35,422.5,5.0,0.65,1.43,2.88,4.96,5.68,12.74,18.98,0.05,5,0,0,0,1,3
2023-06-04,34.02,66.36,961.41,116.6,797.5,43.2,7.96,17.75,37.25,43.08,70.84,150.15,285.0,0.95,0,3,3,3,0,0
2023-06-04,17.13,60.15,1008.01,83.92,1606.6,10.9,2.41,4.47,6.6,13.04,20.54,35.78,76.28,0.638,0,1,1,1,0,0
2023-06-04,16.63,18.79,974.3,156.53,133.1,7.9,0.18,0.27,0.58,0.7,0.92,1.31,2.79,0.05,0,0,0,2,0,2
2023-06-04,17.22,54.46,958.58,25.51,956.1,11.2,0.01,0.01,0.03,0.05,0.06,0.11,0.14,0.101,0,0,0,1,0,2
2023-06-05,8.05,57.65,981.74,19.72,240.1,11.1,8.23,9.99,19.19,30.03,51.32,90.64,186.23,0.95,0,2,2,1,0,0
2023-06-05,32.84,35.67,982.03,135.24,2395.4,40.7,0.42,0.97,2.08,3.94,6.59,10.89,16.72,0.05,0,0,1,2,0,2
2023-06-05,34.88,38.86,955.11,79.12,777.2,27.4,0.13,0.23,0.42,0.62,1.11,1.81,2.23,0.05,0,0,0,2,0,3
2023-06-06,6.17,79.19,989.19,47.6,1405.9,45.1,4.8,10.21,14.13,27.13,48.45,62.13,113.12,0.95,0,1,2,1,0,0
2023-06-06,47.88,81.52,1016.98,152.06,1595.9,26.0,0.34,0.79,1.05,1.37,1.78,3.09,6.13,0.05,6,0,0,2,3,3
2023-06-07,18.02,34.56,986.47,35.73,1816.8,41.2,3.58,4.99,8.22,13.45,20.24,24.93,33.2,0.214,0,0,1,1,0,1
2023-06-07,32.07,47.65,954.03,136.19,2342.5,40.8,4.08,9.95,21.38,36.44,47.13,62.64,90.05,0.518,0,1,2,3,0,1
2023-06-07,24.71,16.25,1015.46,14.78,1829.8,5.4,0.38,0.62,1.15,1.31,1.96,4.67,6.53,0.05,0,0,0,0,0,2
2023-06-07,17.08,44.52,945.77,48.92,2159.7,33.8,4.29,5.7,8.61,16.27,22.8,41.72,57.73,0.437,0,0,1,2,0,1
2023-06-08,10.49,47.62,961.02,99.8,440.1,10.4,2.27,4.62,6.98,10.21,13.67,18.71,31.24,0.341,0,0,0,2,0,1
2023-06-08,16.17,77.48,1015.75,73.01,1014.3,18.6,4.35,10.85,16.78,32.4,51.52,97.3,159.65,0.95,0,2,2,1,0,0
2023-06-08,13.44,76.58,1004.77,35.79,728.8,42.1,5.36,11.84,24.37,36.58,59.87,93.06,165.88,0.95,0,2,3,1,0,0
2023-06-08,20.31,61.51,963.96,30.66,1459.7,47.4,0.8,1.24,2.01,3.3,4.09,7.77,14.39,0.2,0,0,1,1,0,2
2023-06-09,29.8,12.03,1001.6,115.68,1010.4,43.0,2.73,6.48,13.87,18.07,24.54,59.85,96.37,0.405,0,1,2,1,0,1
2023-06-09,38.18,73.84,979.9,110.35,66.6,14.3,5.83,12.07,19.83,35.79,45.38,64.84,133.42,0.877,7,2,1,2,2,0
2023-06-10,11.95,47.06,1026.98,129.48,1613.3,9.9,0.6,1.0,1.67,2.12,3.57,6.93,9.86,0.181,0,0,0,1,0,2
2023-06-10,8.64,81.25,964.6,51.48,2019.0,9.6,7.12,13.76,20.22,29.86,35.15,87.09,166.6,0.95,0,1,1,1,0,0
2023-06-11,34.22,67.37,998.82,17.26,920.4,48.7,4.5,5.7,10.99,21.43,33.38,49.28,82.25,0.543,0,1,2,0,1,1
2023-06-11,47.1,42.69,982.54,43.56,662.8,25.0,4.53,7.88,17.1,21.03,33.81,79.1,145.05,0.709,6,1,2,1,3,1
2023-06-12,20.85,52.61,1023.92,77.1,1251.9,2.2,1.44,2.95,3.55,5.53,7.42,14.5,21.85,0.2,0,0,0,1,0,2
2023-06-12,7.59,60.93,966.84,83.97,1365.8,49.5,3.46,5.27,10.65,19.92,25.82,63.63,77.47,0.745,0,1,2,2,0,0
2023-06-13,18.17,57.47,970.62,79.76,1239.4,28.4,3.1,6.73,8.53,12.02,19.45,31.59,47.35,0.421,0,0,1,2,0,1
2023-06-13,10.34,30.77,1004.07,40.21,1356.8,47.5,3.04,6.06,11.54,22.62,27.05,60.91,129.38,0.913,0,1,2,0,0,0
2023-06-13,35.7,72.66,941.99,80.12,1131.3,13.5,4.46,9.31,19.06,29.96,34.35,73.51,134.07,0.9,2,1,1,2,1,0
2023-06-13,33.56,30.87,969.41,7.88,2374.8,36.4,4.11,6.01,12.61,18.2,20.27,38.59,69.37,0.281,0,0,1,1,0,1
2023-06-13,30.24,84.58,965.69,65.65,226.6,37.4,0.08,0.12,0.25,0.46,0.69,1.07,1.83,0.133,0,0,1,1,0,2
2023-06-14,21.63,91.4,1008.07,147.18,686.4,31.1,2.74,5.64,12.19,21.79,35.63,54.18,112.18,0.95,0,1,2,2,0,0
2023-06-15,10.56,71.31,1021.29,18.87,1941.5,24.7,1.97,3.37,6.92,9.39,13.78,25.03,47.73,0.569,0,0,1,0,0,1
2023-06-17,15.85,41.1,1009.71,44.97,2095.1,11.8,0.43,0.66,1.42,2.77,4.84,8.67,15.19,0.148,0,0,0,0,0,2
2023-06-17,15.21,50.98,995.47,76.36,1706.9,6.3,5.34,9.8,18.25,22.94,39.43,98.51,183.1,0.95,0,2,1,1,0,0
2023-06-17,11.91,14.61,960.93,125.78,1362.1,33.1,0.22,0.36,0.56,0.64,0.87,1.74,2.87,0.05,0,0,0,2,0,2
2023-06-17,45.91,28.11,979.45,51.17,1016.2,24.2,3.34,7.53,9.25,17.79,28.96,41.75,55.91,0.054,8,0,1,1,3,3
2023-06-18,29.06,22.64,995.9,95.87,1179.5,11.4,1.32,3.06,3.71,6.44,10.77,22.06,43.13,0.11,0,0,0,1,0,2
2023-06-18,11.72,94.63,1023.67,121.43,2113.3,44.4,0.51,0.62,1.37,2.19,2.7,4.93,7.42,0.405,0,0,1,1,0,2
2023-06-18,42.26,83.3,946.73,123.42,1144.0,1.3,3.47,5.09,7.11,13.78,22.81,36.16,62.71,0.412,6,0,0,3,3,2
2023-06-18,47.99,91.15,998.79,35.37,2137.5,28.8,0.58,1.45,2.29,3.74,6.24,8.41,16.46,0.086,8,0,0,0,3,3
2023-06-19,39.08,78.73,1026.89,84.03,1953.3,19.1,7.88,19.38,34.78,62.09,106.96,190.46,413.19,0.95,6,3,3,1,2,0
2023-06-19,18.95,94.27,964.1,48.63,648.2,47.3,6.39,7.77,14.02,25.69,37.87,68.98,151.06,0.95,0,1,2,1,0,0
2023-06-19,16.65,77.72,975.55,132.72,840.7,5.5,0.46,1.1,2.0,3.82,4.94,11.35,21.04,0.362,0,0,0,2,0,1
2023-06-20,15.42,82.29,1013.26,82.48,272.6,26.2,3.24,5.15,8.69,16.17,22.71,43.77,66.63,0.701,0,1,1,1,0,0
2023-06-20,45.19,97.03,979.62,13.61,2463.9,3.7,1.71,3.39,4.08,4.74,8.01,13.24,20.49,0.17,7,0,0,0,3,3
2023-06-21,38.68,77.83,948.61,54.7,2366.5,24.7,3.11,5.15,10.64,20.58,32.29,72.27,130.27,0.871,8,1,2,2,2,0
2023-06-21,34.06,27.77,1023.28,18.54,1051.6,39.6,1.66,2.03,3.14,4.52,5.8,7.44,11.77,0.05,0,0,1,0,0,3
2023-06-22,36.94,69.49,942.47,155.55,1733.7,20.3,4.45,8.13,16.49,23.24,36.33,48.69,67.54,0.428,3,1,1,3,1,2
2023-06-24,18.1,74.23,961.44,74.44,193.7,48.6,2.17,3.14,4.47,7.21,12.86,29.51,59.29,0.585,0,1,2,2,0,1
2023-06-24,6.31,56.75,1005.62,121.35,145.2,34.6,2.03,4.55,8.47,15.87,20.14,38.33,83.43,0.777,0,1,2,1,0,0
2023-06-24,5.66,98.19,952.17,139.2,308.3,20.2,1.68,3.91,5.56,10.28,17.55,29.08,44.91,0.734,0,1,1,3,0,1
2023-06-25,21.5,52.16,943.15,144.48,865.1,23.3,7.48,13.46,27.46,37.63,65.46,80.25,125.14,0.88,0,2,2,3,0,0
2023-06-26,32.69,72.46,1023.49,123.29,466.5,23.3,4.67,10.43,15.34,24.15,39.64,65.48,125.94,0.875,0,1,2,1,0,0
2023-06-26,44.62,82.39,1005.04,114.84,1565.0,10.0,0.14,0.31,0.59,1.01,1.61,2.57,5.49,0.05,8,0,0,1,3,3
2023-06-26,41.53,78.16,998.09,78.66,2101.1,8.2,1.86,3.82,5.81,10.95,18.4,45.58,91.24,0.584,2,1,1,1,2,1
2023-06-28,35.88,81.04,1011.3,126.58,2463.0,31.6,4.27,5.15,9.77,11.19,17.47,28.61,61.68,0.458,3,0,1,1,1,2
2023-06-28,36.43,84.36,999.17,23.85,648.7,2.6,2.94,4.29,6.53,11.8,18.35,42.32,70.71,0.529,4,0,0,0,2,1
2023-06-28,46.58,72.69,980.75,12.56,2114.3,30.4,11.13,23.18,37.18,55.06,63.03,84.77,123.32,0.72,7,1,2,1,3,1
2023-06-28,26.38,19.76,1000.32,116.28,1130.4,16.2,2.72,4.5,7.49,10.41,14.14,27.75,36.67,0.079,0,0,0,1,0,2
2023-06-28,45.62,68.33,960.45,147.82,1408.5,9.0,2.82,6.78,9.4,10.39,18.31,41.87,77.63,0.403,9,0,0,3,3,2
2023-06-29,17.36,39.3,943.3,24.18,89.3,41.4,0.81,1.89,3.56,5.07,8.01,19.39,40.74,0.295,0,1,1,1,0,1
2023-06-29,32.06,63.32,1014.71,63.5,2288.6,37.8,8.0,19.66,37.73,67.99,76.05,170.32,330.29,0.95,0,3,3,1,0,0
2023-06-29,42.84,82.85,999.74,143.27,181.9,9.7,1.25,2.56,3.9,7.26,8.01,18.9,34.63,0.217,7,0,0,2,3,3
2023-06-30,40.72,78.36,962.93,72.5,2103.6,29.6,2.98,7.1,10.18,18.09,30.53,59.25,120.51,0.788,4,1,2,2,2,1
2023-07-01,46.87,16.0,1019.55,38.84,1321.8,25.8,6.26,15.05,26.19,30.92,48.48,69.9,133.27,0.5,4,1,1,0,2,1
2023-07-03,32.36,55.46,940.95,53.93,1818.9,1.4,2.68,3.34,5.28,9.13,13.39,16.74,34.25,0.182,0,0,0,2,0,2
2023-07-03,14.08,51.78,1012.88,110.91,2048.7,24.5,0.85,1.99,4.12,6.35,9.21,22.82,48.8,0.443,0,0,1,1,0,1
2023-07-03,33.72,76.92,1003.68,143.37,1595.3,16.8,0.39,0.54,0.73,1.13,1.57,3.6,7.23,0.096,0,0,0,2,1,2
2023-07-04,20.36,16.15,968.49,159.55,530.9,16.2,0.06,0.14,0.21,0.29,0.37,0.88,1.79,0.05,0,0,0,3,0,2
2023-07-04,33.6,94.01,996.56,98.59,1248.0,36.5,2.04,2.65,3.47,5.69,9.49,12.61,24.56,0.298,0,0,1,1,1,2
2023-07-04,18.38,58.45,1011.02,113.48,1085.9,5.7,5.47,11.13,21.39,37.95,54.16,107.97,142.27,0.95,0,2,2,1,0,0
2023-07-04,40.17,14.68,944.61,125.46,2060.2,33.1,1.98,4.21,7.06,12.01,18.43,41.88,57.45,0.055,9,0,1,3,2,2
2023-07-05,6.68,51.59,981.99,83.23,1102.6,5.0,3.89,6.87,13.42,25.21,33.42,77.25,99.93,0.857,0,1,1,1,0,0
2023-07-05,40.55,62.89,1020.76,65.34,245.3,29.5,2.72,3.34,6.42,12.57,14.44,23.36,45.81,0.214,7,0,1,0,2,2
2023-07-06,7.69,50.34,1022.06,5.26,2102.4,12.4,1.41,2.1,3.42,5.82,8.74,16.61,25.04,0.342,0,0,0,0,0,1
2023-07-07,28.29,28.62,978.2,42.84,229.4,1.8,0.81,1.15,2.24,2.76,4.18,7.07,10.3,0.05,0,0,0,1,0,2
2023-07-07,12.62,90.46,1029.28,50.39,1614.1,3.3,1.24,3.01,5.7,10.74,12.81,20.57,25.42,0.496,0,0,0,0,0,1
2023-07-07,21.11,53.68,982.04,32.06,2263.8,5.8,1.21,1.99,3.49,6.54,10.28,23.62,43.8,0.349,0,0,0,1,0,1
2023-07-07,30.93,27.92,1029.63,146.12,1021.2,31.9,0.47,0.68,1.13,1.93,3.3,7.82,10.11,0.05,0,0,0,1,0,2
2023-07-07,8.47,92.01,977.39,45.01,1710.9,42.4,0.74,1.02,1.32,2.42,2.99,6.58,11.38,0.451,0,0,1,1,0,1
2023-07-08,34.98,90.73,978.4,144.43,87.2,3.3,1.46,1.93,2.37,3.29,5.26,7.97,12.34,0.186,0,0,0,2,1,2
2023-07-09,15.2,77.18,998.95,84.54,2372.6,41.7,2.53,3.24,4.51,6.55,10.4,16.99,33.15,0.455,0,0,1,1,0,1
2023-07-09,8.48,70.42,995.21,60.5,1402.3,10.7,3.0,6.75,9.97,19.77,34.51,79.87,169.54,0.95,0,1,1,1,0,0
2023-07-09,19.77,79.31,976.16,87.16,1320.3,7.9,0.0,0.0,0.0,0.01,0.01,0.02,0.04,0.199,0,0,0,1,0,2
2023-07-09,23.88,42.56,995.3,58.14,1675.3,31.2,3.15,5.79,12.55,15.65,21.91,46.54,66.99,0.421,0,0,1,1,0,1
2023-07-10,9.53,44.56,1014.69,17.56,2009.4,21.9,0.37,0.79,1.21,2.32,4.05,9.55,19.37,0.257,0,0,0,0,0,2
2023-07-10,42.72,55.57,1016.51,159.38,780.3,16.0,2.07,2.82,3.93,6.9,10.64,13.83,21.55,0.05,8,0,0,2,3,3
2023-07-10,47.26,43.36,947.18,147.46,2072.9,48.2,1.76,2.67,4.91,9.75,11.37,18.62,37.39,0.05,3,0,1,3,2,3
2023-07-11,13.67,96.54,991.27,35.01,2398.1,1.2,4.66,11.13,22.47,30.05,37.35,78.57,95.77,0.95,0,1,1,1,0,0
2023-07-12,21.65,53.93,948.81,97.76,735.1,29.3,4.46,7.17,14.37,27.5,38.42,58.05,97.03,0.7,0,1,2,2,0,0
2023-07-12,20.0,87.13,950.99,12.4,961.1,26.4,0.99,1.54,2.29,4.1,5.45,10.37,20.36,0.371,0,0,1,1,0,1
2023-07-12,42.22,23.33,944.8,114.92,2053.4,25.1,4.99,7.31,10.79,17.6,26.74,40.52,77.53,0.211,2,0,1,3,1,2
2023-07-12,33.46,87.67,960.76,118.81,2416.2,10.3,0.68,1.56,2.98,4.82,7.18,9.96,17.12,0.218,0,0,0,2,1,2
2023-07-12,36.26,63.27,978.85,114.55,2333.6,28.9,2.75,5.01,8.48,14.07,21.8,46.24,67.23,0.402,9,0,1,2,2,2
2023-07-13,37.7,47.41,995.01,68.63,1318.0,32.0,7.81,10.68,18.89,31.64,56.45,96.42,168.68,0.95,6,2,2,1,2,0
2023-07-14,16.55,46.27,979.65,118.32,772.7,49.9,10.59,24.07,35.52,44.41,50.97,88.09,177.56,0.95,0,2,3,2,0,0
2023-07-14,16.4,19.31,968.13,143.55,840.8,5.1,9.5,15.63,19.68,21.82,33.81,50.2,97.25,0.581,0,1,1,3,0,0
2023-07-14,9.88,28.91,1020.13,17.21,1598.9,39.8,1.81,4.07,8.23,13.81,22.65,50.88,100.63,0.717,0,1,2,0,0,0
2023-07-15,25.82,35.57,1023.92,80.36,2426.8,6.3,2.38,4.19,6.03,7.94,11.9,28.56,56.6,0.297,0,0,0,1,0,1
2023-07-15,42.57,59.36,971.67,96.29,1579.2,8.4,1.33,2.9,6.31,8.7,14.0,33.82,54.24,0.233,1,0,0,2,2,2
2023-07-15,44.6,24.66,992.27,152.52,576.4,5.6,7.54,10.89,15.38,17.07,24.33,52.67,81.43,0.22,3,0,0,2,2,2
2023-07-15,29.55,26.04,963.71,131.3,923.5,27.2,0.47,1.14,2.41,3.02,3.43,4.44,8.6,0.05,0,0,0,2,0,2
2023-07-15,34.25,68.7,1008.6,9.66,1656.1,8.9,6.02,9.99,12.51,18.5,29.69,53.6,109.27,0.73,0,1,1,0,1,1
2023-07-15,40.26,80.57,998.1,151.06,1278.7,36.3,1.58,2.37,4.65,5.61,6.86,11.11,22.96,0.153,4,0,1,2,2,3
2023-07-15,7.95,75.86,1023.81,19.96,2274.6,25.6,0.71,1.62,2.57,4.92,8.15,10.72,13.68,0.391,0,0,1,0,0,1
2023-07-15,13.57,39.33,959.5,1.03,2331.6,15.3,2.61,6.27,8.38,13.52,20.24,49.84,108.84,0.787,0,1,1,1,0,0
2023-07-16,37.54,73.1,993.6,77.34,341.8,48.0,1.72,3.04,4.19,4.83,5.5,12.45,19.24,0.118,3,0,1,1,1,3
2023-07-16,36.33,39.46,1004.32,14.66,1170.0,34.9,1.55,3.67,7.13,11.16,15.52,36.71,57.61,0.218,6,0,1,0,1,2
2023-07-16,44.21,75.63,1016.76,76.02,2273.6,3.2,1.5,2.6,4.68,7.13,12.28,16.81,36.55,0.18,5,0,0,1,3,3
2023-07-17,44.44,19.23,1024.33,143.73,670.7,47.3,7.69,17.04,29.85,39.54,60.0,76.24,164.04,0.745,2,2,2,2,2,1
2023-07-18,31.45,47.07,1027.64,150.15,1742.4,17.6,2.22,4.24,8.12,11.11,18.05,25.6,54.49,0.284,0,0,0,2,0,2
2023-07-18,39.43,24.46,969.15,152.22,514.4,0.3,6.5,14.46,27.92,47.24,79.36,131.43,197.77,0.95,7,2,2,3,2,0
2023-07-18,28.67,92.6,1025.56,73.78,900.4,45.3,2.59,4.85,5.87,8.4,11.82,16.28,32.29,0.392,0,0,1,1,0,1
2023-07-18,5.4,28.9,1000.29,157.2,740.0,3.2,1.15,2.48,3.63,4.28,6.18,7.86,14.59,0.188,0,0,0,2,0,2
2023-07-18,16.12,40.0,969.21,102.35,576.9,1.8,5.72,7.41,16.22,29.07,45.41,103.04,184.56,0.95,0,2,1,2,0,0
2023-07-19,20.12,27.28,980.8,141.02,1396.8,15.0,11.22,22.48,29.41,39.12,52.99,69.68,148.06,0.922,0,2,2,3,0,0
2023-07-20,25.66,48.72,1004.1,63.45,1175.3,41.9,1.28,3.14,6.3,11.26,19.34,40.0,64.3,0.416,0,0,1,1,0,1
2023-07-20,46.7,84.15,1001.22,134.94,2189.5,16.0,1.09,1.35,1.85,2.53,4.28,7.57,15.89,0.06,6,0,0,2,3,3
2023-07-20,19.86,63.76,990.79,69.64,115.9,36.8,1.36,2.89,3.63,5.05,6.48,14.46,18.62,0.244,0,0,1,1,0,2
2023-07-20,14.74,85.28,1028.92,13.18,1171.7,17.7,3.85,5.2,6.41,9.21,14.12,18.47,35.36,0.515,0,0,1,0,0,1
2023-07-22,10.22,11.39,969.24,22.74,1068.7,49.2,0.21,0.51,0.91,1.63,2.47,3.34,5.61,0.05,0,0,1,1,0,2
2023-07-22,23.61,12.08,1014.65,106.98,898.0,10.4,1.04,1.81,3.54,6.09,10.07,18.4,24.53,0.05,0,0,0,1,0,2
2023-07-22,37.43,86.83,972.32,140.39,437.4,3.2,1.6,2.61,4.99,6.88,8.87,17.41,30.56,0.264,9,0,0,2,3,2
2023-07-23,47.97,48.69,961.82,25.2,1825.8,26.7,6.1,9.99,19.8,37.54,41.51,80.66,122.63,0.581,1,1,2,1,2,1
2023-07-23,39.56,20.41,984.2,89.7,1792.6,4.4,9.96,13.23,26.26,36.37,45.46,105.79,218.79,0.95,3,2,1,2,1,0
2023-07-23,33.18,46.9,949.44,132.6,1306.1,32.5,1.5,2.66,3.58,5.18,7.45,15.34,29.75,0.101,0,0,1,3,0,2
2023-07-24,46.18,91.13,962.74,77.87,592.7,5.1,1.11,1.53,2.75,4.67,7.35,11.12,19.74,0.125,4,0,0,2,3,3
2023-07-25,30.64,34.26,1026.25,158.14,623.1,33.3,2.43,3.26,6.64,10.63,13.48,17.36,32.77,0.083,0,0,1,2,0,2
2023-07-25,39.63,39.96,940.03,1.04,655.2,26.8,0.3,0.53,1.13,2.2,2.45,5.58,6.75,0.05,2,0,0,1,1,3
2023-07-25,20.59,77.61,1018.12,127.26,1540.3,32.2,0.17,0.41,0.86,1.2,1.8,3.32,6.96,0.229,0,0,1,1,0,2
2023-07-27,6.43,95.36,966.24,139.85,700.5,21.0,5.83,12.59,18.16,26.96,34.85,83.15,142.2,0.95,0,1,2,3,0,0
2023-07-27,20.15,88.18,1014.22,100.21,498.4,35.9,5.13,9.75,17.22,27.21,44.2,55.22,69.67,0.704,0,1,2,1,0,0
2023-07-28,28.98,72.53,982.59,104.08,2334.7,29.2,3.1,5.85,9.01,17.37,23.7,29.09,37.72,0.324,0,0,1,2,0,2
2023-07-28,33.02,40.47,1000.78,116.24,2359.1,17.3,4.84,8.88,14.44,26.28,31.17,58.96,114.03,0.632,0,1,1,2,0,1
2023-07-28,10.86,26.54,1001.04,18.69,772.0,22.2,1.44,1.96,3.12,4.73,8.09,15.29,29.37,0.22,0,0,0,0,0,1
2023-07-29,40.37,86.26,1006.05,85.67,2232.5,25.2,0.94,1.38,1.9,2.11,3.76,7.29,11.37,0.103,4,0,0,1,2,3
2023-07-29,25.5,91.72,966.42,134.62,1025.1,9.3,1.8,2.43,3.18,5.29,7.03,12.69,18.74,0.328,0,0,0,2,0,2
2023-07-29,30.5,20.91,1006.28,34.92,1346.3,19.7,4.02,7.27,14.8,26.53,47.62,65.4,138.16,0.721,0,1,1,0,0,0
2023-07-30,16.33,88.28,989.81,62.07,1964.7,40.4,1.19,1.72,2.78,5.34,8.32,20.17,43.55,0.568,0,0,1,1,0,1
2023-07-30,9.31,42.73,1024.91,61.79,1260.0,7.1,5.36,7.74,10.11,13.53,23.13,47.3,77.79,0.639,0,1,1,0,0,0
2023-07-30,5.79,38.55,990.22,115.35,1812.5,0.1,2.51,3.11,3.82,5.86,7.82,14.64,30.59,0.339,0,0,0,2,0,1
2023-07-31,25.17,17.27,1013.12,109.89,1793.4,49.3,3.58,5.08,7.41,10.88,14.77,31.12,65.87,0.274,0,0,1,1,0,1
2023-08-01,23.36,47.28,998.71,79.25,750.9,38.5,2.89,3.8,5.27,8.13,12.32,28.26,57.09,0.383,0,0,1,1,0,1
2023-08-01,46.71,67.75,1007.14,19.57,875.4,12.7,0.27,0.34,0.5,0.78,1.26,2.36,3.46,0.05,8,0,0,0,3,3
2023-08-02,40.4,91.34,996.23,74.95,617.5,29.7,10.51,15.7,24.28,46.93,68.66,84.98,186.59,0.95,2,2,2,1,2,0
2023-08-02,27.37,23.0,997.86,136.87,2335.8,4.6,0.68,1.04,1.69,3.35,4.17,9.29,13.11,0.05,0,0,0,2,0,2
2023-08-02,32.54,30.97,1004.12,111.15,652.3,38.3,4.02,9.4,18.41,24.45,29.47,70.55,142.72,0.781,0,1,2,1,0,0
2023-08-02,9.53,48.25,1009.16,56.15,1508.4,0.4,0.37,0.56,0.88,1.62,2.5,4.26,5.94,0.186,0,0,0,0,0,2
2023-08-02,14.84,27.64,978.39,66.84,4.3,24.1,0.56,0.82,1.02,1.42,2.39,5.14,9.2,0.051,0,0,0,1,0,2
2023-08-02,23.22,87.73,995.96,106.53,381.6,36.4,0.87,1.63,3.06,5.09,8.49,14.63,31.45,0.416,0,0,1,1,0,1
2023-08-04,42.59,34.36,975.56,40.4,1504.6,42.7,0.42,0.78,1.12,1.29,1.48,3.01,5.89,0.05,6,0,1,1,2,3
2023-08-04,37.75,75.1,946.99,2.1,245.3,11.7,2.18,3.29,5.36,8.0,13.3,20.25,37.99,0.251,9,0,0,1,3,2
2023-08-05,36.63,15.14,1010.84,96.92,851.2,40.6,0.14,0.27,0.4,0.54,0.8,1.33,1.81,0.05,1,0,1,1,1,3
2023-08-05,36.57,29.91,965.32,66.68,168.5,17.8,1.08,1.9,3.65,5.72,6.38,9.18,16.6,0.05,6,0,0,1,1,3
2023-08-05,15.38,87.07,996.0,89.2,1332.9,29.4,5.09,10.67,17.71,27.6,38.03,62.99,86.71,0.86,0,1,2,1,0,0
2023-08-06,22.91,50.4,1015.25,129.78,422.5,49.5,3.8,8.77,13.35,22.43,28.87,52.54,106.32,0.732,0,1,2,1,0,0
2023-08-06,7.1,20.4,983.57,55.92,1439.1,10.9,1.32,2.03,3.05,4.13,4.75,10.46,15.61,0.135,0,0,0,1,0,2
2023-08-07,31.4,93.18,947.63,11.57,980.6,2.5,0.88,1.87,4.0,4.68,6.21,12.15,20.07,0.286,0,0,0,1,0,2
2023-08-08,13.81,75.95,971.27,75.11,250.9,26.8,2.19,4.12,8.86,15.31,26.33,39.98,49.4,0.571,0,1,1,1,0,1
2023-08-08,46.64,20.57,1006.1,158.98,347.2,6.3,8.07,11.91,23.34,44.6,51.23,84.29,149.35,0.632,8,2,1,2,3,1
2023-08-08,46.47,49.9,975.21,119.16,1950.1,45.8,5.95,10.89,19.95,33.25,44.19,56.53,86.85,0.364,7,1,2,2,3,2
2023-08-09,32.3,18.73,1021.19,45.61,1169.3,6.3,1.47,3.27,4.5,8.55,11.32,25.16,31.97,0.05,0,0,0,0,0,2
2023-08-09,13.85,48.18,950.94,90.94,83.3,42.1,1.88,2.39,2.98,3.75,4.37,6.0,12.3,0.184,0,0,1,2,0,2
2023-08-09,33.66,44.22,975.13,74.56,1497.2,20.9,4.29,6.58,13.63,24.13,34.08,78.13,169.73,0.95,0,1,2,1,0,0
2023-08-10,14.41,73.93,952.95,41.25,2395.5,43.6,0.98,1.93,4.22,7.86,12.21,22.75,28.3,0.414,0,0,1,1,0,1
2023-08-11,7.79,25.2,993.23,152.03,2479.1,5.0,6.38,13.54,17.71,30.86,53.83,113.56,167.77,0.95,0,2,2,2,0,0
2023-08-11,34.13,83.07,1016.9,157.4,148.8,39.1,3.54,6.0,9.23,15.54,22.86,33.76,73.4,0.563,0,1,1,2,1,1
2023-08-11,17.62,29.34,956.32,6.42,628.3,34.3,1.82,3.23,4.53,5.98,9.21,19.87,30.34,0.173,0,0,1,1,0,2
2023-08-11,10.64,70.17,970.25,137.22,941.9,35.8,3.09,5.27,10.71,18.96,24.13,34.91,50.05,0.578,0,1,1,2,0,1
2023-08-12,7.15,22.88,1020.63,143.06,1496.6,23.2,0.78,1.8,2.59,4.22,6.26,7.83,9.72,0.108,0,0,0,1,0,2
2023-08-12,47.07,64.58,949.43,8.76,1558.3,45.4,0.36,0.51,0.86,1.72,3.09,3.91,6.49,0.05,8,0,1,1,3,3
2023-08-12,40.34,86.89,975.85,10.03,147.2,29.7,1.96,3.86,5.6,8.3,14.05,31.74,65.02,0.465,4,1,1,0,2,2
2023-08-12,41.72,10.04,1019.68,103.31,1325.8,4.4,2.81,4.3,8.8,13.48,21.2,44.28,64.59,0.064,3,0,0,1,1,2
2023-08-12,36.37,85.48,949.25,151.81,166.4,18.3,0.92,1.45,2.81,4.84,7.4,15.32,26.04,0.237,7,0,0,3,2,2
2023-08-14,16.93,50.58,943.99,49.16,1746.8,44.7,1.01,1.59,2.47,3.87,5.2,9.85,18.01,0.204,0,0,1,1,0,2
2023-08-14,42.88,41.36,989.74,116.14,588.8,6.9,1.82,4.43,6.75,12.64,16.85,22.63,40.83,0.05,4,0,0,2,2,3
2023-08-14,36.25,44.15,974.99,133.3,1992.8,29.2,1.36,2.37,4.79,7.96,11.31,14.64,21.63,0.05,6,0,0,2,2,3
2023-08-15,11.83,30.56,993.39,121.49,888.6,29.5,0.37,0.68,1.09,1.96,2.75,4.47,5.6,0.072,0,0,0,2,0,2
2023-08-15,31.63,60.23,1017.69,68.66,1784.5,24.3,0.76,1.11,1.53,2.93,4.83,7.37,12.72,0.07,0,0,0,0,0,2
2023-08-15,24.02,36.16,1005.22,57.48,1694.0,28.3,1.02,1.86,3.46,3.98,6.29,8.55,13.42,0.05,0,0,0,1,0,2
2023-08-16,46.18,50.88,1000.91,71.86,2021.3,37.9,2.99,6.63,13.33,17.5,23.98,51.68,101.3,0.468,2,1,1,1,2,2
2023-08-17,37.04,59.3,956.22,144.76,194.3,44.0,0.86,1.22,2.42,3.11,3.8,9.04,15.65,0.05,1,0,1,3,1,3
2023-08-17,37.28,35.18,1026.27,117.8,2455.7,10.5,2.1,2.86,4.09,6.68,9.53,21.49,41.27,0.078,2,0,0,1,1,2
2023-08-17,23.22,90.47,978.61,142.72,1256.2,7.6,4.7,10.72,15.86,22.83,30.52,56.72,69.75,0.685,0,1,1,2,0,0
2023-08-18,23.72,13.78,966.79,20.01,806.5,32.8,8.65,10.85,18.05,21.66,27.8,45.49,86.34,0.407,0,1,1,1,0,1
2023-08-18,15.85,47.9,1018.25,127.37,1099.9,4.6,5.33,13.22,28.23,37.61,49.48,108.66,185.8,0.95,0,2,2,2,0,0
2023-08-18,20.42,14.04,975.95,35.89,184.8,1.8,0.58,0.73,1.33,2.41,3.47,5.22,6.98,0.05,0,0,0,1,0,2
2023-08-19,28.64,43.92,1027.25,3.56,1790.1,10.5,5.43,13.48,18.12,25.08,30.31,62.97,76.54,0.443,0,1,1,0,0,1
2023-08-19,19.35,12.13,972.05,33.2,2302.2,46.8,7.61,14.34,26.54,30.81,49.98,61.12,128.04,0.721,0,1,2,1,0,0
2023-08-19,23.91,18.01,1007.18,66.12,1253.3,20.6,12.62,18.92,41.12,52.79,65.87,137.82,284.14,0.95,0,2,2,1,0,0
2023-08-19,39.56,18.86,975.29,65.81,218.5,16.7,1.31,3.11,5.92,8.77,15.22,35.84,73.89,0.191,4,1,0,1,1,2
2023-08-20,42.61,48.85,955.36,38.27,2186.3,6.3,1.7,3.2,4.16,8.24,10.14,24.76,51.67,0.163,8,0,0,1,3,2
2023-08-20,43.93,10.79,995.18,152.72,2223.7,11.7,0.09,0.19,0.27,0.47,0.81,1.26,2.2,0.05,5,0,0,2,2,3
2023-08-21,42.63,14.82,961.93,82.25,946.8,31.5,1.1,1.96,3.87,7.27,8.55,10.49,17.42,0.05,4,0,1,2,2,3
2023-08-22,25.25,64.42,972.68,73.54,1687.6,30.2,0.46,0.57,0.76,1.17,1.7,3.97,7.61,0.12,0,0,0,1,0,2
2023-08-22,39.61,20.97,956.51,39.55,1205.2,41.0,1.77,3.17,6.67,7.42,12.05,20.44,41.12,0.05,1,0,1,1,1,3
2023-08-22,27.17,65.93,962.47,12.09,258.9,21.3,4.87,6.66,10.84,18.05,32.13,41.31,67.71,0.509,0,1,1,1,0,1
2023-08-22,34.91,68.31,955.58,54.24,1050.3,2.4,0.36,0.47,0.75,1.27,1.9,4.59,9.77,0.058,0,0,0,1,1,3
2023-08-23,10.63,74.46,991.48,71.5,277.0,37.9,1.4,2.2,4.82,8.79,12.66,15.51,25.09,0.433,0,0,1,1,0,1
2023-08-23,6.14,58.65,1013.0,23.14,1793.2,20.2,1.82,2.4,3.97,4.7,5.67,7.01,14.78,0.33,0,0,0,0,0,2
2023-08-23,33.36,99.96,1017.53,144.44,946.3,36.7,0.86,1.05,2.19,4.23,5.63,12.75,15.62,0.27,0,0,1,1,1,2
2023-08-24,42.76,90.41,1018.58,34.1,1521.6,16.6,1.38,3.25,5.72,11.34,18.35,33.2,55.27,0.393,4,0,1,0,2,2
2023-08-24,17.94,37.89,970.06,136.24,1241.7,42.6,2.41,2.95,5.05,7.7,8.55,13.11,25.4,0.179,0,0,1,2,0,2
2023-08-24,18.56,80.29,986.93,3.35,1611.4,17.4,0.35,0.6,0.8,1.49,2.59,5.65,12.35,0.298,0,0,0,0,0,2
2023-08-25,7.56,65.75,951.91,104.19,1023.2,43.4,6.85,12.49,26.95,37.0,54.75,81.41,104.35,0.949,0,1,3,3,0,0
2023-08-26,25.17,14.01,990.31,148.93,763.6,23.0,3.22,4.49,5.99,8.81,9.74,17.23,23.0,0.05,0,0,0,2,0,2
2023-08-26,10.06,54.82,955.29,5.41,425.1,14.3,2.9,5.78,12.62,20.29,27.22,41.77,72.39,0.656,0,1,1,1,0,0
2023-08-27,10.87,73.63,953.13,140.79,2227.3,32.3,1.41,2.59,5.07,9.55,10.91,15.92,20.68,0.397,0,0,1,3,0,1
2023-08-28,47.87,50.4,1019.57,100.82,68.3,5.9,0.13,0.25,0.38,0.6,1.03,2.31,2.98,0.05,7,0,0,1,3,3
2023-08-29,27.03,72.64,967.4,52.49,2027.0,24.0,1.61,2.93,6.32,10.27,12.67,20.18,37.55,0.343,0,0,1,1,0,1
2023-08-30,9.58,92.24,972.5,114.61,1054.6,45.1,6.03,14.53,31.86,36.74,57.31,111.33,147.48,0.95,0,2,3,2,0,0
2023-08-31,7.27,52.22,1012.24,106.0,1720.6,14.9,2.07,4.49,8.57,15.4,25.63,57.08,90.44,0.791,0,1,1,1,0,0
2023-08-31,24.7,31.62,996.98,57.44,2079.3,0.8,3.71,8.43,13.57,25.2,34.59,66.83,103.23,0.599,0,1,1,1,0,0
2023-08-31,28.31,24.0,1018.38,65.44,1942.7,45.1,2.87,5.96,10.3,15.66,22.07,34.24,45.16,0.138,0,0,1,1,0,2
2023-08-31,29.91,45.72,999.43,88.64,1590.6,9.6,3.02,4.7,6.58,7.78,13.56,19.86,25.23,0.098,0,0,0,1,0,2
2023-09-01,46.34,30.78,1016.71,82.77,2333.3,31.9,0.48,1.14,2.05,2.4,3.93,8.57,18.69,0.05,8,0,0,1,3,3
2023-09-01,5.22,46.2,971.66,88.05,184.2,8.7,2.07,4.32,7.98,15.38,26.07,42.43,76.46,0.689,0,1,1,2,0,0
2023-09-01,10.52,75.24,1022.84,26.28,1807.3,35.9,1.2,2.34,5.03,10.04,14.24,30.0,56.09,0.645,0,0,1,0,0,1
2023-09-02,39.65,71.07,1011.33,56.58,392.2,33.7,1.05,1.59,2.34,3.79,6.03,13.62,25.79,0.131,8,0,1,0,3,3
2023-09-02,40.46,69.35,963.18,159.49,2430.8,17.8,5.34,8.47,17.96,26.05,46.17,93.01,188.1,0.95,5,2,2,3,2,0
2023-09-02,12.46,16.62,980.78,2.97,1758.1,7.1,2.49,3.82,6.02,6.71,12.03,23.4,35.28,0.194,0,0,0,0,0,1
2023-09-02,29.29,91.86,982.13,50.41,1218.4,30.4,1.47,2.34,4.58,7.07,10.11,17.54,22.93,0.319,0,0,1,1,0,2
2023-09-02,19.11,82.38,966.0,2.81,1730.5,30.9,6.12,8.81,15.36,21.44,37.81,59.26,95.4,0.857,0,1,2,1,0,0
2023-09-03,43.88,26.76,1017.01,141.92,2068.3,47.4,0.22,0.5,0.96,1.82,2.02,4.33,8.65,0.05,1,0,1,1,1,3
2023-09-03,5.71,32.82,989.16,0.01,2271.8,21.2,1.2,2.03,3.89,6.19,10.88,17.11,29.33,0.302,0,0,0,0,0,1
2023-09-04,32.89,40.75,989.32,119.46,2161.5,6.9,5.38,11.06,16.83,28.01,44.09,102.32,198.36,0.95,0,2,2,2,0,0
2023-09-04,15.24,42.24,967.98,117.49,21.2,43.3,0.89,1.46,2.12,2.87,5.04,9.8,19.77,0.191,0,1,1,2,0,2
2023-09-04,13.54,78.29,996.81,93.94,785.5,9.2,0.64,0.82,1.48,2.45,3.75,7.34,12.74,0.341,0,0,0,1,0,2
2023-09-04,39.84,47.15,989.9,119.89,289.7,44.4,1.51,3.2,6.16,9.87,12.32,17.12,29.56,0.05,7,0,1,2,2,3
2023-09-04,23.5,85.52,995.08,6.97,568.9,35.8,3.57,8.61,16.47,26.19,46.93,85.63,110.27,0.928,0,1,2,0,0,0
2023-09-05,29.91,14.8,983.19,114.3,717.1,21.1,0.8,1.85,2.75,5.47,6.59,16.18,21.96,0.05,0,0,0,2,0,2
2023-09-05,5.38,71.2,1014.37,149.88,378.7,0.9,1.29,2.26,4.33,6.72,8.97,19.18,25.15,0.47,0,0,0,2,0,1
2023-09-05,20.81,69.87,954.73,113.79,1543.1,4.9,1.06,1.43,2.81,3.98,6.07,11.73,18.72,0.266,0,0,0,2,0,2
2023-09-05,40.99,35.93,1018.87,20.97,1954.9,19.3,2.66,4.85,7.01,8.04,14.07,20.97,32.35,0.05,2,0,0,0,1,3
2023-09-05,15.21,19.84,1017.05,149.18,1130.7,11.5,5.29,8.93,16.94,19.94,33.55,76.73,109.95,0.68,0,1,1,2,0,0
2023-09-05,21.11,91.31,964.3,14.04,1131.2,22.7,1.83,4.4,7.59,10.5,14.82,32.76,41.28,0.521,0,0,1,1,0,1
2023-09-05,22.18,42.87,948.91,56.75,1622.2,49.1,0.62,0.92,1.93,3.67,5.24,7.57,14.43,0.089,0,0,1,1,0,2
2023-09-05,10.66,36.65,1008.25,72.85,946.1,4.4,8.81,20.97,42.88,76.87,112.93,215.98,444.64,0.95,0,3,3,1,0,0
2023-09-06,39.68,95.38,986.29,119.3,1621.2,33.3,1.89,3.88,7.6,13.11,16.83,20.96,33.04,0.3,7,0,1,2,3,2
2023-09-06,26.99,63.18,969.67,109.61,1083.0,20.4,5.3,10.94,17.03,31.07,42.0,54.79,94.48,0.676,0,1,1,2,0,0
2023-09-06,38.13,26.52,1022.48,121.95,27.6,42.2,6.3,11.79,16.95,31.73,47.18,96.43,135.97,0.658,9,2,2,1,2,1
2023-09-07,31.13,21.03,995.77,15.12,1081.8,35.5,4.12,8.59,15.8,20.35,32.89,62.12,134.08,0.688,0,1,2,0,0,0
2023-09-07,14.8,82.2,969.48,58.47,398.6,43.0,1.61,2.69,4.66,7.74,9.19,21.84,33.28,0.485,0,0,1,1,0,1
2023-09-07,22.62,34.0,948.39,144.66,2372.6,33.8,1.18,2.63,4.75,8.99,13.67,29.45,40.3,0.213,0,0,1,3,0,1
2023-09-07,18.31,52.7,956.81,117.33,1669.5,1.0,2.59,6.44,10.62,13.1,20.15,32.0,63.97,0.507,0,0,0,2,0,1
2023-09-07,44.03,21.78,953.35,97.29,428.4,36.2,1.5,3.38,4.59,8.77,15.11,21.96,35.6,0.05,5,0,1,2,2,3
2023-09-08,16.91,97.88,996.58,69.2,45.1,4.3,3.25,7.94,11.97,17.5,31.15,46.25,93.07,0.941,0,2,1,1,0,0
2023-09-08,6.11,47.3,1025.22,103.43,1736.3,16.7,4.81,6.52,12.71,17.47,30.55,61.3,99.15,0.836,0,1,1,1,0,0
2023-09-09,28.34,53.37,1020.76,30.8,1491.8,38.0,2.14,2.77,5.68,6.4,9.8,12.82,18.63,0.108,0,0,1,0,0,2
2023-09-09,28.51,61.95,1005.16,127.54,2303.4,14.8,4.2,8.18,15.5,19.41,24.65,37.68,54.28,0.387,0,0,1,2,0,1
2023-09-10,41.52,10.02,1026.91,109.17,612.0,12.4,2.99,5.15,7.07,12.69,16.49,21.8,31.88,0.05,4,0,0,1,2,3
2023-09-10,32.92,71.75,1008.6,128.92,1572.1,8.1,0.35,0.74,1.01,1.84,2.92,4.56,9.32,0.092,0,0,0,1,0,2
2023-09-10,13.9,13.08,992.13,121.86,1547.5,33.9,4.67,11.26,24.74,40.02,59.84,95.02,131.6,0.804,0,2,2,2,0,0
2023-09-10,35.34,63.55,972.94,147.2,2410.6,49.1,1.74,3.77,4.89,6.34,10.0,17.27,24.49,0.128,4,0,1,2,1,2
2023-09-10,14.03,14.45,974.4,106.88,1919.1,24.9,6.96,9.51,12.15,14.49,24.2,36.28,79.1,0.459,0,1,1,2,0,1
2023-09-11,10.25,63.42,996.12,87.54,1067.0,23.2,7.29,13.94,19.72,35.71,44.74,77.39,135.98,0.95,0,1,2,1,0,0
2023-09-11,18.14,70.24,975.47,138.08,1295.0,3.0,4.74,5.78,9.33,12.97,18.73,23.07,42.16,0.451,0,0,0,2,0,1
2023-09-11,37.55,86.67,1022.6,63.32,2200.6,8.2,1.65,3.65,7.19,9.98,17.45,31.55,50.81,0.397,2,0,0,0,1,2
2023-09-13,7.24,26.77,946.95,8.44,1999.6,15.7,5.56,9.46,20.32,25.56,43.86,90.75,177.87,0.95,0,2,2,1,0,0
2023-09-14,15.3,58.62,983.87,143.54,607.2,12.9,0.65,0.83,1.39,1.63,2.37,5.49,8.11,0.194,0,0,0,2,0,2
2023-09-14,19.94,52.59,1024.98,118.69,1280.8,42.7,1.52,1.86,2.83,5.08,9.04,21.66,32.91,0.283,0,0,1,1,0,1
2023-09-14,13.77,49.74,1023.79,15.73,1858.1,47.4,2.92,7.3,15.43,27.68,33.47,59.7,118.17,0.899,0,1,2,0,0,0
2023-09-15,18.58,62.26,989.96,101.72,234.9,12.0,2.43,5.51,8.29,13.91,15.77,31.81,38.53,0.382,0,1,0,1,0,1
2023-09-15,23.13,95.12,1029.76,143.5,1386.0,15.0,1.12,1.41,2.11,2.67,4.42,8.18,11.25,0.319,0,0,0,1,0,2
2023-09-15,20.23,90.13,971.4,20.77,184.9,37.4,3.42,4.84,6.94,8.0,9.4,13.68,17.87,0.367,0,1,1,1,0,1
2023-09-16,9.04,74.22,977.61,76.09,155.4,22.2,0.16,0.19,0.4,0.45,0.59,1.22,2.65,0.298,0,0,0,1,0,2
2023-09-16,20.02,24.03,980.47,89.7,1080.8,40.6,0.08,0.18,0.22,0.3,0.4,0.67,1.07,0.05,0,0,1,1,0,2
2023-09-18,38.97,56.59,1027.5,32.47,1977.4,48.6,3.15,5.74,10.5,15.48,19.62,44.26,69.95,0.36,1,0,2,0,1,2
2023-09-18,20.19,98.77,1026.93,77.79,1316.6,20.4,11.12,21.71,26.17,30.8,52.35,89.6,126.51,0.95,0,1,2,1,0,0
2023-09-19,45.73,41.15,959.0,123.96,1800.3,4.3,6.12,12.28,21.7,36.26,58.26,76.43,141.21,0.69,8,1,1,3,3,1
2023-09-19,29.33,31.95,968.62,54.77,426.8,23.9,2.55,3.11,5.66,7.81,12.56,23.49,50.21,0.201,0,0,1,1,0,2
2023-09-20,40.54,88.6,964.19,94.31,2047.7,5.2,1.19,1.72,2.45,3.46,4.69,11.41,17.27,0.153,9,0,0,2,3,3
2023-09-20,16.79,19.02,1016.92,107.22,782.9,13.6,0.97,1.8,3.05,4.23,5.83,7.82,13.88,0.05,0,0,0,1,0,2
2023-09-20,20.05,35.84,1002.6,116.04,258.2,6.9,0.05,0.08,0.11,0.19,0.25,0.41,0.57,0.05,0,0,0,1,0,2
2023-09-20,9.48,40.82,985.01,64.76,172.5,28.4,7.64,13.13,17.86,30.51,41.9,90.73,109.87,0.842,0,2,2,1,0,0
2023-09-21,45.91,55.92,999.11,96.55,2486.5,5.4,5.59,12.11,17.42,22.77,26.18,65.31,99.84,0.486,8,1,1,1,3,2
2023-09-21,10.77,24.8,1023.36,57.64,859.4,20.5,5.52,11.48,18.39,26.23,29.28,58.68,83.66,0.574,0,1,1,0,0,0
2023-09-21,16.1,40.56,955.55,89.83,2476.1,5.3,0.99,2.45,5.05,9.26,15.63,33.92,45.74,0.347,0,0,0,2,0,1
2023-09-21,16.08,94.96,1014.96,135.35,1055.6,45.3,0.01,0.01,0.02,0.02,0.03,0.05,0.1,0.315,0,0,1,1,0,2
2023-09-22,12.97,25.39,993.47,116.41,593.2,40.4,4.56,7.62,16.74,23.85,35.67,61.78,119.2,0.792,0,1,2,2,0,0
2023-09-22,27.31,37.75,961.65,125.43,2015.4,10.5,2.96,3.75,4.96,7.31,9.67,16.88,22.1,0.063,0,0,0,2,0,2
2023-09-23,11.13,78.25,977.92,7.22,643.2,43.6,2.6,4.74,9.33,13.53,22.45,53.25,103.2,0.95,0,1,2,0,0,0
2023-09-23,36.36,88.52,1006.56,117.88,1424.3,23.0,1.56,3.31,6.03,8.7,14.85,30.26,64.07,0.506,4,0,1,1,2,1
2023-09-24,36.52,53.21,968.64,54.35,1846.3,15.6,7.88,17.61,31.89,59.33,87.25,201.17,430.7,0.95,2,3,3,2,1,0
2023-09-26,40.57,28.89,988.14,15.63,2475.2,27.4,6.06,8.88,15.96,18.91,27.62,59.5,82.63,0.29,6,0,1,0,2,2
2023-09-26,6.68,74.26,970.02,65.22,1667.7,5.1,0.12,0.24,0.52,0.93,1.09,1.72,2.3,0.32,0,0,0,1,0,2
2023-09-26,46.3,57.89,1005.14,118.0,2141.7,37.4,0.74,1.04,2.1,2.94,5.13,8.46,14.72,0.05,1,0,1,1,2,3
2023-09-27,28.93,59.81,950.12,147.1,125.4,7.4,5.11,11.0,16.24,29.9,49.17,117.2,152.14,0.95,0,2,2,3,0,0
2023-09-27,29.48,34.37,983.15,130.7,1289.1,5.6,5.63,7.5,9.51,12.76,15.23,28.16,43.15,0.165,0,0,0,2,0,2
2023-09-28,7.5,73.89,1008.85,19.98,110.7,21.7,0.06,0.1,0.14,0.19,0.3,0.53,1.03,0.301,0,0,0,0,0,2
2023-09-28,43.1,48.49,942.38,147.96,869.7,5.0,4.19,5.25,9.23,11.85,17.62,33.3,68.57,0.269,7,0,0,3,3,2
2023-09-28,40.81,40.65,959.74,88.25,330.7,48.0,1.48,3.14,6.42,8.48,10.24,14.57,23.8,0.05,1,0,1,2,1,3
2023-09-29,14.1,31.38,986.28,112.2,2449.3,5.6,4.31,6.02,12.87,25.17,31.96,60.26,113.2,0.771,0,1,1,2,0,0
2023-10-01,40.08,33.15,1003.31,120.89,321.9,48.4,0.59,1.26,1.64,2.11,3.17,4.75,10.07,0.05,7,0,1,1,2,3
2023-10-01,33.24,92.81,1015.2,41.55,1201.7,11.5,1.42,3.4,4.13,8.09,13.2,25.06,52.1,0.479,0,0,0,0,1,1
2023-10-01,16.36,56.51,984.61,3.74,2262.1,17.2,10.05,25.07,47.7,86.1,94.98,183.96,225.29,0.95,0,3,3,1,0,0
2023-10-01,35.14,49.03,1021.19,137.17,371.0,35.9,2.71,6.08,9.37,11.52,19.63,38.93,84.85,0.459,9,1,1,1,2,1
2023-10-03,27.27,28.72,955.18,144.5,2040.6,17.0,0.25,0.5,0.64,1.13,1.91,3.89,8.19,0.05,0,0,0,3,0,2
2023-10-03,16.1,61.2,949.1,50.37,104.7,35.6,9.1,19.01,24.86,37.64,58.97,93.66,194.1,0.95,0,3,2,2,0,0
2023-10-03,13.8,39.97,1023.79,48.65,1505.9,7.0,0.19,0.34,0.41,0.65,1.11,2.69,3.42,0.085,0,0,0,0,0,2
2023-10-03,34.76,91.27,1025.25,43.05,1426.9,14.4,0.01,0.02,0.03,0.05,0.08,0.14,0.24,0.11,0,0,0,0,1,3
2023-10-04,18.8,13.38,1023.44,12.78,305.1,13.0,0.48,0.66,1.21,1.7,2.04,4.95,6.88,0.05,0,0,0,0,0,2
2023-10-04,41.42,89.5,957.1,128.74,1053.3,5.0,1.73,3.89,5.68,9.01,14.22,19.93,27.14,0.214,4,0,0,2,2,3
2023-10-04,24.44,17.73,1019.11,29.56,1416.1,2.4,2.15,5.19,10.72,17.48,24.52,39.45,84.89,0.41,0,1,0,0,0,1
2023-10-04,42.32,82.91,990.59,58.04,2238.4,10.2,4.6,9.67,19.19,24.6,33.37,80.5,116.69,0.769,5,1,1,1,2,1
2023-10-05,16.15,60.86,1020.46,14.58,1595.3,13.3,1.61,2.69,4.15,4.61,6.22,7.97,16.38,0.252,0,0,0,0,0,2
2023-10-05,7.48,20.57,988.98,81.41,298.0,17.5,0.53,1.29,1.65,2.96,4.06,7.76,14.06,0.122,0,0,0,1,0,2
2023-10-05,10.25,26.36,1026.38,144.66,2319.1,40.9,4.73,10.89,19.75,28.72,33.19,67.68,82.58,0.58,0,1,2,2,0,0
2023-10-05,46.71,67.53,974.04,82.22,1178.8,6.8,0.43,0.83,1.46,2.46,3.16,5.24,8.89,0.05,7,0,0,1,3,3
2023-10-06,11.38,47.42,1002.1,19.98,8.2,43.8,4.93,8.53,12.39,21.23,28.11,68.56,88.29,0.712,0,2,2,0,0,0
2023-10-07,23.04,10.39,1006.46,95.33,2065.8,35.1,0.16,0.3,0.47,0.78,1.29,2.73,3.29,0.05,0,0,1,1,0,2
2023-10-07,23.71,60.0,1019.55,52.23,2345.6,22.4,3.73,7.65,11.52,15.62,18.75,24.23,33.8,0.288,0,0,1,0,0,1
2023-10-07,6.09,50.49,942.85,66.69,1282.8,10.7,7.12,9.92,14.38,25.93,38.96,65.28,113.23,0.946,0,1,1,2,0,0
2023-10-07,31.23,24.99,978.94,113.68,1852.5,49.0,8.78,20.46,33.56,47.1,52.6,71.63,132.37,0.695,0,1,2,2,0,0
2023-10-07,24.1,64.56,995.08,146.63,751.2,32.8,2.1,4.16,6.61,8.86,10.17,17.39,32.41,0.298,0,0,1,2,0,1
2023-10-08,46.66,78.95,985.73,52.16,867.2,42.6,4.8,8.5,10.9,12.65,17.96,35.0,57.25,0.31,7,0,1,1,3,2
2023-10-09,35.62,19.28,976.85,37.33,550.1,42.8,0.32,0.63,1.09,1.49,2.54,3.98,8.35,0.05,9,0,1,1,2,3
2023-10-09,42.05,58.08,955.99,73.03,1673.2,6.5,1.2,2.62,4.05,5.06,8.74,13.89,22.55,0.05,9,0,0,2,3,3
2023-10-09,22.65,21.85,970.32,34.61,690.2,12.3,4.23,6.92,12.57,14.11,20.65,49.78,107.63,0.6,0,1,1,1,0,0
2023-10-09,33.0,43.05,956.43,123.67,445.9,11.4,1.37,2.51,3.27,6.23,7.48,15.41,22.15,0.05,0,0,0,2,0,2
2023-10-09,24.35,25.96,997.06,50.55,1502.1,0.9,5.4,12.93,19.18,31.88,54.5,110.91,152.71,0.904,0,2,1,1,0,0
2023-10-09,8.45,75.18,993.2,55.54,2226.8,18.3,6.93,13.27,22.89,28.75,50.18,107.35,205.73,0.95,0,2,2,1,0,0
2023-10-09,24.26,51.78,951.23,124.31,2105.4,31.0,1.04,2.03,4.13,7.35,11.77,23.1,28.81,0.208,0,0,1,2,0,2
2023-10-09,27.21,27.04,945.86,145.85,1759.7,35.2,5.36,11.17,20.2,30.09,47.62,65.27,138.34,0.785,0,1,2,3,0,0
2023-10-10,41.61,34.97,1018.87,100.67,1756.5,19.5,2.7,4.28,5.61,9.35,16.05,39.14,52.62,0.11,9,0,0,1,3,2
2023-10-11,47.34,58.06,1027.39,149.88,917.4,42.7,0.31,0.66,1.19,1.78,2.07,5.17,8.9,0.05,7,0,1,1,3,3
2023-10-11,30.1,43.47,999.0,158.33,556.9,37.4,1.59,2.82,4.84,8.51,10.66,15.4,27.99,0.103,0,0,1,2,0,2
2023-10-11,21.68,23.49,957.76,51.43,2002.8,20.5,10.0,24.72,36.32,68.41,103.64,171.61,341.05,0.95,0,3,3,2,0,0
2023-10-12,19.59,58.29,971.16,80.59,1357.3,33.6,0.49,1.03,1.8,2.85,3.91,7.52,9.47,0.159,0,0,1,1,0,2
2023-10-13,15.65,52.11,943.21,37.49,397.3,46.6,1.01,1.41,2.64,4.98,8.33,17.86,33.6,0.328,0,0,1,1,0,1
2023-10-13,26.77,48.02,984.01,53.74,2382.5,27.5,4.5,8.29,16.45,23.15,29.01,49.85,87.73,0.557,0,1,1,1,0,1
2023-10-13,47.57,86.64,976.99,48.26,825.2,22.3,3.56,8.53,13.89,25.09,38.14,48.48,82.48,0.507,8,1,1,1,3,2
2023-10-14,33.6,52.64,1016.45,20.74,2370.5,19.7,11.19,17.63,37.41,70.83,126.58,223.31,348.82,0.95,0,3,3,0,0,0
2023-10-14,21.84,48.74,997.15,65.35,1622.8,29.2,0.11,0.23,0.38,0.55,0.79,0.95,1.15,0.05,0,0,0,1,0,2
2023-10-15,26.42,42.34,978.64,57.37,1347.9,31.0,0.52,1.05,1.95,2.57,4.62,6.95,12.1,0.05,0,0,0,1,0,2
2023-10-15,33.69,90.19,968.96,34.14,1555.8,2.5,1.0,1.28,2.53,4.07,7.26,10.56,16.66,0.225,0,0,0,1,1,2
2023-10-15,30.83,76.8,958.35,43.79,999.2,2.9,1.23,2.01,2.89,5.49,7.42,10.85,21.65,0.22,0,0,0,1,0,2
2023-10-16,38.23,38.17,940.33,105.73,1273.0,7.5,3.63,7.72,14.52,23.61,32.2,63.17,109.33,0.537,6,1,1,3,2,1
2023-10-16,30.49,66.14,1013.36,149.88,1365.2,24.2,11.17,23.94,49.67,71.36,107.75,143.84,175.84,0.95,0,3,3,2,0,0
2023-10-16,40.31,21.33,976.98,19.59,847.7,30.3,5.63,7.05,9.56,17.55,20.22,47.38,68.43,0.16,6,0,1,1,2,2
2023-10-17,17.37,43.03,955.43,63.84,770.7,45.8,2.32,5.09,9.85,16.41,18.79,27.68,48.71,0.366,0,0,1,2,0,1
2023-10-17,14.29,78.58,962.22,74.28,373.8,23.1,3.61,6.14,7.77,14.37,20.97,35.51,75.58,0.754,0,1,1,2,0,0
2023-10-18,21.58,74.83,973.69,22.5,2234.5,16.9,6.58,12.51,22.46,36.38,58.77,126.67,235.61,0.95,0,2,2,1,0,0
2023-10-18,45.82,81.86,1005.65,54.23,2066.9,14.1,3.51,6.79,13.92,16.98,20.98,27.16,49.79,0.283,6,0,0,1,3,3
2023-10-19,14.79,29.81,1020.02,61.48,2178.4,6.2,5.33,11.35,21.52,26.46,33.29,44.35,72.37,0.484,0,1,1,1,0,1
2023-10-19,17.29,37.29,952.58,62.78,623.2,45.0,5.47,9.75,17.51,34.46,51.38,125.39,235.69,0.95,0,2,3,2,0,0
2023-10-19,26.34,81.67,961.51,57.74,564.4,46.2,5.05,8.81,15.32,20.94,27.8,52.51,78.07,0.665,0,1,2,1,0,0
2023-10-20,27.89,93.32,972.94,5.06,2126.2,24.4,2.58,4.98,6.66,9.83,17.64,38.34,84.09,0.748,0,1,1,0,0,0
2023-10-21,7.16,40.81,960.9,74.77,895.9,3.6,2.16,3.13,5.99,9.32,12.24,22.17,47.46,0.449,0,0,0,2,0,1
2023-10-21,40.11,10.34,992.98,44.36,1302.7,15.4,1.13,2.32,3.93,4.77,5.57,7.49,12.88,0.05,6,0,0,1,2,3
2023-10-21,29.56,72.97,990.72,112.03,1788.1,32.4,2.32,2.94,5.89,11.15,12.3,14.99,31.59,0.28,0,0,1,2,0,2
2023-10-21,39.29,85.4,993.73,49.08,1791.0,1.1,3.34,4.93,6.51,11.32,20.32,31.74,62.26,0.449,4,0,0,1,2,2
2023-10-22,46.57,74.61,993.51,15.53,2269.0,0.8,8.67,14.4,21.61,31.88,35.97,72.92,156.4,0.95,2,1,1,0,2,1
2023-10-22,12.94,31.84,999.85,134.32,827.4,49.5,5.52,9.02,17.82,20.05,31.92,60.78,116.2,0.804,0,1,2,2,0,0
2023-10-22,42.73,32.2,984.06,85.5,1326.6,49.5,0.42,0.74,0.95,1.43,2.54,3.35,4.74,0.05,9,0,1,1,3,3
2023-10-23,24.75,67.56,968.89,98.91,353.0,40.6,1.19,1.79,2.18,4.14,6.76,13.8,17.46,0.207,0,0,1,2,0,2
2023-10-23,42.41,73.44,987.17,129.06,569.8,23.5,5.52,13.1,23.2,26.18,37.27,71.48,104.82,0.642,5,1,1,2,2,1
2023-10-23,39.74,43.81,1006.54,93.74,1281.9,27.3,2.22,5.3,6.45,11.78,19.94,49.16,94.97,0.455,1,1,1,1,1,1
2023-10-24,34.44,81.3,999.08,91.73,2278.1,36.8,5.15,6.93,13.91,21.58,37.65,69.01,136.45,0.95,0,1,2,1,1,0
2023-10-24,19.69,84.36,967.6,121.47,293.1,8.6,2.44,4.88,6.29,8.36,14.9,33.18,65.44,0.661,0,1,1,2,0,1
2023-10-24,41.48,84.63,972.74,115.16,277.7,35.6,1.42,2.96,5.64,10.31,16.01,36.84,74.93,0.508,8,1,1,2,3,2
2023-10-25,33.23,43.77,1019.2,13.72,2494.4,47.7,0.65,1.62,2.33,3.51,5.18,12.77,26.9,0.066,0,0,1,0,0,2
2023-10-25,43.49,54.03,960.03,92.55,2060.2,47.9,0.14,0.31,0.64,0.92,1.13,1.89,2.92,0.05,5,0,1,2,2,3
2023-10-25,7.22,80.46,1024.98,101.78,2431.7,41.5,0.86,1.7,2.18,2.75,4.36,5.89,9.32,0.392,0,0,1,1,0,2
2023-10-25,14.84,75.3,1011.78,87.13,2116.8,18.7,10.0,13.75,29.98,46.97,65.94,107.36,130.2,0.95,0,2,2,1,0,0
2023-10-25,44.64,54.37,985.89,106.78,2369.1,36.4,3.92,5.94,8.04,12.8,16.22,28.0,40.01,0.092,7,0,1,2,3,3
2023-10-26,34.41,35.61,990.42,12.63,687.2,30.1,4.57,5.65,8.79,10.1,12.5,24.49,49.78,0.166,0,0,1,0,0,2
2023-10-26,47.98,28.06,952.9,115.37,1850.0,12.0,1.4,3.11,6.38,11.06,12.23,27.39,59.54,0.057,5,0,0,2,3,3
2023-10-27,16.19,86.99,949.77,91.94,1257.2,29.5,2.11,4.75,6.6,7.48,11.32,15.82,20.45,0.409,0,0,1,2,0,1
2023-10-27,47.35,43.28,969.34,125.81,1737.1,3.6,0.16,0.34,0.74,1.21,1.77,3.2,4.0,0.05,1,0,0,2,2,3
2023-10-27,23.0,89.9,1008.63,54.19,2017.3,22.0,2.56,5.03,9.96,13.67,16.53,25.51,35.99,0.459,0,0,1,1,0,1
2023-10-28,7.45,84.26,952.67,58.88,968.9,18.6,13.78,30.74,54.44,76.49,88.14,174.92,237.05,0.95,0,3,3,2,0,0
2023-10-28,6.97,83.15,990.28,109.39,1691.7,31.5,1.28,2.68,5.75,8.48,10.1,15.95,28.13,0.534,0,0,1,2,0,1
2023-10-28,20.09,34.15,964.06,59.99,1812.8,35.0,0.08,0.14,0.3,0.49,0.76,1.45,1.77,0.05,0,0,0,1,0,2
2023-10-29,47.62,85.6,977.98,24.92,1953.8,37.5,3.13,7.25,9.29,11.24,13.08,23.21,37.94,0.205,5,0,1,1,3,3
2023-10-29,6.08,59.89,990.29,59.46,1766.0,28.9,0.57,0.76,1.52,1.94,2.18,3.76,7.99,0.292,0,0,1,1,0,2
2023-10-29,21.74,36.67,945.43,42.81,837.3,43.0,0.01,0.02,0.02,0.03,0.04,0.08,0.16,0.05,0,0,1,1,0,2
2023-10-30,29.93,95.24,976.13,46.85,1269.1,1.5,2.08,4.37,9.32,11.87,19.5,34.61,70.85,0.649,0,1,0,1,0,1
2023-10-30,31.45,20.84,1028.36,65.35,1408.1,6.9,0.92,1.29,1.55,2.19,2.88,6.11,10.14,0.05,0,0,0,0,0,2
2023-10-31,7.13,77.51,978.26,51.24,1877.5,17.7,1.53,2.78,4.51,6.05,6.97,14.2,26.71,0.494,0,0,1,1,0,1
2023-10-31,5.47,78.7,967.9,157.66,2396.3,39.1,1.16,2.82,5.89,6.87,7.62,11.91,14.56,0.436,0,0,1,3,0,1
2023-11-01,36.34,68.53,985.69,154.67,317.0,30.6,2.29,5.09,8.59,11.63,15.29,21.66,46.11,0.287,1,0,1,2,1,2
2023-11-01,22.51,44.93,991.0,145.03,2078.6,0.9,7.27,10.73,15.63,24.5,30.98,74.1,135.17,0.901,0,1,1,2,0,0
2023-11-01,14.48,80.76,945.22,70.1,620.6,37.3,8.58,11.89,16.43,24.53,28.85,48.84,74.6,0.756,0,1,2,2,0,0
2023-11-02,30.63,83.57,947.34,66.69,513.1,21.3,0.17,0.4,0.76,1.51,2.18,4.16,7.83,0.164,0,0,0,2,0,2
2023-11-02,42.73,15.92,988.82,28.81,767.3,40.3,0.38,0.71,0.92,1.62,2.15,4.1,8.71,0.05,1,0,1,0,1,3
2023-11-03,44.83,17.55,970.17,148.01,701.0,2.1,3.76,7.53,13.79,20.18,34.04,69.26,123.05,0.46,7,1,1,3,3,1
2023-11-04,38.69,48.96,979.0,14.96,946.4,6.7,2.61,6.29,9.34,15.14,17.74,29.81,48.09,0.178,3,0,0,1,1,2
2023-11-04,28.03,14.6,945.37,68.16,1381.8,34.4,0.53,0.71,1.06,2.02,2.59,4.4,8.73,0.05,0,0,1,2,0,2
2023-11-06,11.59,84.33,966.35,95.17,628.7,8.9,0.57,0.95,1.77,2.1,2.98,4.88,7.96,0.359,0,0,0,2,0,2
2023-11-06,20.06,90.08,981.55,104.96,2138.6,3.9,7.49,17.93,22.25,41.86,67.33,164.59,259.83,0.95,0,2,2,2,0,0
2023-11-07,15.34,12.57,1002.67,67.05,2248.7,8.8,16.2,26.4,43.6,75.71,111.9,176.1,240.84,0.95,0,3,3,1,0,0
2023-11-07,7.39,71.56,1000.01,88.33,2059.6,33.7,10.44,24.87,36.11,57.47,74.21,113.56,148.88,0.95,0,2,3,1,0,0
2023-11-07,44.87,70.06,999.53,65.12,1356.4,47.5,0.53,0.97,1.55,2.83,3.9,6.54,11.84,0.05,6,0,1,1,3,3
2023-11-08,27.27,57.8,961.3,116.1,889.9,4.0,1.41,3.33,5.38,10.49,15.26,19.06,35.19,0.251,0,0,0,2,0,2
2023-11-08,27.24,22.68,1022.59,85.86,2221.9,5.6,2.66,6.18,7.64,9.15,13.92,31.74,44.81,0.14,0,0,0,1,0,2
2023-11-08,29.36,69.44,996.19,85.82,940.3,7.3,3.36,6.48,8.93,12.86,15.1,18.89,38.53,0.311,0,0,0,1,0,2
2023-11-08,43.38,70.44,974.59,11.11,1469.1,27.4,4.65,9.84,12.05,23.73,32.88,50.86,76.08,0.426,1,1,1,1,2,2
2023-11-09,39.33,94.01,999.03,25.52,1510.0,19.5,2.12,4.82,10.49,12.51,22.46,44.93,87.22,0.658,1,1,1,0,2,1
2023-11-09,31.95,29.5,1012.68,109.28,2499.3,19.9,1.58,2.37,3.17,4.02,6.1,8.04,14.78,0.05,0,0,0,1,0,2
2023-11-10,27.87,31.82,1024.82,8.6,2464.9,37.6,1.99,3.86,7.64,9.02,15.38,23.23,45.29,0.182,0,0,1,0,0,2
2023-11-10,30.44,72.61,987.08,32.38,1634.8,35.2,10.71,21.1,46.07,69.21,110.21,157.89,294.71,0.95,0,3,3,1,0,0
2023-11-11,25.71,92.29,979.72,65.15,2406.6,8.4,7.88,19.45,32.07,40.51,47.6,60.36,98.18,0.859,0,1,1,1,0,0
2023-11-11,7.25,46.95,959.51,107.67,226.5,39.1,0.58,1.43,2.68,4.6,8.0,17.41,36.09,0.403,0,1,1,2,0,1
2023-11-11,36.06,51.45,999.39,48.98,1799.7,32.5,10.07,14.5,31.73,40.5,49.23,67.76,127.31,0.745,7,1,2,1,2,0
2023-11-11,24.77,50.25,950.98,0.54,404.6,38.7,0.03,0.05,0.09,0.16,0.28,0.35,0.64,0.05,0,0,1,1,0,2
2023-11-12,13.71,39.77,974.53,48.87,701.9,4.4,0.51,0.62,1.05,1.48,2.53,3.69,5.41,0.098,0,0,0,1,0,2
2023-11-13,13.57,29.28,1011.26,45.94,1910.2,10.8,2.16,5.02,8.81,11.99,17.83,21.52,43.22,0.299,0,0,0,0,0,1
2023-11-13,28.73,62.71,966.05,81.02,1616.0,27.0,2.25,5.36,6.56,8.91,13.4,23.53,48.16,0.347,0,0,1,2,0,1
2023-11-14,6.31,22.85,978.47,147.49,1993.8,18.7,0.58,0.71,1.21,1.96,2.94,5.59,7.7,0.102,0,0,0,2,0,2
2023-11-14,37.87,37.84,1021.2,78.16,1821.6,5.5,0.14,0.24,0.52,0.96,1.44,3.3,7.17,0.05,8,0,0,1,2,3
2023-11-15,30.52,90.87,954.91,39.42,1791.7,11.3,0.63,1.22,2.42,4.06,5.25,7.47,12.55,0.233,0,0,0,1,0,2
2023-11-15,26.63,10.66,999.05,42.82,431.8,11.2,0.73,1.06,1.7,2.39,4.03,6.92,12.24,0.05,0,0,0,0,0,2
2023-11-15,29.14,79.23,1020.48,120.67,939.4,36.6,7.44,15.06,24.16,39.84,51.47,121.85,252.83,0.95,0,2,3,1,0,0
2023-11-16,21.36,20.48,1029.98,154.74,1905.8,28.2,1.36,3.07,3.82,5.38,7.05,9.47,19.8,0.05,0,0,0,2,0,2
2023-11-16,26.43,91.37,967.05,86.64,1752.3,42.3,9.39,20.09,37.24,71.42,126.93,237.34,490.99,0.95,0,3,3,2,0,0
2023-11-16,13.75,53.72,1014.92,26.83,809.7,31.0,2.41,4.09,7.77,15.25,17.83,26.5,57.35,0.513,0,0,1,0,0,1
2023-11-16,10.81,72.06,966.26,109.93,1341.0,44.2,9.19,15.43,27.36,32.27,49.55,83.94,147.92,0.95,0,2,3,2,0,0
2023-11-17,21.74,44.92,1015.66,6.29,22.1,11.5,0.21,0.35,0.61,0.82,0.93,1.36,2.94,0.05,0,0,0,0,0,2
2023-11-17,45.28,27.79,983.63,105.63,2156.9,28.1,6.79,13.1,18.21,25.78,35.46,49.09,95.52,0.323,6,1,1,2,3,2
2023-11-17,32.63,70.24,947.18,123.66,857.8,24.7,0.14,0.28,0.4,0.76,1.34,2.77,5.14,0.059,0,0,0,2,0,2
2023-11-17,20.68,10.33,943.65,146.99,1582.1,30.0,5.16,9.82,17.71,27.17,33.33,61.63,127.18,0.693,0,1,2,3,0,0
2023-11-17,5.4,95.31,941.13,51.3,1528.4,2.0,6.17,8.57,14.39,22.15,33.33,48.61,80.81,0.95,0,1,1,2,0,0
2023-11-19,17.25,80.48,982.64,8.47,404.5,36.0,1.6,2.61,3.75,6.54,7.37,15.75,25.46,0.4,0,0,1,0,0,1
2023-11-21,14.83,97.06,1025.13,79.76,244.9,43.9,4.27,7.09,14.95,29.42,46.01,55.88,94.73,0.95,0,2,2,1,0,0
2023-11-21,21.68,75.14,1027.78,95.61,149.5,31.6,0.51,1.16,2.07,3.93,6.31,8.13,14.07,0.253,0,0,1,1,0,2
2023-11-22,6.86,27.43,1011.89,57.77,449.5,24.2,5.3,6.62,11.57,13.64,17.84,42.18,68.34,0.524,0,1,1,1,0,1
2023-11-23,14.72,87.5,970.79,150.78,2452.9,0.9,7.44,11.02,18.38,31.95,40.75,65.76,131.13,0.95,0,1,1,3,0,0
2023-11-23,6.29,59.68,986.83,155.37,310.8,28.5,2.64,4.22,8.6,11.04,18.37,26.01,31.68,0.447,0,1,1,2,0,1
2023-11-24,5.14,74.09,944.3,56.77,2273.9,20.1,1.72,3.12,4.14,7.67,11.39,15.17,19.0,0.446,0,0,1,2,0,1
2023-11-24,36.22,44.41,1021.94,67.15,1325.6,39.4,10.03,16.91,27.03,37.95,56.14,74.27,109.99,0.593,4,1,2,1,1,1
2023-11-24,33.19,82.51,985.63,139.1,185.9,47.5,13.02,17.16,30.21,39.86,59.95,105.4,150.88,0.95,0,2,3,2,1,0
2023-11-24,29.27,47.41,970.5,23.43,1171.9,28.1,0.24,0.33,0.67,0.94,1.49,2.84,3.73,0.05,0,0,0,1,0,2
2023-11-25,14.95,24.96,953.61,93.17,1941.9,18.9,1.59,2.1,2.59,4.44,5.69,10.24,16.45,0.085,0,0,0,2,0,2
2023-11-25,36.07,85.88,1027.18,114.68,2404.5,2.6,4.24,8.9,18.24,33.78,54.95,110.31,213.88,0.95,1,2,2,1,1,0
2023-11-25,39.7,60.06,982.49,98.61,2344.3,5.3,3.68,8.82,17.39,21.35,24.27,37.68,52.92,0.256,2,0,0,2,1,2
2023-11-26,6.09,87.03,1026.25,142.13,144.3,29.2,0.09,0.14,0.26,0.29,0.42,0.54,0.79,0.379,0,0,1,1,0,2
2023-11-26,6.59,70.0,967.44,149.05,1343.9,15.6,0.55,0.94,2.0,2.63,3.89,7.77,16.34,0.393,0,0,0,2,0,1
2023-11-27,38.45,53.01,978.54,83.04,875.3,30.6,2.11,4.21,8.39,9.61,15.22,24.41,48.5,0.204,1,0,1,1,1,2
2023-11-27,33.59,39.3,952.92,145.79,1110.0,3.8,6.41,8.47,12.36,16.14,27.16,39.78,53.68,0.218,0,0,0,3,0,2
2023-11-27,12.33,42.05,970.48,100.14,442.9,4.5,2.5,3.66,5.64,8.56,10.38,16.82,33.42,0.31,0,0,0,2,0,1
2023-11-27,8.93,39.43,996.27,157.26,2376.6,34.5,1.42,2.01,3.48,4.56,6.82,9.31,16.61,0.219,0,0,1,2,0,2
2023-11-28,33.29,43.15,1007.76,97.75,1056.9,26.2,1.17,2.15,2.85,4.13,4.56,10.01,13.19,0.05,0,0,0,1,0,2
2023-11-28,34.82,75.35,1020.05,12.71,1812.3,46.5,1.55,2.03,3.49,4.0,5.51,8.42,18.34,0.151,0,0,1,0,1,2
2023-11-28,21.51,71.13,948.22,0.63,102.1,4.1,0.66,0.86,1.69,2.78,4.97,10.21,15.76,0.246,0,0,0,1,0,2
2023-11-29,32.99,26.1,1019.97,12.54,775.6,17.9,1.54,2.17,4.69,6.25,9.95,14.43,27.21,0.05,0,0,0,0,0,2
2023-11-29,31.13,59.88,952.34,154.66,1047.4,29.6,0.22,0.53,0.91,1.48,2.34,5.13,7.73,0.05,0,0,0,3,0,2
2023-11-29,9.56,39.66,997.85,126.28,1356.8,9.8,0.24,0.42,0.58,0.64,1.03,1.47,2.33,0.118,0,0,0,2,0,2
2023-11-29,37.42,38.06,970.57,36.77,1111.1,1.1,2.32,3.46,4.77,8.37,14.1,21.07,37.1,0.063,9,0,0,1,2,2
2023-11-30,20.41,59.65,942.16,9.04,1871.9,20.1,2.07,4.67,8.12,15.9,20.67,33.29,63.25,0.516,0,0,1,1,0,1
2023-11-30,22.96,68.94,972.06,88.92,1031.0,21.4,4.19,5.15,7.8,14.23,21.31,39.38,52.03,0.462,0,0,1,2,0,1
2023-11-30,35.38,70.82,1011.73,84.27,2048.5,9.9,2.38,2.87,4.47,5.49,8.17,14.31,20.14,0.135,4,0,0,1,1,2
2023-12-01,11.83,42.45,955.24,154.49,2429.8,39.6,2.55,4.18,7.62,8.39,12.4,25.11,43.97,0.387,0,0,1,3,0,1
2023-12-02,22.59,26.44,941.97,138.72,2046.6,12.9,1.12,1.6,3.44,5.36,8.11,16.34,22.55,0.057,0,0,0,3,0,2
2023-12-02,28.22,50.5,986.15,39.09,211.9,44.9,0.79,1.25,2.34,3.68,6.38,13.92,19.12,0.098,0,0,1,1,0,2
2023-12-03,38.01,22.7,988.7,38.39,715.5,45.9,0.69,1.21,1.47,2.61,4.31,9.99,16.1,0.05,8,0,1,1,2,3
2023-12-03,24.23,67.81,946.35,75.31,416.3,17.2,0.76,1.24,1.7,2.61,3.71,7.07,14.51,0.193,0,0,0,2,0,2
2023-12-03,10.76,42.97,1001.47,17.79,481.1,36.9,7.31,18.04,26.88,50.84,69.13,104.38,188.94,0.95,0,2,3,0,0,0
2023-12-03,29.56,99.09,1010.14,78.02,1345.5,31.0,4.29,9.28,13.7,26.08,33.83,48.04,72.92,0.686,0,1,1,1,0,1
2023-12-03,11.15,45.26,1006.47,31.08,386.5,38.1,3.21,5.28,8.58,14.34,24.94,59.4,84.29,0.677,0,1,2,0,0,0
2023-12-04,24.2,61.8,967.41,49.34,2448.1,25.4,3.96,8.12,10.8,13.65,15.37,36.89,56.76,0.445,0,0,1,1,0,1
2023-12-04,24.7,71.95,963.27,135.95,479.8,49.7,1.57,2.73,4.92,5.67,6.66,12.54,20.11,0.247,0,0,1,2,0,2
2023-12-04,33.98,55.32,948.36,147.31,1472.4,1.4,1.67,3.34,6.01,9.69,13.13,17.36,21.2,0.078,0,0,0,3,0,2
2023-12-05,29.23,35.69,995.03,47.89,1652.8,31.3,0.14,0.19,0.36,0.68,1.0,1.33,2.3,0.05,0,0,0,1,0,2
2023-12-05,10.9,95.16,967.62,56.87,588.0,9.9,3.09,5.16,11.1,15.1,26.06,61.01,77.94,0.886,0,1,1,1,0,0
2023-12-05,21.46,55.71,969.73,22.61,996.2,28.4,0.37,0.62,1.17,1.71,2.42,5.88,9.1,0.125,0,0,0,1,0,2
2023-12-05,11.05,14.85,978.47,153.09,1857.3,20.4,7.44,16.9,32.63,56.22,90.33,155.06,215.0,0.95,0,3,3,3,0,0
2023-12-05,16.81,88.02,951.39,125.07,1471.4,6.7,1.65,2.37,3.26,5.53,9.03,18.97,25.87,0.444,0,0,0,2,0,1
2023-12-06,20.89,24.83,1016.53,151.66,2245.8,41.9,0.54,1.03,1.31,1.73,2.45,4.99,10.23,0.05,0,0,1,2,0,2
2023-12-07,14.54,33.9,958.47,13.46,15.2,38.3,8.02,9.68,17.31,22.61,30.48,41.28,50.45,0.36,0,1,1,1,0,1
2023-12-07,26.64,88.63,1008.45,68.56,1869.6,1.7,4.41,5.72,9.52,13.67,24.59,50.06,96.67,0.821,0,1,1,1,0,0
2023-12-08,22.03,29.26,994.39,44.25,185.4,19.7,0.23,0.37,0.75,0.83,1.15,2.41,4.35,0.05,0,0,0,1,0,2
2023-12-08,10.14,47.7,964.57,155.38,500.0,38.0,3.51,8.1,14.36,25.75,37.54,67.17,115.85,0.909,0,1,2,3,0,0
2023-12-08,43.07,64.02,978.3,109.06,325.2,44.3,1.54,2.46,4.19,7.49,10.24,22.28,45.25,0.191,3,0,1,2,2,3
2023-12-08,45.85,76.45,1025.0,136.45,1593.7,24.0,1.1,1.73,2.54,3.99,5.06,11.43,24.41,0.086,7,0,0,1,3,3
2023-12-09,11.19,38.03,994.8,15.62,1295.8,27.0,1.62,3.95,7.4,14.06,16.44,25.46,30.93,0.285,0,0,1,0,0,1
2023-12-09,33.46,88.63,983.88,12.53,1011.2,12.3,1.46,1.91,2.56,3.06,5.49,6.77,8.35,0.164,0,0,0,0,1,2
2023-12-09,35.08,28.63,946.26,154.38,1442.7,6.0,2.54,6.21,11.32,21.8,31.19,52.78,110.47,0.529,8,1,1,3,2,1
2023-12-10,13.92,11.95,1007.73,38.38,2155.0,40.7,0.66,1.41,1.69,1.99,2.97,4.18,6.46,0.05,0,0,1,0,0,2
2023-12-10,44.14,45.94,950.6,10.75,1936.9,17.0,0.1,0.19,0.4,0.74,0.84,1.2,1.74,0.05,1,0,0,1,2,3
2023-12-10,9.84,87.48,971.97,81.73,1921.6,24.8,2.94,6.94,10.05,12.46,18.58,27.3,52.53,0.689,0,1,1,2,0,1
2023-12-10,28.41,20.68,984.8,22.05,296.9,45.0,9.59,15.03,24.07,34.72,39.43,65.27,123.3,0.641,0,1,2,1,0,0
2023-12-10,24.54,65.25,941.23,114.36,2041.3,45.9,0.45,0.79,1.71,3.05,3.75,4.86,5.95,0.121,0,0,1,2,0,2
2023-12-10,36.71,29.74,962.76,81.75,1244.4,26.6,2.79,6.75,13.6,25.18,35.46,58.18,75.24,0.283,5,1,1,2,1,2
2023-12-11,37.36,52.4,1026.83,66.28,521.2,35.4,2.46,4.92,9.93,12.06,19.47,26.95,54.91,0.255,6,0,1,0,2,2
2023-12-11,12.09,41.12,963.14,87.32,2007.2,24.1,7.13,11.49,20.4,30.13,43.49,66.21,109.52,0.815,0,1,2,2,0,0
2023-12-11,42.18,40.07,1007.15,145.59,75.0,26.2,1.37,1.75,3.05,4.94,7.84,9.9,14.8,0.05,5,0,0,2,2,3
2023-12-12,20.43,24.49,963.28,80.01,2094.7,39.8,4.9,8.99,15.2,18.69,24.01,55.4,105.85,0.624,0,1,2,2,0,0
2023-12-13,11.21,63.43,940.86,12.77,1142.8,4.0,1.25,2.92,5.14,9.07,13.12,24.73,37.59,0.456,0,0,0,1,0,1
2023-12-13,13.84,41.9,955.8,79.75,671.5,16.0,0.04,0.07,0.1,0.17,0.22,0.39,0.64,0.075,0,0,0,2,0,2
2023-12-13,26.95,71.92,960.8,104.34,1673.7,18.3,6.69,8.18,15.54,19.17,27.58,60.44,108.9,0.816,0,1,1,2,0,0
2023-12-13,9.78,91.6,967.05,139.38,1388.3,22.0,4.07,7.35,10.57,15.91,22.23,38.2,50.99,0.7,0,1,1,2,0,1
2023-12-13,45.89,88.87,992.15,159.53,110.0,32.0,1.04,1.5,2.43,2.86,4.96,11.05,22.26,0.134,9,0,1,2,3,3
2023-12-14,21.74,39.62,943.92,141.3,2493.9,10.7,0.58,1.05,2.24,3.62,5.14,7.54,10.79,0.053,0,0,0,3,0,2
2023-12-14,27.85,49.84,993.06,30.0,1573.4,8.9,7.98,15.43,24.31,31.05,48.41,112.44,243.13,0.95,0,2,2,1,0,0
2023-12-14,35.49,27.27,982.21,148.18,1589.1,20.3,4.49,7.17,10.68,15.65,23.34,47.73,104.65,0.479,8,1,1,2,2,1
2023-12-14,45.71,80.58,943.89,39.27,1562.1,21.1,1.76,3.87,8.03,12.59,17.49,38.17,80.1,0.48,7,0,1,1,3,2
2023-12-15,30.47,88.78,966.76,14.1,551.4,11.4,4.34,7.52,9.15,11.01,14.69,18.62,29.71,0.337,0,0,0,1,0,2
2023-12-15,39.99,10.9,998.94,64.88,2161.0,47.9,0.21,0.48,0.96,1.46,1.79,2.47,3.05,0.05,3,0,1,1,1,3
2023-12-15,26.65,94.29,1017.96,148.94,1299.0,21.3,2.61,4.88,6.1,10.26,11.32,26.37,40.13,0.472,0,0,1,2,0,1
2023-12-16,14.12,47.45,981.96,65.53,2212.8,13.8,0.13,0.29,0.5,0.61,0.88,1.95,2.74,0.114,0,0,0,1,0,2
2023-12-16,26.43,87.31,1022.53,110.66,282.5,3.7,0.09,0.17,0.21,0.29,0.39,0.96,1.19,0.18,0,0,0,1,0,2
2023-12-16,35.81,99.86,1015.04,102.37,1803.7,40.8,5.13,6.76,12.4,19.35,31.71,55.26,107.54,0.858,1,1,2,1,1,1
2023-12-16,42.29,65.6,1008.58,147.66,92.4,5.4,2.63,5.81,12.06,21.85,37.01,54.03,85.93,0.478,9,1,1,2,3,2
2023-12-16,8.65,10.06,1016.69,129.33,868.2,42.9,5.91,9.77,15.71,24.34,35.48,64.88,141.96,0.91,0,1,2,1,0,0
2023-12-17,20.84,14.44,1019.93,58.05,1566.7,1.5,1.98,3.28,5.65,10.6,12.61,23.43,39.1,0.124,0,0,0,0,0,1
2023-12-17,20.18,14.7,982.17,11.51,1518.1,31.3,1.06,1.35,2.8,4.25,6.47,9.99,13.45,0.05,0,0,0,0,0,2
2023-12-17,9.16,49.63,1004.68,151.77,1633.6,2.4,5.31,8.36,11.98,14.08,17.68,24.92,44.31,0.452,0,0,0,2,0,1
2023-12-18,42.49,53.41,991.43,63.3,1099.8,21.0,1.04,2.25,3.65,6.89,8.18,11.96,14.46,0.05,2,0,0,1,2,3
2023-12-18,31.3,46.78,950.13,27.49,149.8,49.1,13.82,20.19,39.62,52.88,82.05,150.13,203.0,0.95,0,3,3,2,0,0
2023-12-18,32.77,87.25,1009.61,134.22,1594.6,1.3,1.58,3.07,5.23,7.41,11.17,13.9,26.48,0.285,0,0,0,1,1,2
2023-12-19,16.98,95.16,962.65,105.62,265.3,6.1,0.93,2.05,4.0,7.65,10.49,15.52,23.62,0.463,0,0,0,2,0,1
2023-12-19,5.24,79.42,1010.22,52.15,1406.3,12.2,1.27,2.29,4.76,8.07,13.44,19.04,41.6,0.622,0,0,1,0,0,1
2023-12-19,21.0,54.57,969.83,150.05,685.3,27.6,0.61,1.35,1.92,3.02,5.43,10.37,13.2,0.151,0,0,0,2,0,2
2023-12-20,34.59,40.69,976.5,62.32,2072.0,4.8,1.34,2.49,4.36,7.05,10.22,19.92,26.83,0.05,0,0,0,1,0,2
2023-12-20,32.88,35.41,971.52,147.28,1379.1,48.8,1.95,4.39,8.06,10.43,13.49,16.92,33.56,0.072,0,0,1,2,0,2
2023-12-21,12.15,73.24,970.82,62.21,1516.1,33.7,0.88,1.21,2.06,2.67,3.83,6.02,7.83,0.297,0,0,1,1,0,2
2023-12-21,31.7,21.4,948.33,151.32,893.9,28.3,0.37,0.56,0.8,1.39,2.22,4.03,4.9,0.05,0,0,0,3,0,2
2023-12-23,17.15,68.42,951.17,139.48,1463.1,3.0,5.72,10.3,15.08,16.75,23.13,47.26,57.94,0.557,0,1,0,3,0,1
2023-12-23,9.0,72.77,993.39,58.88,1424.4,18.1,0.99,2.46,5.07,6.96,8.87,12.1,21.91,0.42,0,0,0,1,0,1
2023-12-24,22.69,25.93,984.06,119.13,1111.1,42.1,0.35,0.45,0.77,1.35,1.91,3.34,5.56,0.05,0,0,1,2,0,2
2023-12-24,45.4,58.21,998.53,131.71,1271.7,28.8,3.85,8.42,11.23,20.48,28.43,62.73,136.44,0.747,3,1,2,2,2,1
2023-12-24,30.81,13.87,965.32,9.37,1030.5,29.0,2.02,3.89,4.72,5.57,8.59,12.5,16.04,0.05,0,0,0,1,0,2
2023-12-25,37.89,85.41,1011.49,60.9,933.2,42.1,0.71,1.3,2.5,4.01,4.85,11.03,17.34,0.164,4,0,1,0,2,3
2023-12-26,18.42,32.86,979.31,35.16,2076.7,35.1,2.71,3.93,8.21,10.43,15.74,28.63,59.87,0.379,0,0,1,1,0,1
2023-12-26,28.22,52.85,1006.08,59.4,2206.4,9.1,0.87,1.2,2.59,4.71,6.88,8.41,16.24,0.09,0,0,0,1,0,2
2023-12-27,27.88,57.22,988.41,114.24,232.8,31.1,3.59,8.34,14.15,23.99,36.96,88.93,144.23,0.95,0,2,2,2,0,0
2023-12-28,44.0,61.49,970.82,89.96,1271.3,43.2,6.58,15.04,18.46,21.11,30.68,39.15,75.48,0.371,2,1,1,2,2,2
2023-12-28,6.81,66.09,956.3,54.43,2385.2,7.9,1.94,4.21,5.68,7.62,10.14,23.49,44.38,0.558,0,0,0,1,0,1
2023-12-28,28.25,27.33,1028.78,137.97,981.4,34.9,2.71,4.97,7.06,8.3,10.76,21.45,28.79,0.05,0,0,1,1,0,2
2023-12-28,28.94,71.91,989.17,56.83,468.3,26.6,0.84,1.26,1.59,2.3,2.66,6.45,8.36,0.126,0,0,0,1,0,2
2023-12-28,36.74,96.04,1029.84,136.15,1803.7,41.5,4.16,9.98,19.56,22.69,30.92,38.73,50.58,0.45,7,0,2,2,2,2
2023-12-28,27.58,32.2,1002.7,9.67,1582.2,20.8,2.31,2.98,5.3,8.94,10.14,18.54,35.53,0.122,0,0,0,0,0,2
2023-12-29,46.68,98.84,1005.99,144.26,990.8,39.3,1.77,2.74,4.14,5.53,9.76,18.63,36.23,0.269,6,0,1,2,3,3
2023-12-29,45.87,56.86,957.36,125.9,1189.3,10.7,0.26,0.37,0.8,1.43,2.31,5.06,8.62,0.05,1,0,0,2,2,3
2023-12-30,28.5,85.2,953.26,14.68,685.5,35.9,0.96,1.28,2.77,4.56,5.93,13.42,22.81,0.293,0,0,1,1,0,2
2023-12-31,33.33,27.2,999.97,158.52,263.2,12.6,0.78,1.12,1.59,2.87,4.87,7.15,14.66,0.05,0,0,0,2,0,2
2023-12-31,21.12,14.98,962.03,129.67,1751.6,37.6,0.92,1.67,2.74,4.13,6.51,10.02,21.89,0.05,0,0,1,2,0,2
2024-01-01,32.15,53.88,951.14,122.32,817.3,11.7,0.21,0.46,0.69,1.26,1.9,3.53,6.83,0.05,0,0,0,2,0,2
2024-01-01,36.35,20.18,1010.17,60.01,2062.8,44.5,0.52,0.77,1.3,2.37,3.39,5.81,9.85,0.05,1,0,1,0,1,3
2024-01-02,32.42,91.57,969.34,140.78,94.1,36.8,2.36,3.4,4.66,6.6,9.81,20.89,39.74,0.399,0,1,1,2,1,2
2024-01-02,31.22,78.5,1016.55,117.82,1511.1,48.5,0.26,0.35,0.56,0.81,1.43,3.38,4.84,0.113,0,0,1,1,0,2
2024-01-02,19.87,73.37,987.4,69.78,533.2,4.7,0.12,0.25,0.38,0.74,0.98,1.22,2.17,0.183,0,0,0,1,0,2
2024-01-03,28.99,27.47,958.5,30.55,532.3,10.9,5.88,11.12,23.15,33.86,50.52,93.39,181.68,0.95,0,2,2,1,0,0
2024-01-03,37.91,62.49,950.93,35.72,1364.1,29.1,0.02,0.02,0.04,0.05,0.06,0.13,0.16,0.05,5,0,0,1,2,3
2024-01-05,6.48,72.41,956.92,124.56,2004.6,16.3,0.31,0.66,1.3,2.2,3.13,7.5,15.61,0.401,0,0,0,2,0,1
2024-01-05,28.41,49.55,995.5,103.31,231.0,36.1,3.31,7.49,11.45,14.46,24.71,34.53,42.98,0.25,0,1,1,1,0,2
2024-01-05,9.45,99.71,941.39,155.92,1650.9,13.2,3.34,4.94,6.81,9.41,14.15,29.14,56.49,0.781,0,1,1,3,0,1
2024-01-06,30.22,78.23,989.29,34.16,965.1,38.1,4.29,5.82,9.84,11.62,18.24,29.48,51.31,0.431,0,0,1,1,0,1
2024-01-06,37.37,84.05,945.61,42.58,2325.0,0.9,3.03,7.57,15.88,24.65,30.91,52.26,102.29,0.728,1,1,1,2,1,1
2024-01-06,8.22,99.65,981.19,98.5,935.3,32.6,0.99,2.23,3.88,6.12,7.29,18.14,33.53,0.64,0,0,1,1,0,1
2024-01-07,20.25,17.07,1016.58,22.3,1986.3,35.1,1.19,1.55,2.06,3.56,4.05,5.76,9.2,0.05,0,0,1,0,0,2
2024-01-08,31.24,20.73,976.38,34.29,1514.7,27.0,1.28,2.46,5.22,10.12,15.24,23.2,46.04,0.098,0,0,1,1,0,2
2024-01-08,7.17,95.56,955.99,152.46,784.5,4.5,10.33,14.62,21.54,25.4,40.67,72.21,127.75,0.95,0,1,1,3,0,0
2024-01-08,17.74,80.64,984.46,95.74,218.4,9.1,3.5,7.1,8.93,11.64,16.15,38.64,54.65,0.59,0,1,1,1,0,1
2024-01-09,5.3,52.52,1017.04,72.2,2285.9,2.3,1.62,3.27,4.47,8.51,14.52,18.62,29.66,0.407,0,0,0,1,0,1
2024-01-09,23.17,94.33,1009.0,78.0,1877.2,44.4,2.35,2.89,3.73,4.4,5.64,9.18,14.3,0.335,0,0,1,1,0,2
2024-01-09,32.35,84.7,951.62,45.27,1484.0,25.4,0.23,0.48,1.04,1.69,2.66,5.23,7.56,0.15,0,0,0,1,0,2
2024-01-09,46.57,50.73,1007.8,81.73,1274.7,40.1,3.67,8.81,15.06,20.05,22.4,30.99,47.26,0.103,8,0,1,1,3,3
2024-01-10,20.8,94.24,996.83,114.95,689.7,5.1,5.03,9.89,18.63,28.95,48.85,120.16,257.39,0.95,0,2,2,2,0,0
2024-01-10,38.52,31.3,969.68,17.3,1543.6,30.8,4.98,11.69,14.41,23.46,36.28,52.92,72.63,0.255,9,1,1,1,2,2
2024-01-11,32.48,69.74,963.62,59.04,872.3,46.8,0.01,0.02,0.03,0.07,0.11,0.24,0.47,0.05,0,0,1,1,0,3
2024-01-11,15.94,81.6,992.61,159.58,1214.2,16.3,7.82,19.51,23.43,43.79,55.61,126.73,190.03,0.95,0,2,2,2,0,0
2024-01-11,44.27,14.43,981.09,56.03,1410.6,38.3,2.69,3.86,5.28,6.9,11.53,27.6,52.67,0.05,7,0,1,1,2,3
2024-01-13,15.52,97.28,973.2,17.67,1757.6,5.0,0.38,0.46,0.72,1.1,1.77,4.07,8.76,0.39,0,0,0,1,0,2
2024-01-14,25.82,92.58,964.18,24.81,966.4,10.8,1.09,2.22,2.71,3.33,5.53,10.3,20.67,0.342,0,0,0,1,0,2
2024-01-15,11.9,16.85,967.46,27.34,2259.4,0.6,10.83,25.11,54.32,70.36,97.4,140.16,173.32,0.95,0,2,2,1,0,0
2024-01-15,41.79,91.07,986.59,74.13,1628.5,38.1,0.02,0.04,0.07,0.11,0.14,0.24,0.42,0.05,3,0,1,1,2,3
2024-01-15,26.36,41.3,1029.03,79.17,1050.1,34.9,1.59,2.28,4.26,5.79,9.85,23.74,50.74,0.281,0,0,1,1,0,1
2024-01-15,20.87,53.77,1028.88,5.4,588.6,41.1,6.28,9.82,16.62,20.97,23.36,54.31,116.99,0.84,0,1,2,0,0,0
2024-01-16,10.55,64.63,948.03,116.98,1911.4,10.6,0.2,0.26,0.34,0.38,0.64,1.41,1.9,0.23,0,0,0,2,0,2
2024-01-16,30.04,28.56,1001.88,87.01,2322.1,32.6,1.6,2.88,5.62,10.03,15.07,33.13,58.28,0.231,0,0,1,1,0,1
2024-01-16,37.46,33.5,945.67,111.22,651.3,21.1,11.18,22.45,36.42,50.58,60.03,137.15,258.87,0.95,2,2,2,3,1,0
2024-01-16,47.1,77.69,958.3,136.73,1302.5,39.4,1.22,1.96,3.2,4.19,7.41,18.37,31.01,0.124,2,0,1,3,3,3
2024-01-17,33.54,90.47,953.43,38.67,393.3,0.0,3.04,3.74,5.67,9.92,13.51,16.26,31.92,0.33,0,0,0,1,1,2
2024-01-18,10.05,33.87,955.5,20.5,1781.0,28.9,1.85,3.6,7.69,9.13,14.32,30.63,53.05,0.422,0,0,1,1,0,1
2024-01-19,46.77,70.68,1016.75,6.25,1448.8,25.8,6.79,14.95,20.36,27.4,30.93,68.56,96.78,0.531,8,1,1,0,3,2
2024-01-19,35.79,87.37,1024.88,62.95,1587.5,36.8,1.19,2.89,6.36,7.81,10.74,18.81,24.81,0.244,9,0,1,0,2,2
2024-01-20,22.11,51.83,977.82,138.97,831.3,11.3,0.68,1.46,3.0,4.73,6.19,9.44,16.78,0.15,0,0,0,2,0,2
2024-01-21,15.0,47.65,963.72,17.7,2207.9,14.1,1.6,3.6,4.37,5.0,8.89,20.97,35.82,0.327,0,0,0,1,0,1
2024-01-23,25.38,15.25,1004.78,48.39,1543.0,16.5,0.24,0.45,0.65,1.2,2.08,3.53,6.36,0.05,0,0,0,0,0,2
2024-01-23,37.17,25.04,1023.91,46.6,1246.7,18.9,1.96,2.92,4.31,7.65,12.97,31.26,66.72,0.198,8,0,0,0,2,2
2024-01-23,10.7,18.43,1011.05,15.36,819.8,0.4,0.06,0.14,0.19,0.23,0.31,0.39,0.66,0.05,0,0,0,0,0,2
2024-01-24,15.95,69.53,981.13,154.73,1578.7,27.8,0.71,0.91,1.84,3.63,5.03,11.05,20.06,0.322,0,0,1,2,0,1
2024-01-24,31.9,43.93,992.52,21.02,479.6,44.5,3.41,7.27,12.21,18.76,32.79,66.23,83.87,0.46,0,1,2,0,0,1
2024-01-24,29.54,36.66,1011.44,153.78,301.4,6.2,0.11,0.15,0.33,0.58,0.99,2.08,2.54,0.05,0,0,0,2,0,2
2024-01-25,38.23,75.29,992.75,55.18,1983.4,49.7,1.44,3.15,3.82,5.09,5.77,8.37,17.14,0.108,9,0,1,1,3,3
2024-01-25,19.84,48.42,965.67,31.91,776.2,15.5,0.92,1.58,3.25,3.75,5.35,6.93,10.59,0.114,0,0,0,1,0,2
2024-01-25,28.89,92.53,946.62,42.38,1549.1,17.1,1.65,2.6,5.1,6.05,10.85,24.93,40.04,0.441,0,0,1,1,0,1
2024-01-26,16.48,94.02,950.1,20.15,8.3,36.9,2.2,3.49,7.24,14.25,21.54,29.13,61.65,0.716,0,1,1,1,0,1
2024-01-26,39.24,57.99,978.58,47.08,955.7,46.4,4.13,9.88,12.57,14.61,23.91,49.59,67.78,0.349,9,0,2,1,3,2
2024-01-26,28.26,72.88,982.63,1.8,204.3,14.5,2.01,4.16,6.27,12.11,17.17,41.07,82.21,0.63,0,1,1,0,0,1
2024-01-26,39.37,95.22,1021.78,62.34,1342.2,9.8,3.83,8.97,12.14,18.19,29.34,48.69,59.3,0.478,3,1,1,0,2,2
2024-01-26,30.38,68.84,986.44,22.23,1923.5,38.0,0.06,0.08,0.16,0.24,0.31,0.68,1.32,0.05,0,0,1,0,0,2
2024-01-27,41.11,57.57,948.18,119.22,1847.8,14.6,1.6,3.71,4.64,7.19,12.81,16.03,29.05,0.07,8,0,0,2,3,3
2024-01-27,15.39,70.63,942.37,84.34,1061.2,11.9,0.54,1.2,2.15,4.0,4.93,7.8,14.84,0.298,0,0,0,2,0,2
2024-01-27,33.78,48.4,963.6,116.14,1935.5,49.7,2.01,4.46,6.65,8.05,12.89,19.46,27.39,0.087,0,0,1,2,0,2
2024-01-27,39.44,58.81,998.13,116.71,1501.2,2.3,2.95,3.68,6.06,7.51,11.38,24.21,49.36,0.229,9,0,0,1,3,2
2024-01-27,8.03,92.87,988.34,10.1,466.3,24.1,4.04,6.59,13.2,16.82,22.99,53.25,95.82,0.95,0,1,1,0,0,0
2024-01-28,24.81,40.52,986.73,1.12,1206.4,19.6,6.58,10.34,17.37,23.32,37.34,55.12,94.16,0.582,0,1,1,0,0,0
2024-01-29,43.56,82.69,948.48,158.6,1099.4,28.8,2.61,3.59,7.36,12.93,15.93,30.76,44.57,0.275,5,0,1,3,3,2
2024-01-29,36.43,99.44,976.77,119.99,1822.8,31.5,1.7,3.91,8.5,9.57,14.22,23.75,33.93,0.359,6,0,1,2,2,2
2024-01-30,24.71,19.52,1027.99,117.45,2397.6,41.2,7.87,16.67,22.68,39.45,50.39,99.53,207.36,0.95,0,2,3,1,0,0
2024-01-30,43.69,65.6,941.74,155.55,2278.5,22.6,0.58,1.23,2.45,3.81,6.7,15.32,25.54,0.061,8,0,0,3,3,3
2024-01-30,34.65,64.7,941.73,12.62,2090.1,8.9,1.27,1.7,3.22,4.42,6.87,12.21,22.5,0.127,0,0,0,1,1,2
2024-01-31,37.92,68.93,946.97,91.93,2108.9,34.1,1.56,2.81,4.86,7.67,12.82,27.16,53.93,0.325,8,0,1,2,2,2
2024-01-31,13.02,98.79,1007.79,91.05,1974.1,42.5,0.12,0.19,0.25,0.32,0.35,0.78,1.34,0.373,0,0,1,1,0,2
2024-01-31,44.17,79.43,999.89,87.71,241.5,3.8,1.23,2.08,3.52,4.35,7.53,12.12,24.65,0.12,1,0,0,1,2,3
2024-02-01,7.88,30.41,960.26,156.08,2285.0,24.4,6.96,10.13,16.46,18.61,20.64,42.02,85.91,0.646,0,1,1,3,0,0
2024-02-01,18.85,81.47,1001.05,128.55,402.3,1.1,13.76,24.91,52.33,61.81,95.8,168.16,356.93,0.95,0,3,2,2,0,0
2024-02-04,23.82,77.94,963.32,147.24,54.5,21.8,2.15,4.72,10.09,16.74,21.06,51.69,75.21,0.653,0,1,1,3,0,0
2024-02-04,46.41,40.96,960.38,40.83,1510.0,3.7,0.44,1.08,2.06,2.72,4.39,5.33,9.32,0.05,9,0,0,1,3,3
2024-02-04,37.15,61.32,983.92,106.05,320.6,26.1,0.1,0.18,0.27,0.47,0.82,1.33,2.27,0.05,7,0,0,1,2,3
2024-02-04,12.38,92.34,957.03,151.84,1512.2,21.4,0.9,1.61,2.46,3.47,4.9,7.07,10.43,0.407,0,0,0,3,0,2
2024-02-04,13.02,74.41,981.57,73.79,1932.1,30.0,0.61,1.29,2.08,3.43,4.68,10.95,19.59,0.372,0,0,1,1,0,1
2024-02-04,46.96,32.25,957.35,157.36,1980.1,0.5,0.49,0.91,1.31,1.97,2.56,5.1,8.1,0.05,5,0,0,3,3,3
2024-02-05,21.22,11.84,981.79,62.31,1009.6,45.7,0.09,0.22,0.33,0.62,1.08,1.43,2.4,0.05,0,0,1,1,0,2
2024-02-05,6.36,18.98,970.89,118.54,1322.1,18.8,3.66,7.32,10.27,15.62,26.26,36.34,47.53,0.348,0,0,1,2,0,1
2024-02-05,19.64,95.05,975.58,78.31,926.5,15.4,1.98,4.31,6.43,7.23,9.96,13.79,21.43,0.422,0,0,0,1,0,1
2024-02-05,13.99,40.51,1017.3,149.94,1057.4,48.4,1.69,2.82,3.99,5.09,6.39,7.95,12.09,0.143,0,0,1,2,0,2
2024-02-06,39.36,70.94,1017.18,111.4,2303.8,20.4,0.22,0.46,0.62,0.95,1.49,2.31,4.37,0.05,6,0,0,1,2,3
2024-02-06,19.1,72.88,999.51,138.25,2032.9,26.5,4.38,6.75,12.05,22.6,34.61,63.48,96.32,0.816,0,1,2,2,0,0
2024-02-06,26.45,64.54,1016.86,65.26,1271.9,49.8,2.73,4.2,6.75,9.58,12.89,28.83,59.98,0.458,0,0,2,0,0,1
2024-02-06,7.5,16.51,957.04,64.29,933.1,12.6,3.49,7.53,14.39,21.98,25.03,50.31,80.26,0.543,0,1,1,2,0,1
2024-02-06,5.07,91.28,973.44,121.46,1508.8,3.9,1.25,1.98,3.53,3.98,4.76,9.1,18.23,0.527,0,0,0,2,0,1
2024-02-06,46.07,71.16,976.64,123.65,930.0,49.4,0.04,0.09,0.16,0.31,0.53,0.65,1.42,0.05,8,0,1,2,3,3
2024-02-07,6.68,61.36,995.88,151.71,1983.8,39.6,0.52,1.03,1.86,2.17,2.44,5.7,9.66,0.304,0,0,1,2,0,2
2024-02-07,8.7,54.22,1003.62,2.71,855.1,49.2,1.46,2.96,3.86,6.6,8.64,11.5,18.78,0.309,0,0,1,0,0,2
2024-02-08,23.04,78.1,983.6,109.06,678.8,19.6,0.88,1.81,3.06,4.18,4.82,8.16,11.04,0.234,0,0,0,2,0,2
2024-02-08,30.08,34.12,1010.0,21.66,1324.0,25.1,0.31,0.54,1.1,1.29,1.71,2.21,4.8,0.05,0,0,0,0,0,2
2024-02-08,44.98,93.1,964.08,7.44,1161.6,34.0,3.1,6.18,12.32,21.82,31.27,60.14,102.47,0.699,9,1,2,1,3,1
2024-02-08,36.44,88.3,1020.1,64.2,48.2,18.7,0.92,1.34,2.37,3.65,5.26,9.61,19.46,0.207,8,1,0,0,2,2
2024-02-09,41.97,22.05,989.58,90.01,2333.1,4.1,0.18,0.24,0.53,0.84,1.16,2.41,5.04,0.05,5,0,0,1,2,3
2024-02-10,13.38,74.48,1002.93,105.97,2364.2,1.2,4.24,10.5,15.12,23.06,33.06,80.96,149.5,0.95,0,1,1,1,0,0
2024-02-10,17.62,67.44,950.73,102.84,475.0,25.3,2.44,3.22,6.72,11.39,15.77,27.78,48.5,0.484,0,0,1,2,0,1
2024-02-11,47.2,14.66,1003.63,23.31,261.7,28.3,1.2,2.35,3.18,3.95,6.22,12.35,25.04,0.05,6,0,0,0,3,3
2024-02-11,18.91,68.42,997.68,27.67,590.7,10.8,4.28,10.21,21.31,26.45,29.35,42.15,57.51,0.536,0,1,1,1,0,1
2024-02-12,13.78,55.81,995.86,86.95,727.0,31.2,4.65,10.96,23.48,40.31,68.74,117.29,253.26,0.95,0,2,3,1,0,0
2024-02-12,23.43,45.23,996.72,94.22,2485.3,12.8,0.55,1.31,2.67,3.03,3.8,8.52,16.66,0.103,0,0,0,1,0,2
2024-02-13,7.69,69.17,986.22,82.28,834.9,5.4,0.15,0.23,0.43,0.57,0.65,0.84,1.51,0.279,0,0,0,1,0,2
2024-02-13,9.87,38.48,993.7,130.49,2235.0,30.2,1.01,1.7,3.57,5.43,8.12,17.24,21.47,0.237,0,0,1,2,0,2
2024-02-13,24.51,48.14,955.64,71.91,2133.6,47.6,0.73,1.29,2.01,2.69,3.94,7.05,14.46,0.092,0,0,1,2,0,2
2024-02-13,15.12,24.78,985.63,156.46,308.6,40.4,1.0,1.62,3.44,5.95,8.05,11.41,20.53,0.11,0,0,1,2,0,2
2024-02-14,24.03,25.22,985.35,35.8,989.3,46.0,1.34,2.22,4.67,7.95,11.14,23.55,40.3,0.154,0,0,1,1,0,1
2024-02-14,43.45,92.54,957.48,105.56,974.2,0.4,6.97,15.77,30.17,48.91,84.8,140.94,267.62,0.95,3,3,2,2,2,0
2024-02-14,7.45,66.64,970.43,83.65,2464.2,1.3,1.61,2.16,3.64,6.97,8.59,14.06,20.21,0.393,0,0,0,1,0,1
2024-02-15,33.58,81.64,992.46,94.22,65.7,28.0,0.78,1.16,2.16,2.78,3.62,5.95,11.04,0.146,0,0,0,1,1,2
2024-02-15,15.55,93.51,1022.56,118.46,64.3,19.3,2.95,5.02,10.6,16.15,22.98,33.78,45.93,0.618,0,1,1,1,0,1
2024-02-16,22.81,17.08,1018.41,60.42,2130.6,38.3,16.6,20.01,26.1,33.57,37.78,91.55,145.86,0.83,0,1,2,1,0,0
2024-02-16,15.73,93.03,983.82,106.12,920.4,40.0,0.74,1.73,3.34,6.22,9.73,11.75,23.58,0.465,0,0,1,2,0,1
2024-02-17,35.86,77.98,974.33,46.29,880.7,29.4,0.17,0.4,0.52,0.89,1.27,1.86,3.89,0.057,1,0,0,1,1,3
2024-02-18,16.82,74.86,990.05,29.72,798.3,40.1,2.6,6.45,12.36,14.31,16.76,26.78,52.83,0.558,0,0,1,1,0,1
2024-02-18,7.66,83.89,983.14,103.15,700.7,0.0,6.68,10.69,19.69,30.23,52.72,108.14,177.01,0.95,0,2,1,2,0,0
2024-02-18,11.0,86.8,991.92,43.17,981.3,21.8,1.16,1.6,3.44,5.95,8.49,17.88,36.17,0.565,0,0,1,1,0,1
2024-02-19,20.82,81.65,943.26,113.05,1946.4,23.1,0.15,0.27,0.51,0.69,0.89,1.32,2.63,0.218,0,0,0,2,0,2
2024-02-19,12.26,67.99,1001.36,71.84,1794.6,22.6,0.64,1.32,2.43,3.79,5.24,10.98,24.12,0.378,0,0,1,1,0,1
2024-02-20,28.35,97.74,974.27,149.04,1622.4,10.9,1.14,2.37,4.73,9.09,12.02,27.2,40.62,0.476,0,0,0,2,0,1
2024-02-20,11.42,38.53,1013.94,101.72,643.5,30.3,2.51,4.11,7.63,11.98,18.42,32.52,41.32,0.354,0,0,1,1,0,1
2024-02-20,16.97,17.04,947.87,63.12,531.7,49.6,5.73,7.73,14.09,23.5,41.86,69.71,131.13,0.79,0,1,2,2,0,0
2024-02-20,5.34,70.42,1019.58,13.92,1124.1,30.5,0.39,0.87,1.71,3.11,4.25,9.36,11.98,0.379,0,0,1,0,0,2
2024-02-20,30.28,91.46,971.05,41.73,1604.5,37.2,1.03,1.81,2.6,4.03,6.8,15.49,21.2,0.296,0,0,1,1,0,2
2024-02-20,28.43,11.59,968.91,130.9,101.7,28.7,2.63,6.42,11.22,17.7,29.1,63.82,135.85,0.679,0,2,2,2,0,0
2024-02-20,45.61,60.79,967.38,63.37,2033.6,38.1,3.09,4.0,8.53,12.97,18.17,24.37,33.14,0.069,2,0,1,1,2,3
2024-02-23,9.31,36.04,963.35,110.45,97.9,22.5,0.61,1.46,2.8,4.19,5.86,8.78,16.1,0.194,0,0,0,2,0,2
2024-02-23,23.44,72.59,988.92,62.46,2248.3,10.1,3.3,4.6,6.0,6.62,9.38,17.73,33.64,0.353,0,0,0,1,0,1
2024-02-24,28.18,38.99,988.36,130.27,203.3,15.9,0.24,0.44,0.93,1.29,1.66,2.39,4.18,0.05,0,0,0,2,0,2
2024-02-24,31.45,55.8,993.59,114.72,1621.7,1.5,0.18,0.32,0.54,0.99,1.44,2.32,3.39,0.05,0,0,0,1,0,2
2024-02-24,8.56,57.82,940.32,101.86,220.0,43.7,2.51,6.16,10.9,15.24,20.54,27.49,50.75,0.542,0,1,1,2,0,1
2024-02-25,35.15,69.54,1009.85,53.89,535.2,38.5,8.82,13.27,22.08,24.84,37.01,70.93,112.21,0.744,7,1,2,1,2,1
2024-02-27,34.53,20.29,973.28,93.88,534.4,14.8,1.44,2.77,5.24,5.83,6.67,8.23,15.23,0.05,0,0,0,2,0,3
2024-02-27,20.92,92.01,1026.71,124.75,862.6,34.1,1.32,2.21,3.92,5.49,8.14,15.24,25.64,0.422,0,0,1,1,0,1
2024-02-27,8.76,19.0,976.11,6.59,2128.6,47.1,2.5,3.09,4.29,8.27,10.02,17.25,26.56,0.185,0,0,1,0,0,2
2024-02-27,37.54,49.2,989.1,67.2,1560.3,6.5,2.13,4.88,10.09,15.8,20.65,46.17,70.4,0.34,8,0,0,1,2,2
2024-02-29,30.78,32.51,971.02,143.9,1265.9,8.5,1.71,4.1,5.75,10.49,18.52,35.88,75.72,0.36,0,0,0,2,0,1
2024-03-01,24.28,74.13,949.31,159.11,708.6,33.1,1.27,1.99,3.79,7.13,10.6,22.6,32.52,0.345,0,0,1,3,0,1
2024-03-01,6.26,62.29,952.62,37.32,1668.6,28.0,0.3,0.48,0.64,1.15,1.79,2.21,4.54,0.279,0,0,0,1,0,2
2024-03-01,44.72,19.35,995.3,65.29,1374.6,41.3,0.41,0.59,1.11,1.91,3.4,5.08,9.9,0.05,7,0,1,1,3,3
2024-03-01,34.59,85.17,969.64,77.3,2325.7,48.1,1.79,3.97,7.96,13.23,21.77,51.09,77.52,0.597,0,1,2,1,1,1
2024-03-01,39.81,89.15,989.66,156.76,2184.3,18.2,2.34,3.6,6.48,8.11,12.11,15.12,21.4,0.19,3,0,0,2,2,3
2024-03-01,26.62,53.86,941.34,52.31,106.4,3.7,0.56,1.36,2.73,4.64,8.2,19.73,25.69,0.174,0,0,0,2,0,2
2024-03-02,47.55,14.62,957.63,8.56,1126.6,6.0,5.35,13.26,25.25,30.64,43.13,85.42,139.36,0.527,8,1,1,1,3,1
2024-03-03,33.2,37.61,956.23,60.68,860.9,29.0,0.38,0.57,1.15,1.68,2.23,4.37,5.73,0.05,0,0,0,1,0,3
2024-03-03,26.26,31.31,1009.6,158.93,629.4,27.3,8.32,19.14,36.08,61.72,69.3,125.56,216.44,0.95,0,2,2,2,0,0
2024-03-03,39.26,57.28,1007.21,76.98,65.7,15.3,0.42,0.95,1.72,2.15,2.84,4.91,10.6,0.05,9,0,0,1,3,3
2024-03-03,46.06,17.33,958.09,41.12,1974.3,13.3,5.22,8.42,16.44,24.97,29.37,58.52,81.38,0.169,6,0,1,1,3,2
2024-03-03,8.54,60.92,968.21,139.46,1617.6,20.5,0.54,0.71,1.22,1.74,3.09,4.39,6.99,0.266,0,0,0,2,0,2
2024-03-04,8.62,99.03,958.99,28.29,859.3,21.6,3.85,4.9,7.94,11.59,19.7,37.96,63.92,0.835,0,1,1,1,0,0
2024-03-04,18.63,65.23,953.65,91.78,1403.8,17.4,9.17,15.65,33.68,38.88,43.84,77.32,110.21,0.875,0,1,2,2,0,0
2024-03-04,29.93,37.86,1001.42,45.88,497.1,17.4,5.5,12.01,18.24,21.86,31.74,73.66,129.3,0.752,0,1,1,1,0,0
2024-03-04,27.11,21.6,990.87,123.46,283.0,38.7,2.63,3.6,6.65,12.16,15.76,21.82,46.57,0.147,0,0,1,2,0,1
2024-03-05,42.07,79.13,956.14,80.48,1059.7,20.7,0.82,1.86,3.71,5.84,7.32,14.75,18.68,0.1,6,0,0,2,3,3
2024-03-05,42.57,94.9,1011.69,100.81,177.3,19.3,4.97,10.47,19.94,24.67,30.82,55.69,102.32,0.731,9,1,1,1,3,1
2024-03-07,18.59,86.99,995.02,124.09,1099.1,29.2,0.38,0.46,0.9,1.08,1.85,4.11,6.22,0.29,0,0,1,2,0,2
2024-03-07,33.93,92.22,984.97,123.6,2161.6,25.5,0.43,0.7,0.85,1.27,1.45,1.75,2.1,0.136,0,0,0,2,1,3
2024-03-07,31.27,26.98,957.0,111.08,1116.6,32.6,1.05,2.16,3.44,5.7,9.67,22.25,43.1,0.109,0,0,1,2,0,2
2024-03-07,5.61,95.17,979.58,57.35,219.6,12.9,6.78,10.78,21.35,40.77,57.37,71.3,144.68,0.95,0,2,2,1,0,0
2024-03-07,43.11,62.5,1026.73,80.23,370.6,16.7,1.58,2.42,3.33,5.01,7.52,10.6,18.82,0.05,9,0,0,1,3,3
2024-03-08,20.28,33.19,1026.68,146.79,97.4,11.2,0.21,0.5,0.78,1.44,2.49,4.65,5.86,0.05,0,0,0,1,0,2
2024-03-08,14.02,91.17,1016.55,111.8,2051.2,12.0,8.97,15.83,34.11,41.24,73.31,96.49,174.41,0.95,0,2,2,1,0,0
2024-03-08,24.41,47.62,1024.25,44.19,1942.8,25.0,0.33,0.72,1.51,2.48,2.75,6.23,8.35,0.05,0,0,0,0,0,2
2024-03-09,9.58,94.13,948.39,19.71,1657.4,11.6,0.26,0.37,0.49,0.61,0.72,1.71,3.58,0.399,0,0,0,1,0,2
2024-03-09,13.43,54.13,979.34,68.09,158.6,2.7,1.66,2.23,4.23,7.18,12.09,18.88,23.35,0.292,0,1,0,1,0,1
2024-03-09,11.54,35.24,969.11,94.07,143.8,40.0,1.22,2.02,3.02,6.0,9.29,20.55,41.36,0.337,0,1,1,2,0,1
2024-03-11,7.73,51.34,952.68,7.22,1655.4,48.9,2.35,4.81,6.74,10.51,13.92,18.49,24.84,0.345,0,0,1,1,0,1
2024-03-12,37.95,38.3,1002.14,71.21,618.0,32.9,3.56,7.45,13.11,19.99,35.68,52.2,88.2,0.4,8,1,1,1,2,1
2024-03-12,22.11,94.92,1003.14,33.39,1947.7,7.4,2.92,5.83,9.16,15.12,21.16,36.16,68.6,0.711,0,1,1,0,0,0
2024-03-12,6.94,55.76,1011.36,131.51,1220.4,25.8,14.96,37.31,67.11,84.89,118.1,233.97,354.34,0.95,0,3,3,2,0,0
2024-03-13,12.03,48.79,947.54,94.26,77.6,41.3,0.02,0.02,0.03,0.05,0.08,0.13,0.23,0.125,0,0,1,2,0,2
2024-03-13,6.44,29.78,991.15,68.35,858.2,15.0,0.23,0.51,0.62,1.21,1.59,3.06,5.49,0.121,0,0,0,1,0,2
2024-03-13,6.18,50.7,960.23,80.21,84.0,43.0,3.16,7.2,8.7,14.92,25.52,30.81,44.79,0.49,0,1,1,2,0,1
2024-03-13,16.93,46.97,970.23,81.34,85.3,22.0,6.77,14.07,18.7,25.03,38.73,71.73,148.63,0.95,0,2,2,2,0,0
2024-03-13,46.47,21.93,968.67,123.57,1670.4,37.3,0.18,0.39,0.79,1.11,1.54,2.25,4.05,0.05,5,0,1,2,2,3
2024-03-14,29.25,38.97,967.2,144.73,1131.9,24.1,0.09,0.13,0.29,0.34,0.43,0.62,1.16,0.05,0,0,0,2,0,2
2024-03-16,35.27,29.93,1010.13,109.54,358.2,16.3,8.67,19.14,38.98,59.4,99.75,157.62,286.97,0.95,8,3,3,2,2,0
2024-03-16,9.94,60.57,1004.99,74.29,1710.5,37.2,0.95,1.29,2.79,4.4,7.17,17.84,33.45,0.426,0,0,1,1,0,1
2024-03-16,16.9,94.34,1023.97,90.75,75.1,4.1,0.36,0.69,1.33,1.84,2.76,5.37,6.85,0.348,0,1,0,1,0,2
2024-03-17,7.8,22.77,1012.06,81.15,53.2,49.4,1.69,3.0,5.15,8.9,13.24,23.09,49.74,0.367,0,1,1,1,0,1
2024-03-17,30.87,45.11,958.1,120.42,624.3,30.5,2.26,5.29,9.05,11.31,18.56,37.36,67.59,0.367,0,0,1,2,0,1
2024-03-17,32.24,34.28,1029.6,39.66,745.3,27.8,0.22,0.48,0.77,1.08,1.24,1.62,3.34,0.05,0,0,0,0,0,2
2024-03-18,30.41,22.8,972.61,46.85,1521.0,15.5,1.51,2.71,4.44,5.07,9.08,18.43,34.41,0.05,0,0,0,1,0,2
2024-03-19,32.23,73.35,949.14,120.83,1382.2,8.9,3.91,6.94,13.29,23.06,40.58,87.32,177.76,0.95,0,2,1,3,0,0
2024-03-19,7.84,18.61,998.88,146.95,332.7,37.2,2.02,3.83,8.04,11.82,13.2,21.53,39.34,0.277,0,0,1,2,0,1
2024-03-19,29.75,79.03,1002.98,41.71,2186.9,0.3,0.82,1.06,2.31,3.72,5.55,12.56,15.74,0.203,0,0,0,0,0,2
2024-03-19,44.51,54.61,965.72,43.73,983.2,46.3,2.02,3.09,4.81,5.98,7.22,17.36,32.96,0.05,8,0,1,1,3,3
2024-03-19,11.32,92.8,943.14,110.76,825.9,4.7,1.14,2.43,3.62,4.4,6.99,14.96,29.88,0.55,0,0,0,2,0,1
2024-03-20,23.51,96.33,947.87,43.56,1057.9,41.1,0.04,0.06,0.08,0.12,0.16,0.26,0.47,0.25,0,0,1,1,0,2
2024-03-20,43.0,72.51,978.46,124.65,34.5,38.5,0.75,1.51,1.87,2.26,3.89,8.37,10.95,0.05,4,0,1,2,2,3
2024-03-20,14.55,78.07,964.53,69.11,2413.9,2.2,5.5,13.16,25.04,40.28,61.22,88.43,124.43,0.95,0,2,1,2,0,0
2024-03-20,31.48,16.58,1013.08,136.71,1139.3,14.6,0.72,0.95,1.84,2.97,3.44,5.65,7.71,0.05,0,0,0,1,0,2
2024-03-20,5.59,98.74,1020.5,128.38,2272.9,29.9,0.68,1.5,1.95,3.53,5.23,10.94,22.78,0.59,0,0,1,1,0,1
2024-03-21,12.17,18.07,1015.02,3.65,2104.7,22.7,1.02,1.46,2.67,3.73,4.4,10.79,16.15,0.076,0,0,0,0,0,2
2024-03-21,7.68,22.57,1025.87,112.06,347.4,44.2,6.66,16.35,30.94,49.64,84.29,191.07,234.74,0.95,0,3,3,1,0,0
2024-03-22,16.78,83.08,965.44,108.66,298.5,41.0,1.46,3.1,6.12,11.46,15.37,37.05,66.64,0.692,0,1,2,2,0,0
2024-03-22,31.5,54.66,979.48,48.82,1240.7,29.7,3.41,5.14,6.56,10.29,12.12,25.43,42.34,0.241,0,0,1,1,0,2
2024-03-22,40.28,22.79,1007.65,73.59,1057.9,20.6,7.87,12.93,22.81,32.13,36.13,62.64,127.06,0.558,5,1,1,1,2,1
2024-03-22,13.21,81.22,940.36,107.91,1547.8,27.7,5.54,11.33,24.07,27.63,43.65,100.97,140.46,0.95,0,1,2,3,0,0
2024-03-23,16.65,82.79,1004.77,45.98,1030.7,12.4,0.38,0.94,1.68,2.98,3.37,5.09,7.96,0.301,0,0,0,0,0,2
2024-03-23,9.8,58.04,976.46,64.77,1955.1,46.6,4.53,9.41,16.48,20.94,33.53,80.3,162.76,0.95,0,1,2,1,0,0
2024-03-23,40.43,93.89,962.88,158.96,1309.6,11.0,0.15,0.25,0.45,0.5,0.82,2.06,4.05,0.092,8,0,0,3,3,3
2024-03-23,23.84,77.01,1013.58,134.47,1606.9,18.0,8.17,17.19,35.66,65.75,81.26,138.43,212.42,0.95,0,2,2,2,0,0
2024-03-23,38.86,93.98,972.81,129.78,2094.8,26.5,1.3,2.12,4.05,7.19,10.38,19.83,27.79,0.267,5,0,1,2,2,2
2024-03-23,27.2,43.86,985.46,80.65,235.5,17.9,1.53,3.35,6.12,10.65,13.28,22.27,34.05,0.174,0,0,0,1,0,2
2024-03-24,7.12,95.05,984.47,154.8,1361.6,22.3,0.14,0.35,0.63,1.07,1.76,2.58,5.01,0.437,0,0,0,2,0,2
2024-03-24,42.8,88.89,999.0,62.14,135.5,12.9,2.0,3.03,5.27,9.2,11.75,23.57,34.12,0.244,7,1,0,1,3,3
2024-03-25,12.59,63.32,1029.79,42.4,520.2,9.4,3.23,4.16,7.87,15.67,26.23,33.56,56.91,0.57,0,1,1,0,0,1
2024-03-25,38.08,94.65,983.95,148.85,369.4,48.5,0.04,0.08,0.14,0.17,0.19,0.26,0.45,0.095,6,0,1,2,2,3
2024-03-25,5.6,63.03,983.14,56.99,1519.3,24.3,0.75,1.62,3.5,4.9,6.63,15.85,19.03,0.386,0,0,1,1,0,1
2024-03-25,28.6,54.69,995.52,45.22,1381.7,41.2,1.46,2.78,5.41,10.32,14.92,21.98,26.87,0.167,0,0,1,1,0,2
2024-03-26,42.11,54.58,976.68,41.88,1029.4,46.6,0.7,1.48,2.41,3.03,5.0,7.53,13.04,0.05,5,0,1,1,2,3
2024-03-26,32.01,39.87,1025.76,126.81,1109.4,45.3,0.14,0.31,0.66,1.09,1.52,1.93,3.51,0.05,0,0,1,1,0,2
2024-03-26,37.96,39.94,1023.89,145.91,291.4,14.6,7.26,14.66,25.76,49.06,75.88,116.22,214.0,0.95,6,3,2,2,2,0
2024-03-27,39.51,80.94,953.99,134.99,1096.1,14.1,5.6,9.05,12.39,15.13,23.06,40.71,55.3,0.378,2,0,1,3,2,2
2024-03-27,18.5,54.27,968.18,120.17,2033.9,14.2,3.21,3.9,7.71,11.12,14.67,21.57,28.89,0.279,0,0,0,2,0,1
2024-03-27,40.14,59.81,973.68,123.09,1628.0,15.8,1.01,2.1,3.42,4.29,7.62,17.07,36.13,0.139,6,0,0,2,2,3
2024-03-28,12.01,63.68,984.37,110.74,521.3,26.4,1.13,2.76,5.35,6.0,8.6,17.6,33.8,0.424,0,0,1,2,0,1
2024-03-28,34.96,10.35,999.53,154.66,923.9,18.0,3.05,4.63,6.82,8.19,12.56,16.4,25.83,0.05,0,0,0,2,0,2
2024-03-30,43.11,14.94,1007.51,23.28,682.9,28.4,3.95,4.88,7.99,13.3,19.45,47.4,89.2,0.238,2,0,1,0,1,2
2024-03-30,11.86,57.89,970.51,154.21,558.5,7.4,4.69,6.21,12.04,16.0,26.51,63.56,108.82,0.896,0,1,1,3,0,0
2024-03-30,46.52,38.96,1016.38,107.06,1165.8,5.8,0.28,0.41,0.63,1.21,2.02,2.96,5.53,0.05,5,0,0,1,3,3
2024-03-31,5.23,43.29,960.98,26.74,1659.5,4.7,1.57,3.36,5.57,8.96,12.91,25.73,32.09,0.378,0,0,0,1,0,1
2024-03-31,12.52,32.38,993.58,37.69,1718.6,35.0,1.24,2.19,4.63,5.1,8.09,17.83,32.56,0.254,0,0,1,1,0,1
2024-03-31,7.94,55.34,979.97,84.71,1779.6,48.4,0.81,1.64,1.98,2.73,4.45,7.63,16.25,0.306,0,0,1,1,0,2
2024-03-31,37.05,26.05,980.95,124.3,1541.0,14.7,8.64,20.42,44.76,85.46,115.05,207.56,336.2,0.95,7,3,3,2,2,0
2024-03-31,28.13,19.22,991.35,3.07,89.6,0.5,3.17,7.37,15.29,23.57,36.03,51.37,101.7,0.493,0,1,0,0,0,0
2024-03-31,9.69,41.34,944.29,0.08,2243.4,21.9,0.77,1.62,3.41,3.79,6.32,12.99,25.76,0.282,0,0,0,1,0,1
2024-04-01,22.74,46.99,980.22,144.34,1368.5,47.9,2.34,5.35,10.45,20.85,33.2,72.9,113.69,0.765,0,1,2,2,0,0
2024-04-01,46.69,56.22,965.0,23.64,401.4,18.2,6.67,15.55,30.56,41.11,51.88,118.43,215.47,0.95,9,2,2,1,3,1
2024-04-01,26.04,76.85,999.42,68.8,796.4,31.4,8.67,11.84,20.04,28.69,41.14,55.26,87.8,0.709,0,1,2,1,0,0
2024-04-02,5.82,33.97,1026.33,108.53,345.0,0.5,2.24,4.46,7.06,11.84,15.64,23.06,43.34,0.401,0,0,0,1,0,1
2024-04-02,31.91,23.55,1015.57,81.66,44.2,33.0,6.33,8.4,16.05,30.16,41.35,49.73,89.11,0.393,0,1,1,1,0,1
2024-04-02,7.49,10.82,958.43,147.83,415.5,17.2,1.14,2.19,4.6,5.96,8.37,18.62,27.34,0.162,0,0,0,3,0,2
2024-04-02,36.99,35.67,995.2,53.12,1034.1,1.6,0.43,0.87,1.12,1.94,3.04,6.58,8.88,0.05,6,0,0,1,2,3
2024-04-03,13.47,75.9,988.43,124.93,1654.1,15.0,16.19,28.26,45.0,69.9,112.27,178.48,238.65,0.95,0,3,3,2,0,0
2024-04-03,39.49,40.06,1027.95,106.8,848.8,13.8,1.05,1.8,3.35,5.58,6.76,15.36,33.59,0.05,3,0,0,1,1,3
2024-04-04,41.88,25.36,992.75,48.08,1891.6,1.5,5.26,9.15,18.46,23.99,40.15,97.51,162.37,0.791,7,1,1,1,2,0
2024-04-05,12.97,89.77,962.62,0.92,612.5,34.4,0.48,0.76,1.24,2.15,3.67,5.96,7.24,0.367,0,0,1,1,0,2
2024-04-05,45.54,18.18,957.33,5.88,1406.2,14.3,0.32,0.64,0.82,1.44,2.46,4.29,7.89,0.05,4,0,0,1,2,3
2024-04-05,19.46,40.13,1026.2,9.89,2342.4,12.4,4.27,8.09,13.79,23.04,39.17,70.37,94.12,0.633,0,1,1,0,0,0
2024-04-05,42.34,72.45,967.76,128.21,950.2,4.2,0.71,1.33,2.37,4.26,5.52,12.06,16.13,0.05,8,0,0,2,3,3
2024-04-05,6.02,62.27,968.32,89.97,662.6,47.6,5.46,11.58,14.96,26.71,40.25,69.91,85.97,0.824,0,1,2,2,0,0
2024-04-06,37.87,93.19,968.99,126.49,400.3,34.8,0.4,0.51,0.92,1.33,1.81,3.91,6.8,0.133,1,0,1,2,1,3
2024-04-06,37.96,65.46,944.55,57.38,2211.3,2.0,2.63,3.5,7.63,9.32,15.35,22.75,29.66,0.145,5,0,0,2,2,2
2024-04-07,5.06,79.93,988.95,158.84,2162.1,35.2,1.66,2.63,4.69,9.14,10.74,22.45,36.61,0.593,0,0,1,2,0,1
2024-04-07,42.49,38.3,1022.34,20.65,2321.1,31.0,0.28,0.59,1.21,2.4,3.5,7.22,9.76,0.05,9,0,0,0,3,3
2024-04-09,23.48,78.78,996.87,11.68,1356.1,17.6,14.73,30.74,60.02,98.57,151.0,311.73,401.22,0.95,0,3,3,1,0,0
2024-04-09,38.91,35.82,969.29,105.55,2279.9,4.2,0.21,0.32,0.48,0.61,0.78,1.61,2.11,0.05,3,0,0,2,1,3
2024-04-11,40.63,91.74,973.17,155.96,1737.4,3.9,8.92,11.15,14.56,18.47,32.54,81.11,100.18,0.72,8,1,1,3,3,1
2024-04-11,26.17,64.38,995.73,115.54,1476.2,5.2,11.64,21.9,44.22,72.37,108.91,207.83,270.27,0.95,0,3,3,2,0,0
2024-04-12,6.89,90.39,941.58,1.75,568.9,43.0,1.01,1.49,2.72,5.15,5.7,7.5,12.82,0.468,0,0,1,1,0,1
2024-04-12,22.21,91.48,998.63,131.83,158.6,28.9,2.11,5.05,6.63,11.51,14.83,19.97,38.9,0.495,0,1,1,2,0,1
2024-04-14,37.4,66.74,990.35,39.62,240.5,32.6,1.61,3.2,4.76,8.98,15.89,36.75,68.21,0.414,1,1,1,1,1,2
2024-04-14,42.54,84.81,1025.29,10.4,1510.5,38.1,2.9,4.42,6.92,12.18,15.32,31.22,49.0,0.325,2,0,1,0,2,2
2024-04-14,45.67,46.8,988.27,88.07,1491.1,35.7,2.17,2.88,6.3,11.17,16.54,24.26,45.0,0.077,8,0,1,1,3,3
2024-04-15,28.46,52.28,944.52,16.83,528.8,8.0,0.89,2.14,3.16,4.23,5.18,11.61,24.93,0.143,0,0,0,1,0,2
2024-04-15,14.43,73.26,980.26,4.21,1184.8,7.9,6.04,7.72,16.07,20.33,26.98,60.25,81.44,0.765,0,1,1,0,0,0
2024-04-15,21.81,45.49,951.99,78.41,2053.1,31.0,6.7,10.22,13.11,23.3,26.63,61.16,76.49,0.519,0,1,1,2,0,1
2024-04-15,47.31,95.27,949.85,27.99,1920.3,46.9,2.16,4.68,9.24,12.47,18.8,27.27,44.0,0.297,4,0,1,1,3,3
2024-04-16,5.26,56.29,965.7,18.12,7.8,48.8,0.55,0.81,1.75,2.45,3.51,5.9,10.13,0.296,0,1,1,1,0,2
2024-04-16,40.62,11.62,1028.42,93.12,1173.2,4.5,1.15,1.42,2.59,4.67,6.55,9.6,16.84,0.05,6,0,0,1,2,3
2024-04-16,47.03,52.91,994.97,71.04,535.6,45.4,5.65,13.1,22.73,42.14,68.97,128.78,234.32,0.95,2,2,3,1,2,1
2024-04-16,38.21,49.79,1017.5,8.03,51.6,47.1,2.63,4.71,7.52,9.3,12.94,22.71,30.73,0.072,1,1,1,0,1,3
2024-04-17,12.96,13.49,1027.69,61.85,230.9,18.9,0.72,0.9,1.86,2.19,3.47,6.32,11.52,0.05,0,0,0,0,0,2
2024-04-17,6.45,85.55,1014.8,66.32,1020.7,2.9,1.7,2.9,6.31,8.85,10.62,18.93,30.57,0.567,0,0,0,1,0,1
2024-04-17,14.64,41.56,1028.49,91.73,623.9,28.5,5.92,14.7,20.48,25.98,28.88,55.94,93.81,0.687,0,1,1,1,0,0
2024-04-17,9.94,73.46,946.63,46.28,1705.7,20.6,2.31,3.85,7.58,13.61,22.85,42.87,60.4,0.671,0,1,1,1,0,1
2024-04-18,41.28,16.42,982.13,108.77,959.3,46.1,0.79,1.52,2.41,4.42,7.81,16.65,28.64,0.05,1,0,1,2,1,3
2024-04-19,37.28,55.75,1013.8,112.85,516.1,29.3,0.15,0.26,0.44,0.61,1.0,1.67,2.42,0.05,8,0,0,1,2,3
2024-04-19,7.21,83.69,991.45,55.69,963.6,46.5,1.81,3.84,6.6,9.67,16.95,33.66,59.09,0.74,0,1,2,1,0,1
2024-04-19,35.72,93.63,971.05,106.54,1993.8,41.1,8.15,13.23,18.85,26.28,40.09,64.7,109.05,0.838,1,1,2,2,1,0
2024-04-20,11.06,56.04,973.6,44.37,2175.9,47.9,0.53,1.09,1.86,2.29,4.06,8.26,10.61,0.24,0,0,1,1,0,2
2024-04-20,16.55,94.52,972.75,31.76,538.7,20.4,7.35,9.34,16.26,29.87,46.1,110.96,218.66,0.95,0,2,2,1,0,0
2024-04-20,12.2,24.27,1027.41,79.64,2042.0,3.8,3.27,7.42,10.75,13.32,14.7,29.09,47.6,0.317,0,0,0,1,0,1
2024-04-20,47.38,31.97,951.4,148.96,2044.7,10.2,0.02,0.05,0.09,0.13,0.21,0.52,1.09,0.05,3,0,0,3,2,3
2024-04-21,47.93,90.44,1026.69,20.48,794.4,15.8,1.9,2.44,3.52,5.2,6.42,8.1,10.4,0.05,7,0,0,0,3,3
2024-04-21,46.08,39.2,1012.27,158.16,1591.7,8.9,1.13,2.01,3.19,5.49,8.41,11.63,22.51,0.05,1,0,0,2,2,3
2024-04-21,35.51,15.44,986.04,158.01,2304.5,2.3,3.18,6.08,7.96,9.71,15.08,19.91,34.46,0.05,4,0,0,2,1,2
2024-04-21,11.3,99.4,1008.49,141.73,160.8,2.1,3.15,6.76,13.02,21.74,34.43,68.91,105.74,0.95,0,2,1,2,0,0
2024-04-21,47.9,58.13,965.62,117.32,637.8,48.6,0.42,0.54,1.03,1.67,2.16,4.06,8.32,0.05,6,0,1,2,3,3
2024-04-21,41.33,29.11,1028.7,141.5,1685.2,36.1,1.88,2.94,4.65,8.03,9.53,18.4,34.46,0.05,1,0,1,1,1,3
2024-04-21,39.39,53.93,972.4,22.6,659.0,10.2,16.33,21.39,26.04,50.79,77.97,181.75,268.87,0.95,3,3,2,1,2,0
2024-04-22,11.52,34.04,987.3,22.21,281.4,31.1,2.73,6.35,8.56,16.98,28.9,42.35,85.95,0.628,0,1,1,0,0,0
2024-04-22,26.43,63.08,997.44,159.49,1850.4,5.8,3.22,6.78,10.09,18.23,22.64,28.33,43.74,0.343,0,0,0,2,0,1
2024-04-22,13.0,29.29,943.08,40.02,1578.4,15.2,8.0,10.02,14.58,28.74,50.12,61.5,92.95,0.636,0,1,1,2,0,0
2024-04-22,34.75,24.82,944.14,29.52,2251.5,43.5,1.18,1.87,2.4,3.77,4.84,7.18,10.21,0.05,0,0,1,1,0,3
2024-04-23,7.89,56.57,981.27,19.46,2247.4,24.7,1.24,2.86,3.98,6.6,8.19,10.3,16.77,0.316,0,0,1,0,0,2
2024-04-23,24.77,47.03,986.28,18.49,1630.0,45.0,0.7,1.08,1.61,1.8,2.69,6.58,11.85,0.066,0,0,1,0,0,2
2024-04-24,13.43,55.94,962.07,133.54,1993.4,49.7,13.41,16.22,22.47,44.65,51.94,74.24,118.44,0.935,0,1,3,3,0,0
2024-04-24,13.77,57.13,1008.96,153.89,1759.9,23.2,3.37,8.03,11.0,12.61,21.06,41.34,60.39,0.551,0,0,1,2,0,1
2024-04-24,15.05,49.61,1009.48,106.35,69.5,16.8,2.37,4.29,7.77,11.16,13.45,26.42,37.5,0.348,0,1,0,1,0,1
2024-04-25,36.92,78.92,1024.35,36.87,1335.0,34.4,2.19,4.65,8.97,16.34,21.38,35.41,49.94,0.358,6,0,1,0,2,2
2024-04-25,18.8,55.54,949.94,51.1,685.6,32.9,1.77,4.28,6.71,13.3,16.0,25.9,53.09,0.444,0,0,1,1,0,1
2024-04-25,7.34,74.27,962.82,50.5,1148.6,28.6,0.64,1.35,2.71,5.27,6.91,13.54,17.55,0.415,0,0,1,1,0,1
2024-04-26,10.97,50.86,1019.33,25.21,1023.7,7.7,1.76,2.91,5.36,7.72,10.04,13.08,19.59,0.275,0,0,0,0,0,2
2024-04-27,14.91,75.91,963.18,113.56,2069.3,25.4,3.54,7.7,12.17,13.8,17.78,33.19,50.78,0.569,0,0,1,2,0,1
2024-04-27,20.08,20.78,992.81,159.21,216.0,49.6,2.72,6.04,9.81,11.65,15.15,32.19,64.81,0.335,0,1,1,2,0,1
2024-04-28,30.15,74.17,959.34,29.25,226.7,40.1,6.86,16.8,25.68,46.47,78.41,111.29,169.67,0.95,0,3,3,1,0,0
2024-04-28,11.13,74.41,996.77,137.92,1849.5,39.5,1.41,2.66,4.78,6.05,6.84,16.72,20.85,0.4,0,0,1,2,0,1
2024-04-28,22.34,36.63,1024.05,28.88,1248.6,41.0,0.37,0.8,1.52,2.01,2.87,4.19,5.41,0.05,0,0,1,0,0,2
2024-04-29,21.38,46.84,1005.77,51.48,232.2,9.6,6.28,10.43,21.38,40.23,66.17,150.08,204.06,0.95,0,3,2,1,0,0
2024-04-29,33.17,34.38,955.23,151.13,1157.1,41.1,3.81,6.75,8.72,12.11,20.59,39.7,50.85,0.179,0,0,1,3,0,2
2024-04-29,18.99,84.87,990.8,70.86,154.5,40.1,7.73,14.3,19.59,27.64,44.98,101.5,222.06,0.95,0,2,3,1,0,0
2024-04-29,22.28,30.11,997.93,103.83,1160.0,23.7,3.44,5.87,11.18,15.92,24.1,49.33,103.07,0.615,0,1,1,1,0,0
2024-04-30,45.45,23.84,957.57,138.97,2495.0,7.6,5.89,7.35,12.73,22.75,27.83,63.02,130.42,0.534,1,1,1,3,2,1
2024-05-01,7.56,51.32,1028.97,94.24,2182.2,34.0,1.46,2.55,4.45,6.0,6.98,10.29,18.79,0.306,0,0,1,1,0,2
2024-05-01,47.33,48.44,988.03,79.93,666.3,48.5,4.27,5.63,6.76,10.7,12.47,16.09,26.86,0.05,5,0,1,1,3,3
2024-05-02,45.48,50.99,994.78,51.65,1600.5,18.8,1.18,1.42,3.12,5.0,7.51,11.49,21.87,0.05,9,0,0,1,3,3
2024-05-02,8.66,65.45,994.15,20.18,2006.9,43.6,7.35,12.17,23.96,42.1,66.75,92.03,149.14,0.95,0,2,3,1,0,0
2024-05-02,19.36,16.68,1016.39,48.0,959.9,20.8,1.77,3.23,6.44,12.45,15.25,19.93,35.06,0.124,0,0,0,0,0,2
2024-05-03,30.69,39.23,1006.09,10.9,1367.2,34.1,2.2,4.03,8.52,14.98,22.67,40.14,76.21,0.397,0,0,1,0,0,1
2024-05-03,9.44,68.08,1019.23,148.32,1604.1,22.9,3.74,8.48,11.34,20.8,34.98,55.14,83.17,0.8,0,1,1,2,0,0
2024-05-03,7.67,32.76,977.06,6.93,2473.1,41.2,0.79,1.78,2.41,3.77,6.33,13.63,16.95,0.2,0,0,1,0,0,2
2024-05-03,25.89,20.0,988.02,141.42,741.3,36.3,3.01,7.4,15.05,20.77,25.04,52.44,78.15,0.362,0,0,1,2,0,1
2024-05-04,9.98,42.09,1008.78,108.43,409.9,16.6,0.85,1.06,1.36,1.93,3.28,6.48,11.76,0.189,0,0,0,1,0,2
2024-05-05,14.55,16.51,965.08,81.82,124.1,10.4,0.01,0.02,0.03,0.05,0.06,0.1,0.16,0.05,0,0,0,2,0,2
2024-05-05,26.14,32.27,999.38,98.08,1979.6,22.8,1.36,3.11,6.28,11.58,16.39,39.86,57.66,0.284,0,0,1,1,0,1
2024-05-05,17.16,94.7,1011.15,12.99,1766.5,32.1,0.88,1.63,3.19,3.86,6.03,12.8,23.92,0.461,0,0,1,0,0,1
2024-05-06,44.16,24.19,942.14,30.74,1738.4,4.5,1.34,3.31,5.96,8.78,13.41,19.73,30.13,0.05,1,0,0,1,1,3
2024-05-07,20.08,23.94,974.72,22.21,2154.2,15.0,0.31,0.47,0.93,1.54,1.75,3.85,6.74,0.05,0,0,0,1,0,2
2024-05-07,25.98,87.07,977.73,99.06,21.0,46.3,2.47,5.05,9.04,16.75,28.53,53.46,80.75,0.714,0,2,2,2,0,0
2024-05-08,8.93,94.66,1028.13,98.89,625.8,28.8,5.07,8.68,15.87,23.09,27.1,53.06,101.99,0.95,0,1,2,1,0,0
2024-05-08,34.84,46.21,945.23,129.59,1978.0,35.1,0.8,1.58,2.94,3.73,5.28,11.32,14.4,0.05,0,0,1,3,0,3
2024-05-10,28.11,95.64,999.32,25.59,291.1,41.6,3.43,7.17,12.54,18.35,28.96,58.59,123.85,0.95,0,1,2,0,0,0
2024-05-10,38.46,77.55,1020.94,157.25,1235.2,43.7,0.76,1.67,2.11,2.42,3.66,8.65,11.68,0.081,5,0,1,2,2,3
2024-05-11,12.04,34.05,957.08,102.84,630.7,33.6,0.81,1.04,1.79,2.94,4.83,10.67,18.5,0.173,0,0,1,2,0,2
2024-05-12,20.4,27.61,980.85,37.58,756.3,13.8,5.26,9.49,14.95,19.01,21.87,35.27,60.22,0.336,0,0,1,1,0,1
2024-05-13,15.01,35.16,965.38,59.51,2285.0,21.7,0.71,1.67,2.0,2.58,3.06,7.63,11.17,0.1,0,0,0,1,0,2
2024-05-13,7.91,86.71,944.73,24.95,36.0,11.1,1.18,2.16,3.52,5.73,6.8,15.16,26.72,0.533,0,1,0,1,0,1
2024-05-13,40.31,98.77,1019.43,146.35,2263.1,49.9,2.09,4.02,7.1,12.68,21.25,51.48,75.4,0.593,6,1,2,1,3,1
2024-05-14,28.5,40.86,997.07,72.58,701.7,39.5,2.11,2.57,4.93,9.03,13.26,21.95,38.01,0.173,0,0,1,1,0,2
2024-05-14,5.27,46.32,941.26,81.88,1845.6,31.8,0.97,1.19,2.38,3.61,5.68,9.0,10.9,0.252,0,0,1,2,0,2
2024-05-14,9.2,77.06,952.98,11.85,40.0,19.1,0.97,2.01,2.97,3.29,4.61,11.45,21.15,0.434,0,1,0,1,0,1
2024-05-15,27.62,45.88,982.44,103.25,1132.3,14.5,6.84,12.42,26.59,33.76,59.88,103.42,185.29,0.95,0,2,2,2,0,0
2024-05-16,25.05,86.17,988.28,47.31,98.2,1.5,1.65,3.63,7.35,9.5,15.25,27.21,55.59,0.551,0,1,0,1,0,1
2024-05-16,28.79,95.11,997.32,3.46,1017.5,32.4,10.12,14.86,27.47,33.72,47.44,57.21,119.43,0.95,0,1,2,0,0,0
2024-05-18,19.03,85.13,993.02,128.11,1753.4,42.8,1.48,2.23,4.69,6.23,8.97,15.64,32.53,0.452,0,0,1,2,0,1
2024-05-18,34.14,14.75,972.85,110.97,1305.4,44.5,0.72,0.88,1.51,1.75,2.81,5.98,10.94,0.05,0,0,1,2,0,3
2024-05-18,13.02,60.14,1020.06,9.93,344.7,12.7,1.33,2.17,4.34,6.43,11.49,23.25,37.02,0.417,0,0,0,0,0,1
2024-05-19,30.55,67.2,1026.82,31.77,2382.9,16.9,8.6,12.2,23.65,38.23,60.1,123.22,156.55,0.95,0,2,2,0,0,0
2024-05-19,46.4,60.2,1018.6,55.27,33.9,22.8,3.14,6.18,12.76,20.02,24.16,50.3,69.26,0.299,9,1,1,0,3,2
2024-05-19,21.0,32.85,1028.36,43.85,1139.1,11.3,2.23,3.78,6.96,13.69,22.91,38.23,76.23,0.462,0,0,1,0,0,1
2024-05-19,22.32,55.46,943.89,92.82,1044.8,5.3,4.04,8.87,19.13,29.14,43.54,52.53,65.18,0.489,0,1,1,2,0,1
2024-05-19,20.56,12.95,978.12,18.04,2269.7,7.1,1.64,2.11,2.63,4.92,6.18,11.75,20.75,0.05,0,0,0,0,0,2
2024-05-20,20.53,12.89,982.54,103.14,1009.4,40.7,0.88,1.55,2.21,4.1,6.83,16.9,22.42,0.05,0,0,1,2,0,2
2024-05-20,16.41,51.61,983.68,130.45,417.1,30.3,4.55,10.53,14.85,23.36,26.37,60.79,111.95,0.84,0,1,2,2,0,0
2024-05-20,15.24,53.52,981.45,155.22,932.4,8.5,3.97,8.3,11.01,16.49,25.17,55.83,122.82,0.934,0,1,1,2,0,0
2024-05-20,42.98,71.21,1010.81,93.98,175.8,0.9,4.49,7.32,12.13,15.89,21.32,38.83,49.17,0.254,4,1,0,1,2,2
2024-05-20,42.91,81.81,966.06,112.6,711.0,0.8,1.15,2.78,5.72,10.39,18.33,36.49,70.18,0.448,5,0,0,2,3,2
2024-05-21,20.31,13.48,1013.18,122.18,989.3,15.2,2.0,4.48,5.96,6.86,9.46,22.85,32.86,0.083,0,0,0,1,0,2
2024-05-22,26.95,27.6,1028.48,1.59,487.4,33.1,0.63,1.32,2.82,3.82,4.44,6.02,12.89,0.05,0,0,0,0,0,2
2024-05-22,17.69,31.01,999.36,51.8,1894.6,4.0,1.62,2.82,4.53,7.45,13.06,23.13,31.66,0.189,0,0,0,1,0,1
2024-05-22,6.55,61.69,992.91,141.15,815.7,11.4,0.39,0.56,1.14,1.94,2.51,5.81,8.13,0.297,0,0,0,2,0,2
2024-05-22,9.41,71.07,958.2,115.62,1093.0,29.7,1.03,2.25,2.85,5.64,8.93,16.74,33.53,0.485,0,0,1,2,0,1
2024-05-22,37.78,20.8,1029.69,151.61,169.1,44.0,1.1,1.38,2.78,3.22,5.36,6.64,13.37,0.05,4,0,1,1,1,3
2024-05-23,16.16,43.83,1015.91,90.45,592.2,42.7,10.95,13.45,23.18,34.48,43.74,87.2,128.52,0.914,0,1,2,1,0,0
2024-05-23,28.87,36.75,995.26,120.9,1741.7,17.8,5.14,6.3,9.33,12.67,14.31,30.68,45.87,0.201,0,0,0,2,0,2
2024-05-23,27.01,84.99,973.56,75.67,2063.0,49.7,0.88,1.6,2.57,2.9,3.94,7.43,12.92,0.241,0,0,1,1,0,2
2024-05-23,36.31,85.83,970.96,105.81,836.9,13.2,2.17,4.25,7.8,11.27,13.85,31.71,69.43,0.529,5,0,1,2,2,1
2024-05-25,34.93,58.94,978.94,111.25,1733.2,5.3,3.45,7.2,12.63,15.79,25.67,35.73,66.63,0.39,0,0,0,2,1,1
2024-05-25,37.65,42.74,1022.46,118.17,1953.6,19.6,4.32,6.97,12.52,23.96,36.54,85.06,133.53,0.727,5,1,1,1,2,0
2024-05-25,34.08,49.26,955.34,73.01,1091.0,16.9,1.15,2.62,4.26,7.8,12.82,19.38,35.78,0.144,0,0,0,2,0,2
2024-05-26,23.58,19.67,974.55,81.33,1106.7,15.1,2.95,4.43,5.6,6.64,8.0,17.82,27.34,0.05,0,0,0,1,0,2
2024-05-26,18.41,68.02,1006.75,53.87,2006.4,10.1,4.46,6.64,9.44,12.68,20.51,36.39,50.99,0.496,0,0,1,1,0,1
2024-05-26,34.35,73.77,978.94,127.73,1616.7,17.4,0.73,1.01,1.56,1.93,2.72,4.47,7.59,0.076,0,0,0,2,1,3
2024-05-26,18.1,55.59,950.72,58.62,819.8,44.5,0.24,0.52,0.72,1.31,1.57,3.73,7.42,0.146,0,0,1,1,0,2
2024-05-26,40.36,56.34,1024.21,90.55,541.7,35.0,3.85,7.78,14.06,16.69,26.29,56.75,113.56,0.635,6,1,2,1,2,1
2024-05-26,47.64,98.64,1016.06,35.81,1540.3,28.0,0.39,0.75,1.26,2.01,2.65,4.45,6.84,0.062,4,0,0,0,3,3
2024-05-27,16.63,52.83,1023.74,139.83,1345.9,0.8,15.42,28.95,61.4,90.95,160.9,379.85,698.59,0.95,0,3,3,2,0,0
2024-05-28,34.1,28.55,966.01,111.11,2345.4,6.5,0.52,0.71,1.46,1.77,2.64,4.75,8.37,0.05,0,0,0,2,0,3
2024-05-28,28.22,29.01,978.07,95.72,1882.7,18.8,6.48,9.53,14.25,20.99,26.2,35.02,59.46,0.259,0,0,1,2,0,1
2024-05-29,21.51,51.62,1026.54,55.81,2041.5,47.9,1.04,1.33,2.18,3.11,5.11,7.71,11.11,0.117,0,0,1,0,0,2
2024-05-29,22.94,52.55,973.38,78.34,2278.3,19.3,4.46,11.01,22.85,28.53,46.15,77.67,151.54,0.95,0,2,2,2,0,0
2024-05-31,22.68,57.71,1027.82,126.5,1352.8,24.9,8.5,16.11,27.78,45.06,50.59,110.78,232.8,0.95,0,2,2,1,0,0
2024-06-01,27.1,60.59,1027.06,24.0,166.1,38.0,1.89,3.76,7.39,10.34,14.24,27.42,50.19,0.367,0,1,1,0,0,1
2024-06-02,45.6,64.34,989.4,55.33,726.7,43.4,3.93,7.9,10.19,12.34,17.47,33.22,49.34,0.195,9,0,1,1,3,3
2024-06-02,6.69,59.84,961.91,91.35,2034.8,35.6,1.16,1.8,2.85,4.21,4.95,10.52,18.6,0.356,0,0,1,2,0,1
2024-06-03,11.62,64.65,942.64,127.02,1748.0,40.9,0.6,0.72,1.05,1.7,2.84,4.46,8.42,0.263,0,0,1,3,0,2
2024-06-03,10.79,52.24,957.32,47.68,1077.9,9.9,9.38,12.82,15.54,19.88,33.69,68.56,140.58,0.95,0,1,1,1,0,0
2024-06-03,11.99,35.91,1007.18,94.81,917.7,17.1,6.94,14.28,21.8,31.92,52.99,111.37,167.29,0.95,0,2,2,1,0,0
2024-06-04,21.43,64.92,984.66,12.48,586.4,7.1,4.41,6.1,9.11,17.0,22.04,49.75,103.32,0.799,0,1,1,0,0,0
2024-06-04,40.55,97.05,955.95,148.75,1809.5,40.3,1.27,2.4,5.08,9.03,10.99,16.94,29.39,0.276,2,0,1,3,2,2
2024-06-04,21.87,72.73,1005.23,119.94,891.2,48.0,0.05,0.1,0.18,0.21,0.3,0.54,1.05,0.152,0,0,1,1,0,2
2024-06-04,46.17,80.32,972.47,157.68,2266.3,23.9,7.2,12.26,26.08,29.78,38.6,49.71,88.74,0.532,5,1,1,3,3,2
2024-06-05,15.75,26.59,1016.64,12.12,665.9,0.3,6.75,8.68,18.4,26.58,44.59,111.31,219.21,0.95,0,2,1,0,0,0
2024-06-06,46.96,16.12,999.32,35.9,1413.5,42.7,3.85,6.01,11.52,18.0,21.14,27.22,53.14,0.05,8,0,1,0,3,3
2024-06-06,41.51,61.22,1024.69,136.75,1739.1,7.9,0.37,0.8,1.22,1.39,1.61,3.12,5.94,0.05,8,0,0,1,3,3
2024-06-07,44.67,79.78,992.9,142.41,1330.0,34.6,1.69,2.83,6.13,11.47,15.74,24.54,30.0,0.152,4,0,1,2,3,3
2024-06-07,41.66,66.14,981.87,96.06,121.9,5.9,4.19,6.4,10.92,20.23,34.33,59.83,88.24,0.502,9,1,1,2,3,2
2024-06-07,33.97,17.28,1027.5,55.65,1891.2,36.8,2.9,6.36,10.78,12.78,20.96,35.94,52.27,0.095,0,0,1,0,0,2
2024-06-08,7.8,81.0,1008.13,112.08,362.8,48.6,0.01,0.01,0.02,0.03,0.04,0.07,0.1,0.328,0,0,1,1,0,2
2024-06-08,35.89,83.62,1000.1,107.07,1786.9,9.1,8.0,11.26,23.49,38.32,50.72,119.12,168.2,0.95,6,2,2,2,2,0
2024-06-09,10.22,44.3,962.25,63.45,1236.3,41.2,1.86,3.15,3.87,7.28,12.01,27.78,36.66,0.364,0,0,1,1,0,1
2024-06-10,8.78,59.04,1019.12,101.61,1750.2,10.4,6.64,13.46,29.31,36.44,56.71,87.1,185.7,0.95,0,2,2,1,0,0
2024-06-10,40.12,65.37,1022.89,37.89,679.0,22.6,1.73,2.33,5.03,6.57,10.61,17.68,24.63,0.09,4,0,0,0,2,3
2024-06-10,28.68,36.99,966.52,16.76,1941.8,20.0,0.24,0.57,0.72,1.13,2.02,3.78,6.2,0.05,0,0,0,1,0,2
2024-06-10,34.74,57.62,959.42,73.32,1293.9,37.8,0.69,1.61,3.18,5.01,8.09,13.04,21.7,0.085,0,0,1,2,0,2
2024-06-11,20.49,83.11,990.4,38.82,2206.2,36.3,2.24,5.55,11.47,18.54,29.52,58.05,84.49,0.774,0,1,2,1,0,0
2024-06-11,39.39,60.93,1024.55,7.46,2481.6,38.5,4.12,6.01,11.74,19.36,33.42,76.51,144.55,0.874,6,1,2,0,2,0
2024-06-11,35.3,30.48,1010.07,4.35,639.8,14.8,1.84,4.36,9.32,14.82,24.22,32.33,55.16,0.167,7,0,0,0,1,2
2024-06-11,32.93,43.6,949.14,15.89,2144.4,13.1,2.11,4.02,8.1,12.16,17.84,42.83,66.24,0.33,0,0,1,1,0,1
2024-06-12,42.13,56.25,1015.17,120.26,1013.4,25.3,5.89,13.65,20.67,39.13,58.12,116.82,243.58,0.95,9,2,2,1,3,0
2024-06-12,38.75,91.11,948.41,156.5,2456.5,14.0,6.0,9.6,15.07,29.75,50.45,87.38,152.38,0.95,5,2,2,3,2,0
2024-06-13,43.81,89.42,987.53,91.43,179.0,33.2,0.26,0.5,0.69,1.35,1.84,2.72,3.88,0.05,7,0,0,1,3,3
2024-06-15,30.08,73.24,991.15,69.2,1343.8,46.5,2.11,3.05,5.21,6.0,10.42,19.72,29.84,0.264,0,0,1,1,0,2
2024-06-15,23.12,12.25,1004.37,73.95,866.7,46.3,1.27,2.09,2.94,5.85,10.05,15.36,23.68,0.05,0,0,1,1,0,2
2024-06-15,21.11,63.66,945.78,153.02,1687.5,26.5,0.53,0.96,1.91,2.52,3.72,9.23,13.79,0.199,0,0,0,3,0,2
2024-06-15,20.97,40.35,991.8,97.54,549.4,20.8,1.13,2.3,2.86,5.05,6.95,15.19,24.01,0.152,0,0,0,1,0,2
2024-06-16,8.06,73.72,993.99,70.41,889.8,10.1,2.12,2.75,3.47,6.26,8.89,16.92,30.78,0.493,0,0,0,1,0,1
2024-06-16,18.18,84.95,987.45,119.68,90.9,31.4,3.49,6.92,8.94,15.98,28.49,49.12,59.87,0.642,0,1,1,2,0,1
2024-06-16,15.28,36.71,1020.63,86.77,1556.7,39.7,0.03,0.04,0.09,0.14,0.23,0.41,0.79,0.05,0,0,1,1,0,2
2024-06-17,11.76,24.88,956.0,131.77,1199.6,21.2,7.34,11.86,25.97,34.96,45.99,97.07,178.29,0.95,0,2,2,3,0,0
2024-06-17,33.9,76.9,941.23,114.22,1445.5,24.9,0.76,1.35,2.19,3.67,6.52,14.05,20.13,0.18,0,0,0,2,1,2
2024-06-17,10.6,61.25,1006.76,52.28,2184.3,16.4,0.21,0.32,0.55,0.64,0.86,1.35,2.61,0.218,0,0,0,0,0,2
2024-06-17,38.4,33.16,993.68,18.65,1651.2,35.3,1.07,2.2,4.02,7.13,11.56,23.76,46.85,0.094,1,0,1,0,1,2
2024-06-18,34.03,62.24,961.49,29.01,1599.4,26.7,3.6,8.41,11.04,18.86,26.22,58.68,92.61,0.588,0,1,1,1,0,1
2024-06-18,43.59,50.77,1011.71,78.07,126.2,1.6,6.69,13.2,25.85,44.86,76.17,123.5,164.15,0.912,9,3,2,1,3,0
2024-06-18,32.32,32.83,950.43,126.52,1122.9,21.6,16.66,36.62,59.2,108.01,132.22,213.79,302.38,0.95,0,3,3,3,0,0
2024-06-18,40.15,12.97,1004.14,46.78,1424.0,50.0,0.12,0.22,0.47,0.55,0.8,0.99,1.24,0.05,6,0,1,0,2,3
2024-06-18,30.72,64.27,1027.37,96.62,437.9,22.0,0.57,1.02,1.49,2.74,4.92,11.08,15.19,0.115,0,0,0,1,0,2
2024-06-18,15.31,65.62,1021.4,60.27,835.0,38.7,0.23,0.57,1.18,1.61,2.31,3.27,5.84,0.214,0,0,1,0,0,2
2024-06-18,16.67,49.89,1003.07,102.78,535.0,42.5,1.33,2.19,3.67,6.18,6.88,14.22,18.17,0.204,0,0,1,1,0,2
2024-06-18,6.44,81.36,1008.55,141.47,1785.1,38.1,6.81,9.78,19.62,28.47,34.49,54.17,79.38,0.872,0,1,2,2,0,0
2024-06-19,11.73,78.56,940.3,93.72,2303.2,21.2,1.22,2.37,4.06,6.88,9.73,14.62,27.73,0.46,0,0,1,2,0,1
2024-06-19,26.84,55.62,1014.9,59.64,297.7,45.9,6.09,8.68,12.75,15.7,25.86,59.73,75.36,0.512,0,1,2,1,0,1
2024-06-20,13.78,43.71,985.37,110.94,995.9,43.7,13.07,32.13,39.26,64.24,91.69,208.47,424.7,0.95,0,3,3,2,0,0
2024-06-20,34.65,54.35,940.12,132.66,1515.0,37.4,2.99,4.17,5.44,10.35,18.13,32.69,43.41,0.215,0,0,1,3,0,2
2024-06-20,44.03,89.0,1015.82,36.0,726.2,42.6,4.21,6.51,12.16,15.99,24.92,46.45,78.54,0.528,8,1,2,0,3,2
2024-06-21,22.62,35.71,1010.75,93.78,1349.1,1.1,0.67,1.27,2.22,4.34,7.25,9.03,15.01,0.052,0,0,0,1,0,2
2024-06-21,25.0,87.49,983.47,124.07,2084.4,30.2,2.64,5.12,9.25,15.81,24.66,30.68,41.38,0.463,0,0,1,2,0,1
2024-06-22,18.67,10.35,993.55,122.12,1562.1,37.5,13.08,17.15,34.2,45.83,61.4,100.31,169.49,0.95,0,2,3,2,0,0
2024-06-22,37.25,29.01,1015.13,105.43,360.0,3.5,3.28,7.66,16.56,24.33,29.27,67.67,97.21,0.421,1,1,1,1,1,1
2024-06-22,10.38,91.36,966.41,74.12,1720.0,21.0,5.69,13.94,24.23,43.91,52.71,105.26,148.64,0.95,0,2,2,2,0,0
2024-06-22,31.76,55.61,956.8,58.84,273.4,23.1,4.6,9.98,13.63,20.35,30.67,42.9,75.34,0.463,0,1,1,2,0,1
2024-06-22,38.53,67.74,955.52,7.02,900.0,26.2,5.97,12.06,18.24,22.63,34.67,47.34,74.16,0.448,3,1,1,1,2,2
2024-06-23,43.28,15.41,955.37,135.67,2417.8,19.6,0.78,1.62,2.22,3.14,3.59,8.33,17.86,0.05,6,0,0,3,2,3
2024-06-23,46.8,19.84,962.03,61.71,224.7,20.8,0.76,1.27,2.37,4.5,7.31,16.77,35.89,0.05,3,0,0,1,2,3
2024-06-23,13.24,12.61,1007.43,6.53,1042.8,16.8,2.99,7.33,13.28,22.19,32.13,42.93,66.47,0.374,0,1,1,0,0,1
2024-06-24,25.5,93.1,982.42,145.77,2428.1,39.6,0.24,0.49,0.87,1.46,1.78,4.35,6.66,0.255,0,0,1,2,0,2
2024-06-24,43.53,20.23,980.85,155.62,1596.4,16.5,0.5,0.94,1.41,2.18,2.9,6.07,12.44,0.05,5,0,0,2,2,3
2024-06-24,42.8,53.58,1003.17,132.62,1886.5,27.4,4.12,6.11,9.02,14.27,17.82,39.01,75.14,0.341,5,0,1,2,2,2
2024-06-25,31.67,95.97,992.74,149.49,1199.2,20.9,3.9,7.31,13.61,17.83,25.53,53.89,118.47,0.95,0,1,1,2,0,0
2024-06-25,26.29,21.44,972.19,141.06,891.2,4.2,2.16,5.11,6.86,10.91,19.21,27.08,44.64,0.142,0,0,0,2,0,1
2024-06-26,27.89,70.94,963.89,54.72,1696.3,35.5,3.53,5.14,6.7,10.57,11.83,25.15,39.32,0.338,0,0,1,1,0,1
2024-06-26,38.39,91.5,949.03,2.82,2430.0,31.5,0.4,0.88,1.31,1.55,2.27,4.79,9.88,0.139,2,0,0,1,2,3
2024-06-27,8.31,91.32,944.08,3.19,1301.7,14.2,0.75,1.14,1.77,3.29,3.93,4.77,6.66,0.418,0,0,0,1,0,2
2024-06-27,44.89,65.21,1009.68,54.7,79.4,45.2,7.71,18.47,30.6,56.57,87.37,151.63,234.24,0.95,8,3,3,1,3,0
2024-06-27,35.4,90.77,945.58,7.28,1056.5,49.4,1.25,2.53,4.08,5.54,9.27,18.34,23.68,0.258,2,0,1,1,1,2
2024-06-27,8.37,57.18,1001.17,137.45,1224.3,40.1,4.12,5.52,7.65,9.27,15.51,27.27,57.05,0.583,0,0,1,2,0,1
2024-06-27,30.06,78.64,991.78,54.52,2104.1,34.7,0.56,0.9,1.41,2.37,4.1,5.66,9.89,0.159,0,0,1,1,0,2
2024-06-28,24.19,60.19,1003.0,95.11,1367.8,29.7,0.04,0.06,0.07,0.09,0.16,0.26,0.47,0.062,0,0,0,1,0,2
2024-06-28,31.81,87.62,973.41,156.1,1305.9,17.0,2.89,5.91,8.33,14.78,25.44,48.5,67.55,0.57,0,1,1,3,0,1
2024-06-29,36.67,81.97,1014.25,130.92,1948.0,17.1,2.36,4.3,6.81,12.38,17.28,26.51,43.8,0.335,6,0,1,1,2,2
2024-06-29,23.82,63.94,982.25,144.89,1413.5,10.5,5.82,9.61,16.21,23.05,28.94,48.08,65.81,0.52,0,1,1,2,0,1
2024-06-29,13.44,25.49,1009.31,13.09,1290.9,29.9,2.24,3.01,6.42,9.16,15.21,31.8,61.02,0.4,0,0,1,0,0,1
2024-07-01,43.29,44.78,987.27,80.17,580.3,47.2,6.31,12.2,15.91,29.29,48.43,60.47,113.46,0.547,7,1,2,1,3,1
2024-07-01,28.15,81.58,1012.32,151.33,832.8,4.8,1.28,1.86,3.02,4.32,5.15,11.09,14.49,0.223,0,0,0,2,0,2
2024-07-01,45.01,60.24,969.83,147.3,1359.9,34.1,4.5,9.31,19.0,22.51,27.22,58.88,99.82,0.517,9,1,1,3,3,2
2024-07-01,37.64,37.31,952.38,117.66,571.7,1.4,5.59,10.55,15.62,17.83,31.49,68.24,97.95,0.463,7,1,1,3,2,1
2024-07-01,11.94,32.64,973.52,108.86,162.4,7.5,0.03,0.05,0.1,0.14,0.16,0.24,0.3,0.05,0,0,0,2,0,2
2024-07-03,47.19,21.39,976.58,109.76,2484.1,39.6,5.64,10.45,14.58,18.48,21.97,27.73,47.27,0.05,5,0,1,2,3,3
2024-07-04,15.39,17.31,960.7,39.9,281.6,24.5,0.98,1.39,2.26,4.11,5.0,10.74,13.13,0.05,0,0,0,1,0,2
2024-07-05,23.33,51.07,1000.76,5.67,952.1,24.8,9.51,23.38,34.93,62.53,87.57,158.05,336.65,0.95,0,3,3,0,0,0
2024-07-05,24.17,94.64,940.37,132.99,527.9,14.1,0.97,1.97,4.02,4.83,6.37,9.66,12.29,0.313,0,0,0,3,0,2
2024-07-06,18.63,11.63,988.16,74.14,2253.0,28.1,7.3,14.64,17.62,19.52,24.42,33.53,49.47,0.202,0,0,1,1,0,1
2024-07-06,24.52,26.26,958.71,100.88,2047.4,14.8,2.21,5.21,6.74,11.3,12.85,29.55,49.1,0.213,0,0,0,2,0,1
2024-07-07,18.79,57.72,996.55,89.85,834.0,10.3,0.17,0.35,0.65,0.83,1.33,2.86,3.69,0.125,0,0,0,1,0,2
2024-07-07,40.8,98.11,1019.73,131.75,42.6,47.5,1.37,2.23,3.71,6.03,8.19,14.52,21.72,0.227,6,1,1,1,3,3
2024-07-07,45.11,56.87,1022.0,70.46,2084.0,0.4,1.96,3.9,6.38,10.27,15.67,22.01,29.12,0.05,2,0,0,0,2,3
2024-07-07,16.04,65.14,1017.52,118.6,153.6,41.3,2.81,6.24,11.88,18.16,26.56,37.89,77.0,0.679,0,1,2,1,0,0
2024-07-08,16.84,96.13,1024.03,155.19,1882.6,6.2,1.19,1.5,2.74,3.99,6.95,9.52,13.72,0.404,0,0,0,2,0,1
2024-07-08,9.18,29.39,1014.11,48.92,267.3,47.7,3.97,8.06,14.61,24.78,39.64,94.01,177.29,0.95,0,2,3,0,0,0
2024-07-08,24.42,55.13,947.87,61.55,838.9,18.6,3.42,5.07,8.85,13.31,22.86,29.22,37.23,0.28,0,0,1,2,0,1
2024-07-09,12.46,41.11,946.46,55.74,73.2,15.5,0.55,0.95,2.0,3.33,4.11,8.37,15.53,0.185,0,0,0,2,0,2
2024-07-09,47.48,24.64,951.69,125.02,1651.3,27.6,1.66,2.93,4.49,7.13,10.65,24.3,52.53,0.05,6,0,1,2,3,3
2024-07-11,12.42,47.33,951.86,112.33,2083.0,9.8,5.81,13.12,19.85,33.52,40.64,54.77,114.61,0.877,0,1,1,3,0,0
2024-07-11,28.27,55.13,982.35,86.93,1809.3,36.3,1.69,3.73,4.52,8.31,14.1,31.67,68.69,0.451,0,0,1,1,0,1
2024-07-11,40.58,48.2,1007.37,69.27,970.7,0.6,3.39,8.46,17.97,27.02,39.38,93.64,196.56,0.95,1,2,1,1,1,0
2024-07-12,45.73,59.55,972.33,69.34,406.3,45.2,4.14,10.04,18.23,20.61,31.33,56.82,71.08,0.314,7,1,2,1,3,2
2024-07-13,44.25,11.63,983.59,1.92,963.1,13.9,0.51,0.68,1.01,1.78,2.68,3.34,4.93,0.05,7,0,0,0,2,3
2024-07-13,7.22,43.84,1011.4,132.03,1616.5,29.2,0.01,0.03,0.05,0.09,0.14,0.22,0.44,0.15,0,0,0,1,0,2
2024-07-13,32.2,80.21,950.04,144.53,1962.6,1.0,9.57,18.57,25.92,41.31,68.17,156.8,308.74,0.95,0,3,2,3,0,0
2024-07-14,17.87,86.02,948.39,147.0,899.5,12.3,0.38,0.79,1.36,2.53,4.28,9.4,20.16,0.386,0,0,0,3,0,1
2024-07-14,37.94,94.25,1027.26,35.67,605.8,46.1,3.86,6.91,11.29,21.61,31.86,42.21,89.4,0.688,3,1,2,0,2,1
2024-07-16,20.72,63.94,1020.19,138.79,1648.6,23.1,7.61,15.1,30.46,37.89,63.84,117.96,156.51,0.95,0,2,2,2,0,0
2024-07-17,29.99,42.0,1015.24,52.94,1619.9,9.7,5.46,8.23,14.14,17.16,26.24,58.45,103.52,0.6,0,1,1,0,0,0
2024-07-18,7.16,69.05,982.15,86.61,1561.8,47.5,14.05,28.62,35.07,61.42,72.8,147.21,181.9,0.95,0,2,3,2,0,0
2024-07-18,31.86,91.53,998.74,57.41,1889.6,26.1,0.41,0.98,1.38,2.11,2.56,5.04,9.6,0.203,0,0,0,1,0,2
2024-07-18,7.74,39.44,987.97,116.57,530.3,29.9,0.25,0.32,0.45,0.82,1.41,2.0,3.52,0.143,0,0,0,2,0,2
2024-07-19,44.06,88.73,1011.91,104.13,1099.9,12.0,0.65,1.48,1.78,2.99,4.63,5.94,9.83,0.069,6,0,0,1,3,3
2024-07-19,31.58,61.33,1009.44,66.64,1381.4,17.1,4.65,7.86,11.16,13.13,16.16,22.58,40.32,0.26,0,0,0,1,0,2
2024-07-19,34.57,20.77,961.94,23.51,7.3,8.6,0.29,0.46,0.61,0.87,1.34,2.78,6.09,0.05,0,0,0,1,0,3
2024-07-20,20.93,53.66,1024.66,70.26,860.2,44.2,2.64,3.97,8.37,11.59,15.83,35.66,45.24,0.361,0,0,1,1,0,1
2024-07-20,30.84,50.48,948.22,15.08,1267.3,2.8,0.51,0.86,1.37,1.51,2.08,4.91,8.82,0.05,0,0,0,1,0,2
2024-07-22,16.17,11.27,989.03,90.47,720.8,25.3,1.68,2.82,5.0,7.42,11.84,19.36,41.45,0.171,0,0,1,1,0,1
2024-07-23,26.98,52.35,1007.91,157.49,2206.9,32.3,2.37,3.38,4.92,5.47,6.47,12.38,24.09,0.153,0,0,1,2,0,2
2024-07-24,21.74,22.81,1011.62,24.52,1588.4,33.3,1.85,3.36,5.6,6.3,7.31,14.08,25.47,0.066,0,0,1,0,0,2
2024-07-25,25.38,34.51,942.83,148.07,1833.5,24.8,1.09,2.26,4.41,7.0,11.54,14.88,20.05,0.052,0,0,0,3,0,2
2024-07-25,9.59,80.8,992.53,125.46,892.3,24.5,2.56,4.26,5.52,7.6,12.15,21.81,28.02,0.495,0,0,1,2,0,1
2024-07-26,35.62,35.22,990.92,153.69,710.7,40.9,0.76,1.76,3.15,3.6,5.82,13.54,27.27,0.05,2,0,1,2,1,2
2024-07-26,41.4,88.3,995.02,125.51,18.0,33.6,6.68,13.38,20.68,33.18,41.32,71.41,107.41,0.744,9,2,2,2,3,1
2024-07-26,12.48,83.61,950.32,5.47,44.9,4.0,4.78,10.07,18.1,25.68,35.43,48.99,96.51,0.937,0,2,1,1,0,0
2024-07-27,10.99,51.03,966.74,72.72,1249.0,4.9,2.76,6.67,10.53,20.96,29.49,40.65,80.57,0.682,0,1,1,2,0,0
