timestamp,latitude,longitude,temperature,humidity,surface_pressure,wind_speed,elevation,slope_degree,rainfall_1h,rainfall_3h,rainfall_6h,rainfall_12h,rainfall_24h,rainfall_3d,rainfall_7d,soil_moisture,hot_days_streak,flood_risk_target,landslide_risk_target,cyclone_risk_target,heatwave_risk_target,drought_risk_target
2018-01-01,26.0356,-80.424,24.97,66.26,1003.02,54.94,412.5,20.1,2.46,4.33,5.33,9.25,12.4,19.24,27.19,0.244,0,0,0,1,0,1
2018-01-01,18.4106,-65.6706,23.21,75.58,1018.23,104.65,621.1,32.5,1.23,2.54,5.23,8.77,14.94,17.97,34.46,0.348,0,0,1,1,0,1
2018-01-01,28.1458,77.2282,16.09,90.19,1014.6,74.08,987.9,11.7,4.58,6.22,11.27,19.99,25.19,56.42,69.58,0.699,0,1,1,1,0,0
2018-01-01,18.0104,-66.4467,28.66,58.25,953.88,68.47,1254.8,22.8,5.24,7.3,13.98,23.67,40.96,67.51,92.93,0.585,0,1,1,2,0,1
2018-01-01,13.343,100.6552,46.32,95.58,987.04,84.93,1603.3,18.3,3.8,6.91,8.51,15.17,26.67,32.84,65.33,0.422,6,0,1,1,3,2
2018-01-01,16.0781,81.5081,44.43,42.18,956.27,38.25,1863.3,46.6,2.2,3.45,5.47,7.35,9.4,17.98,21.86,0.05,9,0,1,1,3,3
2018-01-02,16.6725,81.3928,15.06,85.91,985.86,39.83,2090.1,21.7,2.53,4.13,7.16,8.81,12.1,28.6,41.7,0.514,0,0,1,1,0,1
2018-01-02,35.5667,139.4501,41.22,42.71,961.93,82.09,1876.9,29.1,11.28,26.49,53.3,82.73,135.49,209.5,371.94,0.95,6,3,3,2,2,0
2018-01-02,25.3573,83.1782,13.37,42.43,1004.38,70.16,772.3,42.8,0.03,0.07,0.12,0.14,0.16,0.23,0.5,0.074,0,0,1,1,0,2
2018-01-02,-6.2527,106.6901,44.87,73.86,947.91,147.17,174.0,29.1,1.75,4.16,8.45,13.34,21.22,46.39,93.72,0.514,6,1,1,3,3,2
2018-01-02,15.5015,76.0386,44.37,80.74,1010.22,118.79,1367.5,45.7,6.24,10.78,20.14,38.24,65.38,78.55,152.22,0.915,7,2,3,1,3,0
2018-01-03,23.7355,90.763,26.4,38.13,962.86,66.44,804.6,37.9,4.82,7.86,16.45,30.91,53.86,102.54,165.33,0.95,0,2,3,2,0,0
2018-01-03,19.2572,72.4148,35.38,91.41,955.39,150.24,563.3,8.9,0.43,1.03,1.76,2.32,3.07,7.18,15.08,0.188,2,0,0,3,1,2
2018-01-04,16.0865,81.2236,10.26,96.95,997.21,125.54,1402.3,37.9,1.99,3.77,6.77,12.33,13.86,18.44,34.86,0.565,0,0,1,2,0,1
2018-01-05,30.4256,-89.7017,27.39,82.18,984.05,147.19,2034.3,16.3,1.79,3.06,5.4,7.18,12.77,24.65,39.43,0.371,0,0,0,2,0,1
2018-01-05,11.1659,92.8276,37.91,30.52,952.97,101.52,1200.7,42.1,2.67,4.63,7.59,13.1,14.58,33.56,64.24,0.196,9,0,1,2,2,2
2018-01-06,18.5981,-66.1407,34.0,29.28,990.28,53.23,187.6,3.6,4.98,9.65,17.79,29.32,35.01,48.38,70.27,0.263,0,1,0,1,0,2
2018-01-07,10.1515,77.4277,45.7,25.44,1017.52,32.86,165.9,7.3,4.33,5.91,7.11,12.23,19.06,42.96,76.37,0.177,3,1,0,0,2,2
2018-01-08,14.3338,120.6326,35.29,35.44,1019.98,17.97,2358.5,41.4,4.08,9.49,17.56,21.99,31.0,39.86,63.36,0.236,5,0,1,0,1,2
2018-01-09,10.6888,-67.0855,32.47,76.73,954.12,82.02,1636.1,47.5,0.86,1.11,1.59,2.46,3.8,6.29,10.28,0.118,0,0,1,2,0,2
2018-01-09,14.4442,120.6624,38.69,64.25,976.32,77.73,341.6,15.3,0.08,0.13,0.17,0.28,0.49,1.02,1.44,0.05,8,0,0,1,2,3
2018-01-09,12.7642,79.8041,28.72,59.41,1008.37,11.25,21.6,34.4,10.8,15.46,20.64,28.37,45.15,95.45,203.95,0.95,0,3,2,0,0,0
2018-01-09,13.6725,100.2842,15.21,71.55,1021.75,84.42,2103.6,6.4,2.38,4.16,5.02,7.3,9.92,19.88,42.51,0.453,0,0,0,1,0,1
2018-01-10,35.9093,139.5384,30.59,63.22,1016.1,101.81,1777.1,15.9,1.91,2.33,2.96,4.17,5.2,11.31,21.22,0.142,0,0,0,1,0,2
2018-01-11,14.2354,121.4048,25.76,40.29,1009.24,75.3,1230.0,43.4,2.3,3.19,4.15,5.58,7.17,15.65,30.66,0.141,0,0,1,1,0,2
2018-01-12,28.9051,77.6045,13.51,60.43,955.57,150.33,1039.1,38.2,5.57,7.5,12.82,24.35,33.3,43.78,86.0,0.689,0,1,2,3,0,0
2018-01-12,-5.9766,106.6098,21.62,77.24,1020.1,34.36,2007.4,6.7,0.91,1.71,2.52,2.86,3.74,8.55,11.75,0.228,0,0,0,0,0,2
2018-01-12,11.7861,93.0526,30.05,82.18,956.09,8.01,1895.4,31.3,6.03,14.3,20.4,25.61,34.28,77.25,93.78,0.686,0,1,2,1,0,0
2018-01-12,18.5834,-66.4353,34.24,81.62,949.1,93.57,1267.2,14.4,1.07,2.03,3.73,4.2,6.29,8.83,11.84,0.134,0,0,0,2,1,2
2018-01-12,20.4266,86.2297,9.04,73.7,962.22,112.57,19.6,15.3,3.4,7.63,14.33,20.92,33.53,61.86,124.55,0.95,0,2,1,2,0,0
2018-01-12,18.8151,-66.2535,10.06,52.93,1023.2,137.84,247.2,35.8,5.74,8.76,14.23,23.75,33.42,44.63,85.06,0.681,0,1,2,1,0,0
2018-01-12,10.6801,-66.629,16.05,33.9,945.75,151.7,1987.6,19.2,10.22,20.57,38.6,63.46,103.43,145.33,256.13,0.95,0,3,3,3,0,0
2018-01-13,35.5636,139.9135,13.53,92.94,1012.08,122.81,2218.9,17.3,7.62,18.27,25.73,30.8,36.23,59.89,120.31,0.95,0,1,1,2,0,0
2018-01-13,25.5076,-80.505,23.19,47.31,964.09,34.97,960.0,20.0,2.04,4.57,8.0,8.93,13.07,27.64,34.73,0.221,0,0,0,1,0,1
2018-01-13,11.798,93.0818,35.12,76.51,966.51,54.65,2377.2,18.3,5.01,8.73,16.71,28.66,44.92,99.98,213.88,0.95,8,2,2,1,2,0
2018-01-14,12.9684,80.1888,38.19,38.44,981.05,127.07,404.5,45.5,1.75,2.79,3.83,5.65,10.09,18.05,29.82,0.05,6,0,1,2,2,3
2018-01-15,19.3693,72.4431,40.07,63.31,1024.93,123.72,1682.5,3.4,0.4,0.86,1.19,1.34,2.33,5.29,7.5,0.05,5,0,0,1,2,3
2018-01-15,15.2839,75.7211,28.89,57.55,989.08,127.9,238.9,23.5,3.33,4.47,7.7,11.61,14.58,22.0,28.3,0.176,0,0,1,2,0,2
2018-01-15,22.6921,88.2404,17.52,45.07,959.45,143.78,988.2,12.9,0.99,1.88,3.91,7.35,13.14,21.86,46.22,0.334,0,0,0,3,0,1
2018-01-16,11.5266,92.4107,45.34,86.53,1019.86,93.05,2300.1,39.0,9.84,15.13,25.4,45.57,68.62,148.31,322.29,0.95,7,3,3,1,3,0
2018-01-17,10.0425,76.7993,34.65,36.78,998.54,131.83,965.1,39.9,0.59,1.29,2.18,2.79,3.86,9.21,18.27,0.05,0,0,1,2,0,2
2018-01-17,18.4394,-65.6656,18.69,91.42,951.37,95.26,1636.8,24.5,4.15,5.84,11.49,13.93,19.23,24.81,43.3,0.516,0,0,1,2,0,1
2018-01-18,13.7795,-86.824,14.48,24.01,957.74,35.39,144.7,44.5,1.35,1.91,3.39,5.86,9.54,19.68,24.61,0.131,0,0,1,1,0,2
2018-01-18,23.6564,90.275,13.51,87.6,969.93,48.73,930.5,46.4,0.31,0.68,1.03,1.83,3.28,5.31,7.06,0.319,0,0,1,1,0,2
2018-01-18,12.0497,92.8083,25.42,70.27,1014.18,45.22,259.8,21.1,0.85,1.46,3.05,4.76,7.55,15.2,30.71,0.28,0,0,0,0,0,1
2018-01-18,28.9289,77.3394,24.78,59.2,1004.51,24.97,184.7,41.6,6.14,11.22,20.15,33.76,48.4,73.02,122.78,0.811,0,2,2,0,0,0
2018-01-18,14.7514,121.0542,8.77,96.82,967.77,13.05,1293.3,15.3,1.55,2.52,3.59,6.73,8.65,16.16,23.25,0.506,0,0,0,1,0,1
2018-01-19,18.7153,72.6925,28.1,83.66,1005.24,17.23,900.3,12.4,17.19,36.07,44.83,81.59,142.75,228.39,420.69,0.95,0,3,3,1,0,0
2018-01-19,25.1061,82.6062,21.98,90.16,992.08,35.2,296.4,25.1,2.78,4.45,7.86,9.08,10.91,20.24,25.54,0.37,0,0,1,1,0,1
2018-01-19,14.5118,120.7097,41.49,67.2,1008.32,119.09,856.3,13.5,5.65,9.34,18.8,21.73,24.79,57.32,105.95,0.59,4,1,1,1,2,1
2018-01-19,-6.1131,106.6496,34.83,43.97,978.62,110.5,2332.4,8.2,0.23,0.33,0.61,0.77,1.16,2.21,3.3,0.05,0,0,0,2,0,3
2018-01-19,13.3615,80.2045,27.01,95.3,1017.36,144.09,188.3,29.9,0.88,1.48,2.68,4.19,6.09,13.26,24.96,0.344,0,0,1,1,0,2
2018-01-19,22.1393,88.4983,25.25,73.71,977.31,37.02,1433.3,44.6,9.26,14.91,24.97,31.69,56.95,135.39,250.41,0.95,0,2,3,1,0,0
2018-01-19,20.2077,85.4364,38.17,18.66,1002.55,101.18,557.1,32.9,9.86,12.39,18.43,26.73,46.23,108.86,178.98,0.856,4,2,2,1,1,0
2018-01-20,18.6374,72.8467,12.1,26.33,996.04,18.19,1369.1,28.4,8.2,16.0,33.39,37.56,59.83,73.7,142.2,0.898,0,2,2,1,0,0
2018-01-21,23.9422,90.4436,31.34,30.71,1010.72,68.34,1134.9,47.9,1.16,1.94,3.51,6.33,7.52,15.66,33.17,0.062,0,0,1,1,0,2
2018-01-21,28.3833,77.1921,24.68,37.69,996.83,127.19,1244.6,2.7,9.83,15.27,30.89,54.07,75.11,95.24,204.55,0.95,0,2,2,2,0,0
2018-01-22,24.9049,82.8585,46.22,27.14,969.55,4.43,1889.1,15.3,3.11,3.88,7.15,10.89,17.51,37.6,48.48,0.05,8,0,0,1,3,3
2018-01-22,25.0947,82.6429,14.91,82.78,973.64,120.34,1592.8,14.8,0.48,1.04,1.85,2.48,3.64,7.04,8.46,0.294,0,0,0,2,0,2
2018-01-22,19.9846,85.909,32.2,60.9,1025.45,145.26,1052.0,14.0,2.49,5.22,8.15,12.47,16.32,27.96,60.32,0.361,0,0,0,1,0,1
2018-01-22,15.7077,75.9552,26.62,44.12,975.09,125.27,789.0,10.4,0.31,0.55,0.9,1.6,2.01,3.33,6.69,0.05,0,0,0,2,0,2
2018-01-23,15.0602,75.6678,29.48,17.94,1011.69,144.53,1058.0,17.9,0.91,1.42,2.53,4.34,5.78,9.29,15.34,0.05,0,0,0,2,0,2
2018-01-23,24.2702,90.9052,44.18,82.34,1002.88,33.48,207.4,31.6,0.74,1.62,2.04,3.1,4.33,10.0,20.99,0.104,5,0,1,0,3,3
2018-01-23,-5.7634,106.6484,11.38,65.25,949.74,104.94,1274.0,32.0,3.12,5.33,7.36,9.9,14.52,28.78,56.97,0.549,0,0,1,2,0,1
2018-01-23,15.4434,75.3756,43.07,28.78,1000.05,33.29,999.0,26.2,3.01,5.79,10.28,13.54,18.7,23.28,45.83,0.05,7,0,1,0,2,3
2018-01-23,35.1709,140.1299,15.08,71.99,1027.58,73.51,1737.4,24.0,1.98,3.35,5.54,7.72,12.54,28.2,58.74,0.557,0,0,1,1,0,1
2018-01-24,25.9005,-80.2727,30.09,45.97,947.88,65.9,472.2,5.2,7.21,14.64,22.59,42.65,57.88,86.44,144.66,0.84,0,2,1,2,0,0
2018-01-24,23.51,90.8833,20.62,43.32,999.94,73.45,1949.3,7.9,5.46,6.97,9.58,15.57,26.44,39.75,60.71,0.389,0,0,0,1,0,1
2018-01-24,-6.5202,107.1684,11.65,65.57,960.14,6.32,1121.7,16.2,5.67,12.38,21.7,28.96,41.21,84.18,106.85,0.86,0,1,2,1,0,0
2018-01-24,29.7254,-89.8093,20.42,74.15,1027.35,29.11,1003.3,8.3,0.59,1.16,1.59,2.36,4.21,6.73,13.96,0.239,0,0,0,0,0,2
2018-01-24,13.9271,100.568,25.8,70.98,996.71,120.47,1797.7,21.4,0.75,1.1,2.02,2.64,3.72,4.95,6.55,0.129,0,0,0,1,0,2
2018-01-25,24.2631,90.6415,17.9,34.05,1016.74,14.96,981.7,39.5,5.87,8.02,13.14,19.5,25.87,59.52,110.3,0.681,0,1,2,0,0,0
2018-01-25,30.4434,-90.1444,27.56,82.57,1006.85,5.13,1513.3,21.2,2.13,4.65,7.87,14.23,22.75,42.39,82.85,0.643,0,1,1,0,0,1
2018-01-25,25.3754,83.1446,23.45,90.03,1016.67,112.97,1784.7,20.1,6.25,14.49,27.76,33.49,55.28,97.15,175.72,0.95,0,2,2,1,0,0
2018-01-25,13.3566,80.0973,35.53,27.16,1010.16,39.5,1771.3,22.1,15.01,28.46,50.35,70.21,113.33,203.3,247.63,0.95,3,3,3,1,1,0
2018-01-27,14.0176,100.6925,24.04,44.15,989.61,116.6,271.9,38.1,0.09,0.16,0.28,0.52,0.78,1.08,1.85,0.05,0,0,1,2,0,2
2018-01-27,30.1324,-89.5809,26.04,58.86,971.58,102.67,2153.4,37.7,2.17,5.09,10.62,15.87,27.06,32.63,41.33,0.289,0,0,1,2,0,1
2018-01-27,28.1749,76.9669,23.79,18.29,967.62,63.31,1148.6,26.3,1.13,2.07,3.43,4.64,7.8,14.47,22.17,0.05,0,0,0,1,0,2
2018-01-27,24.2018,90.6628,44.18,62.73,955.77,29.06,319.0,15.1,1.67,3.6,4.94,8.3,11.98,28.75,56.83,0.239,8,0,0,1,3,2
2018-01-27,10.6227,-67.1505,28.81,42.9,972.56,139.32,1088.0,19.8,0.14,0.23,0.45,0.77,0.97,1.64,2.29,0.05,0,0,0,2,0,2
2018-01-27,23.7028,90.4372,26.11,57.54,1006.46,34.8,566.9,41.0,0.89,1.55,2.83,4.3,7.49,13.58,19.11,0.144,0,0,1,0,0,2
2018-01-28,28.6193,77.652,21.31,43.11,967.27,121.99,680.0,14.2,0.17,0.4,0.8,1.07,1.57,2.79,3.59,0.05,0,0,0,2,0,2
2018-01-28,18.6561,72.9231,8.67,79.62,978.48,82.33,1591.5,19.5,0.18,0.27,0.37,0.7,1.13,1.97,2.49,0.299,0,0,0,1,0,2
2018-01-28,35.9269,139.9345,11.95,17.79,955.07,108.12,2383.5,28.6,0.46,0.65,1.09,1.82,2.85,5.39,11.78,0.05,0,0,0,2,0,2
2018-01-29,28.2776,77.3645,22.74,72.82,1007.42,43.85,42.3,8.9,1.07,2.45,4.91,8.0,12.77,24.84,49.16,0.432,0,1,0,0,0,1
2018-01-29,-5.704,107.1405,17.32,38.35,979.12,37.85,49.1,42.3,11.79,18.98,28.56,31.58,49.78,109.04,146.83,0.935,0,2,3,1,0,0
2018-01-29,-6.6871,107.0013,38.63,40.76,984.1,37.83,2374.0,12.9,1.88,3.79,7.54,8.6,11.27,21.22,38.58,0.075,2,0,0,1,1,2
2018-01-29,25.89,-80.415,25.84,22.67,986.17,52.16,1992.0,33.5,1.04,1.85,3.41,4.22,7.5,9.83,21.17,0.05,0,0,1,1,0,2
2018-01-30,13.6992,-87.6579,19.86,48.24,978.61,120.03,341.1,8.0,3.45,6.51,8.71,15.52,20.65,33.87,54.88,0.382,0,1,0,2,0,1
2018-01-30,25.3244,-80.3211,14.54,34.99,955.25,112.69,1786.8,30.8,8.74,13.27,25.73,32.13,36.87,44.25,78.79,0.519,0,1,1,3,0,1
2018-01-30,10.461,-66.557,37.55,88.27,977.86,12.17,844.8,18.4,1.25,2.29,3.14,5.81,10.08,15.26,28.25,0.236,4,0,0,0,2,2
2018-01-30,35.7026,139.669,42.0,42.4,988.99,41.91,1044.7,32.9,4.96,10.75,20.03,29.51,33.23,60.79,76.3,0.288,4,1,1,1,2,2
2018-01-30,35.6452,139.2143,15.3,53.49,986.91,56.29,1669.8,9.2,2.5,4.5,8.74,16.1,25.19,39.46,74.56,0.57,0,1,1,1,0,1
2018-02-01,10.1725,-67.0092,30.63,73.39,999.85,40.18,1571.4,22.4,0.98,2.22,3.72,6.66,9.27,18.16,36.63,0.284,0,0,1,0,0,2
2018-02-01,10.0333,-66.5277,30.71,86.2,1026.13,107.34,2280.5,20.6,5.45,12.67,15.81,21.41,34.65,54.69,66.56,0.529,0,1,1,1,0,1
2018-02-01,12.9981,80.155,17.13,59.13,1019.54,114.92,641.2,19.4,0.19,0.23,0.36,0.61,1.04,1.79,2.47,0.128,0,0,0,1,0,2
2018-02-02,25.1428,83.1573,33.62,76.23,977.76,41.89,143.2,45.7,3.05,6.28,10.19,13.11,23.56,55.62,114.58,0.757,0,1,2,1,1,0
2018-02-03,14.0931,100.0106,36.3,32.79,1009.93,24.58,1137.6,38.1,1.15,2.54,4.52,6.41,8.95,20.69,29.33,0.05,9,0,1,0,2,2
2018-02-03,25.7059,82.7528,9.04,93.66,1001.76,148.43,2073.5,16.7,0.42,0.76,0.93,1.13,1.43,2.86,4.89,0.374,0,0,0,2,0,2
2018-02-03,10.115,77.3426,41.35,56.05,952.0,7.72,1491.6,3.8,0.26,0.44,0.61,0.77,1.11,1.71,2.43,0.05,7,0,0,1,2,3
2018-02-04,25.0012,82.6013,16.19,51.13,951.6,132.73,1980.0,42.9,2.07,4.1,7.91,10.69,16.5,28.48,44.82,0.365,0,0,1,3,0,1
2018-02-04,18.9129,72.9861,8.9,93.41,952.3,102.78,1946.8,36.1,5.8,12.11,19.39,35.23,61.25,105.62,177.95,0.95,0,2,3,2,0,0
2018-02-04,22.2407,88.7384,37.16,51.5,1004.31,138.15,816.5,11.3,3.68,8.82,16.37,28.43,43.81,71.93,133.4,0.73,1,1,1,2,1,0
2018-02-05,10.6117,77.4758,18.52,63.61,965.9,103.23,941.7,11.2,3.32,4.28,7.54,14.17,22.64,36.08,75.81,0.595,0,1,1,2,0,0
2018-02-05,-6.6393,107.3011,45.8,45.33,1026.71,17.8,385.6,31.7,0.08,0.1,0.19,0.23,0.4,0.68,1.41,0.05,9,0,0,0,3,3
2018-02-06,14.9165,121.3311,19.76,71.3,1011.65,50.49,2363.6,42.4,5.58,11.49,14.19,15.86,19.28,44.35,62.86,0.537,0,0,2,0,0,1
2018-02-06,22.2278,88.5711,9.96,55.0,977.49,11.44,545.5,23.6,5.78,13.38,22.26,31.67,56.0,131.9,183.4,0.95,0,2,2,1,0,0
2018-02-07,22.6597,88.207,8.95,63.12,1014.75,60.13,109.5,34.4,9.29,19.14,32.93,42.28,46.96,95.5,136.66,0.95,0,2,2,1,0,0
2018-02-07,18.7389,72.9679,16.54,69.24,1009.26,128.09,192.3,19.4,1.61,3.72,6.67,9.86,17.47,24.34,38.01,0.402,0,1,1,1,0,1
2018-02-07,35.9225,140.0871,24.37,96.45,974.01,143.02,2239.2,12.0,5.6,9.63,19.51,28.49,46.18,81.29,116.07,0.942,0,1,1,3,0,0
2018-02-07,25.5085,-80.3736,44.88,40.52,1012.23,92.87,2341.2,23.2,5.22,11.08,18.26,31.71,40.68,54.78,89.03,0.333,1,1,1,1,2,2
2018-02-08,25.8743,-80.1604,12.12,31.45,1014.14,112.33,1934.7,47.5,6.99,12.75,18.87,29.36,45.42,72.78,143.44,0.929,0,1,2,1,0,0
2018-02-08,35.3407,139.1787,46.24,36.39,945.78,100.83,1557.0,45.2,1.24,1.77,3.11,4.82,7.72,17.46,30.73,0.05,5,0,1,2,3,3
2018-02-08,10.4149,77.0266,37.24,77.88,999.14,79.58,361.6,16.2,0.52,1.08,1.45,2.41,3.82,6.69,8.93,0.071,9,0,0,1,2,3
2018-02-09,12.6674,80.7288,26.74,37.0,967.15,145.37,1657.2,44.7,3.0,6.87,13.42,25.47,36.99,75.29,102.44,0.565,0,1,2,3,0,0
2018-02-09,18.3498,-65.7619,40.6,41.55,1015.23,114.37,1059.8,33.7,5.13,9.61,15.36,18.15,19.98,46.45,68.16,0.246,5,0,1,1,2,2
2018-02-10,16.5686,81.652,29.73,30.7,949.6,56.46,1119.1,43.5,1.87,3.22,5.82,7.36,12.59,21.57,45.96,0.157,0,0,1,2,0,2
2018-02-10,10.3466,77.0286,40.34,43.11,1017.11,142.67,1681.6,17.4,2.14,3.98,6.43,11.14,18.27,22.2,30.01,0.05,3,0,0,1,2,3
2018-02-10,13.6104,100.0871,11.14,27.21,969.73,15.73,2186.2,0.8,2.31,3.11,4.59,8.45,10.25,24.18,33.99,0.235,0,0,0,1,0,1
2018-02-10,10.8161,-67.3225,30.71,60.32,992.12,73.62,342.4,1.5,0.17,0.4,0.67,0.95,1.32,2.62,4.13,0.05,0,0,0,1,0,2
2018-02-11,35.513,140.1381,20.84,19.36,982.37,40.98,845.8,34.0,2.58,3.48,7.19,11.57,18.93,24.52,30.58,0.09,0,0,1,1,0,2
2018-02-11,13.7982,100.0918,8.77,95.12,965.44,114.02,1727.6,40.2,1.72,3.4,5.19,6.68,11.96,27.31,45.45,0.637,0,0,1,2,0,1
2018-02-11,24.8565,82.581,8.15,56.12,953.32,117.42,664.0,21.6,0.32,0.49,0.93,1.14,1.77,4.07,7.65,0.229,0,0,0,2,0,2
2018-02-13,15.204,75.9655,14.26,29.84,966.25,102.96,1470.7,16.7,0.77,1.5,1.98,2.41,3.3,6.21,11.97,0.081,0,0,0,2,0,2
2018-02-13,25.6956,-80.0806,32.73,33.4,979.5,54.7,29.4,15.4,2.33,4.47,9.12,11.78,14.21,31.88,68.28,0.281,0,1,0,1,0,1
2018-02-14,23.9799,90.6164,42.58,48.89,961.62,64.48,1734.9,2.5,0.11,0.19,0.34,0.54,0.84,1.18,2.05,0.05,1,0,0,1,2,3
2018-02-14,25.7164,83.3258,41.27,84.55,945.96,83.44,538.1,15.7,0.08,0.17,0.35,0.45,0.6,0.87,1.85,0.05,7,0,0,2,3,3
2018-02-14,25.8359,-80.2931,42.39,77.22,989.6,72.7,445.4,15.0,5.2,9.07,18.09,22.04,32.09,63.42,108.88,0.646,7,1,1,1,3,1
2018-02-14,22.6569,88.8236,23.89,34.4,983.63,145.22,314.3,22.4,1.49,3.34,6.42,9.9,13.77,27.83,59.92,0.314,0,0,1,2,0,1
2018-02-14,10.6824,-67.2507,29.2,40.94,995.24,15.79,128.7,26.0,0.69,0.89,1.57,2.29,3.32,7.03,13.27,0.05,0,0,0,0,0,2
2018-02-14,29.1072,77.4449,21.52,70.05,985.01,115.0,2307.0,6.0,4.33,6.39,10.05,11.32,13.53,21.43,33.04,0.329,0,0,0,2,0,1
2018-02-15,14.214,100.0219,9.77,63.64,963.5,148.91,1649.3,46.8,6.61,11.76,21.2,37.09,55.81,71.09,118.75,0.943,0,2,3,3,0,0
2018-02-15,35.9593,139.1812,25.23,78.97,966.91,2.83,1605.1,46.7,3.27,4.39,6.54,11.73,14.81,28.57,45.79,0.416,0,0,1,1,0,1
2018-02-16,13.6653,-87.6483,35.28,26.48,956.02,150.34,1715.6,2.5,1.78,3.06,5.72,7.44,9.14,11.86,19.31,0.05,5,0,0,3,1,2
2018-02-16,-6.1004,106.4188,8.27,70.7,959.61,136.34,1512.8,44.6,9.74,13.67,22.72,28.54,40.45,70.39,136.26,0.95,0,1,2,3,0,0
2018-02-16,20.4679,85.6981,20.48,16.81,1008.09,27.65,1307.6,10.7,2.71,5.14,9.23,12.91,14.75,28.27,58.36,0.255,0,0,0,0,0,1
2018-02-16,23.3773,90.5959,16.67,85.27,1026.61,115.89,1675.5,41.2,0.07,0.16,0.23,0.36,0.51,0.88,1.45,0.245,0,0,1,1,0,2
2018-02-17,25.2353,83.0421,18.01,63.53,961.3,45.96,1699.6,19.4,0.24,0.4,0.84,1.1,1.41,1.98,2.91,0.143,0,0,0,1,0,2
2018-02-17,13.9804,100.0727,11.62,74.33,946.52,69.02,367.5,32.1,0.84,1.42,1.71,3.23,5.26,7.35,12.08,0.308,0,0,1,2,0,2
2018-02-17,24.84,83.1358,19.87,87.87,1016.21,104.45,1134.7,29.9,4.58,10.86,14.22,19.2,31.61,53.45,100.08,0.844,0,1,2,1,0,0
2018-02-18,19.8046,85.6171,17.16,70.59,1014.86,37.75,452.1,1.0,1.86,4.24,8.53,10.25,12.74,21.53,42.64,0.431,0,0,0,0,0,1
2018-02-18,23.5008,90.4628,17.9,50.07,1010.28,151.0,145.0,39.1,1.25,2.33,3.4,5.41,7.29,11.67,14.45,0.155,0,0,1,2,0,2
2018-02-19,14.4824,-87.3884,9.31,68.1,954.69,73.17,1744.3,33.9,1.25,1.91,3.05,3.82,6.81,10.99,23.33,0.371,0,0,1,2,0,1
2018-02-20,16.7309,81.2713,15.42,67.88,951.2,81.43,602.7,15.3,1.62,2.4,4.75,5.8,8.13,19.33,34.56,0.384,0,0,0,2,0,1
2018-02-21,25.5578,83.3902,13.44,25.55,970.23,26.74,267.3,32.7,0.84,1.68,3.32,5.38,6.37,12.03,19.17,0.114,0,0,1,1,0,2
2018-02-22,35.3017,140.0047,18.87,33.15,960.18,128.33,687.1,44.5,12.26,23.12,30.72,43.0,71.31,117.01,150.59,0.92,0,2,3,3,0,0
2018-02-22,14.0815,100.6822,22.1,33.28,987.11,12.44,2216.3,14.5,7.61,13.68,26.88,34.88,42.65,94.65,133.73,0.786,0,1,2,1,0,0
2018-02-23,35.7396,139.9068,32.67,56.95,946.55,19.38,1396.7,38.2,5.04,10.52,19.93,22.63,39.07,88.58,153.41,0.921,0,1,2,1,0,0
2018-02-23,16.2811,81.4774,19.46,20.45,977.71,33.3,1319.2,32.8,1.82,2.63,3.61,3.98,6.33,9.52,20.67,0.05,0,0,1,1,0,2
2018-02-24,25.4185,-80.292,10.38,69.41,983.75,73.84,910.9,44.6,1.0,1.58,3.27,5.72,6.35,14.52,20.71,0.351,0,0,1,1,0,1
2018-02-25,13.5293,80.4485,44.68,15.9,966.24,14.86,2269.4,20.6,1.33,1.86,2.49,3.96,4.49,8.59,16.96,0.05,3,0,0,1,2,3
2018-02-25,-6.2749,106.4634,37.99,56.94,983.01,26.35,2025.5,2.6,1.09,1.99,4.13,7.14,9.7,19.95,42.52,0.179,9,0,0,1,2,2
2018-02-25,12.7133,80.2787,44.56,29.57,1012.76,133.88,854.7,8.1,5.61,6.92,12.16,16.7,25.34,54.4,110.36,0.419,8,1,1,2,3,2
2018-02-25,10.0142,76.7125,22.11,64.95,1019.97,66.53,1373.0,37.9,1.01,1.34,2.43,3.39,4.63,10.72,17.24,0.202,0,0,1,0,0,2
2018-02-26,10.4117,76.6828,16.7,35.52,979.2,97.34,848.9,21.9,0.7,0.89,1.35,1.55,2.03,4.48,7.02,0.054,0,0,0,1,0,2
2018-02-27,11.7751,93.0854,41.1,88.85,950.9,75.58,2308.5,7.6,0.73,1.32,1.74,3.11,5.08,11.27,18.09,0.143,6,0,0,2,3,3
2018-02-27,-5.8798,106.959,43.25,19.3,1010.39,49.03,436.5,34.0,7.92,16.77,24.85,34.36,42.35,92.7,121.17,0.452,6,1,2,1,2,1
2018-02-27,13.2153,80.5424,29.24,60.67,999.19,129.13,1676.4,7.2,0.07,0.1,0.12,0.17,0.22,0.27,0.35,0.05,0,0,0,2,0,2
2018-02-27,14.486,-86.7354,20.47,51.15,968.55,7.83,176.4,1.5,2.62,5.09,7.52,13.24,22.79,31.17,39.02,0.29,0,1,0,1,0,1
2018-02-27,35.5261,139.1825,19.32,28.99,990.85,44.6,177.9,9.7,5.27,11.71,23.24,35.51,62.7,86.65,162.76,0.95,0,2,2,1,0,0
2018-02-28,18.1091,-66.2222,12.43,36.85,987.78,132.27,445.4,5.5,0.27,0.49,0.98,1.11,1.39,2.82,5.71,0.09,0,0,0,2,0,2
2018-03-01,25.3848,-80.4613,45.62,35.96,1001.24,28.85,979.4,13.6,1.48,2.17,4.5,6.15,10.52,16.88,28.91,0.05,7,0,0,0,3,3
2018-03-01,15.7082,75.523,34.49,26.69,981.83,51.8,137.7,40.1,0.16,0.32,0.47,0.59,0.92,1.74,2.64,0.05,0,0,1,1,0,3
2018-03-02,16.2822,81.2579,25.63,75.33,1005.81,89.63,1419.3,40.5,1.77,2.15,2.99,3.37,4.64,7.56,9.82,0.171,0,0,1,1,0,2
2018-03-02,14.6753,121.2693,12.02,42.61,958.38,121.62,1681.8,4.7,3.4,7.65,13.98,21.09,27.8,62.95,102.16,0.723,0,1,1,2,0,0
2018-03-02,25.6696,82.6388,26.83,32.62,954.59,129.97,1206.9,1.2,5.69,13.52,23.6,35.47,60.83,142.53,278.58,0.95,0,2,2,3,0,0
2018-03-02,12.8299,80.2585,46.47,51.65,988.01,81.84,1295.6,25.1,0.03,0.04,0.05,0.06,0.1,0.14,0.29,0.05,9,0,0,1,3,3
2018-03-02,26.1025,-80.3868,26.36,28.06,947.58,146.88,579.2,11.9,0.3,0.69,1.19,1.94,3.37,5.44,9.91,0.05,0,0,0,3,0,2
2018-03-04,14.9476,120.9091,34.44,35.38,946.43,46.74,1057.2,1.5,1.37,2.8,3.94,5.86,10.09,12.45,24.72,0.05,0,0,0,1,0,2
2018-03-04,26.1754,-79.8376,19.06,45.23,1005.51,100.36,1979.9,17.0,1.3,2.47,3.29,3.72,4.73,6.57,7.93,0.082,0,0,0,1,0,2
2018-03-04,10.3325,-66.9427,23.79,23.57,989.24,16.98,1897.6,27.4,4.51,7.68,11.85,13.97,20.49,37.24,62.12,0.279,0,0,1,0,0,1
2018-03-04,13.564,80.4584,32.41,34.2,994.64,151.17,2036.6,22.0,2.27,3.09,5.29,7.0,8.23,14.56,18.13,0.05,0,0,0,2,0,2
2018-03-06,30.0681,-90.0605,10.99,50.38,981.71,104.31,758.4,32.9,7.18,10.66,22.18,31.25,40.22,68.61,88.81,0.684,0,1,2,2,0,0
2018-03-06,14.1351,-86.7436,11.39,54.29,997.43,128.13,847.3,39.6,2.44,5.23,7.34,12.57,15.7,20.37,40.45,0.396,0,0,1,2,0,1
2018-03-06,15.0428,75.7401,46.61,22.18,951.93,20.3,665.9,26.4,5.21,11.03,18.22,32.37,36.08,45.04,83.14,0.197,9,0,1,1,3,2
2018-03-06,25.4311,83.3558,16.47,32.48,1007.45,110.53,2071.8,42.5,0.6,1.3,2.34,3.78,4.87,10.69,23.41,0.144,0,0,1,1,0,2
2018-03-07,14.1252,100.8004,9.08,54.99,1008.57,34.8,118.5,18.3,0.79,1.31,2.66,4.51,6.14,9.76,20.7,0.297,0,1,0,0,0,2
2018-03-07,10.4876,77.0097,23.23,42.97,988.46,135.11,22.8,34.2,1.22,1.77,2.14,3.89,6.76,8.61,14.82,0.077,0,0,1,2,0,2
2018-03-07,14.0864,100.9744,10.55,83.21,998.64,101.04,309.8,31.4,14.16,32.49,51.83,58.67,79.42,174.06,330.97,0.95,0,3,3,2,0,0
2018-03-08,22.8299,88.0664,22.47,42.75,980.24,135.32,2124.3,37.9,1.65,2.03,3.11,5.48,6.4,12.81,26.37,0.155,0,0,1,2,0,2
2018-03-08,16.5382,81.1474,35.72,31.92,1015.29,45.04,1903.6,23.7,4.6,7.63,11.54,20.46,23.01,54.53,100.78,0.45,5,1,1,0,1,1
2018-03-09,25.4133,-80.3465,31.9,62.83,1009.8,49.96,849.1,17.3,0.65,0.94,1.3,1.58,2.59,5.0,8.85,0.051,0,0,0,0,0,2
2018-03-09,19.944,86.2296,24.95,16.78,988.44,65.06,1496.1,36.9,5.12,10.58,13.67,19.6,32.75,65.01,122.29,0.614,0,1,2,1,0,0
2018-03-10,15.4762,75.7548,39.53,97.17,977.6,91.46,904.1,11.8,21.08,25.65,32.27,50.55,80.72,167.46,318.73,0.95,1,3,2,2,2,0
2018-03-10,36.1473,139.5374,13.38,28.29,967.95,73.54,436.1,16.7,0.38,0.65,1.26,1.99,3.32,4.52,7.23,0.052,0,0,0,1,0,2
2018-03-11,28.5427,77.4256,10.7,80.89,993.25,121.62,892.8,43.5,1.26,1.94,4.01,4.8,7.27,13.73,19.73,0.394,0,0,1,2,0,1
2018-03-11,13.6945,100.2563,39.86,48.93,972.12,115.96,193.0,2.8,2.08,3.61,7.24,8.69,10.31,14.2,17.46,0.05,2,0,0,2,1,3
2018-03-12,15.0674,75.3757,12.77,81.1,1002.9,83.01,925.6,2.2,3.37,6.35,9.25,12.21,16.49,28.36,54.96,0.596,0,0,0,1,0,1
2018-03-12,11.1782,92.7273,19.94,17.79,957.38,127.33,2223.1,4.1,8.38,19.55,36.73,62.77,69.11,101.4,143.44,0.796,0,2,1,3,0,0
2018-03-13,11.536,93.1266,26.27,58.4,959.75,19.73,1721.2,40.8,4.48,10.28,20.57,35.43,61.25,85.79,165.69,0.95,0,2,3,1,0,0
2018-03-14,26.215,-80.6388,28.79,74.2,1017.97,96.4,1022.1,5.8,5.45,7.38,13.68,20.83,28.54,55.24,108.95,0.756,0,1,1,1,0,0
2018-03-14,10.1635,-66.7966,11.82,89.31,992.97,102.41,681.9,41.9,2.76,4.71,7.92,13.17,20.89,34.03,53.95,0.636,0,1,2,1,0,1
2018-03-14,18.6976,-66.4772,31.48,84.79,987.85,135.03,992.2,2.0,9.14,18.88,31.33,58.15,100.06,133.09,242.81,0.95,0,3,2,2,0,0
2018-03-14,25.4094,82.7029,25.95,83.6,980.12,40.6,2360.2,14.9,1.37,3.27,4.32,7.38,12.95,23.49,28.25,0.321,0,0,0,1,0,1
2018-03-16,25.5507,82.8993,32.07,74.24,952.19,111.9,636.7,6.0,6.63,13.46,21.09,30.48,37.73,45.71,70.82,0.489,0,1,1,3,0,1
2018-03-17,29.5303,-89.6626,9.49,81.6,966.27,73.7,1788.6,8.8,8.16,11.12,21.48,30.48,37.03,83.07,160.52,0.95,0,1,1,2,0,0
2018-03-17,36.0371,139.3537,19.99,73.61,1023.26,70.8,807.9,31.5,0.83,1.76,2.77,5.21,9.14,18.27,33.76,0.364,0,0,1,0,0,1
2018-03-17,18.4101,-66.2625,19.21,38.22,972.56,103.41,2089.8,36.6,4.55,8.1,14.78,22.79,28.52,41.36,61.89,0.386,0,0,1,2,0,1
2018-03-17,29.5743,-89.7804,31.94,34.49,945.68,17.19,84.9,14.7,1.38,3.09,4.06,5.07,7.78,13.72,30.09,0.054,0,0,0,1,0,2
2018-03-18,14.5773,-87.0991,40.18,90.32,1014.63,97.97,2223.5,46.2,5.91,10.97,21.41,29.92,40.17,64.97,90.91,0.613,7,1,2,1,3,1
2018-03-18,19.2081,72.9581,33.16,42.79,1021.32,102.02,669.1,23.0,6.56,10.51,17.58,28.9,47.05,66.28,116.99,0.624,0,1,1,1,0,0
2018-03-18,-6.4435,106.8692,9.74,94.36,980.21,46.35,1277.3,38.6,2.25,4.44,7.33,11.76,14.07,17.54,23.45,0.487,0,0,1,1,0,1
2018-03-18,9.653,76.7119,34.66,74.7,979.63,14.03,968.7,6.3,0.26,0.41,0.78,1.34,2.04,4.47,7.6,0.072,0,0,0,0,1,3
2018-03-19,23.3685,90.6151,17.08,40.18,1017.55,81.26,380.6,37.3,0.82,1.39,2.38,3.73,4.28,9.43,15.84,0.126,0,0,1,1,0,2
2018-03-20,15.4287,75.6655,10.2,97.07,1022.98,29.99,1453.7,14.5,0.76,1.54,2.94,4.19,4.78,8.04,13.93,0.436,0,0,0,0,0,1
2018-03-20,10.3927,77.079,19.97,22.62,971.87,136.66,1709.3,37.8,5.2,6.99,9.39,12.71,16.66,21.31,28.84,0.102,0,0,1,2,0,2
2018-03-21,28.8824,77.2081,42.95,25.46,1026.05,57.38,1745.3,46.1,3.15,7.47,10.17,11.65,18.07,23.95,40.85,0.05,4,0,1,0,2,3
2018-03-21,26.0319,-80.1733,37.7,56.3,967.81,105.67,94.2,27.5,1.78,4.22,6.99,10.78,17.23,30.69,43.72,0.186,5,1,1,2,2,2
2018-03-21,13.586,100.6244,45.92,58.25,954.52,32.42,978.7,26.3,0.7,1.07,2.04,2.93,3.23,4.09,6.7,0.05,8,0,0,1,3,3
2018-03-21,13.9639,-86.8164,31.64,31.46,1000.62,129.57,1752.3,27.8,4.39,10.41,12.59,20.54,34.0,66.87,98.51,0.471,0,1,1,2,0,1
2018-03-21,15.5124,75.8782,46.6,69.11,981.68,24.57,1334.4,32.1,1.63,2.08,3.99,6.48,10.23,15.28,20.33,0.05,5,0,1,1,3,3
2018-03-21,19.4836,73.135,27.17,36.56,949.43,46.65,1641.3,44.5,1.04,2.08,3.39,5.43,5.98,8.06,11.42,0.05,0,0,1,1,0,2
2018-03-22,18.275,-66.0245,21.95,93.16,1004.02,47.23,1395.3,45.4,5.85,12.23,22.79,28.31,47.48,72.71,154.9,0.95,0,2,2,1,0,0
2018-03-22,25.7703,82.5821,29.42,66.4,952.97,92.94,2260.1,5.1,4.04,6.16,8.91,13.68,23.93,35.34,77.51,0.519,0,1,0,2,0,1
2018-03-22,22.1861,88.4157,17.07,58.07,998.87,2.7,2371.0,30.3,15.55,27.41,48.27,70.92,78.48,174.22,287.29,0.95,0,3,3,1,0,0
2018-03-23,29.6454,-90.5588,34.47,34.18,987.25,137.84,1665.6,19.2,1.63,2.85,3.87,6.22,8.43,18.74,36.67,0.071,0,0,0,2,0,2
2018-03-23,17.0342,81.4578,8.41,91.84,956.99,78.38,1907.9,44.6,0.79,1.17,1.59,1.95,2.77,5.44,10.37,0.406,0,0,1,2,0,2
2018-03-24,14.2502,-87.3831,22.67,89.34,966.85,104.19,865.5,19.1,4.8,11.0,14.85,19.62,28.28,54.77,91.34,0.771,0,1,1,2,0,0
2018-03-24,18.5894,-65.899,13.18,73.8,1022.47,146.08,1424.9,23.9,1.42,1.88,3.75,4.54,5.91,12.34,23.5,0.363,0,0,1,1,0,1
2018-03-25,28.5517,77.1271,22.0,66.17,946.42,74.61,21.9,35.7,1.08,2.27,3.7,4.39,7.65,15.59,30.0,0.288,0,1,1,2,0,1
2018-03-25,9.9796,77.0828,35.31,30.8,1009.57,146.47,2155.3,12.1,1.37,2.47,3.32,6.19,7.51,15.87,24.46,0.05,5,0,0,2,1,2
2018-03-25,9.6543,76.7529,44.22,72.37,948.47,52.85,2343.4,41.6,7.5,17.41,30.82,53.14,82.76,151.79,261.05,0.95,8,3,3,2,3,0
2018-03-26,30.3774,-89.9157,37.24,46.73,1013.76,14.36,1500.2,41.7,6.39,10.53,19.7,28.41,47.96,88.1,173.1,0.95,8,2,2,0,2,0
2018-03-27,-6.1633,106.9687,10.62,32.01,1025.87,108.06,1348.4,17.9,0.16,0.26,0.43,0.55,0.67,1.21,2.16,0.062,0,0,0,1,0,2
2018-03-27,28.2242,76.8445,44.63,41.04,950.32,26.71,817.0,6.3,6.58,15.46,29.09,46.33,76.88,106.5,167.98,0.831,1,2,2,1,2,1
2018-03-28,-6.5882,106.6533,14.22,57.0,952.07,9.12,1248.6,12.3,0.35,0.6,1.21,2.03,3.39,7.61,16.53,0.233,0,0,0,1,0,2
2018-03-28,13.6741,100.031,35.26,58.84,955.2,126.83,762.4,44.3,8.31,11.97,19.5,23.59,37.14,82.54,152.56,0.9,9,1,2,3,2,0
2018-03-28,13.48,79.7858,13.1,64.64,1023.38,34.95,312.1,25.9,0.7,1.29,2.13,2.38,4.22,6.08,12.74,0.254,0,0,0,0,0,2
2018-03-30,25.6151,82.752,30.15,84.32,960.98,110.54,149.3,44.1,0.3,0.69,1.13,1.65,2.94,7.02,12.99,0.19,0,0,1,2,0,2
2018-03-30,35.5005,139.8651,46.7,43.91,1019.86,67.64,1719.5,43.5,3.4,5.02,9.63,17.6,20.46,33.72,73.94,0.237,4,0,1,1,3,2
2018-03-30,25.4192,83.387,36.98,92.51,956.6,18.72,462.5,10.7,6.14,14.16,19.74,29.02,41.15,58.16,119.42,0.831,1,1,1,1,1,0
2018-03-31,18.609,72.9883,20.44,85.12,946.93,126.61,677.9,6.1,4.18,8.17,16.26,27.45,45.63,70.2,96.7,0.805,0,1,1,3,0,0
2018-03-31,14.0989,-86.7619,22.97,35.9,971.85,57.09,752.1,4.8,0.56,1.34,2.05,3.58,5.74,10.77,17.77,0.065,0,0,0,1,0,2
2018-03-31,14.3559,-87.2532,29.08,53.03,1023.44,105.06,157.6,22.6,0.96,1.69,2.72,4.26,5.75,8.03,13.68,0.062,0,0,0,1,0,2
2018-03-31,29.9171,-89.6429,8.28,37.04,1020.18,100.45,2356.0,7.9,1.23,2.01,3.0,3.9,5.5,10.84,16.38,0.195,0,0,0,1,0,2
2018-04-01,15.1907,75.6339,43.51,67.33,1016.74,81.92,1655.7,44.4,3.96,7.05,12.22,17.65,21.27,45.18,72.94,0.366,9,0,2,1,3,2
2018-04-02,24.2794,90.6032,11.64,58.23,1014.42,129.02,2294.8,33.7,0.82,1.0,1.63,2.46,3.12,4.21,7.52,0.206,0,0,1,1,0,2
2018-04-02,12.1224,93.0718,36.11,53.97,989.0,99.07,1755.6,5.1,0.89,2.1,3.15,4.14,5.78,8.95,11.56,0.05,9,0,0,1,2,3
2018-04-02,12.7308,80.7331,37.5,71.38,953.1,73.19,1564.1,11.4,3.98,8.69,12.58,15.85,27.23,32.85,47.82,0.282,1,0,0,2,1,2
2018-04-03,14.6181,121.3278,34.48,34.84,957.26,57.43,959.2,39.6,2.0,4.17,6.74,7.78,12.11,27.54,47.32,0.141,0,0,1,1,0,2
2018-04-03,22.5843,88.0388,35.11,46.89,1007.38,105.92,1308.9,6.8,10.25,15.16,23.56,32.37,39.09,48.06,102.36,0.534,6,1,1,1,1,1
2018-04-03,36.0665,139.542,30.15,25.35,1008.47,41.43,1618.7,31.2,3.36,5.11,7.36,13.18,14.62,20.73,37.52,0.076,0,0,1,0,0,2
2018-04-04,26.0965,-80.3176,22.48,85.7,1010.78,69.74,1739.5,27.5,1.46,3.02,5.48,8.74,13.39,27.04,42.85,0.453,0,0,1,1,0,1
2018-04-05,14.4571,-86.7475,21.28,97.29,956.8,8.38,925.6,4.7,1.69,2.86,5.08,8.61,13.38,27.41,43.01,0.518,0,0,0,1,0,1
2018-04-05,25.5323,83.19,31.34,61.94,1004.44,93.65,1984.7,46.1,1.47,2.17,3.43,4.56,6.98,16.01,21.44,0.131,0,0,1,1,0,2
2018-04-06,18.8722,72.8897,26.5,68.74,1008.47,17.08,2103.9,8.5,3.76,7.01,13.96,15.79,19.49,26.24,40.08,0.322,0,0,0,0,0,1
2018-04-06,14.1954,100.0983,19.38,24.96,998.09,34.43,766.2,38.3,0.87,1.61,2.07,2.97,5.3,12.43,26.68,0.104,0,0,1,0,0,2
2018-04-06,22.2619,88.1195,20.74,44.06,980.54,48.59,1342.6,4.0,2.85,5.86,12.26,19.74,31.51,60.32,129.75,0.823,0,1,1,1,0,0
2018-04-06,14.455,-86.93,43.75,79.01,992.38,83.45,1378.0,19.0,5.69,13.03,18.6,21.03,26.12,55.08,113.93,0.673,9,1,1,1,3,1
2018-04-06,24.274,90.2167,22.89,16.26,954.04,77.91,2257.6,21.6,3.78,7.74,9.54,12.95,23.28,28.13,46.98,0.159,0,0,1,2,0,1
2018-04-06,29.0478,77.0096,10.69,78.76,963.12,154.84,2311.6,41.1,2.45,4.43,9.03,12.08,17.4,29.29,45.65,0.546,0,0,1,3,0,1
2018-04-06,35.8027,139.8529,27.83,36.78,955.01,3.28,5.6,45.0,3.28,6.2,9.54,16.59,20.81,43.4,67.83,0.338,0,1,1,1,0,1
2018-04-07,14.9759,121.1672,37.09,16.12,970.37,105.91,2369.5,0.6,2.5,5.77,11.41,12.76,18.77,22.62,45.0,0.05,2,0,0,2,1,2
2018-04-07,18.6673,72.7656,38.31,69.51,959.44,112.21,1367.9,34.9,2.74,6.43,11.34,17.68,29.88,49.45,74.96,0.436,9,1,1,2,3,2
2018-04-07,10.3726,-67.1024,42.42,19.28,999.86,42.94,1796.2,42.8,5.08,11.65,18.16,29.04,41.6,91.36,161.07,0.709,5,1,2,1,2,1
2018-04-08,13.6293,100.6121,14.62,65.67,953.14,46.96,1434.3,4.4,7.69,16.88,27.45,40.99,70.38,88.72,119.23,0.911,0,2,1,2,0,0
2018-04-09,12.0732,92.618,13.21,92.64,1007.37,146.02,1624.5,17.8,9.74,14.91,22.35,37.12,60.72,140.58,197.49,0.95,0,2,2,2,0,0
2018-04-09,18.6492,-65.9923,26.28,39.38,968.02,78.54,387.1,16.7,1.37,2.61,3.29,5.8,8.66,17.36,33.04,0.147,0,0,0,1,0,2
2018-04-09,14.3633,121.0958,19.1,49.86,976.9,132.37,1851.7,28.5,1.13,2.63,4.7,8.82,13.28,29.02,58.42,0.418,0,0,1,2,0,1
2018-04-11,-6.6273,107.284,24.44,31.81,974.15,137.42,1886.2,18.2,0.5,0.85,1.61,1.83,2.97,5.99,7.58,0.05,0,0,0,2,0,2
2018-04-12,11.8087,92.4623,13.37,29.9,982.5,83.08,1000.3,29.5,0.19,0.27,0.32,0.5,0.79,1.41,2.34,0.05,0,0,0,1,0,2
2018-04-12,19.2288,72.9101,37.51,82.13,963.06,74.53,1851.2,32.6,3.13,4.97,8.69,13.81,19.37,45.57,84.45,0.56,9,1,1,2,3,1
2018-04-12,19.9588,85.8014,9.47,86.66,999.64,121.51,438.1,15.8,2.05,4.08,6.86,10.57,12.79,22.64,45.82,0.594,0,0,1,2,0,1
2018-04-12,13.8452,-87.1943,24.83,20.67,1005.92,17.16,1834.7,9.6,0.99,2.28,3.7,4.44,7.7,13.42,17.86,0.05,0,0,0,0,0,2
2018-04-13,18.9193,72.8818,29.92,64.19,985.36,115.03,1769.9,20.8,0.47,0.86,1.33,1.61,2.88,4.73,8.64,0.074,0,0,0,2,0,2
2018-04-14,10.8919,-66.8218,26.75,79.51,1008.8,95.27,525.0,39.4,3.65,5.35,8.73,16.57,22.04,29.53,36.08,0.344,0,0,1,1,0,1
2018-04-15,13.9325,100.8476,44.35,74.53,1008.46,27.69,1008.1,23.5,1.04,1.91,2.79,4.6,6.57,11.5,25.11,0.093,2,0,0,0,2,3
2018-04-15,28.5024,77.6562,11.98,69.67,1023.25,125.76,185.2,13.8,9.32,14.01,26.66,46.92,67.88,112.93,186.35,0.95,0,3,2,1,0,0
2018-04-15,12.9121,80.577,35.53,66.67,1021.54,80.4,1788.8,44.8,3.64,6.67,11.49,19.71,22.4,35.7,44.68,0.259,8,0,1,1,2,2
2018-04-15,18.8827,72.856,17.55,88.16,979.52,112.21,2204.0,19.9,0.74,1.35,2.72,4.74,5.43,11.03,19.54,0.363,0,0,0,2,0,1
2018-04-16,14.1756,100.9451,30.48,89.91,1015.84,133.88,893.5,40.0,0.25,0.45,0.64,0.72,1.1,1.42,1.87,0.143,0,0,1,1,0,2
2018-04-16,13.6745,-87.5092,15.07,42.43,989.67,142.65,1297.7,34.0,1.55,3.26,5.73,8.41,10.39,16.25,29.59,0.241,0,0,1,2,0,1
2018-04-16,13.9389,-87.09,19.49,62.41,1006.87,59.98,728.0,22.3,5.96,13.8,23.33,38.01,65.84,86.79,124.29,0.883,0,2,2,1,0,0
2018-04-17,11.8162,92.615,10.14,73.37,1018.97,99.29,2250.7,6.6,0.32,0.71,1.4,2.47,4.1,6.7,9.5,0.301,0,0,0,1,0,2
2018-04-17,10.277,-66.9953,38.22,66.79,969.27,145.02,1181.5,13.8,1.59,1.94,2.77,3.46,4.13,5.12,7.31,0.05,5,0,0,2,2,3
2018-04-18,22.362,87.998,42.17,48.09,999.4,96.15,894.4,4.6,0.08,0.14,0.23,0.4,0.56,0.86,1.43,0.05,9,0,0,1,3,3
2018-04-18,10.1874,77.0747,45.21,58.13,968.69,135.44,1451.7,26.8,0.73,0.91,1.47,2.24,2.66,3.38,4.79,0.05,6,0,0,2,3,3
2018-04-19,19.4736,73.1826,22.31,48.56,970.96,35.31,812.9,1.4,4.25,8.59,13.79,18.73,26.29,61.09,110.18,0.707,0,1,1,1,0,0
2018-04-19,13.2058,80.263,33.38,22.56,1014.69,43.99,1519.8,37.3,7.98,18.44,37.49,60.95,93.68,114.08,146.54,0.715,0,2,3,1,0,0
2018-04-19,22.3511,87.927,19.47,44.47,975.42,67.76,222.5,0.8,4.66,7.48,13.11,17.64,31.56,49.82,89.93,0.587,0,1,1,1,0,0
2018-04-19,14.1605,121.2528,8.61,32.48,988.04,84.39,612.1,3.9,4.78,10.08,21.15,38.49,67.29,145.2,263.61,0.95,0,2,2,1,0,0
2018-04-19,16.6551,81.908,28.69,74.87,1017.68,84.95,1174.1,27.8,7.68,15.19,28.99,48.58,84.84,184.98,285.09,0.95,0,3,3,1,0,0
2018-04-20,29.4568,-90.1563,26.4,65.48,988.04,70.28,434.9,19.4,1.16,1.95,3.38,5.36,6.79,8.84,17.19,0.165,0,0,0,1,0,2
2018-04-20,14.7985,121.3372,8.4,94.03,1022.06,120.47,1137.7,15.6,0.59,0.77,1.24,2.15,3.46,7.29,9.61,0.411,0,0,0,1,0,2
2018-04-20,12.8983,80.3717,19.27,33.74,1003.76,104.75,296.2,11.8,10.25,16.04,19.62,22.58,37.1,78.23,123.75,0.752,0,1,1,1,0,0
2018-04-20,13.737,-87.2801,35.35,95.09,968.66,133.77,175.0,41.9,4.15,5.12,8.96,16.53,23.19,31.09,68.04,0.536,7,1,1,2,2,1
2018-04-21,25.3308,-80.3601,29.15,80.98,961.16,152.26,1051.0,45.6,1.69,3.25,5.22,8.56,10.52,17.68,22.42,0.243,0,0,1,3,0,2
2018-04-21,14.506,120.5164,8.87,25.32,1015.78,129.57,934.4,28.3,8.27,18.97,36.13,45.8,73.79,97.5,204.16,0.95,0,2,2,2,0,0
2018-04-22,13.4672,80.5358,38.99,88.84,983.87,139.32,1219.8,33.2,13.53,20.07,27.13,37.27,45.29,69.79,135.6,0.897,7,1,2,2,2,0
2018-04-22,20.7326,85.6474,8.12,97.48,982.39,12.47,1413.2,36.3,5.65,10.64,19.28,28.55,43.79,102.55,224.33,0.95,0,2,2,1,0,0
2018-04-22,29.8541,-89.8149,12.34,88.02,984.95,89.64,1493.9,3.3,4.95,11.56,19.28,27.24,44.93,92.75,171.68,0.95,0,2,1,2,0,0
2018-04-22,10.0097,-67.1642,13.06,19.26,993.19,146.81,2003.4,46.8,4.9,8.45,17.34,24.99,33.61,58.41,117.64,0.704,0,1,2,2,0,0
2018-04-22,16.9085,81.6128,16.27,63.33,1024.31,148.34,1277.6,5.2,2.14,2.64,4.15,7.58,10.82,20.13,27.34,0.311,0,0,0,1,0,1
2018-04-22,20.3761,86.1805,15.86,37.42,978.09,27.49,1107.9,20.3,16.15,30.89,39.0,57.25,98.18,219.94,475.47,0.95,0,3,3,1,0,0
2018-04-23,14.8834,121.4705,11.5,15.19,948.67,54.29,1519.7,3.8,0.02,0.05,0.1,0.17,0.29,0.59,0.77,0.05,0,0,0,1,0,2
2018-04-23,19.0657,72.8222,11.68,68.17,950.98,67.8,28.4,45.2,4.18,6.14,8.89,12.07,17.66,34.58,44.14,0.48,0,1,2,2,0,1
2018-04-24,30.0997,-90.1479,15.41,30.6,991.92,9.74,1922.8,21.4,4.2,5.92,10.53,16.59,27.02,42.07,89.74,0.56,0,1,1,0,0,0
2018-04-24,15.1925,75.6538,33.66,60.2,946.25,153.96,1817.2,12.1,5.0,10.61,18.47,29.55,35.84,59.01,105.52,0.627,0,1,1,3,0,1
2018-04-25,10.6161,76.8932,28.39,76.55,1018.13,72.87,695.5,15.6,4.18,7.86,12.87,16.24,27.82,59.46,79.71,0.588,0,1,1,1,0,1
2018-04-25,11.77,92.5291,35.09,54.32,976.42,121.0,575.8,33.2,1.72,2.6,5.3,6.88,9.43,18.34,23.13,0.072,4,0,1,2,1,2
2018-04-25,30.3793,-90.2475,45.1,59.94,949.81,69.8,496.9,47.9,0.46,0.72,1.3,1.66,1.96,3.26,6.83,0.05,2,0,1,2,2,3
2018-04-25,14.8502,121.1367,12.04,39.32,955.44,115.27,2368.4,31.6,1.0,1.88,3.62,6.77,7.47,13.66,22.58,0.21,0,0,1,2,0,2
2018-04-25,9.9243,77.5099,38.22,59.8,957.34,55.34,1401.8,41.9,1.1,1.48,2.52,3.13,4.78,7.25,10.37,0.05,9,0,1,1,2,3
2018-04-25,-6.3163,106.8794,29.33,41.34,1006.7,116.12,1201.4,2.6,0.28,0.6,1.16,1.91,3.22,6.64,13.92,0.05,0,0,0,1,0,2
2018-04-26,20.6955,85.5906,29.32,93.23,948.52,134.56,1325.5,26.8,1.35,2.66,4.74,5.93,9.33,14.18,26.78,0.325,0,0,1,3,0,2
2018-04-26,28.3253,77.4778,17.26,28.52,965.37,118.14,602.7,33.0,2.76,5.12,10.07,18.12,26.74,34.18,46.53,0.264,0,0,1,2,0,1
2018-04-26,25.9576,-79.9566,37.99,52.22,1020.59,93.75,1670.1,31.5,3.91,7.7,9.75,15.44,25.45,30.55,63.9,0.291,5,0,1,1,2,2
2018-04-27,29.0782,77.6585,8.77,18.69,1001.88,110.76,1738.2,30.4,1.18,1.65,3.36,6.15,7.81,10.95,17.25,0.113,0,0,1,1,0,2
2018-04-27,36.0903,139.9801,32.72,52.89,957.98,92.85,29.5,33.3,10.16,23.12,48.04,69.69,117.12,160.45,195.27,0.95,0,3,3,3,0,0
2018-04-28,25.2969,82.6058,35.76,15.93,957.67,140.13,1189.0,23.9,6.42,8.7,16.03,24.12,39.05,78.69,146.87,0.665,4,1,2,3,1,0
2018-04-29,10.1889,76.7252,37.49,67.13,980.42,122.72,254.2,28.1,0.17,0.24,0.42,0.57,0.73,1.71,2.68,0.05,1,0,0,2,1,3
2018-04-29,13.1873,79.8586,8.3,55.84,1026.88,44.57,950.2,33.1,5.9,10.04,14.85,27.48,43.25,58.08,73.7,0.639,0,1,2,0,0,0
2018-04-29,10.6135,77.039,38.19,79.15,988.27,151.33,303.1,1.3,5.15,11.17,14.61,19.18,21.33,33.1,65.31,0.421,7,1,0,2,2,2
2018-04-29,14.1387,120.7745,26.75,34.36,959.46,135.95,343.0,21.2,7.68,10.58,13.91,23.01,30.65,52.81,96.41,0.516,0,1,1,3,0,0
2018-04-30,25.8131,-80.1454,21.31,30.72,982.62,77.46,480.0,22.7,4.83,6.79,10.34,12.21,15.27,26.24,57.06,0.303,0,0,1,1,0,1
2018-05-01,19.0869,73.2348,22.95,94.39,1010.48,115.62,1707.5,5.7,10.53,16.33,21.72,24.22,33.2,66.64,106.08,0.883,0,1,1,1,0,0
2018-05-01,15.5793,75.5806,28.83,30.64,997.52,2.56,238.0,36.8,3.01,3.68,5.1,6.58,11.15,21.17,36.87,0.108,0,0,1,0,0,2
2018-05-02,12.7161,80.4775,38.53,19.28,999.8,143.45,1483.1,34.4,5.5,8.07,13.9,18.73,23.87,34.16,60.99,0.119,7,0,1,2,2,2
2018-05-03,30.1744,-89.7024,32.4,71.05,978.73,36.97,993.1,28.7,4.1,7.17,10.73,13.92,17.1,30.3,57.76,0.389,0,0,1,1,0,1
2018-05-03,18.0794,-66.2722,31.95,42.04,960.91,86.99,1402.2,10.3,6.67,8.68,13.2,21.7,28.03,61.48,119.26,0.646,0,1,1,2,0,0
2018-05-03,16.5453,81.1932,35.56,45.6,1011.56,27.59,379.9,32.8,8.62,11.82,14.97,27.66,32.7,49.06,104.47,0.537,2,1,1,0,1,1
2018-05-03,16.2762,81.8289,16.88,70.07,1012.32,83.02,1786.5,42.7,3.3,5.19,6.94,10.9,18.37,26.24,57.71,0.526,0,0,1,1,0,1
2018-05-03,15.5845,75.3863,30.87,42.3,996.28,34.12,2001.8,1.6,2.93,4.64,9.25,13.87,23.05,53.21,81.64,0.422,0,0,0,0,0,1
2018-05-03,35.4896,139.7418,10.86,82.42,1007.45,117.26,1719.7,32.3,2.27,4.47,5.52,8.82,14.5,26.11,40.67,0.53,0,0,1,1,0,1
2018-05-03,10.0416,-67.2375,8.72,72.24,970.02,97.78,363.0,22.8,2.46,4.68,7.78,11.64,15.52,19.95,25.73,0.41,0,0,1,2,0,1
2018-05-04,-6.2778,106.4742,41.38,37.07,961.96,9.33,376.2,27.5,21.98,49.03,81.56,117.35,141.23,240.42,431.52,0.95,5,3,3,2,2,0
2018-05-05,29.6757,-89.868,27.93,38.43,1015.12,94.01,219.6,25.9,3.59,4.38,7.42,10.32,14.65,19.5,33.21,0.128,0,0,1,1,0,2
2018-05-05,12.1002,92.9493,20.73,49.4,982.05,131.79,812.3,42.9,3.36,6.16,9.2,11.91,18.3,31.77,67.05,0.455,0,0,1,2,0,1
2018-05-05,36.1451,139.8626,26.45,86.16,1021.96,16.14,231.8,23.1,3.1,5.3,7.92,12.77,14.07,33.23,47.59,0.449,0,1,1,0,0,1
2018-05-05,15.4022,75.9109,25.44,83.88,999.34,64.91,1592.7,6.1,1.8,3.87,5.41,6.76,11.94,17.34,25.33,0.308,0,0,0,1,0,1
2018-05-05,35.2968,139.2303,42.09,96.17,987.5,129.11,1026.6,20.6,1.02,2.23,4.65,6.07,6.92,15.08,27.45,0.226,5,0,0,2,3,3
2018-05-06,-5.7329,107.0882,8.79,17.46,958.72,97.93,1300.6,31.8,7.84,13.69,16.97,29.03,48.43,61.02,88.04,0.55,0,1,2,2,0,0
2018-05-07,24.1866,90.1507,38.47,65.02,1003.93,96.42,430.9,26.3,1.16,2.19,2.88,3.7,6.16,10.39,19.47,0.068,2,0,0,1,1,3
2018-05-07,14.8967,75.327,45.56,73.7,951.62,63.49,1552.5,17.2,1.12,2.12,4.33,4.88,8.0,16.54,35.79,0.145,3,0,0,2,2,3
2018-05-07,13.2874,100.4451,21.7,97.85,1018.77,9.39,1352.7,31.3,0.82,1.13,2.28,4.28,7.68,16.49,30.73,0.44,0,0,1,0,0,1
2018-05-07,23.7023,90.0932,16.06,26.25,1018.01,134.02,586.3,6.1,11.31,20.11,25.82,32.85,52.32,67.89,110.87,0.666,0,1,1,2,0,0
2018-05-07,22.8028,87.9851,16.63,46.53,1008.37,111.2,1590.7,0.8,0.54,0.79,1.14,1.39,1.93,2.49,4.86,0.091,0,0,0,1,0,2
2018-05-08,19.2763,72.4434,27.0,69.14,1018.21,136.82,982.2,11.8,1.04,2.2,4.48,5.19,5.76,12.6,19.99,0.194,0,0,0,1,0,2
2018-05-09,12.0513,92.6938,23.71,70.82,1001.62,50.23,321.4,30.5,0.48,0.91,1.66,2.76,4.49,10.09,17.15,0.214,0,0,1,0,0,2
2018-05-10,11.3177,92.8576,38.88,53.87,1001.46,97.08,1686.2,37.8,2.52,5.48,9.03,16.84,27.4,38.51,78.16,0.38,4,1,1,1,2,2
2018-05-10,13.1325,80.4394,13.26,88.71,1003.43,13.18,1161.9,25.2,9.42,16.06,25.73,30.62,47.38,68.85,87.96,0.832,0,1,2,0,0,0
2018-05-11,15.0207,75.2134,36.33,44.02,1007.16,69.08,413.8,4.8,4.34,7.22,14.6,22.37,30.06,48.66,64.79,0.275,8,1,0,1,2,2
2018-05-13,13.9384,-87.5168,26.75,60.8,997.44,41.34,2276.9,8.6,11.8,14.37,23.47,32.08,45.37,85.51,139.86,0.907,0,1,1,1,0,0
2018-05-13,10.8787,-67.2991,8.78,95.54,956.77,14.85,80.2,38.1,9.08,11.94,24.89,33.67,53.04,126.42,152.78,0.95,0,2,3,1,0,0
2018-05-13,28.4746,77.6185,12.44,97.01,978.67,115.79,1880.8,15.4,0.84,1.29,2.44,4.32,6.87,11.88,17.38,0.436,0,0,0,2,0,1
2018-05-14,18.9337,72.3733,40.58,69.93,1019.61,43.75,531.1,3.8,3.14,5.64,10.88,16.16,20.08,43.6,72.18,0.4,3,0,0,0,2,2
2018-05-15,11.1943,92.957,25.49,32.54,968.81,101.13,861.7,27.0,1.86,2.61,3.31,4.27,4.87,9.46,18.88,0.05,0,0,0,2,0,2
2018-05-15,15.1558,75.5678,31.39,79.45,1007.18,52.3,1466.8,41.9,0.05,0.09,0.13,0.18,0.25,0.52,0.67,0.08,0,0,1,0,0,2
2018-05-16,19.313,72.5835,26.48,50.76,998.53,73.56,1968.4,44.7,3.11,4.85,9.21,11.39,13.29,24.22,44.73,0.27,0,0,1,1,0,1
2018-05-16,22.964,88.8084,12.74,83.45,998.77,92.6,2.9,46.1,0.49,0.7,1.46,1.71,2.77,3.64,7.04,0.308,0,1,1,1,0,2
2018-05-16,10.3135,-66.9585,36.62,42.41,955.43,74.73,1803.0,18.4,7.12,11.85,17.95,34.08,49.0,106.15,212.83,0.95,7,2,2,2,2,0
2018-05-16,24.9863,83.3216,26.27,79.13,1022.4,103.56,181.1,29.5,4.17,6.42,9.56,15.07,24.04,53.99,105.96,0.783,0,1,2,1,0,0
2018-05-16,10.3939,-66.7414,21.33,62.85,970.73,29.11,2071.1,10.0,11.9,28.38,51.85,77.86,129.0,289.97,553.72,0.95,0,3,3,1,0,0
2018-05-16,25.2784,-79.8538,24.03,97.12,1011.53,49.64,1879.8,21.3,7.14,8.83,13.42,19.38,31.41,44.56,66.23,0.637,0,1,1,0,0,1
2018-05-17,35.3116,139.2525,13.57,47.32,1023.99,50.92,2083.7,42.4,1.51,1.96,3.63,4.9,8.08,13.99,23.58,0.239,0,0,1,0,0,2
2018-05-17,26.2068,-80.3451,17.4,83.92,961.91,62.45,657.9,2.8,2.89,5.65,10.8,15.46,18.54,36.76,76.83,0.703,0,1,1,1,0,0
2018-05-18,35.8676,139.9465,44.14,55.85,966.43,72.25,2352.1,23.9,1.4,2.74,3.88,4.5,5.36,7.26,9.81,0.05,6,0,0,1,3,3
2018-05-18,10.6222,76.8754,44.54,77.52,1014.25,33.93,1550.3,11.6,0.04,0.06,0.12,0.15,0.23,0.54,0.69,0.05,8,0,0,0,3,3
2018-05-18,18.7821,-65.7015,43.48,25.07,997.71,32.96,1059.9,6.5,4.03,6.78,11.6,17.62,27.94,63.55,94.04,0.306,9,1,1,0,3,2
2018-05-18,19.879,86.0221,11.79,94.78,982.52,83.9,1833.8,12.3,1.78,2.29,4.01,6.98,11.84,21.83,42.91,0.592,0,0,1,1,0,1
2018-05-19,11.5987,92.8325,10.43,91.6,951.87,53.6,1830.7,37.4,4.53,5.65,7.46,13.79,15.96,20.66,42.06,0.584,0,0,1,1,0,1
2018-05-19,15.8017,76.1895,8.46,37.29,962.03,24.51,1674.4,27.4,2.12,3.03,4.39,6.08,10.03,23.94,33.13,0.3,0,0,1,1,0,1
2018-05-19,-5.7609,106.9881,12.81,70.35,991.04,145.82,822.2,38.3,1.16,1.63,1.97,3.58,5.05,7.76,12.44,0.281,0,0,1,2,0,2
2018-05-19,35.4301,139.868,17.71,61.72,996.49,120.85,100.1,8.8,5.26,9.67,18.62,27.16,38.61,63.83,120.71,0.874,0,2,1,2,0,0
2018-05-19,25.6646,-80.2057,10.95,47.19,1011.69,139.97,489.9,3.7,7.34,12.24,20.66,38.73,44.41,87.84,111.92,0.814,0,1,1,2,0,0
2018-05-20,18.6215,-65.7348,43.56,88.49,974.63,48.23,1623.7,44.7,0.22,0.28,0.44,0.63,0.91,1.64,2.73,0.05,7,0,1,1,3,3
2018-05-21,28.7348,76.7289,45.73,87.79,968.3,79.6,137.3,11.9,5.22,7.04,10.08,18.7,31.35,67.03,138.39,0.848,3,2,1,2,3,1
2018-05-21,12.7434,79.8945,16.39,40.19,989.01,54.8,720.7,9.2,0.61,1.08,1.73,2.99,5.01,10.22,20.76,0.163,0,0,0,1,0,2
2018-05-21,13.999,100.221,24.42,85.18,1011.44,79.93,986.9,22.9,1.34,2.7,5.41,7.04,11.81,19.28,25.68,0.326,0,0,1,1,0,1
2018-05-22,25.5437,83.3753,11.32,76.7,1018.46,26.74,2050.1,38.0,2.9,5.55,9.91,15.06,25.47,45.05,78.7,0.738,0,1,2,0,0,0
2018-05-22,23.7429,90.2749,36.61,86.06,972.78,145.54,1125.3,45.0,0.92,2.09,3.14,5.34,9.49,21.78,36.23,0.285,8,0,1,2,2,2
2018-05-22,12.0237,92.5438,37.32,16.46,967.24,59.44,2117.6,45.6,4.41,7.9,14.03,20.08,26.29,61.54,80.95,0.241,7,0,2,1,2,2
2018-05-22,13.8423,100.7683,43.53,56.79,985.53,68.97,68.5,8.4,0.21,0.43,0.68,0.78,1.24,2.45,4.7,0.05,7,0,0,1,3,3
2018-05-23,14.3115,-87.6441,42.88,81.58,1008.14,85.76,849.1,33.5,3.81,7.51,12.42,16.24,22.81,41.39,58.61,0.347,9,0,1,1,3,2
2018-05-24,13.4938,80.1383,29.74,87.08,1014.26,129.45,1676.2,14.3,1.43,2.25,2.74,4.29,6.82,15.17,20.33,0.253,0,0,0,1,0,2
2018-05-24,13.8097,-87.0456,15.72,49.98,1018.62,49.96,846.7,47.8,2.1,4.91,7.1,10.65,14.57,27.35,57.39,0.443,0,0,1,0,0,1
2018-05-25,22.2778,88.7322,11.0,74.22,947.91,29.79,1423.5,22.5,6.42,12.39,25.63,45.73,61.19,134.68,278.78,0.95,0,2,2,1,0,0
2018-05-25,13.2984,100.8369,11.13,94.55,1017.42,107.43,887.3,24.7,0.1,0.2,0.41,0.52,0.72,1.61,2.04,0.341,0,0,0,1,0,2
2018-05-25,11.3475,92.8249,17.41,64.22,951.97,55.19,1151.9,38.8,2.62,4.34,5.78,7.29,10.66,23.09,36.92,0.364,0,0,1,1,0,1
2018-05-26,25.1828,82.567,27.02,56.06,1008.72,113.11,484.7,28.8,0.07,0.12,0.23,0.33,0.56,1.33,2.4,0.05,0,0,0,1,0,2
2018-05-27,17.9936,-65.9548,18.89,29.9,951.06,91.86,1366.2,25.8,14.85,27.29,50.48,60.09,78.67,120.41,213.85,0.95,0,2,2,3,0,0
2018-05-27,15.4332,76.0674,20.65,36.6,1027.14,40.3,1067.3,29.6,1.36,2.26,4.18,7.02,11.67,22.32,32.0,0.179,0,0,1,0,0,1
2018-05-27,35.1747,139.6068,30.37,67.52,961.72,152.93,2001.5,22.5,1.3,1.58,2.88,3.77,5.19,8.9,18.28,0.145,0,0,0,3,0,2
2018-05-27,23.3677,90.301,21.09,77.2,992.47,152.9,996.5,36.3,7.18,14.47,22.73,38.71,48.1,76.63,133.85,0.95,0,1,2,2,0,0
2018-05-28,-5.7277,106.981,16.31,70.57,948.83,33.07,2267.3,45.8,2.31,3.24,5.12,9.22,10.6,14.35,30.07,0.36,0,0,1,1,0,1
2018-05-28,30.273,-90.0993,12.51,39.16,955.04,85.85,1052.3,20.9,1.16,2.53,4.0,5.3,6.81,10.69,21.69,0.2,0,0,0,2,0,2
2018-05-28,10.21,-66.9887,34.25,83.42,977.95,25.92,1771.6,17.6,3.89,5.93,7.55,14.3,17.29,41.26,89.83,0.629,0,1,1,1,1,1
2018-05-29,11.4001,92.3677,38.55,19.75,1012.36,36.97,606.5,29.0,13.01,15.88,28.68,47.54,71.38,86.49,156.23,0.716,3,2,2,0,1,0
2018-05-29,16.2442,81.8118,34.03,68.3,988.19,32.86,1001.8,30.0,7.47,16.12,28.16,36.12,45.21,98.41,183.48,0.95,0,2,2,1,0,0
2018-05-30,25.1144,82.9701,38.05,83.17,1003.0,107.9,1216.0,26.1,4.75,7.11,10.01,18.62,20.84,28.5,50.45,0.347,2,0,1,1,1,2
2018-05-30,16.1103,81.0305,12.65,44.46,965.05,106.5,2240.9,10.6,0.33,0.6,0.93,1.05,1.83,4.26,8.73,0.142,0,0,0,2,0,2
2018-05-30,13.8492,-87.4275,20.74,16.53,1013.26,143.85,1378.7,6.2,0.6,1.34,2.41,3.13,3.85,5.97,9.0,0.05,0,0,0,1,0,2
2018-05-31,30.0183,-90.3117,20.77,71.81,950.15,9.22,851.6,9.7,4.44,10.38,18.64,30.27,33.44,60.68,122.4,0.903,0,1,1,1,0,0
2018-05-31,35.36,139.9516,40.1,58.36,954.17,149.46,689.1,47.7,0.02,0.04,0.07,0.13,0.21,0.32,0.46,0.05,3,0,1,3,2,3
2018-06-01,23.8567,90.7945,11.16,87.76,1005.5,48.12,1439.3,10.1,7.73,10.34,12.44,18.68,28.17,53.38,66.97,0.716,0,1,1,1,0,0
2018-06-01,14.9356,121.0225,35.13,63.43,953.44,25.58,619.0,40.0,4.48,10.29,12.66,22.24,24.84,49.64,91.83,0.543,5,1,2,1,1,1
2018-06-01,13.8113,100.3166,30.72,15.65,970.59,9.5,1498.8,29.2,3.13,4.32,8.86,13.53,20.15,37.34,64.39,0.194,0,0,1,1,0,1
2018-06-02,30.0951,-89.8633,22.29,42.19,986.01,79.21,815.0,24.0,0.83,1.64,3.4,5.38,7.71,17.62,32.75,0.194,0,0,0,1,0,1
2018-06-02,10.598,76.7926,36.74,27.8,995.65,6.03,1700.7,35.3,5.45,7.67,13.54,16.83,29.67,59.64,77.25,0.275,1,0,1,0,1,2
2018-06-02,13.1419,80.5431,37.4,52.65,987.45,149.59,319.1,2.0,0.73,1.5,2.05,3.12,5.3,11.7,16.5,0.05,6,0,0,2,2,3
2018-06-03,18.9127,72.8167,21.65,82.44,1019.34,38.82,1832.4,25.9,1.74,3.73,6.37,10.24,11.71,22.28,33.44,0.387,0,0,1,0,0,1
2018-06-03,13.8446,-86.8708,22.03,22.89,993.8,146.12,417.2,1.4,1.92,4.03,8.37,9.55,15.76,25.88,35.03,0.123,0,0,0,2,0,2
2018-06-03,29.8329,-90.2589,9.86,43.88,977.77,96.68,1893.9,35.1,4.89,7.0,14.14,20.24,22.42,44.88,80.96,0.616,0,1,1,2,0,0
2018-06-03,14.7246,120.6088,39.33,85.39,990.14,83.8,1642.7,37.4,0.65,1.36,2.05,2.88,3.32,6.33,8.19,0.082,8,0,1,1,3,3
2018-06-03,28.1691,76.927,20.05,43.66,1010.66,47.9,1955.6,27.5,5.31,12.23,16.2,22.28,25.37,42.83,61.56,0.401,0,0,1,0,0,1
2018-06-04,10.7074,-66.9307,43.58,61.32,971.26,46.92,1583.9,28.3,0.73,1.24,2.24,3.0,4.37,6.58,8.37,0.05,4,0,0,1,2,3
2018-06-04,10.5364,77.0297,9.77,61.26,950.82,43.1,1361.2,38.8,2.88,6.69,12.91,15.81,21.7,43.45,92.91,0.77,0,1,2,1,0,0
2018-06-04,10.7242,-67.1192,8.21,27.9,973.47,140.38,2251.2,3.2,0.53,1.2,1.73,2.46,2.71,4.85,10.02,0.115,0,0,0,2,0,2
2018-06-06,29.798,-89.6778,10.02,28.16,1012.45,22.29,561.7,22.0,2.55,5.4,8.65,14.98,22.96,30.67,41.6,0.297,0,0,1,0,0,1
2018-06-06,16.0486,81.537,26.41,77.3,1026.93,20.29,655.3,32.9,0.95,1.17,1.52,2.2,3.08,7.29,12.14,0.187,0,0,1,0,0,2
2018-06-06,-6.2642,106.7581,36.51,21.04,990.48,121.35,1089.0,18.4,9.82,12.13,15.71,28.22,48.55,79.98,139.18,0.634,9,1,1,2,2,0
2018-06-07,10.9284,-67.143,36.57,79.61,1015.02,134.32,1160.5,19.5,4.87,9.17,18.97,26.57,30.02,57.25,88.94,0.585,4,1,1,2,2,1
2018-06-08,14.0566,100.7514,13.45,47.12,1017.66,101.44,1946.6,43.6,2.48,3.67,6.7,10.39,17.05,30.93,62.2,0.481,0,0,1,1,0,1
2018-06-08,28.4204,76.8305,11.93,40.22,1001.12,21.73,772.5,25.6,1.39,2.4,3.95,6.79,11.48,16.43,25.78,0.235,0,0,1,0,0,2
2018-06-08,20.0284,86.1355,40.07,60.35,1018.15,65.96,408.4,1.4,5.28,11.27,15.51,28.92,51.03,83.62,112.69,0.614,7,1,1,1,2,1
2018-06-08,10.855,-67.1784,17.04,44.47,1027.5,136.4,1313.8,38.9,1.33,2.58,5.12,7.14,11.85,22.96,41.68,0.308,0,0,1,1,0,1
2018-06-09,28.9195,77.5892,41.12,21.0,1006.93,27.91,865.5,9.2,2.05,3.47,4.31,7.6,12.9,27.67,56.66,0.076,6,0,0,0,2,2
2018-06-09,18.7401,72.8849,11.98,21.47,947.13,10.42,1063.0,12.5,0.47,0.94,1.32,1.47,2.05,3.22,4.89,0.05,0,0,0,1,0,2
2018-06-09,14.6864,121.3476,42.35,55.82,961.61,113.07,1264.3,32.3,0.6,1.19,1.84,2.51,3.94,7.53,13.92,0.05,4,0,0,2,2,3
2018-06-11,35.7885,140.0213,27.96,78.13,990.34,89.51,1328.9,23.8,5.73,10.21,20.53,35.86,56.83,129.48,224.92,0.95,0,2,2,1,0,0
2018-06-11,18.6495,-65.9213,15.51,69.95,951.39,135.03,1898.2,15.1,7.52,17.01,33.24,44.75,69.77,121.52,211.31,0.95,0,2,2,3,0,0
2018-06-11,9.7608,77.5183,29.58,47.58,992.0,39.63,746.3,7.2,5.25,6.74,10.37,15.13,18.71,31.09,50.31,0.262,0,0,0,1,0,1
2018-06-12,20.0103,85.4232,27.05,58.51,1000.36,42.87,2185.8,21.2,0.48,1.0,1.78,2.41,3.7,5.42,8.92,0.076,0,0,0,0,0,2
2018-06-12,14.0637,100.9062,41.06,94.45,1007.52,99.61,1943.0,2.5,6.74,10.36,12.96,21.32,34.69,67.74,105.01,0.712,7,1,1,1,3,1
2018-06-12,35.7794,139.7601,13.85,84.73,997.34,23.58,406.0,32.0,4.57,9.08,16.73,23.24,25.59,46.95,84.25,0.786,0,1,2,0,0,0
2018-06-13,35.9692,139.3426,15.44,20.87,945.72,34.93,173.0,17.6,2.03,3.61,4.79,7.05,7.8,11.6,18.2,0.068,0,0,0,1,0,2
2018-06-13,36.0069,139.815,25.71,88.72,1002.64,55.35,2122.0,32.2,4.2,9.56,15.33,24.92,40.4,70.49,90.47,0.735,0,1,2,1,0,0
2018-06-13,19.1255,72.6628,27.11,60.09,968.23,85.04,406.9,35.9,6.07,13.52,17.52,27.09,45.14,61.11,79.41,0.523,0,1,2,2,0,1
2018-06-13,14.612,120.7797,35.04,68.97,961.95,107.8,700.0,10.1,4.81,7.87,13.48,16.99,25.99,37.67,51.49,0.317,7,0,0,2,2,2
2018-06-13,9.7825,77.382,31.65,26.55,1019.56,128.89,763.4,45.8,6.1,12.2,15.98,23.69,34.45,50.95,65.21,0.241,0,0,2,1,0,1
2018-06-14,-6.6454,107.3118,23.67,56.73,1014.67,101.58,1476.9,8.8,2.52,5.19,10.77,13.58,15.03,19.39,30.56,0.234,0,0,0,1,0,1
2018-06-14,13.2736,80.154,41.2,30.05,989.88,112.33,1555.2,8.1,0.76,1.05,1.33,1.76,2.58,3.63,7.88,0.05,4,0,0,1,2,3
2018-06-15,35.258,140.0471,39.29,73.95,998.57,11.3,1247.3,6.3,2.03,2.85,3.82,5.95,7.73,16.43,23.87,0.128,8,0,0,0,3,3
2018-06-15,16.9134,81.0798,24.14,39.84,1007.09,33.87,494.1,9.5,0.47,0.74,1.48,2.55,4.12,8.89,13.06,0.05,0,0,0,0,0,2
2018-06-15,29.5036,-90.1521,22.69,45.46,946.66,113.78,1466.9,13.3,3.48,5.47,7.76,13.14,21.9,42.72,84.76,0.53,0,1,1,2,0,0
2018-06-16,25.5054,-80.1173,11.31,70.35,976.92,136.36,1262.4,4.5,0.03,0.06,0.09,0.12,0.17,0.22,0.35,0.219,0,0,0,2,0,2
2018-06-17,25.7346,-80.3357,36.8,42.49,1014.18,6.1,273.6,33.3,1.08,1.71,2.67,3.34,5.68,7.42,10.17,0.05,4,0,1,0,1,3
2018-06-17,12.7197,80.5735,37.14,59.01,1027.17,42.57,524.8,16.4,2.62,4.36,8.49,15.41,27.38,59.74,108.02,0.606,5,1,1,0,2,1
2018-06-17,29.7217,-90.0731,28.38,57.93,962.28,120.84,718.7,28.1,1.11,1.9,2.63,4.22,5.9,7.19,8.83,0.061,0,0,0,2,0,2
2018-06-17,13.5339,80.5423,30.53,31.76,996.49,104.2,2115.5,20.7,0.8,1.51,3.13,3.63,4.0,4.97,10.1,0.05,0,0,0,1,0,2
2018-06-18,10.6192,-67.1643,37.76,81.59,976.96,65.94,108.7,14.2,2.1,2.81,4.52,8.06,12.15,15.73,21.89,0.164,7,1,0,1,2,2
2018-06-18,13.4102,100.2185,38.28,34.25,971.86,141.51,737.2,18.4,0.7,0.9,1.17,1.84,2.08,3.06,4.88,0.05,6,0,0,2,2,3
2018-06-18,19.1718,72.4345,29.22,61.46,988.17,95.44,635.8,14.1,2.51,5.44,6.77,10.72,17.85,24.78,30.11,0.202,0,0,0,1,0,2
2018-06-18,-6.4762,107.2287,32.37,37.67,1020.41,29.3,106.7,38.3,2.9,4.34,7.83,13.42,22.7,34.93,42.81,0.145,0,1,1,0,0,2
2018-06-19,25.8077,-80.661,28.58,42.87,973.67,131.79,2241.7,39.8,0.36,0.56,1.03,1.94,2.46,5.6,10.86,0.05,0,0,1,2,0,2
2018-06-20,13.5943,100.1101,36.14,78.57,968.77,98.86,1268.3,13.3,5.85,10.88,14.92,20.06,25.26,39.78,55.22,0.374,2,0,1,2,1,2
2018-06-20,23.9424,90.8028,32.66,32.8,1012.67,88.06,269.2,44.9,15.6,28.79,54.67,85.65,119.53,202.12,437.45,0.95,0,3,3,1,0,0
2018-06-20,10.9707,-67.1025,8.2,48.91,997.27,52.82,2008.4,34.5,1.51,3.14,6.43,7.55,9.92,17.42,29.58,0.333,0,0,1,1,0,1
2018-06-20,25.0612,83.0861,17.18,52.21,1010.75,70.59,2291.2,7.5,6.65,9.96,20.32,26.04,42.26,53.86,98.55,0.697,0,1,1,1,0,0
2018-06-20,-6.1388,106.9312,36.35,57.52,1024.88,122.5,1405.5,29.2,0.69,1.57,2.67,4.16,6.25,9.57,19.26,0.051,6,0,0,1,2,3
2018-06-21,10.0823,76.828,41.3,53.15,964.7,17.49,676.0,27.3,0.65,0.81,1.3,1.79,2.5,4.36,8.57,0.05,3,0,0,1,2,3
2018-06-21,18.889,-66.4847,8.71,73.42,1018.57,17.38,555.1,1.5,7.57,13.12,26.67,39.32,66.98,156.87,240.82,0.95,0,2,2,0,0,0
2018-06-21,14.9835,120.5561,10.71,40.11,950.52,75.46,2165.2,19.0,5.34,8.25,16.26,23.34,31.48,64.12,109.82,0.771,0,1,1,2,0,0
2018-06-22,10.5653,76.6218,42.55,39.31,956.26,71.87,2307.3,30.6,3.61,7.24,8.95,13.04,15.05,23.76,48.03,0.092,8,0,1,2,3,3
2018-06-22,15.6194,75.4714,12.56,44.56,970.36,153.37,2331.3,35.5,6.18,9.3,15.66,29.74,39.44,94.0,130.5,0.904,0,1,2,3,0,0
2018-06-23,18.115,-65.6503,28.53,28.6,973.16,145.7,1558.3,41.5,6.38,14.7,18.19,23.83,33.15,65.24,117.96,0.608,0,1,2,3,0,0
2018-06-24,13.7825,-87.0451,43.03,83.05,1002.68,5.73,319.1,6.9,0.08,0.11,0.22,0.36,0.47,1.01,1.71,0.05,6,0,0,0,3,3
2018-06-24,14.2785,121.1839,37.65,33.84,1026.82,65.24,904.7,41.6,0.24,0.45,0.93,1.1,1.63,2.22,4.64,0.05,3,0,1,0,1,3
2018-06-25,25.0886,83.0838,15.41,19.19,999.48,150.69,285.6,37.2,1.59,3.8,7.54,9.69,15.85,32.99,64.77,0.352,0,1,1,2,0,1
2018-06-25,23.7704,90.089,38.03,85.6,993.16,134.08,2056.8,11.0,3.62,7.73,13.18,22.99,35.41,54.58,102.92,0.687,2,1,1,2,1,1
2018-06-26,20.3936,85.7999,45.34,18.95,978.31,26.89,1653.8,4.2,2.77,5.89,12.1,20.07,23.47,30.66,59.22,0.05,1,0,0,1,2,3
2018-06-26,22.7629,88.6286,44.57,69.48,946.65,59.74,269.3,37.4,0.45,0.6,0.74,1.38,2.28,3.65,5.75,0.05,9,0,1,2,3,3
2018-06-26,24.0372,90.5307,21.06,33.21,971.27,146.95,1026.4,15.9,3.58,7.23,15.08,23.18,37.71,62.55,85.76,0.496,0,1,1,3,0,0
2018-06-26,25.5135,83.3931,8.15,77.54,1020.45,101.85,1259.9,27.1,3.58,8.59,10.79,12.05,21.39,36.97,67.0,0.697,0,1,1,1,0,0
2018-06-27,25.113,82.7009,36.97,15.09,997.43,77.67,1131.5,39.9,0.29,0.48,0.77,0.92,1.07,1.51,2.18,0.05,6,0,1,1,1,3
2018-06-27,22.1544,87.9843,37.83,88.95,1014.05,111.83,1797.8,38.9,6.37,10.34,19.68,36.59,46.22,58.14,73.98,0.523,3,1,2,1,2,1
2018-06-27,13.5352,80.6433,33.12,57.1,997.63,137.67,399.6,6.2,2.42,5.76,7.22,13.64,24.24,37.6,78.62,0.45,0,1,0,2,0,1
2018-06-28,35.5102,139.4681,17.76,32.12,956.28,66.97,327.0,20.3,0.56,1.11,2.12,3.26,5.14,11.96,21.99,0.122,0,0,0,2,0,2
2018-06-28,30.0126,-89.5737,39.42,37.68,974.98,14.32,845.1,47.6,1.77,3.55,4.65,8.55,14.36,23.89,36.99,0.05,1,0,1,1,1,3
2018-06-28,13.436,79.8421,19.01,43.6,1015.01,148.71,43.3,1.2,7.0,9.54,14.36,18.96,24.6,39.22,60.24,0.402,0,1,0,2,0,1
2018-06-28,18.8734,-65.8606,44.65,35.76,971.11,98.15,1828.4,24.3,7.48,9.34,18.96,23.83,40.96,68.86,139.98,0.632,4,1,1,2,2,1
2018-06-28,35.6152,139.9388,17.26,57.53,953.65,60.83,1171.4,31.5,10.52,20.21,37.78,56.86,87.78,112.81,164.07,0.95,0,2,3,2,0,0
2018-06-28,23.3937,90.2959,42.57,27.56,957.61,52.27,132.6,9.2,11.75,20.14,35.62,59.87,81.24,111.84,157.31,0.721,4,3,2,2,2,1
2018-06-29,16.0895,81.951,12.48,27.19,1024.14,126.47,2261.0,16.4,0.41,0.79,1.64,1.97,3.3,5.38,7.08,0.054,0,0,0,1,0,2
2018-06-30,13.0251,80.6297,13.12,68.63,1006.24,146.93,607.7,17.9,1.71,2.25,4.34,5.06,6.77,9.67,18.03,0.305,0,0,0,2,0,2
2018-07-01,24.9354,83.0943,9.3,22.94,970.7,121.05,1718.3,46.3,1.6,2.58,3.34,5.78,7.03,16.48,24.98,0.176,0,0,1,2,0,2
2018-07-01,18.6282,72.6323,12.01,75.6,977.14,122.01,1184.0,9.1,4.64,6.97,11.44,13.28,20.35,40.68,64.22,0.636,0,1,1,2,0,1
2018-07-02,18.7704,-66.3564,29.01,89.7,961.73,145.22,1651.5,29.9,1.92,4.51,7.21,10.81,17.8,27.44,40.93,0.4,0,0,1,3,0,1
2018-07-02,22.8723,88.4217,20.88,53.91,992.91,27.4,1915.3,5.8,1.81,2.53,3.73,5.47,8.88,17.34,27.06,0.224,0,0,0,0,0,2
2018-07-02,10.4631,-66.8322,24.76,69.87,999.05,47.63,1200.0,24.1,0.49,0.81,1.06,1.21,1.38,2.38,4.59,0.121,0,0,0,0,0,2
2018-07-03,35.8819,139.3087,8.71,16.61,1012.96,115.1,1287.6,12.3,0.32,0.45,0.78,1.2,2.11,4.96,8.81,0.051,0,0,0,1,0,2
2018-07-03,12.7574,79.8467,27.41,44.9,988.19,114.35,1974.4,31.4,5.47,7.14,8.66,14.61,18.75,42.25,73.34,0.413,0,0,1,2,0,1
2018-07-04,35.2021,139.5315,29.3,78.99,955.84,74.7,314.5,38.0,5.38,8.59,12.84,20.28,36.47,86.68,131.38,0.914,0,2,2,2,0,0
2018-07-04,15.8034,76.139,24.1,39.81,996.58,15.25,1895.9,25.4,0.81,1.37,1.81,2.88,4.52,7.62,11.73,0.05,0,0,0,0,0,2
2018-07-05,23.0098,88.8548,27.23,63.84,969.11,108.78,2065.4,6.8,1.2,1.94,2.51,3.99,4.98,11.4,15.25,0.138,0,0,0,2,0,2
2018-07-05,28.904,77.6516,36.88,19.57,971.43,88.02,967.0,12.8,9.11,21.11,33.24,47.03,61.85,137.73,243.49,0.95,9,2,2,2,2,0
2018-07-06,25.4131,-80.2708,31.74,47.62,1022.85,47.36,615.8,34.5,11.0,23.47,36.32,47.95,68.3,142.67,211.22,0.95,0,2,3,1,0,0
2018-07-06,23.0459,88.7991,27.88,29.56,1011.92,137.93,2043.4,21.1,4.98,6.56,8.11,13.81,19.3,46.22,59.96,0.256,0,0,1,2,0,1
2018-07-06,16.5095,81.917,35.52,87.37,968.91,110.15,1042.8,14.8,3.4,7.91,12.0,20.49,27.05,58.55,114.76,0.791,8,1,1,2,2,0
2018-07-06,-6.5768,107.0385,37.74,25.46,961.3,147.57,422.8,27.5,3.03,5.42,9.65,12.39,18.42,30.33,56.46,0.126,6,0,1,3,2,2
2018-07-07,24.9912,83.3645,23.22,74.29,966.54,12.46,908.9,35.1,8.63,10.88,20.99,24.2,32.22,39.53,83.47,0.648,0,1,2,1,0,0
2018-07-07,18.0779,-66.5386,13.33,58.65,988.08,89.98,1789.1,46.6,7.37,9.89,14.88,19.41,23.75,44.02,77.18,0.628,0,1,2,1,0,0
2018-07-07,14.166,-87.552,38.74,62.63,999.71,104.69,1415.9,1.3,6.24,14.35,24.12,28.7,44.72,73.18,93.18,0.515,6,1,1,2,2,1
2018-07-08,19.3319,72.6011,28.05,96.76,964.53,112.51,1045.1,31.5,0.8,1.41,2.94,3.69,5.7,10.78,19.03,0.304,0,0,1,2,0,2
2018-07-08,11.9628,92.4581,35.01,40.07,972.77,25.95,2277.3,2.8,2.16,4.36,8.02,12.84,17.19,22.22,47.38,0.16,8,0,0,1,2,2
2018-07-08,35.5048,139.8389,30.86,53.75,969.12,99.46,130.3,8.6,9.08,16.22,31.46,52.89,70.05,151.61,195.78,0.95,0,3,2,2,0,0
2018-07-08,23.5303,90.7255,30.83,27.35,955.09,122.24,1665.6,37.0,0.58,1.33,1.76,3.16,4.26,5.65,8.4,0.05,0,0,1,2,0,2
2018-07-08,22.5233,88.3841,41.54,97.49,1013.55,87.39,235.5,45.8,6.88,15.2,23.6,34.4,40.72,94.69,202.94,0.95,3,2,3,1,2,0
2018-07-09,30.1572,-89.6904,39.0,97.41,988.9,90.04,2272.1,19.5,2.84,4.7,7.95,9.26,15.27,36.38,46.05,0.376,5,0,1,1,2,2
2018-07-09,18.8829,73.073,38.11,65.85,953.63,153.29,202.8,33.1,3.24,5.5,10.86,14.98,25.11,48.01,76.46,0.431,5,1,1,3,2,2
2018-07-09,18.8488,-66.4901,45.02,60.01,995.82,88.32,762.0,43.3,0.01,0.02,0.03,0.04,0.06,0.09,0.19,0.05,8,0,1,1,3,3
2018-07-09,18.7122,72.4914,18.35,29.75,1002.4,96.56,1520.4,11.4,0.93,1.36,1.84,2.99,5.06,10.47,20.86,0.099,0,0,0,1,0,2
2018-07-10,11.9577,93.2168,33.1,53.38,1024.0,52.98,1266.7,4.1,6.69,11.35,20.78,34.2,53.81,97.31,143.78,0.84,0,2,1,0,0,0
2018-07-10,-5.9435,107.1789,26.59,80.11,998.28,91.88,1392.8,10.0,0.41,0.65,1.23,2.19,3.63,5.04,10.68,0.189,0,0,0,1,0,2
2018-07-11,28.1927,76.9539,12.07,62.88,983.51,20.16,2353.4,10.7,0.24,0.46,0.86,0.97,1.51,2.78,3.62,0.199,0,0,0,0,0,2
2018-07-12,20.4437,85.543,41.09,72.19,1006.75,92.07,545.6,4.4,0.69,0.99,1.86,3.46,5.78,13.82,17.19,0.062,3,0,0,1,2,3
2018-07-12,10.151,-67.2484,9.76,71.45,965.64,144.82,433.1,4.2,1.8,2.69,5.33,8.08,11.58,24.71,45.78,0.522,0,0,0,3,0,1
2018-07-12,14.2931,-86.9445,11.95,89.31,990.26,75.72,2111.0,16.1,2.96,6.69,10.09,17.5,25.55,35.5,44.04,0.573,0,0,1,1,0,1
2018-07-12,14.6542,120.7077,11.07,70.58,956.44,104.69,2350.1,25.8,0.84,1.64,2.73,4.17,5.98,12.01,21.28,0.353,0,0,1,2,0,1
2018-07-12,-6.415,106.6842,39.17,38.09,998.02,92.65,1783.7,41.3,1.55,3.09,5.94,9.86,17.21,30.87,61.82,0.203,8,0,1,1,2,2
2018-07-12,14.0683,100.455,42.23,66.56,1027.08,152.51,1141.2,14.9,0.73,1.47,1.81,3.1,3.52,5.34,9.07,0.05,5,0,0,1,2,3
2018-07-13,10.5595,-67.0833,39.1,24.89,978.86,51.54,1406.2,14.8,3.55,5.83,11.51,18.5,23.14,37.1,75.96,0.232,5,0,0,1,2,2
2018-07-13,18.2588,-66.5037,37.36,36.07,955.01,89.19,865.4,40.0,4.78,7.32,8.9,11.48,17.19,22.26,41.37,0.083,5,0,1,2,1,2
2018-07-13,14.143,121.075,21.66,79.07,996.67,74.83,1870.9,11.7,4.9,10.97,21.84,37.72,52.27,124.31,196.36,0.95,0,2,2,1,0,0
2018-07-14,23.5954,89.9958,28.85,73.49,1010.81,27.77,1583.8,27.2,0.44,0.65,1.03,1.84,2.3,3.26,6.26,0.111,0,0,0,0,0,2
2018-07-14,28.9475,77.3145,17.89,77.78,951.78,143.42,783.3,6.6,2.04,2.55,4.63,8.44,14.23,19.25,25.53,0.35,0,0,0,3,0,1
2018-07-15,13.0879,80.2794,17.5,72.69,965.14,16.1,2289.1,6.7,4.06,6.94,13.56,23.3,27.97,49.27,60.48,0.549,0,1,1,1,0,1
2018-07-16,14.4399,121.409,23.5,61.61,987.56,143.64,1848.8,47.3,5.54,8.62,17.81,33.6,39.86,90.93,169.51,0.95,0,1,3,2,0,0
2018-07-16,15.2744,75.6849,36.97,15.3,980.27,30.81,1850.9,32.5,4.29,5.91,10.65,17.6,19.39,30.66,39.47,0.05,5,0,1,1,1,2
2018-07-17,22.4538,88.1253,44.72,24.82,959.79,5.83,762.6,39.4,1.41,2.82,5.83,10.58,12.97,21.15,41.27,0.05,3,0,1,1,2,3
2018-07-17,35.5351,139.8079,28.45,55.57,945.98,11.69,692.1,27.8,0.81,1.15,1.52,2.8,4.19,6.27,13.61,0.079,0,0,0,1,0,2
2018-07-18,11.5708,93.1003,25.16,85.16,1013.41,51.65,2011.5,16.9,3.4,4.87,7.0,10.21,13.48,18.27,30.74,0.35,0,0,0,0,0,1
2018-07-18,13.5533,80.3718,8.88,40.78,974.75,74.97,1877.6,37.4,6.53,10.11,15.28,18.64,31.69,62.83,80.27,0.606,0,1,2,1,0,0
2018-07-18,28.147,76.8415,18.32,49.27,970.41,129.71,1184.3,12.2,10.5,14.18,18.58,24.08,27.78,58.39,88.33,0.609,0,1,1,2,0,0
2018-07-18,13.3387,100.2447,11.67,16.0,1012.61,110.98,990.5,45.2,5.09,12.02,24.48,36.35,59.19,118.56,238.48,0.95,0,2,3,1,0,0
2018-07-19,14.6989,121.0764,23.85,20.17,984.04,86.72,1319.6,8.1,5.35,11.12,15.64,24.1,39.84,48.18,71.07,0.319,0,1,1,1,0,1
2018-07-19,35.7206,139.3425,43.53,83.1,1008.08,9.46,2025.3,21.3,1.47,2.73,3.5,5.97,9.0,12.82,17.8,0.093,6,0,0,0,3,3
2018-07-19,20.6565,86.2876,14.66,67.36,1024.29,125.4,518.1,45.7,4.87,6.75,11.62,21.77,25.42,38.77,61.03,0.554,0,1,2,1,0,1
2018-07-19,14.2304,120.8627,19.56,64.95,958.64,70.22,1533.6,41.8,1.62,2.56,3.92,5.88,7.76,11.64,18.34,0.232,0,0,1,2,0,2
2018-07-21,15.7409,75.3209,33.9,36.17,955.54,10.96,734.4,8.0,0.67,1.42,1.72,2.66,3.63,6.56,11.56,0.05,0,0,0,1,0,3
2018-07-21,14.8118,120.7187,45.3,43.46,993.51,104.01,2385.5,8.6,1.22,2.26,3.15,4.93,8.11,18.29,28.1,0.05,5,0,0,1,2,3
2018-07-21,20.1697,86.2079,24.0,97.04,983.99,41.23,2139.2,23.8,3.2,4.21,6.5,12.06,18.24,29.43,53.73,0.559,0,0,1,1,0,1
2018-07-21,13.8618,-87.4558,8.17,23.26,980.64,132.33,570.3,42.3,0.41,0.53,1.07,1.32,1.88,2.99,4.03,0.057,0,0,1,2,0,2
2018-07-22,15.7047,75.7423,12.28,96.68,995.82,83.14,508.8,23.7,2.08,3.14,5.03,6.35,10.14,23.23,27.94,0.502,0,0,1,1,0,1
2018-07-22,14.3066,-86.7086,13.89,97.47,1017.31,22.4,1393.6,18.5,2.75,4.85,6.03,8.15,9.68,17.3,36.46,0.545,0,0,1,0,0,1
2018-07-22,29.9054,-90.0162,39.28,80.08,946.79,60.68,166.9,38.1,4.68,10.68,15.09,22.11,27.18,44.72,77.02,0.488,8,1,1,2,3,2
2018-07-23,13.1467,80.1562,45.29,20.66,987.86,29.85,659.1,30.7,11.25,25.02,35.82,40.09,60.92,112.13,186.17,0.846,4,2,2,1,2,1
2018-07-23,29.0139,77.1115,15.91,55.97,955.58,65.17,631.0,26.6,5.31,12.35,17.97,30.45,52.37,70.69,126.25,0.899,0,1,2,2,0,0
2018-07-24,15.7446,75.6141,29.83,45.45,1003.74,64.45,844.3,24.5,7.88,16.13,31.17,47.61,70.5,157.37,211.83,0.95,0,2,3,1,0,0
2018-07-24,-6.0686,106.8725,35.17,56.14,1022.45,69.18,2353.1,24.8,0.42,0.89,1.61,2.77,4.89,10.42,18.87,0.053,9,0,0,0,2,2
2018-07-24,-6.5141,107.1095,43.65,74.18,1027.74,13.72,1801.4,35.3,0.4,0.94,1.84,2.78,3.49,4.97,6.6,0.05,3,0,1,0,2,3
2018-07-25,14.9538,120.7948,11.72,48.6,960.8,99.47,1370.6,27.9,2.66,5.53,7.4,9.24,14.75,20.03,38.6,0.356,0,0,1,2,0,1
2018-07-26,22.9357,88.7255,39.4,82.82,1015.47,33.05,148.6,40.2,0.15,0.22,0.37,0.66,1.14,2.23,4.83,0.05,6,0,1,0,2,3
2018-07-26,13.3543,100.9331,44.05,28.54,980.51,68.28,852.0,0.9,5.92,7.9,16.56,28.46,42.86,59.38,101.86,0.366,3,1,0,1,2,2
2018-07-27,16.6523,81.326,26.99,53.99,1018.26,135.3,1890.7,34.0,3.97,5.03,9.43,15.19,19.92,43.51,88.43,0.553,0,1,1,1,0,1
2018-07-27,20.6526,86.2896,36.72,76.2,1011.38,10.56,181.3,5.1,8.47,16.48,26.53,45.53,57.1,123.68,191.19,0.95,5,2,2,0,2,0
2018-07-27,20.4427,85.6908,40.19,18.01,972.78,76.73,719.5,21.7,1.8,4.16,6.84,10.13,12.95,16.26,24.38,0.05,7,0,0,1,2,3
2018-07-28,14.4878,121.1023,17.21,90.67,1000.4,58.35,997.8,33.3,0.53,1.2,1.45,2.73,3.32,6.94,8.61,0.309,0,0,1,1,0,2
2018-07-30,14.1538,-87.3849,32.48,19.7,1019.95,4.76,1928.2,23.3,5.96,10.48,18.68,25.98,42.1,63.36,121.61,0.554,0,1,1,0,0,0
2018-07-30,15.7266,75.4995,12.74,90.04,997.78,142.78,1954.7,41.6,2.6,5.69,9.19,10.43,16.23,33.66,43.81,0.567,0,0,1,2,0,1
2018-07-30,18.8159,72.9664,23.83,80.42,990.14,114.18,2216.6,30.1,0.95,1.3,1.56,1.94,2.5,3.81,7.11,0.193,0,0,0,2,0,2
2018-07-31,13.4693,80.2991,28.69,62.93,1024.15,66.56,2143.5,15.7,2.11,4.24,8.47,14.56,17.6,25.21,31.97,0.225,0,0,0,0,0,2
2018-07-31,10.4353,-67.1906,15.64,90.86,987.83,97.43,96.8,27.1,1.61,3.72,7.43,11.96,19.58,38.64,47.02,0.565,0,1,1,1,0,1
2018-07-31,20.3138,85.5373,35.32,86.64,989.8,135.73,1741.1,36.3,9.18,14.65,25.42,33.51,49.27,85.35,141.46,0.95,8,2,2,2,2,0
2018-07-31,29.8037,-89.8511,19.95,39.73,977.84,12.96,2262.4,9.2,0.75,1.48,2.74,4.63,6.31,14.18,24.73,0.154,0,0,0,0,0,2
2018-08-01,13.6082,-87.4876,14.21,55.04,1005.26,150.71,1373.2,35.0,1.14,2.29,3.25,4.86,5.5,8.74,17.32,0.229,0,0,1,2,0,2
2018-08-01,19.5641,72.7222,31.83,96.15,1025.0,68.48,2045.6,6.2,0.83,1.57,2.18,2.61,3.24,5.18,11.31,0.218,0,0,0,0,0,2
2018-08-01,24.1453,90.0314,11.75,95.62,1019.74,30.0,22.2,3.3,5.79,7.48,14.21,24.95,32.81,68.32,138.03,0.95,0,2,1,0,0,0
2018-08-01,-5.7932,107.1275,11.41,89.64,970.34,34.36,1171.0,44.3,18.25,35.35,72.82,106.51,119.37,182.73,274.43,0.95,0,3,3,2,0,0
2018-08-02,25.6633,83.0049,21.18,23.25,1024.41,115.41,318.0,24.8,2.84,3.98,6.31,10.2,13.25,21.17,27.99,0.088,0,0,0,1,0,2
2018-08-02,13.3929,80.7154,28.77,46.95,1025.5,53.95,1776.7,27.8,10.97,22.96,33.83,42.55,72.26,165.71,336.57,0.95,0,3,3,1,0,0
2018-08-02,16.3313,81.3693,39.36,91.6,978.49,28.44,745.2,10.8,0.79,1.11,2.21,2.58,3.58,4.36,6.51,0.099,7,0,0,1,3,3
2018-08-02,28.7306,77.3384,44.39,67.9,1011.55,73.36,869.3,5.6,7.3,15.62,21.11,31.87,45.93,89.57,192.23,0.95,3,2,1,1,2,0
2018-08-02,28.6446,77.5883,36.83,39.77,982.19,51.66,264.0,20.3,5.06,8.47,15.12,25.81,34.22,73.81,113.59,0.556,1,1,1,1,1,1
2018-08-02,12.7804,80.3126,22.61,29.1,1015.79,50.57,1436.5,19.0,1.8,3.74,5.7,9.43,10.47,16.64,25.28,0.085,0,0,0,0,0,2
2018-08-03,19.5268,72.7,34.74,77.99,989.21,99.73,2288.1,5.3,1.29,2.49,5.15,6.06,6.76,8.56,10.72,0.106,0,0,0,1,1,3
2018-08-03,36.072,139.9235,37.62,79.55,967.79,38.88,1735.2,47.2,4.52,8.17,12.05,14.53,21.9,28.46,60.53,0.398,1,0,1,1,1,2
2018-08-03,20.2846,85.8625,10.87,74.04,988.72,97.51,1737.7,32.6,0.35,0.75,1.31,2.19,2.81,4.12,8.35,0.29,0,0,1,1,0,2
2018-08-03,13.9815,-87.2854,15.83,42.14,961.2,45.24,1593.3,15.2,7.29,9.17,13.93,24.91,38.24,81.27,123.83,0.822,0,1,1,1,0,0
2018-08-03,9.9001,77.4171,13.41,86.85,988.14,6.76,2299.9,26.8,1.34,2.04,3.03,3.85,4.9,8.11,13.95,0.36,0,0,1,0,0,2
2018-08-04,13.6817,-86.8303,35.1,72.81,977.93,25.41,318.8,35.6,0.87,1.67,3.31,5.21,9.28,18.32,27.75,0.185,3,0,1,1,1,2
2018-08-04,13.8387,100.1496,45.62,24.92,978.13,36.26,533.3,6.2,3.67,7.69,13.91,25.59,30.76,48.72,75.25,0.169,2,0,0,1,2,2
2018-08-05,18.1952,-65.6132,26.19,32.65,985.5,120.12,429.7,23.6,0.44,0.97,1.88,3.08,5.37,9.02,12.01,0.05,0,0,0,2,0,2
2018-08-05,30.2251,-90.429,43.05,89.77,966.7,112.42,1563.9,42.6,0.71,1.48,2.34,3.31,3.72,8.76,16.43,0.119,5,0,1,2,3,3
2018-08-07,15.2786,75.358,41.04,32.1,1024.02,54.31,2366.0,40.3,5.79,9.16,11.06,15.55,20.39,25.38,43.28,0.05,5,0,1,0,2,3
2018-08-08,11.8456,92.9152,43.07,43.06,1006.77,118.25,1562.0,19.3,3.28,4.09,7.71,9.1,12.54,16.61,33.84,0.05,2,0,0,1,2,3
2018-08-08,28.2677,77.1546,42.3,40.78,994.26,78.82,313.9,47.5,1.94,3.51,6.26,7.85,9.86,14.11,22.36,0.05,2,0,1,1,2,3
2018-08-09,25.3549,82.9417,21.99,27.96,975.47,95.19,1170.7,27.6,2.97,4.44,5.77,8.76,15.11,36.18,71.85,0.376,0,0,1,2,0,1
2018-08-09,22.3422,88.2791,14.75,43.96,972.36,116.64,181.3,41.4,5.93,12.57,18.58,32.67,40.12,54.13,67.39,0.487,0,1,2,2,0,1
2018-08-09,20.0256,85.6303,23.1,38.47,970.27,152.39,1543.4,34.6,13.15,21.73,41.76,60.45,103.29,146.34,314.29,0.95,0,3,3,3,0,0
2018-08-10,18.3412,-66.3666,24.49,89.24,1013.85,151.28,1799.9,13.4,0.61,0.86,1.54,2.16,3.0,6.7,12.91,0.264,0,0,0,2,0,2
2018-08-10,15.0416,121.2581,14.74,70.58,1012.82,87.38,1323.5,8.1,1.87,2.58,5.35,8.82,10.0,17.72,32.57,0.39,0,0,0,1,0,1
2018-08-10,10.3317,77.4239,10.83,83.01,949.84,71.44,1705.7,16.9,8.43,17.76,28.12,35.07,39.64,85.7,119.49,0.95,0,1,2,2,0,0
2018-08-11,20.1019,85.5591,45.06,19.53,950.14,144.35,1895.4,37.3,4.75,9.79,17.15,30.02,33.74,70.46,125.62,0.464,2,1,2,3,2,1
2018-08-12,28.8893,77.0549,24.5,86.32,956.18,131.69,1423.3,44.7,7.31,14.71,26.36,33.49,39.58,67.23,93.22,0.752,0,1,2,3,0,0
2018-08-12,19.5415,73.2598,27.73,41.17,968.28,133.73,2012.0,43.1,1.96,4.61,6.86,12.97,21.14,41.97,87.76,0.484,0,1,2,2,0,1
2018-08-12,22.467,88.0312,34.44,80.64,992.25,122.26,2244.2,26.6,0.58,1.19,1.87,2.85,4.39,9.05,16.65,0.158,0,0,0,2,1,2
2018-08-12,22.4607,87.93,31.29,46.14,945.45,119.33,1001.3,15.4,4.38,7.65,13.96,15.5,17.15,32.1,70.05,0.363,0,0,1,3,0,1
2018-08-12,29.6976,-90.1409,21.67,74.28,1012.21,134.0,288.2,28.2,3.97,5.32,9.31,10.48,14.03,19.73,34.75,0.358,0,0,1,1,0,1
2018-08-12,35.9222,140.0639,37.82,53.02,969.23,77.44,215.3,44.7,1.3,2.28,4.08,6.13,7.96,18.95,38.82,0.14,6,0,1,1,2,2
2018-08-13,10.5229,-67.1884,45.08,72.71,986.88,18.1,2218.7,3.8,0.83,1.44,2.38,2.72,3.15,4.25,5.27,0.05,5,0,0,0,3,3
2018-08-13,18.156,-65.996,9.1,86.02,986.49,58.12,684.1,13.9,0.26,0.41,0.73,1.03,1.82,3.64,7.51,0.355,0,0,0,1,0,2
2018-08-13,16.7555,81.1995,28.81,33.81,959.34,150.78,1299.2,22.4,3.59,5.27,10.22,13.27,19.64,26.57,47.15,0.186,0,0,1,3,0,2
2018-08-14,16.9282,81.2896,25.43,64.81,962.38,115.66,1388.2,0.9,2.79,4.76,8.58,15.6,20.03,40.23,54.38,0.403,0,0,0,2,0,1
2018-08-14,18.7575,-65.9921,34.63,82.06,1019.87,89.06,294.7,18.1,5.37,9.63,17.62,19.45,22.39,45.17,67.31,0.479,0,1,1,1,1,1
2018-08-14,18.8574,-65.703,23.3,92.36,1009.89,114.44,596.3,23.8,5.43,12.03,16.58,22.37,27.15,37.51,53.02,0.539,0,1,1,1,0,1
2018-08-14,16.3123,81.1676,45.22,81.25,1002.64,143.6,386.5,18.4,6.48,8.57,17.5,29.68,41.78,67.12,90.45,0.524,1,1,1,2,2,2
2018-08-15,-5.9599,106.582,14.85,85.94,1003.58,32.31,1719.3,34.2,21.3,35.57,70.37,102.54,177.23,232.16,319.29,0.95,0,3,3,1,0,0
2018-08-15,25.7323,-80.0786,32.15,75.44,1003.05,97.03,48.4,17.4,0.37,0.58,0.73,1.34,1.9,2.71,4.84,0.081,0,0,0,1,0,2
2018-08-15,12.7356,79.8853,9.96,77.59,964.57,5.71,954.7,23.4,0.65,0.81,1.11,1.82,2.11,3.94,5.3,0.295,0,0,0,1,0,2
2018-08-15,10.3187,-66.7011,46.7,23.6,979.48,38.56,2289.3,30.7,3.18,7.62,13.34,21.57,24.4,54.43,118.12,0.421,6,1,1,1,3,2
2018-08-15,17.0204,81.7372,26.46,80.31,945.44,125.06,2218.0,43.9,22.9,35.14,46.49,69.46,93.06,162.74,254.34,0.95,0,3,3,3,0,0
2018-08-16,10.5619,-66.6908,46.49,35.71,960.01,72.69,86.1,38.1,7.53,15.24,21.96,26.32,35.99,79.18,122.56,0.506,9,2,2,2,3,1
2018-08-16,19.0147,73.1033,23.38,50.28,974.68,46.33,1445.5,9.4,5.13,9.12,18.2,33.69,46.09,64.09,109.29,0.699,0,1,1,1,0,0
2018-08-16,10.2477,76.9104,13.64,20.37,977.37,55.43,298.8,21.8,0.84,1.11,1.65,2.71,3.05,6.17,8.28,0.05,0,0,0,1,0,2
2018-08-16,14.7726,121.4118,22.19,41.04,977.5,101.89,786.1,22.8,4.98,7.4,13.65,23.33,39.77,48.86,64.19,0.386,0,1,1,2,0,1
2018-08-16,20.585,86.2867,33.39,33.05,961.92,51.66,19.1,32.9,1.1,2.4,3.66,5.43,9.64,14.37,27.61,0.05,0,1,1,1,0,2
2018-08-17,10.0345,76.6728,35.66,87.54,948.77,88.17,887.1,40.1,0.5,1.15,1.51,1.77,2.38,5.7,10.45,0.139,8,0,1,2,2,3
2018-08-17,26.0061,-80.6515,21.16,56.66,977.46,101.13,1929.1,42.6,4.73,7.69,12.33,19.89,24.94,50.93,94.21,0.654,0,1,2,2,0,0
2018-08-17,29.8891,-89.9749,32.3,23.16,1000.27,70.47,1697.8,40.2,0.14,0.28,0.36,0.51,0.57,0.91,1.25,0.05,0,0,1,1,0,3
2018-08-17,29.7692,-90.3468,25.88,22.05,1027.63,108.46,74.6,33.4,5.49,7.84,15.34,24.38,40.83,84.11,160.2,0.866,0,2,2,1,0,0
2018-08-18,24.1683,90.3736,44.21,68.21,970.87,82.37,160.4,46.7,1.56,2.77,4.21,6.93,10.84,22.31,32.75,0.113,8,0,1,1,3,3
2018-08-18,25.6219,82.5112,14.56,55.47,960.76,140.33,1417.9,44.4,10.23,18.28,37.35,41.11,50.75,105.6,182.32,0.95,0,2,3,3,0,0
2018-08-18,13.6066,100.8329,10.16,82.22,1026.69,128.08,1332.8,14.5,0.77,1.26,2.27,3.31,5.81,12.93,16.84,0.387,0,0,0,1,0,1
2018-08-18,10.8627,-66.649,14.47,51.25,956.52,20.21,1815.1,19.2,0.0,0.0,0.0,0.0,0.0,0.0,0.0,0.101,0,0,0,1,0,2
2018-08-18,25.0714,82.999,26.8,22.32,1011.59,75.66,1970.5,39.7,1.34,1.61,3.25,5.55,6.52,13.31,16.24,0.05,0,0,1,1,0,2
2018-08-19,11.3923,92.9439,22.83,51.69,1001.45,101.88,873.9,6.2,1.91,3.83,5.51,9.96,13.32,19.26,31.21,0.222,0,0,0,1,0,1
2018-08-19,12.8095,79.8648,26.41,74.48,1009.25,112.22,2190.8,3.0,6.77,13.49,18.32,30.15,43.97,71.71,103.83,0.747,0,1,1,1,0,0
2018-08-19,18.206,-65.9547,15.68,20.85,990.94,24.6,444.0,33.9,3.31,7.73,11.53,14.66,22.86,54.1,94.86,0.545,0,1,1,0,0,0
2018-08-19,25.4099,-79.9151,25.37,62.04,1024.68,86.06,1394.3,36.8,1.9,3.16,5.47,9.44,14.6,20.78,33.2,0.259,0,0,1,1,0,1
2018-08-19,14.2514,-87.2549,10.87,24.91,958.36,83.56,2330.2,17.5,11.14,13.88,28.23,35.14,61.1,77.44,166.36,0.95,0,2,2,2,0,0
2018-08-19,10.3497,77.0778,39.17,25.94,945.86,119.68,2167.1,15.8,1.35,2.45,4.43,7.17,11.66,15.59,26.81,0.05,6,0,0,3,2,3
2018-08-19,16.9241,81.6106,42.13,20.55,949.58,101.14,2183.1,38.2,5.62,9.17,15.89,27.29,45.18,85.69,171.41,0.782,2,1,2,2,1,0
2018-08-20,10.2679,77.2518,46.55,48.16,947.52,82.09,773.3,14.8,4.02,5.03,8.49,13.65,21.95,51.69,62.48,0.186,9,0,1,2,3,3
2018-08-20,20.1311,86.2216,19.12,21.93,1022.11,47.96,290.0,17.0,1.16,1.5,3.13,4.18,5.39,9.18,14.82,0.05,0,0,0,0,0,2
2018-08-21,25.0312,82.7765,39.13,47.73,972.48,52.6,859.8,37.7,1.97,4.05,7.56,11.54,16.37,27.08,50.24,0.175,1,0,1,1,1,2
2018-08-22,22.4397,87.9834,40.12,41.03,982.69,67.6,1854.5,23.4,5.44,7.01,9.62,14.83,26.14,33.71,41.9,0.084,5,0,1,1,2,2
2018-08-22,10.9727,-66.6632,27.35,66.02,1002.24,112.12,1340.3,11.1,9.98,20.32,28.72,39.0,68.07,154.18,247.48,0.95,0,2,2,2,0,0
2018-08-23,20.0134,86.1545,16.37,75.73,984.04,110.42,1000.1,42.8,14.37,28.79,56.93,85.76,150.44,330.65,724.71,0.95,0,3,3,2,0,0
2018-08-23,14.4947,121.4728,34.11,69.21,963.48,76.68,521.0,24.7,0.11,0.18,0.28,0.37,0.43,0.91,1.47,0.05,0,0,0,1,1,3
2018-08-23,10.2201,-66.9024,40.25,44.38,1010.12,33.66,467.8,39.0,2.9,4.92,8.22,15.47,26.7,48.3,84.39,0.363,5,1,1,0,2,2
2018-08-24,14.8218,76.1977,44.26,53.39,976.79,110.01,766.2,3.7,8.11,15.91,22.06,24.59,39.5,87.82,141.01,0.722,8,1,1,2,3,1
2018-08-24,16.6196,81.9349,17.33,76.68,970.38,119.27,302.4,16.5,0.27,0.48,0.88,1.23,1.88,3.54,5.29,0.224,0,0,0,2,0,2
2018-08-24,29.7842,-90.0806,33.36,58.48,1004.13,6.79,1945.5,47.4,0.17,0.31,0.58,0.86,1.3,3.0,5.22,0.05,0,0,1,0,0,3
2018-08-24,13.9104,-87.4578,31.54,43.72,946.56,5.31,2132.2,5.4,29.63,41.4,74.82,139.1,188.29,391.89,607.77,0.95,0,3,3,2,0,0
2018-08-25,16.2032,81.0699,32.23,91.31,958.17,28.05,456.3,20.6,7.26,16.39,28.38,46.16,79.78,155.5,222.33,0.95,0,2,3,1,0,0
2018-08-25,25.7725,-79.9483,23.7,33.1,998.54,66.52,319.2,43.3,4.11,8.3,16.1,24.53,40.98,73.67,93.35,0.518,0,1,2,1,0,0
2018-08-25,23.7152,90.3907,12.97,37.42,989.58,31.61,2015.3,37.7,2.94,5.27,10.73,18.26,20.57,30.2,38.44,0.292,0,0,1,1,0,1
2018-08-25,18.7386,73.0567,20.09,16.27,1005.99,3.07,2094.3,3.2,3.7,6.11,8.45,15.37,24.94,40.12,59.54,0.263,0,0,0,0,0,1
2018-08-25,12.0345,92.8649,35.55,73.14,983.52,147.5,2093.6,41.6,1.5,2.58,4.07,5.91,10.18,15.26,30.55,0.2,5,0,1,2,2,2
2018-08-25,23.8461,90.0203,41.36,52.83,1024.36,16.26,2250.4,22.4,2.17,3.78,6.0,9.18,16.49,20.07,34.12,0.077,1,0,0,0,1,3
2018-08-25,-6.2933,107.0483,9.54,69.46,998.08,60.64,1124.7,41.1,0.63,0.93,1.54,2.2,3.3,7.61,16.11,0.33,0,0,1,1,0,2
2018-08-26,16.4845,81.1051,9.76,81.55,949.53,144.96,509.7,23.7,0.26,0.49,0.81,1.16,1.3,2.93,5.87,0.319,0,0,0,3,0,2
2018-08-27,23.8725,90.6132,41.66,91.58,985.04,67.1,1294.6,11.2,1.24,1.64,2.63,4.18,7.32,15.28,29.38,0.221,5,0,0,1,2,3
2018-08-28,36.1031,139.2996,12.54,60.72,1002.74,63.9,1756.1,8.3,0.46,1.02,1.54,2.23,3.93,6.72,8.09,0.213,0,0,0,1,0,2
2018-08-28,30.4404,-89.9802,29.66,96.6,959.72,94.55,1914.1,30.4,7.95,15.27,29.68,36.82,47.26,81.9,168.03,0.95,0,2,2,2,0,0
2018-08-28,14.8769,120.983,12.86,67.77,967.33,27.97,226.8,19.6,3.39,8.04,12.09,19.22,22.72,52.79,102.45,0.831,0,1,1,1,0,0
2018-08-29,20.4145,86.0175,42.37,68.45,995.68,61.25,69.5,43.3,14.86,32.24,65.24,78.08,92.92,209.58,263.55,0.95,7,3,3,2,3,0
2018-08-29,13.6852,-86.931,45.16,80.95,948.32,52.84,1130.4,15.4,4.22,9.25,17.19,32.51,41.96,94.41,185.67,0.95,9,2,2,2,3,0
2018-08-29,12.134,92.8331,37.83,54.48,997.37,90.23,151.6,28.5,6.15,9.51,14.86,18.78,23.41,36.72,71.74,0.352,6,1,1,1,2,2
2018-08-30,18.0863,-65.6706,43.42,94.81,953.22,136.59,541.7,19.4,1.48,2.98,5.18,6.15,10.14,17.52,21.06,0.168,5,0,0,3,3,3
2018-08-30,18.5736,72.4177,18.27,62.09,999.1,107.66,1795.3,10.5,1.23,1.49,1.89,2.55,3.14,5.62,11.51,0.188,0,0,0,1,0,2
2018-08-31,23.3853,90.752,43.74,27.92,1025.1,3.78,1172.1,2.2,7.34,15.84,22.22,26.9,33.58,43.45,62.44,0.12,6,0,0,0,2,2
2018-08-31,14.8659,75.3522,18.89,45.66,958.24,137.49,26.0,42.4,2.97,4.75,8.79,13.24,19.19,25.56,40.63,0.29,0,1,1,3,0,1
2018-09-01,16.299,81.8383,11.26,63.58,967.34,143.65,696.8,19.4,6.43,11.1,15.7,24.15,40.77,70.12,93.46,0.771,0,1,1,3,0,0
2018-09-01,28.6283,77.1618,19.22,76.18,950.82,134.27,1200.0,21.3,3.3,6.43,8.48,14.46,18.7,42.75,86.26,0.711,0,1,1,3,0,0
2018-09-01,29.7578,-90.5279,37.1,89.01,993.58,112.66,875.0,24.1,4.58,9.5,15.03,23.07,40.3,78.92,145.42,0.95,6,1,2,2,2,0
2018-09-01,-6.5957,106.7025,42.45,52.75,1006.97,24.34,2148.1,7.7,0.75,1.0,1.48,2.28,4.08,8.78,13.88,0.05,2,0,0,0,2,3
2018-09-02,28.1212,77.687,9.62,56.06,987.33,38.69,1341.8,11.0,2.05,3.52,6.67,12.37,15.36,36.71,78.57,0.658,0,1,1,1,0,0
2018-09-02,10.1793,-66.9082,30.95,43.38,1013.56,123.57,2258.2,47.8,0.04,0.06,0.08,0.1,0.17,0.4,0.86,0.05,0,0,1,1,0,2
2018-09-03,9.9985,77.2855,44.46,36.6,999.91,57.78,1131.9,2.6,0.64,0.85,1.67,3.12,3.58,4.63,8.11,0.05,7,0,0,1,3,3
2018-09-03,10.2812,76.8363,40.59,62.97,946.45,150.98,1134.3,19.2,1.76,3.01,4.27,5.82,10.42,17.11,29.54,0.102,9,0,0,3,3,3
2018-09-03,19.4647,72.8851,25.6,97.3,998.12,25.86,17.4,44.6,4.06,5.39,10.07,12.91,21.51,41.56,55.01,0.553,0,1,2,0,0,1
2018-09-03,18.4747,-66.297,16.91,71.57,948.03,32.54,248.1,20.9,2.82,4.26,8.86,12.66,18.9,33.19,68.48,0.6,0,1,1,1,0,1
2018-09-04,11.9066,92.9807,23.76,68.08,997.01,153.06,1699.0,15.1,0.73,1.57,2.14,3.43,4.09,8.44,16.74,0.198,0,0,0,2,0,2
2018-09-05,16.0603,81.4259,36.33,88.4,948.84,30.37,932.1,17.6,1.19,1.77,2.55,3.08,3.74,7.21,10.76,0.139,9,0,0,1,2,3
2018-09-06,14.094,100.9489,36.28,36.96,1022.06,104.12,995.0,32.8,1.8,2.41,4.45,7.83,12.61,18.6,40.11,0.089,5,0,1,1,1,2
2018-09-07,35.4928,139.5471,40.81,39.0,1011.73,77.21,185.5,14.6,5.68,9.47,12.16,19.59,33.21,45.15,78.7,0.298,5,1,1,1,2,2
2018-09-07,13.0147,80.3323,36.67,51.15,978.63,123.88,301.8,44.6,2.49,4.89,7.65,12.37,19.75,44.28,90.97,0.468,2,1,2,2,1,1
2018-09-08,11.2554,92.8829,35.72,15.86,947.84,152.93,1099.2,45.0,4.58,7.55,10.08,18.98,28.64,40.98,77.11,0.229,6,0,1,3,1,2
2018-09-09,16.1228,81.4105,9.85,18.85,965.8,102.84,2219.1,13.4,10.97,20.38,33.68,39.83,70.45,151.45,182.23,0.95,0,2,2,2,0,0
2018-09-09,22.523,88.5706,30.05,91.53,948.3,44.81,138.9,9.7,0.46,0.96,1.47,2.7,3.01,5.97,12.96,0.224,0,0,0,1,0,2
2018-09-09,24.1358,90.8597,10.24,58.25,957.98,129.44,995.5,29.2,3.05,4.04,5.21,8.11,10.71,14.28,21.56,0.306,0,0,1,2,0,1
2018-09-10,18.3913,-65.6211,42.5,63.71,969.61,129.91,2377.6,35.7,0.22,0.28,0.46,0.51,0.8,0.98,2.13,0.05,5,0,1,2,2,3
2018-09-10,29.7313,-90.363,18.99,46.44,968.43,89.26,2305.0,19.0,12.07,24.0,45.98,62.83,78.98,149.44,327.39,0.95,0,3,2,2,0,0
2018-09-10,14.125,-87.2329,37.47,96.29,1027.84,133.72,104.0,2.5,1.37,3.07,5.79,9.28,11.46,27.11,56.89,0.453,3,1,0,1,2,2
2018-09-12,23.8072,90.1163,30.15,58.68,1015.31,80.32,2160.3,2.1,1.56,3.43,4.76,6.76,7.48,11.68,17.74,0.104,0,0,0,1,0,2
2018-09-12,28.567,76.7648,41.41,70.84,952.85,106.22,316.0,35.3,10.12,21.35,41.45,66.17,72.96,156.3,250.72,0.95,7,3,3,3,3,0
2018-09-12,29.9768,-90.3213,45.99,35.02,946.94,143.17,1928.8,22.1,2.66,4.26,5.66,7.44,10.05,18.76,27.81,0.05,8,0,0,3,3,3
2018-09-12,9.9877,77.3559,37.92,90.69,983.65,82.5,794.2,3.1,3.7,4.97,7.55,10.42,12.56,25.12,34.53,0.283,4,0,0,1,2,2
2018-09-12,18.982,72.4797,19.48,72.53,951.69,140.82,291.2,35.3,1.21,1.92,2.55,4.12,6.82,15.96,24.44,0.305,0,0,1,3,0,1
2018-09-13,14.9125,121.4298,30.67,91.29,951.87,136.13,1324.7,8.3,1.85,3.95,6.45,12.18,16.61,34.87,55.55,0.483,0,0,0,3,0,1
2018-09-13,14.7743,120.6789,26.95,17.3,978.31,27.61,664.2,12.5,0.16,0.28,0.47,0.73,1.04,2.33,2.88,0.05,0,0,0,1,0,2
2018-09-13,-6.0203,106.6003,24.4,23.21,948.52,105.11,1290.5,21.6,3.52,7.72,12.24,19.74,34.89,77.02,125.23,0.666,0,1,1,2,0,0
2018-09-14,20.0161,85.5837,31.13,84.28,972.42,28.87,2154.0,27.1,5.45,7.8,12.62,15.08,17.63,30.77,55.23,0.445,0,0,1,1,0,1
2018-09-14,35.7858,139.5805,15.99,54.44,1004.28,121.02,596.6,9.1,1.19,2.74,3.61,6.72,12.07,25.83,50.64,0.419,0,0,0,1,0,1
2018-09-14,23.9699,90.3416,46.71,69.7,949.19,18.0,2114.6,25.6,6.1,13.59,27.65,51.43,76.55,123.19,266.32,0.95,6,3,2,1,3,1
2018-09-14,14.751,120.8275,9.73,92.21,984.08,133.53,2067.8,3.3,5.32,11.06,13.7,25.38,39.19,54.91,72.65,0.785,0,1,1,2,0,0
2018-09-14,30.0031,-90.0332,43.43,51.63,1006.95,144.33,2178.4,3.2,0.81,1.44,2.29,3.69,6.5,8.68,14.34,0.05,1,0,0,2,2,3
2018-09-14,20.3381,85.3905,18.35,55.46,953.0,137.5,2152.0,5.8,7.52,14.19,28.08,44.99,78.37,137.29,301.79,0.95,0,3,2,3,0,0
2018-09-15,14.1861,-86.9484,24.22,75.47,970.06,21.01,272.8,24.5,1.69,2.5,3.88,5.55,8.26,10.49,22.11,0.261,0,0,0,1,0,2
2018-09-15,36.0971,140.0039,10.67,64.43,1004.99,149.02,973.1,1.7,3.23,5.0,7.95,11.85,13.57,24.2,39.36,0.442,0,0,0,2,0,1
2018-09-15,-6.1705,107.0244,40.95,31.25,1022.38,40.34,1761.8,14.0,1.34,2.11,3.95,6.1,10.48,16.44,31.1,0.05,3,0,0,0,1,3
2018-09-17,10.0235,77.5132,30.54,58.77,958.31,111.46,1686.1,46.4,1.25,2.63,4.18,6.47,10.81,15.85,24.45,0.142,0,0,1,2,0,2
2018-09-17,29.9252,-90.1206,18.7,87.95,1014.17,144.16,1101.9,37.0,3.13,4.92,10.31,11.66,14.15,32.14,40.51,0.483,0,0,1,2,0,1
2018-09-17,10.0541,-66.9734,20.58,35.26,1006.24,114.62,664.8,41.9,4.08,6.59,10.44,17.55,21.9,38.6,71.55,0.42,0,0,1,1,0,1
2018-09-18,10.0012,-66.4489,41.42,15.33,999.53,110.84,825.6,23.0,0.5,0.65,1.25,2.2,2.77,6.04,9.45,0.05,6,0,0,1,2,3
2018-09-18,22.2926,87.9001,25.58,45.87,983.27,129.69,1583.4,3.3,11.06,15.23,28.5,45.85,56.45,79.31,164.2,0.95,0,2,1,2,0,0
2018-09-18,-6.6865,107.2403,21.61,78.0,974.72,148.36,2388.0,15.5,2.49,4.65,8.0,11.19,13.61,17.22,22.5,0.299,0,0,0,2,0,1
2018-09-18,23.3957,90.8569,16.83,25.72,1023.52,110.92,1780.5,24.2,2.25,3.0,5.11,6.63,11.83,25.5,41.13,0.221,0,0,1,1,0,1
2018-09-18,23.828,90.4114,37.82,62.1,1013.46,57.1,48.5,2.7,5.55,9.39,19.52,34.44,38.27,85.88,121.34,0.697,5,2,1,1,2,1
2018-09-19,14.1884,100.1074,9.73,63.89,990.62,13.95,2263.7,5.2,6.75,8.1,16.15,18.02,29.38,48.01,93.05,0.784,0,1,1,0,0,0
2018-09-19,20.5754,86.0698,24.06,42.4,946.08,91.54,796.8,12.5,7.81,11.52,18.03,33.53,38.77,90.18,143.41,0.87,0,1,1,2,0,0
2018-09-19,14.9312,75.8205,32.04,88.49,964.17,28.36,2194.2,34.8,4.35,6.97,12.3,20.68,31.44,65.5,117.25,0.844,0,1,2,1,0,0
2018-09-19,16.3762,81.2955,11.56,88.82,987.41,112.94,562.5,24.4,0.83,1.81,3.43,4.18,4.82,10.55,13.82,0.385,0,0,1,2,0,1
2018-09-20,29.7949,-89.8399,18.35,71.14,994.52,17.97,2265.0,7.5,0.22,0.34,0.42,0.47,0.71,1.61,2.58,0.173,0,0,0,0,0,2
2018-09-20,13.5443,100.2954,19.59,31.41,1023.86,86.75,828.8,2.6,0.63,1.21,2.01,3.43,5.78,9.69,12.61,0.05,0,0,0,1,0,2
2018-09-20,26.0637,-80.3983,42.66,30.12,949.35,22.73,1714.6,42.8,4.41,7.23,12.61,19.01,27.84,60.99,131.47,0.571,6,1,2,1,2,1
2018-09-21,-5.866,106.3807,33.56,91.93,994.78,124.25,2343.3,41.4,2.86,4.68,7.65,13.57,23.03,51.01,91.68,0.686,0,1,2,2,1,1
2018-09-21,10.2772,77.395,8.9,57.92,952.97,15.77,685.2,12.0,0.51,0.97,1.94,3.56,4.64,10.38,22.5,0.323,0,0,0,1,0,1
2018-09-22,14.569,120.894,33.74,37.59,1023.24,49.2,516.6,46.7,0.91,1.68,2.51,2.92,5.16,8.51,15.7,0.05,0,0,1,0,0,2
2018-09-22,28.8078,77.1573,18.08,93.73,985.91,133.08,1386.1,40.6,0.04,0.06,0.09,0.12,0.21,0.35,0.76,0.266,0,0,1,2,0,2
2018-09-22,18.0473,-65.6739,22.17,67.25,1000.93,34.24,2009.0,14.3,0.72,1.22,2.27,4.25,7.08,16.49,22.11,0.242,0,0,0,0,0,2
2018-09-23,10.3527,-67.1735,16.18,88.51,979.37,117.11,1377.9,36.3,1.35,2.84,5.43,6.43,7.48,17.82,23.49,0.402,0,0,1,2,0,1
2018-09-23,25.2914,-79.9635,41.97,43.41,1008.89,87.89,2119.0,25.6,2.55,4.83,9.05,16.94,19.51,24.66,52.71,0.145,7,0,1,1,2,2
2018-09-24,14.9021,121.4081,46.46,67.61,974.38,4.58,1164.9,10.3,3.65,6.93,9.97,11.52,18.76,35.69,72.88,0.34,9,0,0,0,3,2
2018-09-25,9.9574,76.788,8.41,28.74,1005.15,2.68,1256.3,20.2,0.46,0.93,1.7,2.86,4.68,7.38,16.19,0.155,0,0,0,0,0,2
2018-09-25,29.4789,-90.5176,37.07,49.81,991.74,124.59,608.9,20.1,4.58,10.54,15.4,24.61,43.46,85.99,179.96,0.95,8,2,2,2,2,0
2018-09-25,11.3176,93.0251,23.33,53.64,975.4,63.51,14.8,1.7,5.53,8.05,14.06,22.81,36.24,69.47,127.05,0.826,0,2,1,1,0,0
2018-09-25,25.684,-80.2486,23.94,86.14,972.86,26.39,665.4,14.8,3.49,7.52,10.41,12.19,15.3,23.8,35.22,0.394,0,0,0,1,0,1
2018-09-26,13.5957,100.8955,23.19,87.86,946.55,130.2,2284.0,17.9,1.17,1.64,2.03,3.33,4.06,9.23,15.28,0.284,0,0,0,3,0,2
2018-09-26,14.2964,-86.8004,10.49,62.34,998.51,74.4,2185.2,35.8,0.14,0.26,0.54,0.68,1.04,1.59,2.5,0.204,0,0,1,1,0,2
2018-09-26,25.5816,-80.2012,31.42,47.68,1000.95,76.14,380.0,45.6,0.96,1.8,2.26,4.15,7.26,11.89,15.71,0.05,0,0,1,1,0,2
2018-09-27,13.4304,100.4796,21.38,57.26,1003.84,89.11,1926.2,30.4,5.43,11.06,15.19,17.35,30.06,70.18,135.23,0.911,0,1,2,1,0,0
2018-09-27,36.0147,139.937,11.17,44.68,1008.08,17.38,1613.7,42.8,0.69,1.54,1.92,3.14,5.19,9.0,12.63,0.18,0,0,1,0,0,2
2018-09-28,22.5472,88.4646,35.77,90.88,967.2,37.7,252.4,13.2,2.69,5.92,8.59,13.72,19.7,30.46,52.1,0.414,1,1,1,1,1,2
2018-09-28,25.9675,-79.7153,31.79,61.52,1020.92,105.19,970.2,41.5,0.7,1.3,2.67,4.27,7.14,14.17,28.9,0.171,0,0,1,1,0,2
2018-09-28,14.1232,100.4912,45.49,41.85,1007.12,50.12,2029.9,21.3,2.09,4.44,7.31,9.6,17.25,33.54,61.89,0.163,2,0,1,0,2,3
2018-09-29,18.9447,-66.5825,44.28,92.04,1007.06,92.56,1658.6,12.5,2.35,4.33,5.44,9.75,13.84,31.54,50.15,0.329,2,0,0,1,2,2
2018-09-29,18.5652,-65.6112,37.0,94.11,986.13,89.67,883.7,21.5,3.48,7.82,16.09,24.69,40.68,84.77,122.66,0.858,1,1,2,1,1,0
2018-09-29,15.7502,75.2278,35.73,76.68,947.82,4.98,773.4,24.8,7.23,10.25,15.74,22.8,32.86,67.23,141.85,0.91,3,1,2,1,1,0
2018-09-29,19.9639,86.015,13.49,43.85,998.0,77.86,278.0,4.6,5.32,7.38,10.0,17.65,26.98,51.95,87.24,0.622,0,1,1,1,0,0
2018-09-29,35.5632,139.7406,11.06,60.19,1003.87,27.6,1874.0,28.2,10.64,13.31,19.15,30.28,39.59,81.45,159.56,0.95,0,1,2,0,0,0
2018-09-30,10.3893,-66.9382,24.29,46.12,991.78,62.35,176.0,46.5,9.12,11.37,19.06,31.83,48.6,78.93,158.12,0.95,0,2,3,1,0,0
2018-09-30,10.1045,-66.5737,25.15,90.77,981.61,71.11,2076.5,14.1,2.36,3.3,6.47,7.31,10.15,15.55,22.66,0.326,0,0,0,1,0,1
2018-09-30,30.3433,-90.3703,14.51,69.41,1004.0,139.5,569.2,21.1,12.41,21.27,34.32,45.67,78.08,127.95,234.86,0.95,0,2,2,2,0,0
2018-10-01,10.0652,-67.0318,26.09,78.45,952.86,92.85,34.4,12.9,3.83,5.38,7.43,8.54,13.86,24.08,50.28,0.434,0,1,0,2,0,1
2018-10-01,13.3322,80.2097,16.18,86.42,1020.93,117.52,1417.1,11.5,1.12,1.76,3.34,4.35,7.75,16.71,36.76,0.475,0,0,0,1,0,1
2018-10-01,20.4163,85.404,11.29,47.78,987.93,130.37,1751.0,18.0,3.71,7.02,9.22,11.87,15.89,22.8,30.78,0.307,0,0,0,2,0,1
2018-10-02,-6.6811,106.5798,40.54,81.85,945.42,75.27,103.3,15.1,5.7,13.3,18.86,21.07,29.11,46.64,87.54,0.551,8,1,1,2,3,1
2018-10-03,13.6243,100.7364,8.09,76.23,991.97,18.8,1951.6,26.0,0.42,0.58,1.13,1.56,2.61,3.35,4.84,0.303,0,0,0,0,0,2
2018-10-04,13.1681,79.9083,27.62,41.22,1005.53,135.84,2253.0,38.7,6.65,12.37,24.04,32.28,44.51,70.34,117.28,0.669,0,1,2,2,0,0
2018-10-04,28.6451,77.2115,8.71,35.8,964.02,40.23,1286.4,28.1,8.39,13.95,28.37,46.0,79.99,175.99,332.2,0.95,0,3,3,1,0,0
2018-10-04,10.4206,77.2402,43.3,54.34,969.71,102.19,509.8,43.6,6.74,11.85,16.25,24.33,29.3,44.65,75.13,0.323,1,0,1,2,2,2
2018-10-05,13.9108,100.7545,14.97,48.18,1027.11,94.11,1475.8,46.8,2.47,2.97,3.65,6.0,7.49,13.29,23.28,0.228,0,0,1,1,0,2
2018-10-05,28.9168,76.7424,21.35,18.46,994.08,20.39,889.1,47.6,1.78,3.94,7.78,10.19,15.46,36.13,65.26,0.298,0,0,1,0,0,1
2018-10-05,23.0677,88.3123,14.87,59.2,990.65,152.57,1440.7,32.2,0.84,1.12,1.95,3.49,5.27,9.12,16.22,0.235,0,0,1,2,0,2
2018-10-05,28.1994,77.3611,40.77,45.86,948.56,123.48,1546.8,38.6,1.5,1.83,2.32,2.76,4.59,7.17,15.76,0.05,4,0,1,2,2,3
2018-10-05,10.4059,76.776,12.29,66.55,948.9,143.29,1110.0,43.7,6.34,7.64,12.33,22.32,30.37,48.22,90.92,0.759,0,1,2,3,0,0
2018-10-05,16.2156,81.4783,14.4,33.2,1024.92,108.55,1628.5,24.5,2.7,4.18,5.6,9.66,13.81,20.81,38.14,0.258,0,0,1,1,0,1
2018-10-05,29.7321,-89.9254,31.75,91.59,947.59,101.52,1885.0,24.7,11.82,14.73,24.63,33.26,59.25,139.14,180.45,0.95,0,2,2,3,0,0
2018-10-06,14.437,-86.8641,30.68,89.86,949.91,45.74,511.7,6.3,0.02,0.03,0.06,0.1,0.16,0.36,0.78,0.134,0,0,0,1,0,2
2018-10-06,-6.2627,107.0307,32.04,85.32,976.63,41.59,1245.9,30.1,1.91,4.3,7.19,8.12,10.2,17.76,33.7,0.307,0,0,1,1,0,2
2018-10-06,24.1859,90.4491,44.31,47.52,990.38,83.4,1417.9,3.4,1.57,3.25,4.49,5.67,6.28,10.83,22.56,0.05,6,0,0,1,3,3
2018-10-06,16.8974,81.1616,45.06,49.69,1024.07,53.78,835.8,34.1,0.36,0.61,0.94,1.06,1.4,2.35,2.96,0.05,3,0,0,0,2,3
2018-10-06,22.0793,88.458,25.69,32.24,1009.59,74.53,1721.5,44.2,1.53,3.48,4.8,6.13,9.59,12.69,21.0,0.05,0,0,1,1,0,2
2018-10-06,-6.2421,106.9072,45.83,67.66,1008.42,14.82,387.4,35.3,1.98,3.44,5.08,8.06,9.91,19.35,26.58,0.057,2,0,1,0,2,3
2018-10-07,14.0504,-86.7438,45.41,74.4,1010.42,109.73,1416.2,21.9,6.84,16.06,26.49,48.88,73.73,136.11,225.19,0.95,4,2,2,1,3,0
2018-10-07,22.6469,88.4239,22.15,60.38,1014.71,21.51,1920.9,41.5,0.57,1.27,2.66,4.47,7.37,17.64,31.85,0.272,0,0,1,0,0,1
2018-10-08,30.0629,-89.6117,37.7,92.35,966.85,81.22,996.3,13.5,0.15,0.32,0.59,0.92,1.64,3.67,6.47,0.117,2,0,0,1,1,3
2018-10-08,10.4527,76.576,9.21,52.78,977.76,16.1,905.4,38.9,0.52,1.24,1.55,2.06,3.38,5.51,9.26,0.214,0,0,1,0,0,2
2018-10-09,17.9809,-65.8078,35.95,28.25,996.59,5.52,1043.6,14.1,22.75,52.49,69.96,128.3,178.74,338.17,586.31,0.95,6,3,3,1,1,0
2018-10-09,29.0967,77.3193,26.97,39.77,997.96,46.09,567.9,35.2,0.14,0.18,0.22,0.27,0.31,0.74,1.1,0.05,0,0,0,0,0,2
2018-10-10,25.2998,-80.0859,13.46,37.98,1025.64,52.7,1157.9,9.8,3.3,5.07,7.03,10.64,11.75,14.21,20.16,0.176,0,0,0,0,0,2
2018-10-10,-6.5637,106.9456,43.37,19.93,987.4,59.59,736.3,34.5,1.44,1.77,2.46,3.28,4.02,8.51,15.37,0.05,7,0,1,1,2,3
2018-10-10,13.7924,-87.2766,15.53,38.9,1018.39,14.37,1684.9,32.9,12.53,29.66,48.42,78.77,95.24,140.13,246.41,0.95,0,3,3,0,0,0
2018-10-11,26.1408,-80.6454,39.45,19.22,973.27,63.34,1719.7,14.5,0.99,1.33,2.79,4.12,4.67,6.03,8.01,0.05,1,0,0,1,1,3
2018-10-11,13.9337,100.2039,36.72,79.01,973.7,15.65,1847.7,41.8,11.67,18.45,24.2,44.77,61.78,81.07,137.72,0.886,7,2,2,1,2,0
2018-10-12,-6.0686,106.4704,24.6,17.95,1018.78,27.01,2126.7,41.5,2.1,3.77,5.55,10.53,16.53,38.72,62.52,0.249,0,0,1,0,0,1
2018-10-12,11.7641,93.0781,12.05,17.27,1026.05,148.34,1014.6,2.9,3.38,5.25,10.73,18.62,28.95,44.62,84.83,0.499,0,1,0,2,0,0
2018-10-12,22.8971,88.2715,36.16,26.24,946.66,14.08,1383.0,18.4,0.44,0.78,1.29,2.23,3.49,6.14,9.36,0.05,1,0,0,1,1,3
2018-10-13,16.5738,81.65,39.6,70.11,1001.39,42.15,28.6,21.9,1.66,3.88,4.91,8.45,11.57,25.4,43.05,0.228,1,1,1,0,1,2
2018-10-14,12.9126,80.0425,17.71,61.32,951.39,15.4,167.3,10.5,2.13,4.89,7.4,11.88,17.69,24.31,40.72,0.372,0,1,0,1,0,1
2018-10-14,20.7446,85.6764,14.84,47.14,975.75,41.68,2393.1,21.8,1.09,1.84,2.67,3.69,4.38,5.26,8.9,0.135,0,0,0,1,0,2
2018-10-14,11.4128,92.6366,24.39,93.31,1019.91,135.44,172.9,41.1,5.33,7.06,9.15,10.81,11.98,22.26,48.38,0.505,0,1,1,1,0,1
2018-10-16,-5.7746,106.4084,46.72,95.2,958.05,107.24,1229.3,13.4,5.78,8.49,15.31,25.86,35.74,44.51,67.65,0.431,4,1,1,2,3,2
2018-10-16,19.2868,72.8078,24.17,73.67,992.71,119.83,764.0,30.2,7.59,9.74,17.9,29.94,49.58,75.5,122.05,0.878,0,1,2,2,0,0
2018-10-16,10.4477,-67.1272,25.75,61.14,978.53,72.4,38.4,14.0,2.01,3.94,6.32,8.66,11.88,17.71,37.62,0.279,0,1,0,1,0,1
2018-10-17,18.9108,-66.3798,11.66,37.96,962.06,56.09,1838.3,45.6,7.39,16.33,25.73,44.81,73.67,110.29,161.29,0.95,0,2,3,2,0,0
2018-10-17,9.9948,-67.3393,17.43,22.69,1020.56,51.99,414.1,45.8,1.43,3.0,4.22,7.1,8.96,17.61,28.9,0.125,0,0,1,0,0,2
2018-10-17,13.6993,100.1129,42.23,67.79,1027.5,53.21,1545.2,20.7,3.65,5.52,8.52,15.73,20.49,39.85,84.43,0.452,3,0,1,0,2,2
2018-10-17,30.195,-90.1109,19.39,44.44,1014.08,120.96,978.3,5.2,1.18,2.45,4.61,6.27,11.02,19.86,41.28,0.284,0,0,0,1,0,1
2018-10-18,35.6577,139.2136,14.81,75.82,970.31,76.71,1572.3,26.3,3.8,6.03,12.46,18.28,24.23,37.69,46.84,0.503,0,0,1,2,0,1
2018-10-18,-6.1276,106.8267,45.59,66.81,959.37,19.87,889.6,15.1,1.15,2.03,4.1,6.37,9.33,20.23,24.36,0.05,1,0,0,1,2,3
2018-10-19,13.0159,80.7554,32.95,68.48,958.31,38.49,1109.9,9.4,3.08,5.49,9.15,11.05,16.16,20.35,42.36,0.276,0,0,0,1,0,2
2018-10-19,28.6062,76.771,8.94,43.92,984.68,100.64,1215.9,7.7,9.42,18.65,27.7,51.88,89.12,122.29,226.9,0.95,0,3,2,2,0,0
2018-10-19,29.1066,76.857,35.05,56.55,961.18,137.01,198.6,18.1,1.35,3.17,4.14,7.5,10.65,13.39,25.83,0.1,8,0,0,2,2,2
2018-10-20,29.9447,-90.0405,35.97,45.44,979.69,95.32,1126.5,36.0,3.17,4.66,9.24,11.76,18.81,40.45,76.38,0.357,5,0,1,2,1,1
2018-10-22,13.6765,-87.6302,18.99,33.18,1021.87,89.47,253.0,9.7,23.62,33.89,59.29,85.15,146.45,308.45,554.27,0.95,0,3,3,1,0,0
2018-10-22,25.3989,83.3862,39.98,84.88,983.53,76.75,801.5,24.0,1.0,2.23,3.18,4.15,7.17,13.18,17.2,0.13,9,0,0,1,3,3
2018-10-22,35.8746,139.7329,43.37,92.43,965.28,151.56,2366.3,3.6,0.01,0.01,0.02,0.03,0.04,0.06,0.08,0.05,6,0,0,3,3,3
2018-10-22,20.3062,86.2005,25.66,25.26,998.76,87.24,916.3,16.2,0.71,0.98,1.47,1.67,2.35,4.52,9.68,0.05,0,0,0,1,0,2
2018-10-23,10.5369,76.7428,13.98,64.86,999.55,66.1,1141.1,42.8,3.63,6.52,8.58,9.49,11.27,26.46,51.97,0.493,0,0,1,1,0,1
2018-10-23,28.7216,76.8821,32.47,96.37,1005.42,15.88,412.0,2.7,4.73,6.4,11.5,17.76,27.41,49.62,60.19,0.519,0,1,0,0,1,1
2018-10-24,14.5273,-87.6023,38.4,77.51,966.4,49.46,1149.4,1.4,1.24,2.19,2.84,3.41,4.86,10.09,20.52,0.131,2,0,0,1,1,3
2018-10-25,10.8384,-66.5904,45.81,85.48,1022.01,113.76,1968.9,14.2,3.87,5.6,7.07,11.05,18.21,23.66,32.68,0.176,4,0,0,1,3,3
2018-10-25,9.9299,77.4371,8.15,78.01,954.57,89.92,549.9,46.3,7.3,13.98,18.99,32.78,48.0,92.83,178.04,0.95,0,2,3,2,0,0
2018-10-25,19.9487,85.4943,40.58,72.71,983.58,31.66,1033.8,10.3,1.18,1.82,3.43,5.17,8.56,19.28,34.93,0.18,3,0,0,1,2,2
2018-10-26,-5.9733,106.5735,20.75,79.85,986.43,26.94,761.8,28.6,3.76,6.99,10.1,15.91,21.2,31.16,66.85,0.592,0,1,1,1,0,1
2018-10-26,28.6713,76.8651,40.68,91.48,994.55,136.91,204.6,11.3,1.34,2.85,4.66,6.42,7.77,16.88,20.6,0.175,4,0,0,2,2,3
2018-10-26,23.8862,90.0641,41.66,62.7,999.55,93.01,1398.9,9.3,0.94,1.78,2.78,4.26,5.44,9.56,12.84,0.05,5,0,0,1,2,3
2018-10-26,30.1472,-90.5675,37.97,46.5,990.2,46.79,567.6,37.5,5.53,12.19,24.0,34.3,57.15,92.3,115.61,0.589,1,1,2,1,1,1
2018-10-27,23.9786,90.2983,10.19,48.92,949.37,86.23,738.9,25.8,0.5,1.16,2.33,2.92,3.91,7.57,9.81,0.191,0,0,0,2,0,2
2018-10-27,25.0265,82.9907,25.47,62.67,1005.53,32.02,178.7,41.2,2.39,3.23,5.83,7.45,8.62,13.27,19.86,0.177,0,0,1,0,0,2
2018-10-27,14.1464,-87.677,35.78,37.98,979.86,129.31,108.9,1.6,0.91,1.84,2.6,4.66,6.27,9.66,13.84,0.05,1,0,0,2,1,3
2018-10-27,15.2562,75.5466,39.48,37.15,991.53,62.12,412.9,3.9,2.86,3.77,6.96,12.79,15.52,27.39,53.1,0.142,8,0,0,1,2,2
2018-10-27,23.5958,90.2146,45.21,42.34,978.83,119.99,1038.7,44.5,2.45,3.96,8.21,11.83,14.93,21.1,46.32,0.071,7,0,1,2,3,3
2018-10-27,18.9315,-65.8356,39.55,51.7,1015.92,118.24,1245.7,34.7,9.69,17.89,23.87,37.11,42.04,73.34,104.37,0.528,9,1,2,1,3,1
2018-10-28,9.8952,77.0334,29.52,35.45,962.34,117.19,32.7,43.9,0.07,0.14,0.24,0.38,0.54,1.2,2.23,0.05,0,0,1,2,0,2
2018-10-28,-6.5789,107.3311,42.18,27.92,953.1,132.54,1316.6,32.9,6.12,9.84,18.45,29.61,33.09,68.31,105.49,0.403,6,1,1,3,2,1
2018-10-29,25.1418,82.733,9.49,85.91,1024.79,38.15,2164.9,43.5,3.45,6.24,11.84,17.93,29.06,38.11,56.6,0.658,0,1,2,0,0,1
2018-10-29,29.9864,-89.8636,36.24,79.7,983.8,23.15,1013.8,36.1,6.78,8.8,12.49,23.35,32.75,42.08,59.07,0.402,5,1,1,1,2,2
2018-10-29,25.74,83.1992,16.4,36.79,992.85,85.89,658.7,33.5,7.7,9.64,15.19,23.92,36.13,44.2,62.35,0.408,0,1,1,1,0,1
2018-10-29,18.559,-66.2841,39.61,21.6,961.46,96.26,722.4,10.6,1.54,2.04,3.47,4.6,7.85,9.73,15.09,0.05,1,0,0,2,1,3
2018-10-29,15.1865,76.1135,12.41,24.0,1005.12,23.68,1123.6,17.5,2.8,5.73,10.41,15.74,22.43,37.62,77.57,0.481,0,1,1,0,0,1
2018-10-29,11.794,92.3446,15.06,59.88,982.37,72.54,1127.6,42.4,5.98,11.69,21.57,24.47,39.66,70.73,107.35,0.806,0,1,2,1,0,0
2018-10-30,10.3352,-66.9661,31.4,65.94,1015.76,141.09,138.9,3.7,5.25,10.68,14.9,20.22,30.89,66.31,119.57,0.762,0,2,1,2,0,0
2018-10-30,25.0541,83.3009,30.25,17.52,1022.27,107.5,1624.3,10.7,3.76,6.29,11.23,13.31,20.77,49.83,62.2,0.193,0,0,0,1,0,1
2018-10-30,25.5753,83.1026,37.57,30.33,1015.64,28.86,1834.7,29.1,6.79,14.29,17.15,19.7,22.11,48.65,87.37,0.342,5,0,1,0,1,1
2018-10-31,10.3745,77.1309,46.41,53.61,980.95,44.2,1600.6,22.9,0.64,1.14,1.75,3.17,5.2,10.62,16.22,0.05,2,0,0,1,2,3
2018-10-31,24.0409,90.3768,43.2,46.6,988.05,115.58,116.1,3.1,0.83,1.14,1.37,2.19,3.63,8.53,14.0,0.05,4,0,0,2,2,3
2018-11-02,25.7929,83.215,18.46,38.57,959.87,122.03,753.2,25.9,4.67,11.03,22.27,28.28,48.81,108.13,132.99,0.839,0,1,2,3,0,0
2018-11-03,29.8178,-90.5446,46.42,82.22,983.2,140.28,984.8,25.4,2.27,3.94,7.48,11.38,15.04,22.71,28.11,0.127,5,0,1,2,3,3
2018-11-03,18.4198,-66.2689,33.44,96.59,967.89,118.92,1585.6,29.6,4.75,7.15,10.76,16.66,23.45,48.46,96.95,0.741,0,1,1,2,1,1
2018-11-03,13.693,-87.054,31.43,72.36,991.58,121.7,2342.0,26.3,1.89,4.22,8.75,10.53,15.84,34.07,59.05,0.412,0,0,1,2,0,1
2018-11-03,24.3019,90.8109,8.47,46.47,998.52,99.42,131.2,44.6,0.99,2.25,3.13,4.86,6.73,12.77,21.68,0.27,0,0,1,1,0,2
2018-11-04,19.9865,86.0884,32.14,33.91,985.07,50.57,1176.3,40.2,0.88,1.48,2.37,3.72,4.29,6.21,9.92,0.05,0,0,1,1,0,2
2018-11-04,25.9895,-80.1168,34.24,33.3,963.11,135.73,600.7,13.0,0.0,0.0,0.0,0.0,0.0,0.0,0.0,0.05,0,0,0,2,0,3
2018-11-04,10.725,-66.5094,27.67,75.91,1003.27,129.77,2073.7,22.7,6.96,13.81,25.1,31.09,39.53,80.06,117.34,0.827,0,1,2,2,0,0
2018-11-04,28.2497,76.73,35.48,31.75,1000.89,150.4,227.2,32.4,2.05,4.6,6.25,10.34,17.44,40.7,76.65,0.301,2,1,1,2,1,1
2018-11-04,24.2533,90.7206,37.2,43.36,1008.24,76.21,1531.7,46.3,2.23,3.8,7.66,13.96,25.05,46.62,71.99,0.309,8,0,2,1,2,2
2018-11-05,25.5594,83.1653,33.89,54.78,953.9,149.22,190.2,8.6,5.99,10.71,14.57,19.36,34.77,66.09,105.85,0.602,0,1,1,3,0,1
2018-11-05,10.4143,-66.9295,8.91,26.47,1016.17,117.65,1917.7,13.6,0.94,1.17,1.9,2.67,4.5,9.08,12.21,0.116,0,0,0,1,0,2
2018-11-05,10.5724,76.998,40.28,31.25,983.36,99.57,1680.8,5.8,7.07,15.43,22.92,33.95,46.47,110.47,197.08,0.95,1,2,2,2,1,0
2018-11-05,-5.997,107.2685,24.66,82.34,1000.7,4.56,430.0,11.3,1.93,3.67,5.12,7.2,10.86,18.03,24.22,0.301,0,0,0,0,0,1
2018-11-05,11.932,93.0582,24.36,95.13,1001.76,123.18,704.0,4.3,2.34,3.69,5.1,9.5,13.4,18.89,26.42,0.376,0,0,0,1,0,1
2018-11-05,24.1196,90.7661,28.95,61.18,998.8,118.61,2254.4,38.6,9.54,20.84,25.88,30.9,53.13,65.52,130.66,0.832,0,1,2,2,0,0
2018-11-06,10.198,-66.8769,42.27,16.81,968.92,9.44,1563.6,5.3,6.54,12.92,15.84,26.48,45.11,89.92,110.65,0.384,5,1,1,1,2,1
2018-11-07,18.656,72.8814,34.5,83.02,994.76,151.68,1186.1,29.0,0.92,1.48,2.69,4.25,5.77,7.7,11.88,0.138,0,0,0,2,1,2
2018-11-07,10.14,76.754,17.64,69.75,953.59,36.64,23.5,24.8,5.39,9.77,14.23,25.19,36.26,73.52,160.75,0.95,0,2,2,1,0,0
2018-11-07,19.456,72.9859,26.02,97.2,945.02,30.38,922.7,44.8,0.25,0.3,0.37,0.43,0.48,0.85,1.51,0.215,0,0,1,1,0,2
2018-11-08,14.1316,100.7691,20.32,15.42,1021.68,46.97,434.9,4.8,0.17,0.38,0.51,0.81,1.26,1.99,4.05,0.05,0,0,0,0,0,2
2018-11-08,16.8641,81.4668,12.7,37.56,950.85,80.03,217.9,38.3,0.14,0.25,0.39,0.49,0.74,1.23,1.72,0.066,0,0,1,2,0,2
2018-11-09,11.7261,92.8479,10.57,20.54,1021.57,115.91,822.1,1.7,3.29,4.93,6.17,10.51,18.75,39.31,51.58,0.32,0,0,0,1,0,1
2018-11-09,25.3856,82.6315,15.75,41.15,963.64,12.58,1986.3,12.6,2.24,2.8,5.12,6.99,11.33,19.2,26.8,0.211,0,0,0,1,0,2
2018-11-09,16.9506,81.9823,27.3,76.61,1008.94,78.44,733.9,46.8,3.81,6.44,9.35,15.75,20.0,28.12,48.64,0.404,0,0,1,1,0,1
2018-11-09,36.0593,139.7636,41.58,34.95,978.09,79.67,120.4,33.2,0.73,1.17,1.84,2.96,3.39,5.45,8.04,0.05,5,0,0,1,2,3
2018-11-09,15.2644,75.8332,8.77,88.69,952.62,29.18,2310.8,24.3,7.25,16.5,34.49,39.06,44.42,63.47,117.83,0.95,0,1,2,2,0,0
2018-11-09,-5.8681,106.6503,28.31,96.13,1026.66,93.58,2106.2,48.0,6.63,13.18,25.84,30.13,46.53,67.93,89.4,0.738,0,1,2,1,0,0
2018-11-10,29.022,77.55,10.12,63.41,979.5,112.78,642.3,29.3,2.83,5.19,6.77,10.1,15.0,34.7,57.63,0.556,0,0,1,2,0,1
2018-11-10,15.3148,75.9071,40.48,21.0,1002.33,83.71,911.2,16.7,3.39,7.69,12.66,22.28,30.78,40.72,51.37,0.05,6,0,0,1,2,2
2018-11-11,-5.9924,106.8652,11.08,89.57,998.27,133.15,1863.0,3.7,0.85,1.99,3.22,5.63,8.46,18.51,35.81,0.53,0,0,0,2,0,1
2018-11-11,-5.9502,106.5119,13.46,84.9,969.84,12.32,1202.4,42.2,1.15,2.0,3.12,3.55,6.06,12.79,16.57,0.367,0,0,1,1,0,1
2018-11-11,25.2287,83.0646,43.86,92.03,996.08,61.5,1458.8,30.3,3.41,7.09,8.94,10.57,13.72,22.22,40.84,0.275,6,0,1,1,3,3
2018-11-11,22.1171,88.234,32.02,26.0,962.1,70.97,126.4,13.4,4.25,9.79,19.93,30.21,39.83,91.8,182.37,0.95,0,2,2,2,0,0
2018-11-11,18.1104,-66.134,30.25,51.71,991.18,81.19,2061.3,31.5,0.73,0.93,1.47,1.64,2.17,3.56,5.61,0.05,0,0,0,1,0,2
2018-11-12,13.6936,-87.3414,28.32,58.97,981.3,28.59,286.7,5.5,0.42,0.65,0.78,0.9,1.29,1.83,2.68,0.05,0,0,0,1,0,2
2018-11-12,25.3972,-80.1183,10.45,65.48,960.7,16.02,853.2,32.2,0.45,0.8,1.25,1.8,3.17,5.13,11.24,0.273,0,0,1,1,0,2
2018-11-12,28.6187,77.5006,13.85,78.98,985.83,141.18,1716.7,37.0,0.45,0.59,1.16,1.49,2.54,3.48,5.25,0.266,0,0,1,2,0,2
2018-11-13,-6.1249,107.2028,44.18,78.85,1014.01,22.36,1900.8,21.1,0.08,0.1,0.18,0.25,0.43,0.89,1.09,0.05,5,0,0,0,3,3
2018-11-13,23.6125,90.6035,15.36,72.21,950.47,73.68,1590.9,36.9,2.12,4.15,7.0,7.99,12.94,18.2,22.42,0.329,0,0,1,2,0,1
2018-11-13,13.618,100.0776,36.24,90.37,964.56,140.96,744.1,46.9,1.16,2.72,3.4,5.67,8.35,14.81,21.08,0.213,1,0,1,2,1,2
2018-11-13,10.5636,76.9173,24.54,97.74,1019.98,8.29,1870.1,29.0,0.09,0.16,0.21,0.38,0.42,0.94,2.01,0.234,0,0,0,0,0,2
2018-11-14,18.1583,-65.957,26.82,28.1,1002.58,90.07,1779.2,3.5,11.7,14.04,20.96,34.45,38.98,50.67,64.69,0.288,0,1,0,1,0,1
2018-11-14,15.6093,75.2385,39.26,97.83,985.34,34.25,2034.8,19.2,1.11,1.99,3.92,5.04,7.04,12.2,24.8,0.243,4,0,0,1,2,2
2018-11-14,10.391,76.9628,42.56,52.07,1007.25,77.94,2111.4,36.1,0.31,0.65,0.94,1.62,2.86,6.62,8.77,0.05,9,0,1,1,3,3
2018-11-15,18.9223,73.0922,30.11,96.72,1017.88,27.27,143.2,21.7,2.76,5.93,7.97,14.63,21.95,48.54,98.85,0.784,0,1,1,0,0,0
2018-11-15,22.3835,88.1891,32.61,75.45,1013.13,135.6,61.1,38.3,3.3,6.07,10.72,19.36,28.69,40.01,65.49,0.456,0,1,1,2,0,1
2018-11-15,13.2315,80.4661,40.33,38.93,945.98,120.62,1526.3,37.4,2.71,4.75,6.64,7.72,11.04,24.75,31.17,0.05,3,0,1,3,1,3
2018-11-15,10.6954,-67.3308,40.5,35.75,995.59,91.53,888.6,23.6,1.32,1.81,2.52,2.98,4.7,9.37,20.15,0.05,6,0,0,1,2,3
2018-11-15,22.5471,88.2134,29.04,93.12,976.28,43.63,693.6,30.7,3.24,6.04,8.28,10.85,14.13,31.64,63.83,0.558,0,0,1,1,0,1
2018-11-16,10.0747,-66.6679,16.91,50.11,1015.24,104.54,1759.2,28.4,2.09,4.41,5.56,9.11,16.38,34.99,52.15,0.4,0,0,1,1,0,1
2018-11-16,22.3468,88.8238,19.1,52.12,953.36,114.53,12.6,33.7,1.28,2.09,2.83,5.3,6.03,9.28,12.5,0.141,0,1,1,2,0,2
2018-11-17,23.7794,90.4474,44.19,15.87,967.1,61.3,189.8,2.2,17.64,34.84,50.22,70.33,112.18,154.16,250.5,0.95,7,3,2,2,2,0
2018-11-17,15.4543,75.3097,28.59,84.42,971.23,60.97,1296.2,42.6,3.05,4.42,5.66,6.66,11.76,25.72,50.56,0.44,0,0,1,1,0,1
2018-11-17,28.6173,76.8418,40.99,32.13,1004.0,113.96,426.6,21.1,3.39,4.17,6.52,7.98,11.81,26.12,45.05,0.055,2,0,0,1,1,3
2018-11-17,24.2794,90.2527,36.94,20.47,1023.22,130.67,2311.5,12.3,2.3,3.29,5.2,6.73,11.42,15.37,21.9,0.05,5,0,0,1,1,3
2018-11-18,10.3189,-66.4288,14.74,88.53,999.32,148.32,1920.5,37.0,2.42,5.29,8.31,14.64,23.87,48.08,73.55,0.728,0,1,2,2,0,0
2018-11-18,35.4006,139.7369,35.88,66.89,1011.25,12.48,505.8,7.8,0.74,0.98,1.67,2.63,4.45,7.57,13.11,0.06,2,0,0,0,1,3
2018-11-18,29.9382,-90.0465,9.86,86.66,967.0,18.88,1039.3,43.2,0.12,0.23,0.34,0.54,0.69,1.63,2.14,0.318,0,0,1,1,0,2
2018-11-18,20.116,86.1535,35.97,69.81,985.15,125.14,1477.6,11.3,1.2,2.63,5.38,8.28,11.34,22.11,37.22,0.223,5,0,0,2,2,2
2018-11-18,18.5249,-65.8053,28.62,95.17,961.85,4.57,1183.1,3.3,0.21,0.26,0.46,0.74,0.95,1.65,2.67,0.189,0,0,0,1,0,2
2018-11-19,15.5896,75.6194,42.98,88.61,956.76,77.53,63.6,13.9,5.85,13.87,28.05,31.81,55.63,121.67,251.58,0.95,3,3,2,2,2,0
2018-11-20,11.4181,92.5611,20.06,18.17,946.1,56.07,519.2,3.0,2.82,6.73,10.63,16.39,20.55,29.71,45.41,0.184,0,0,0,2,0,1
2018-11-20,15.3407,75.7905,12.76,79.31,948.36,148.31,2146.0,17.7,1.3,2.52,4.41,5.17,6.47,12.71,25.43,0.403,0,0,0,3,0,1
2018-11-20,25.6543,-80.0789,30.07,86.99,1006.12,119.78,217.9,7.5,3.81,7.04,13.35,15.68,23.47,41.85,85.99,0.659,0,1,1,1,0,1
2018-11-21,13.9383,100.2231,29.93,17.04,1025.36,50.98,1250.9,20.3,7.84,18.81,23.73,40.0,54.3,74.22,119.16,0.55,0,1,1,0,0,0
2018-11-21,-6.6396,106.9469,15.92,86.57,973.43,146.82,174.1,23.6,3.18,4.76,9.02,14.45,16.08,31.04,52.5,0.577,0,1,1,2,0,1
2018-11-22,25.4003,-80.4555,13.53,31.28,1017.03,45.79,556.8,47.0,3.88,8.53,15.97,22.35,38.08,72.57,134.79,0.862,0,1,2,0,0,0
2018-11-22,14.9696,121.2432,30.17,37.44,966.56,56.59,632.9,41.3,3.6,7.9,15.6,22.59,32.4,76.9,155.09,0.865,0,1,2,1,0,0
2018-11-22,15.3757,75.7245,39.68,46.88,1000.3,153.29,543.3,19.0,2.29,3.13,3.98,7.02,12.52,21.1,27.17,0.05,3,0,0,2,1,3
2018-11-22,35.5222,139.2576,19.03,87.27,1001.99,58.89,212.7,18.8,11.87,15.73,30.85,41.96,65.38,128.0,195.28,0.95,0,3,2,1,0,0
2018-11-22,25.5274,83.0332,44.0,79.03,999.45,39.64,154.0,34.3,3.0,4.37,8.92,13.75,20.63,32.15,66.85,0.377,3,1,1,0,2,2
2018-11-23,20.3989,85.7385,39.12,18.09,1011.92,6.08,1577.1,4.2,1.01,2.09,3.04,4.59,7.99,10.06,20.23,0.05,4,0,0,0,1,3
2018-11-23,14.2217,-87.097,32.11,51.68,984.73,35.68,202.8,41.4,4.11,5.54,7.97,14.27,25.28,54.34,96.18,0.544,0,1,2,1,0,1
2018-11-24,35.4121,139.1525,31.79,39.5,956.73,149.52,1352.5,0.8,1.3,1.81,2.59,2.96,3.76,7.59,15.34,0.05,0,0,0,3,0,2
2018-11-24,-6.5406,107.3165,13.45,60.66,965.0,150.96,934.4,7.3,3.32,4.53,7.55,13.45,18.05,32.0,41.87,0.415,0,0,0,3,0,1
2018-11-25,24.0249,90.3398,14.82,68.79,965.37,111.79,1864.8,32.5,3.34,7.59,9.65,13.17,16.78,40.03,63.62,0.576,0,0,1,2,0,1
2018-11-26,20.4059,86.2283,17.96,95.26,1016.4,141.55,2203.9,18.7,6.9,15.64,26.48,42.37,63.73,77.7,134.85,0.95,0,2,2,2,0,0
2018-11-26,-6.073,106.6162,30.98,28.61,963.87,25.84,1724.6,7.5,4.0,5.42,10.42,19.13,28.53,67.31,107.05,0.517,0,1,1,1,0,1
2018-11-26,16.6901,81.2844,17.26,64.38,1002.31,107.44,17.4,33.8,7.04,9.42,17.71,31.14,40.27,82.74,107.29,0.806,0,2,2,1,0,0
2018-11-26,17.9621,-66.5267,12.98,71.36,987.25,95.92,728.8,31.5,0.63,1.25,1.59,2.26,3.45,7.68,15.46,0.303,0,0,1,1,0,2
2018-11-26,16.3935,81.3912,17.01,18.23,1020.24,37.63,2145.7,45.9,3.01,4.96,9.37,10.5,18.38,31.05,46.84,0.221,0,0,1,0,0,1
2018-11-27,13.0993,79.9871,40.21,91.96,980.44,149.18,486.7,45.8,8.16,10.44,17.43,26.55,30.26,37.75,45.49,0.337,6,0,2,2,2,2
2018-11-27,25.5079,-79.7964,44.67,30.71,961.93,87.75,2333.5,43.3,3.15,6.85,11.23,16.26,22.44,39.17,74.69,0.2,4,0,1,2,2,2
2018-11-27,25.3137,82.6318,9.36,59.96,977.19,17.46,1925.0,44.0,4.95,10.83,15.11,19.81,24.68,52.27,112.27,0.889,0,1,2,1,0,0
2018-11-28,14.1262,-87.6105,19.58,15.05,1024.94,142.38,1835.4,4.3,2.08,2.75,3.34,5.32,9.43,21.53,40.84,0.146,0,0,0,1,0,1
2018-11-28,23.511,90.3577,37.83,41.0,1005.63,81.05,1106.9,3.2,11.78,25.97,49.71,66.81,87.03,164.3,336.19,0.95,7,3,2,1,2,0
2018-11-29,12.6619,80.1491,11.92,61.01,972.21,35.75,1120.1,32.2,1.7,3.68,6.86,11.58,20.72,32.2,59.4,0.54,0,0,1,1,0,1
2018-11-29,18.8485,72.4532,25.41,18.66,988.11,18.48,1020.1,13.3,12.33,15.31,26.09,31.87,42.18,59.92,131.53,0.676,0,1,1,1,0,0
2018-11-29,30.1195,-89.658,27.39,34.45,961.08,36.11,1701.2,2.4,0.18,0.35,0.62,1.01,1.37,2.97,5.15,0.05,0,0,0,1,0,2
2018-11-29,30.4353,-89.7529,43.43,55.97,1019.45,128.37,35.8,38.3,5.36,8.47,13.92,16.85,26.4,53.04,115.7,0.583,2,2,2,1,2,1
2018-11-29,20.0111,85.5891,26.67,18.71,970.69,46.72,1947.0,4.7,5.73,11.48,21.34,30.85,48.61,93.86,184.81,0.95,0,2,1,1,0,0
2018-11-30,20.6891,86.0431,34.44,71.82,963.02,152.59,2020.3,38.0,1.4,2.58,3.41,5.22,6.28,11.7,21.63,0.149,0,0,1,3,1,2
2018-11-30,16.9121,81.0361,31.04,65.94,989.36,47.62,2288.3,14.6,1.79,3.06,3.73,5.38,7.19,9.24,18.58,0.134,0,0,0,1,0,2
2018-12-01,-6.3852,106.3923,13.48,87.18,1001.1,154.03,222.8,11.9,7.34,12.29,19.91,35.61,52.18,74.73,156.34,0.95,0,2,1,2,0,0
2018-12-02,22.2381,88.5943,16.43,40.73,1025.23,131.85,2112.1,22.4,3.42,5.65,7.18,10.2,15.46,23.88,48.91,0.341,0,0,1,1,0,1
2018-12-02,16.5794,81.704,33.05,17.2,993.62,145.86,1382.0,18.9,3.61,6.32,10.69,19.81,27.15,63.9,134.53,0.619,0,1,1,2,0,0
2018-12-03,22.3811,88.8421,29.85,68.57,1013.05,12.12,1048.0,37.7,5.12,6.6,7.99,13.8,16.51,31.26,40.46,0.293,0,0,1,0,0,2
2018-12-03,14.9453,75.4635,10.26,81.17,967.8,37.62,825.8,18.0,5.86,9.03,14.58,21.85,28.71,61.44,112.07,0.95,0,1,1,1,0,0
2018-12-03,10.1436,-66.8683,46.76,41.14,972.72,107.44,2027.2,9.5,6.75,15.36,23.89,31.37,43.3,61.66,77.64,0.247,3,1,1,2,2,2
2018-12-04,10.1658,77.2433,24.19,76.4,947.55,24.39,1366.3,34.7,5.43,10.71,20.15,24.84,38.77,66.31,140.24,0.95,0,1,2,1,0,0
2018-12-04,19.0444,72.4339,23.22,84.19,956.52,101.62,2288.2,43.7,5.01,7.61,9.83,13.37,20.48,32.35,52.18,0.498,0,0,1,2,0,1
2018-12-04,18.3877,-65.9489,35.24,72.33,995.9,8.12,1405.0,38.7,1.76,3.35,6.81,8.43,10.93,14.56,24.76,0.163,8,0,1,0,2,2
2018-12-04,19.9592,86.0354,40.25,82.44,950.2,34.87,2253.6,35.6,6.29,11.43,17.76,28.79,41.2,67.92,105.13,0.666,1,1,2,1,2,1
2018-12-04,10.7575,-66.7974,36.97,89.24,950.69,80.25,456.5,3.8,3.41,4.56,7.49,9.42,11.67,21.33,37.44,0.304,8,0,0,2,2,2
2018-12-05,-6.2698,106.4228,46.37,27.89,994.66,52.2,320.6,26.1,0.65,1.31,1.61,2.43,3.05,7.14,13.64,0.05,7,0,0,1,3,3
2018-12-05,36.1388,139.364,10.08,89.11,965.74,13.14,1014.8,38.7,0.65,1.12,1.53,2.68,3.93,7.44,14.49,0.404,0,0,1,1,0,1
2018-12-05,11.22,93.0867,22.66,16.56,945.51,33.21,1186.3,22.3,3.08,6.55,10.08,12.38,20.55,32.86,48.86,0.175,0,0,1,1,0,1
2018-12-05,35.7117,139.4773,25.12,38.88,957.64,82.76,1427.0,27.5,0.43,0.81,1.09,1.78,2.49,5.52,10.92,0.05,0,0,0,2,0,2
2018-12-06,13.3483,80.1878,36.77,34.82,954.17,56.26,690.8,14.6,0.93,1.16,1.41,2.67,3.74,6.21,11.67,0.05,5,0,0,1,1,3
2018-12-06,25.8581,-80.3159,44.11,97.72,1009.8,103.96,941.8,3.7,2.98,4.87,7.38,12.18,17.35,36.48,58.3,0.408,9,0,0,1,3,2
2018-12-06,30.4303,-90.2894,32.5,92.1,968.76,38.74,1240.6,24.7,0.9,1.84,2.26,3.73,5.3,10.74,18.01,0.236,0,0,0,1,1,2
2018-12-06,10.6139,-66.7567,42.92,26.48,1015.56,147.1,868.3,25.1,5.29,9.92,20.77,30.42,48.66,104.67,177.32,0.838,1,2,2,2,1,0
2018-12-06,14.3519,-87.2994,20.44,65.76,1011.22,74.04,41.9,39.8,4.94,6.17,12.39,22.12,28.59,37.06,59.41,0.484,0,1,1,1,0,1
2018-12-06,10.0328,77.3591,26.5,15.61,947.14,86.65,1250.0,47.7,0.79,1.19,1.55,2.84,4.67,10.21,21.47,0.05,0,0,1,2,0,2
2018-12-07,24.1505,90.7921,9.14,93.45,949.75,100.29,831.5,2.4,9.27,12.63,24.86,33.92,54.91,82.64,147.38,0.95,0,2,1,2,0,0
2018-12-07,29.558,-90.2311,25.1,33.14,977.93,8.79,668.2,39.3,1.17,2.55,4.28,7.72,11.6,14.33,26.87,0.09,0,0,1,0,0,2
2018-12-07,35.6142,140.0243,25.56,69.95,947.95,18.71,302.8,20.7,7.19,14.18,29.43,33.31,53.48,84.34,103.17,0.73,0,2,2,1,0,0
2018-12-09,28.6706,77.0276,19.78,43.37,945.61,47.45,1134.6,8.7,5.73,10.57,20.24,24.34,40.75,95.76,148.66,0.946,0,1,1,2,0,0
2018-12-09,10.4841,77.0539,16.65,59.44,994.1,138.64,2103.7,39.3,2.54,3.25,4.88,7.8,12.06,26.76,42.26,0.383,0,0,1,2,0,1
2018-12-09,18.6574,72.3722,18.65,73.97,1003.7,37.75,1521.4,33.2,0.26,0.43,0.87,1.58,2.47,4.9,10.07,0.23,0,0,1,0,0,2
2018-12-10,30.4469,-90.4815,45.86,95.36,1020.13,57.09,884.4,41.0,4.57,9.35,13.57,23.97,36.09,62.66,129.42,0.825,2,1,2,0,3,1
2018-12-10,26.0821,-80.454,18.64,97.16,963.12,52.64,1621.0,27.5,6.09,12.2,20.99,28.72,37.54,49.46,79.28,0.768,0,1,1,1,0,0
2018-12-10,20.4632,85.973,30.17,37.39,1012.36,61.57,575.8,26.9,1.19,1.99,3.63,6.89,10.69,16.37,21.12,0.05,0,0,0,0,0,2
2018-12-10,15.3647,75.7666,18.92,81.08,1015.56,35.72,231.7,40.8,3.67,5.1,8.68,15.61,17.93,23.32,34.36,0.411,0,1,1,0,0,1
2018-12-11,14.1895,100.9145,38.05,29.07,962.87,72.36,1384.0,16.0,3.0,4.21,5.14,8.0,11.7,23.72,43.88,0.06,1,0,0,1,1,2
2018-12-11,16.5556,81.747,26.43,38.52,1008.75,15.68,557.7,2.6,0.68,1.15,1.41,1.81,2.04,4.59,9.59,0.05,0,0,0,0,0,2
2018-12-11,29.4555,-89.5787,12.7,34.93,981.41,81.32,253.1,4.0,0.11,0.17,0.34,0.48,0.78,1.11,1.4,0.052,0,0,0,1,0,2
2018-12-11,13.2641,80.5353,32.98,51.14,1016.41,52.33,452.5,2.7,14.54,23.72,33.17,49.54,64.61,95.59,173.63,0.95,0,2,1,1,0,0
2018-12-12,13.8282,-87.3038,31.67,54.67,1024.12,18.55,977.1,42.4,1.71,2.92,5.26,8.59,9.59,16.75,25.69,0.121,0,0,1,0,0,2
2018-12-12,20.4296,85.9088,23.08,41.74,999.46,145.17,2328.9,40.0,5.13,9.51,16.03,25.46,45.53,56.48,94.4,0.57,0,1,2,2,0,0
2018-12-14,16.818,81.1844,11.38,69.94,1021.09,133.51,2190.8,47.2,1.55,2.47,3.23,4.07,6.34,10.13,15.61,0.312,0,0,1,1,0,2
2018-12-14,23.6639,90.5133,25.12,94.11,995.48,35.66,1151.2,32.6,1.37,1.77,3.05,5.67,8.16,18.66,37.97,0.437,0,0,1,0,0,1
2018-12-14,18.8872,-66.3654,45.99,16.66,1006.19,119.6,586.3,32.4,0.34,0.51,0.97,1.74,2.66,4.81,6.54,0.05,4,0,0,1,2,3
2018-12-14,29.8064,-90.3787,42.42,39.64,1013.36,56.81,239.4,36.5,3.18,4.86,6.94,13.05,22.23,48.28,64.12,0.195,2,1,1,0,2,2
2018-12-15,28.454,77.0827,29.84,88.13,983.66,79.33,324.4,20.5,1.71,2.77,5.54,6.36,11.32,13.7,29.39,0.313,0,0,0,1,0,2
2018-12-15,18.0823,-65.9091,12.51,62.12,1020.26,106.7,1922.0,24.6,2.26,5.25,9.71,14.25,18.99,24.91,50.34,0.483,0,0,1,1,0,1
2018-12-15,14.0782,100.9001,13.46,83.95,1002.45,71.85,1972.2,35.3,4.98,7.71,13.55,16.43,27.51,50.4,102.05,0.897,0,1,2,1,0,0
2018-12-15,22.1428,88.6619,10.45,65.9,1021.92,87.72,170.7,44.7,0.5,1.13,2.08,3.35,5.06,6.87,11.68,0.278,0,0,1,1,0,2
2018-12-16,14.2531,-86.9697,39.09,19.28,979.68,151.46,291.5,19.5,1.13,1.54,3.01,4.99,6.93,11.39,23.1,0.05,1,0,0,2,1,3
2018-12-16,19.2862,72.4444,23.11,79.14,1001.81,107.64,1888.8,5.8,1.57,2.2,4.17,6.48,11.62,23.41,29.88,0.336,0,0,0,1,0,1
2018-12-16,13.5226,100.4135,15.06,71.53,960.06,82.35,1702.3,5.6,2.93,4.42,9.13,13.57,22.58,42.0,52.22,0.515,0,0,0,2,0,1
2018-12-16,23.4119,89.9749,33.06,17.2,986.47,14.73,580.7,34.3,4.7,9.76,12.28,21.24,29.79,52.74,85.42,0.312,0,1,1,0,0,1
2018-12-16,12.5962,80.3617,20.65,34.57,972.46,148.06,800.7,27.3,1.81,3.03,4.16,6.36,10.78,13.58,28.37,0.147,0,0,1,2,0,2
2018-12-17,19.8014,85.9527,33.66,85.38,959.46,103.25,1980.2,14.2,1.82,3.43,5.72,6.47,7.56,9.98,14.59,0.173,0,0,0,2,1,2
2018-12-17,10.3127,76.9299,18.44,74.27,984.45,75.33,94.1,25.6,1.94,4.38,6.76,10.73,18.83,35.39,43.52,0.442,0,1,1,1,0,1
2018-12-17,13.4699,100.3279,17.21,22.21,978.36,110.85,689.1,0.7,2.85,5.79,8.99,12.03,17.36,22.94,42.3,0.209,0,0,0,2,0,1
2018-12-17,35.6105,139.9726,23.6,97.54,1015.65,151.04,2079.9,37.4,10.08,17.17,32.71,41.55,67.02,143.59,275.19,0.95,0,2,3,2,0,0
2018-12-18,22.3038,88.2383,8.65,87.19,995.61,26.18,1954.3,29.2,2.65,3.63,5.19,8.58,11.54,18.65,25.74,0.479,0,0,1,0,0,1
2018-12-18,22.2825,88.4411,9.58,15.57,990.26,53.01,2313.9,39.3,2.1,3.02,4.66,5.39,8.28,18.53,30.3,0.173,0,0,1,1,0,2
2018-12-19,23.9995,90.1607,28.22,97.79,953.67,109.87,522.4,10.3,0.07,0.08,0.11,0.14,0.15,0.31,0.53,0.191,0,0,0,2,0,2
2018-12-19,10.9545,-66.467,23.57,75.69,956.46,29.05,1545.6,21.3,0.86,1.32,2.32,3.9,4.86,11.4,13.77,0.216,0,0,0,1,0,2
2018-12-19,25.9253,-80.4493,27.51,45.42,994.52,132.99,942.1,44.5,1.09,2.33,4.14,6.26,8.85,20.32,37.56,0.191,0,0,1,2,0,2
2018-12-20,10.6066,77.0813,28.16,79.25,992.33,55.74,161.6,41.6,0.81,1.92,2.73,4.81,7.95,13.95,22.34,0.244,0,0,1,1,0,2
2018-12-20,18.7088,-66.3893,27.33,70.56,957.33,78.05,1098.9,44.0,19.07,37.86,74.56,120.6,206.64,355.41,642.58,0.95,0,3,3,3,0,0
2018-12-20,16.3721,81.6587,11.54,55.27,1016.4,141.1,1305.9,33.7,3.3,7.17,9.27,13.17,16.82,20.32,41.25,0.404,0,0,1,2,0,1
2018-12-20,12.7119,80.6782,30.4,27.89,984.98,64.57,1145.1,5.5,0.39,0.92,1.91,2.75,4.54,9.02,11.88,0.05,0,0,0,1,0,2
2018-12-21,35.3569,139.9238,18.07,80.63,981.17,88.27,2165.2,23.7,1.43,2.96,3.91,7.16,12.46,23.62,31.99,0.402,0,0,1,1,0,1
2018-12-21,15.7003,75.2193,13.71,31.88,968.75,126.69,2198.0,19.8,0.48,0.7,1.3,2.13,3.79,4.61,8.99,0.076,0,0,0,2,0,2
2018-12-21,23.5609,90.4224,21.14,20.51,1009.17,111.42,1327.4,34.5,1.63,2.53,5.0,7.19,8.9,18.68,28.69,0.08,0,0,1,1,0,2
2018-12-21,14.5517,-87.6176,29.62,38.43,971.01,71.03,1960.9,15.6,1.36,2.56,5.01,7.53,8.96,20.59,34.41,0.12,0,0,0,1,0,2
2018-12-21,25.7057,83.05,38.98,30.54,987.83,111.04,683.5,40.3,5.29,7.11,9.93,12.81,21.97,31.29,57.01,0.141,1,0,1,2,1,2
2018-12-21,28.8888,77.3317,36.93,26.73,1013.21,123.51,2334.2,7.6,8.3,13.36,21.03,31.01,47.72,114.23,205.61,0.95,1,2,2,1,1,0
2018-12-21,18.1524,-65.8386,36.64,53.45,962.83,149.28,1850.3,37.4,3.43,5.28,7.21,8.58,13.18,18.65,29.38,0.093,3,0,1,3,1,2
2018-12-21,22.4325,88.0119,28.16,31.32,1007.9,100.1,2216.8,37.7,0.7,1.51,2.68,4.38,7.37,13.92,23.19,0.05,0,0,1,1,0,2
2018-12-22,22.5794,88.2166,11.71,66.63,962.58,21.73,2183.2,22.3,5.05,6.6,8.26,12.36,16.33,19.69,27.24,0.367,0,0,1,1,0,1
2018-12-22,10.8566,-67.1739,33.23,49.08,1005.55,101.54,1602.1,20.5,0.2,0.45,0.57,0.84,1.1,1.71,2.44,0.05,0,0,0,1,0,3
2018-12-22,22.8367,87.8877,39.27,97.87,979.25,7.93,1564.0,37.7,9.66,11.71,23.32,35.29,48.08,70.5,142.0,0.95,3,2,2,1,2,0
2018-12-22,12.0519,92.9126,13.39,52.6,1019.07,51.11,1059.8,18.7,1.61,3.33,5.51,7.86,13.84,21.2,43.1,0.387,0,0,1,0,0,1
2018-12-22,28.277,77.3703,35.46,36.6,991.54,71.73,1922.9,20.8,6.98,8.38,14.62,16.2,25.92,38.41,60.69,0.223,8,0,1,1,2,2
2018-12-23,19.1834,72.7146,23.95,31.23,1024.89,25.64,2192.1,20.9,1.66,2.45,4.34,7.15,10.21,12.93,27.39,0.095,0,0,0,0,0,2
2018-12-23,14.1714,-86.9415,42.55,38.08,957.42,83.58,1573.8,24.1,2.77,3.96,5.8,9.44,15.71,25.65,48.98,0.092,9,0,0,2,3,3
2018-12-23,28.824,77.6247,32.26,59.83,1007.22,113.32,1512.4,17.6,1.82,4.3,5.59,7.35,10.62,23.41,31.92,0.178,0,0,0,1,0,2
2018-12-24,14.8165,121.0369,25.94,17.34,1003.31,129.1,540.5,15.6,4.16,7.86,15.73,23.31,36.61,55.87,118.97,0.587,0,1,1,2,0,0
2018-12-24,-6.4178,107.1529,10.29,75.53,972.29,101.98,672.5,27.6,5.18,11.98,17.19,23.51,33.5,77.47,162.79,0.95,0,1,2,2,0,0
2018-12-24,10.2032,76.9069,40.56,69.63,995.44,111.56,2162.9,34.7,0.4,0.86,1.79,1.97,2.85,3.54,7.63,0.05,7,0,1,1,2,3
2018-12-25,23.3853,90.2932,13.39,43.88,950.29,115.12,2119.3,2.7,2.61,4.9,7.82,11.75,18.77,33.42,70.84,0.52,0,0,0,2,0,1
2018-12-25,22.7434,88.1306,11.83,74.96,964.0,119.81,2174.4,16.7,5.53,9.48,17.96,24.16,42.33,100.94,160.11,0.95,0,1,2,2,0,0
2018-12-26,18.9188,72.564,24.51,50.54,958.31,78.25,2256.3,8.4,1.08,2.45,4.32,5.89,9.83,13.08,26.92,0.175,0,0,0,2,0,2
2018-12-26,20.1469,86.3095,13.06,52.66,987.08,107.17,1520.6,39.0,0.16,0.25,0.36,0.44,0.57,0.9,1.55,0.13,0,0,1,1,0,2
2018-12-26,22.2607,87.8903,36.4,60.3,1005.79,120.22,682.0,18.8,2.46,3.51,7.28,13.39,22.01,31.65,52.32,0.27,3,0,1,1,1,2
2018-12-26,23.6546,90.6582,33.3,95.08,990.8,79.53,765.3,12.7,0.07,0.11,0.18,0.23,0.27,0.56,1.17,0.137,0,0,0,1,1,2
2018-12-26,25.4663,82.7343,8.08,90.07,1023.2,16.4,1170.0,7.7,10.4,15.56,25.7,31.68,42.23,64.2,107.56,0.95,0,1,1,0,0,0
2018-12-27,35.7701,139.2954,45.36,56.77,963.07,12.24,689.0,23.0,2.28,3.3,4.73,7.77,12.76,16.96,31.65,0.05,1,0,0,1,2,3
2018-12-27,13.6826,100.8111,24.32,60.34,992.88,101.62,7.9,40.5,1.09,1.93,3.78,7.17,11.88,14.61,22.92,0.196,0,1,1,1,0,2
2018-12-27,22.191,88.0816,25.0,24.13,967.14,41.74,1169.3,22.4,1.99,3.57,7.46,9.99,15.29,22.74,37.9,0.119,0,0,0,1,0,1
2018-12-27,14.456,120.6746,24.58,81.76,952.41,133.5,748.2,0.6,0.93,1.22,1.57,2.6,3.25,7.55,12.96,0.229,0,0,0,3,0,2
2018-12-28,18.0752,-66.0771,39.72,27.07,969.95,32.44,1876.8,38.6,1.03,1.24,1.96,3.23,4.96,8.6,12.92,0.05,3,0,1,1,1,3
2018-12-28,22.8036,88.7521,36.3,51.94,1007.57,111.23,65.8,9.0,2.23,5.17,7.8,12.5,13.86,28.46,51.32,0.227,5,1,0,1,1,2
2018-12-29,24.8829,82.9673,34.82,22.31,1016.06,118.47,896.3,46.9,6.24,9.52,19.03,22.44,35.52,48.22,104.92,0.441,0,1,2,1,0,1
2018-12-29,11.2104,93.1151,12.56,91.63,1023.33,135.26,507.2,1.3,9.66,15.58,23.05,30.18,38.36,79.84,168.29,0.95,0,1,1,2,0,0
2018-12-29,22.4154,88.2946,39.63,71.8,989.9,148.02,1858.4,6.0,2.86,4.84,9.27,10.53,14.61,23.11,30.99,0.16,1,0,0,2,1,3
2018-12-29,9.7558,76.9514,18.72,57.37,1018.13,8.56,1217.6,2.9,2.14,4.18,7.82,9.47,11.52,20.32,44.66,0.37,0,0,0,0,0,1
2018-12-30,14.3932,-87.4387,46.76,70.71,1014.38,114.27,1427.0,34.5,3.19,4.02,6.07,8.21,13.13,24.83,44.95,0.177,3,0,1,1,3,3
2018-12-30,22.7493,88.3305,17.77,88.96,972.65,24.57,233.5,1.1,1.92,2.74,3.34,5.06,7.97,10.38,17.24,0.351,0,0,0,1,0,1
2018-12-31,18.8025,72.7564,21.16,48.72,986.09,40.86,2176.6,14.0,6.68,11.58,21.38,25.41,37.64,88.57,165.29,0.95,0,1,2,1,0,0
2018-12-31,14.1198,-87.538,14.03,66.74,984.36,54.69,845.0,20.1,4.27,8.19,13.22,15.35,17.72,21.31,46.19,0.465,0,0,1,1,0,1
2018-12-31,18.2753,-66.1498,40.21,84.02,1002.84,73.19,2269.4,16.1,5.49,8.09,14.45,25.49,40.95,83.93,139.8,0.89,1,1,2,1,2,0
2018-12-31,15.1125,75.9557,45.36,75.43,991.79,95.57,2039.2,4.8,0.64,0.97,1.95,3.62,4.88,11.27,19.69,0.054,3,0,0,1,2,3
2018-12-31,10.9039,-66.5906,30.7,65.46,1017.64,118.49,793.1,18.5,0.96,1.35,1.75,1.97,2.74,6.44,11.19,0.088,0,0,0,1,0,2
2018-12-31,19.3228,72.4163,39.19,24.98,955.35,147.02,1966.9,26.7,7.28,17.38,30.41,48.36,78.73,116.41,159.15,0.752,9,2,2,3,2,0
2018-12-31,15.5505,75.3244,36.38,32.2,994.85,70.49,487.3,42.7,2.0,3.84,5.48,7.55,8.56,15.24,23.54,0.05,7,0,1,1,2,3
2019-01-01,14.4464,-87.5264,11.5,41.95,956.76,87.92,1104.6,13.1,27.59,38.18,74.18,83.72,141.72,251.18,509.44,0.95,0,3,3,3,0,0
2019-01-01,25.3173,-80.3054,24.02,36.05,984.92,74.05,2377.7,17.3,11.04,25.33,40.64,75.43,121.46,274.74,574.69,0.95,0,3,3,2,0,0
2019-01-01,19.0737,73.2448,37.05,60.03,964.5,75.26,1667.9,28.8,2.53,4.34,8.15,14.46,23.22,54.0,106.91,0.604,5,1,1,2,2,1
2019-01-02,24.2602,89.9733,10.23,89.18,988.97,104.41,1996.1,7.6,0.14,0.32,0.47,0.57,0.81,1.55,1.91,0.324,0,0,0,1,0,2
2019-01-02,16.9772,81.446,26.74,75.68,966.63,38.77,1511.6,27.0,0.26,0.59,0.86,1.46,2.2,4.15,8.54,0.154,0,0,0,1,0,2
2019-01-03,22.6988,88.3829,35.26,85.96,945.62,41.98,1318.0,45.2,3.99,6.97,9.18,13.72,19.33,41.25,66.55,0.486,6,0,2,1,2,1
2019-01-04,29.0551,77.2482,30.09,74.1,1014.88,72.97,1827.0,25.4,0.88,1.41,2.31,3.13,4.18,6.71,8.88,0.119,0,0,0,1,0,2
2019-01-05,28.5369,77.3591,17.36,55.94,964.4,147.53,1554.8,32.7,2.65,4.08,5.63,9.15,15.97,23.24,41.18,0.354,0,0,1,3,0,1
2019-01-05,18.6762,72.3721,22.61,89.29,968.91,97.16,443.1,39.7,7.79,15.1,26.6,37.32,59.52,105.6,205.44,0.95,0,2,3,2,0,0
2019-01-05,25.3335,83.4353,32.67,58.18,970.81,98.48,800.3,34.6,0.95,1.56,2.69,4.31,6.76,13.79,20.94,0.098,0,0,1,2,0,2
2019-01-05,25.2863,83.4028,35.33,91.92,976.16,38.96,1332.6,38.3,0.01,0.02,0.03,0.04,0.06,0.09,0.18,0.098,3,0,1,1,1,3
2019-01-05,14.9971,121.3566,24.84,77.8,1012.32,32.95,116.2,38.6,1.92,2.63,3.36,5.42,8.17,18.18,22.39,0.268,0,1,1,0,0,2
2019-01-06,24.9642,82.8326,17.08,68.63,1000.65,65.9,1365.3,33.9,10.52,21.78,28.3,47.38,54.36,98.01,169.25,0.95,0,2,2,1,0,0
2019-01-06,13.9729,-87.6251,25.2,45.84,980.34,125.64,2348.8,7.3,4.77,8.87,13.62,22.18,38.08,75.01,142.79,0.872,0,1,1,2,0,0
2019-01-06,14.5058,120.834,42.17,66.19,994.67,21.82,1734.3,29.0,2.47,5.02,8.03,12.2,16.82,34.66,71.98,0.367,5,0,1,0,2,2
2019-01-06,26.1517,-80.1148,29.73,80.2,990.73,18.99,1943.4,36.6,6.01,8.59,12.41,16.59,24.15,32.86,52.1,0.42,0,0,1,0,0,1
2019-01-07,24.8874,83.0751,23.87,80.48,1003.0,95.26,2075.6,15.3,0.83,1.4,1.69,2.54,3.44,4.67,9.69,0.209,0,0,0,1,0,2
2019-01-07,14.4896,120.875,16.23,39.47,1010.19,145.1,224.8,38.7,3.63,5.36,10.08,16.96,20.34,36.67,71.81,0.481,0,1,1,2,0,1
2019-01-07,13.3303,80.1449,45.78,41.57,967.18,114.47,291.4,17.1,0.55,1.3,1.89,2.49,3.84,4.68,8.67,0.05,8,0,0,2,3,3
2019-01-07,15.3389,75.6071,18.38,89.33,1002.14,95.35,1256.4,10.6,3.36,6.95,8.41,11.72,19.72,38.62,70.11,0.677,0,1,1,1,0,0
2019-01-07,-6.0241,107.0669,27.73,25.31,985.87,43.3,1179.5,45.6,1.19,2.85,4.01,5.08,7.53,16.64,32.44,0.066,0,0,1,1,0,2
2019-01-07,35.8728,139.192,10.8,73.62,947.82,130.9,1119.3,4.9,4.29,7.67,10.52,11.7,16.29,21.22,27.46,0.408,0,0,0,3,0,1
2019-01-08,13.1108,79.9828,24.21,18.54,945.15,105.47,1468.5,37.1,4.84,5.83,7.87,10.71,12.24,17.3,30.82,0.057,0,0,1,2,0,2
2019-01-08,16.4058,81.108,15.05,97.16,962.05,14.81,902.6,16.0,13.15,22.01,27.34,51.66,85.27,204.44,310.25,0.95,0,3,3,1,0,0
2019-01-08,25.0824,83.287,34.63,20.5,993.29,87.86,1588.7,37.2,1.82,2.52,5.12,8.81,13.02,21.16,46.21,0.067,0,0,1,1,0,2
2019-01-08,18.7093,72.6979,8.38,17.27,994.87,111.91,1313.5,4.4,9.9,20.36,28.78,47.12,55.51,118.53,199.24,0.95,0,2,2,2,0,0
2019-01-09,20.3942,86.1935,14.09,61.29,982.65,145.91,1424.9,2.2,0.45,0.83,1.59,1.87,2.8,4.88,7.63,0.198,0,0,0,2,0,2
2019-01-09,30.0115,-90.3051,8.21,54.58,999.05,4.12,1492.0,31.5,0.6,1.03,2.13,3.85,5.34,8.65,11.45,0.245,0,0,1,0,0,2
2019-01-09,19.1418,72.7501,22.89,87.01,987.48,101.28,872.0,29.1,5.92,9.24,18.84,23.94,41.74,51.51,89.77,0.748,0,1,2,2,0,0
2019-01-10,13.4176,100.5222,18.09,85.98,957.09,108.53,174.2,34.4,0.58,1.21,1.93,2.33,3.49,4.29,6.17,0.265,0,0,1,2,0,2
2019-01-11,13.6128,100.9516,15.31,40.86,968.34,60.93,1260.8,35.1,7.55,13.22,26.68,43.86,70.62,129.0,222.3,0.95,0,2,3,2,0,0
2019-01-11,16.2218,81.0611,26.67,21.38,950.9,4.08,736.6,35.4,3.83,9.19,15.94,18.94,33.81,68.69,108.12,0.53,0,1,2,1,0,0
2019-01-11,13.1435,79.89,32.43,83.72,1003.72,75.36,1403.9,47.5,3.22,6.9,12.79,21.25,34.03,59.39,99.43,0.707,0,1,2,1,0,1
2019-01-11,29.6368,-89.7388,22.7,59.29,945.02,38.91,501.3,12.4,5.74,8.81,12.09,18.18,31.01,46.19,59.06,0.432,0,1,1,1,0,1
2019-01-11,25.8055,83.2005,8.43,91.9,995.07,33.08,2207.2,44.0,15.84,35.62,74.73,96.83,163.6,357.9,512.13,0.95,0,3,3,1,0,0
2019-01-11,19.2033,72.5616,13.61,75.15,993.41,39.82,2098.8,27.1,0.48,0.99,1.47,2.53,3.49,4.5,8.24,0.269,0,0,0,0,0,2
2019-01-12,11.9158,92.3942,39.6,29.85,986.51,89.05,944.1,12.5,8.23,10.72,14.35,19.46,33.94,63.71,100.23,0.402,5,1,1,1,2,1
2019-01-12,25.3864,83.0526,9.95,77.24,966.13,74.56,578.6,39.8,11.12,14.08,19.85,24.85,39.05,66.95,110.89,0.95,0,1,2,2,0,0
2019-01-13,18.2015,-65.894,46.7,77.77,947.98,111.04,1978.5,43.0,1.93,3.04,5.94,10.23,15.09,20.24,37.48,0.163,3,0,1,2,3,3
2019-01-13,35.8331,139.9432,20.28,63.62,994.94,28.04,1162.3,5.7,5.19,11.18,22.02,25.02,39.19,88.22,135.44,0.95,0,1,1,1,0,0
2019-01-14,13.9118,100.6736,34.5,95.05,969.78,16.74,1522.3,17.9,1.12,2.68,5.03,7.49,8.5,12.15,18.21,0.232,0,0,0,1,1,2
2019-01-14,30.1373,-89.6861,46.7,36.34,977.39,57.62,80.1,24.7,0.82,1.11,2.04,3.49,6.01,13.95,28.86,0.05,2,0,0,1,2,3
2019-01-14,14.1752,120.7687,22.04,79.23,966.4,133.37,543.1,17.7,2.08,3.22,6.08,8.68,14.94,35.2,72.51,0.613,0,0,1,2,0,1
2019-01-14,-6.2303,106.5746,14.01,20.0,964.42,58.17,1553.0,24.2,4.65,9.7,17.8,27.38,42.83,101.63,193.68,0.95,0,2,2,1,0,0
2019-01-15,10.4385,77.1665,30.22,61.61,1009.43,128.05,177.9,33.9,1.78,3.88,6.78,7.51,11.76,27.18,34.87,0.223,0,0,1,1,0,2
2019-01-16,28.4793,77.0443,42.71,95.15,961.8,109.81,2021.0,26.1,1.37,2.43,4.04,5.74,10.05,21.03,30.31,0.234,8,0,1,2,3,3
2019-01-16,11.5994,93.048,18.01,85.57,1001.89,63.8,1197.5,17.0,2.8,3.83,7.66,11.82,16.19,30.53,41.56,0.485,0,0,1,1,0,1
2019-01-16,30.2136,-89.882,29.27,27.22,982.56,136.82,1012.0,40.4,3.12,4.46,7.68,11.56,15.94,21.42,34.63,0.074,0,0,1,2,0,2
2019-01-16,10.5671,-66.9001,43.0,34.84,979.36,152.75,275.1,34.6,1.05,1.79,2.82,5.21,5.77,9.47,19.44,0.05,6,0,1,2,2,3
2019-01-16,22.7117,88.0146,19.18,22.92,1019.02,3.74,6.0,39.8,20.12,41.7,50.61,64.85,115.45,250.56,442.69,0.95,0,3,3,0,0,0
2019-01-17,10.6945,-66.9144,26.43,28.59,972.2,54.11,973.6,15.7,3.93,9.4,17.25,32.21,52.08,99.16,188.97,0.95,0,2,2,1,0,0
2019-01-17,11.5953,92.7002,28.02,67.34,980.77,150.84,955.4,10.7,13.71,21.32,37.5,66.11,72.9,112.22,194.34,0.95,0,2,2,3,0,0
2019-01-17,20.0127,85.6746,20.94,17.19,1017.45,104.0,2326.0,42.9,3.24,5.84,11.65,15.6,19.6,33.16,41.56,0.148,0,0,1,1,0,1
2019-01-17,19.8651,85.8557,44.78,92.33,962.17,56.81,360.3,24.7,2.16,4.93,10.04,14.12,20.39,46.4,93.11,0.595,2,1,1,1,2,2
2019-01-17,11.3331,92.2916,25.35,54.45,950.38,69.02,195.8,14.7,0.47,0.75,1.05,1.39,1.67,2.88,4.89,0.05,0,0,0,2,0,2
2019-01-18,14.8795,75.2225,23.22,69.97,1027.87,36.13,25.3,2.5,0.88,2.1,2.67,4.54,5.47,7.9,10.16,0.17,0,1,0,0,0,2
2019-01-18,35.9945,139.2105,15.51,40.86,1012.72,10.85,1556.5,43.9,2.08,4.75,9.58,15.21,21.58,45.0,95.23,0.64,0,1,2,0,0,0
2019-01-18,28.2872,77.2074,18.54,95.21,991.29,55.13,1394.0,7.1,2.05,4.0,6.56,9.32,16.74,37.77,68.87,0.695,0,1,1,1,0,0
2019-01-18,29.8463,-89.8761,24.57,25.64,955.2,96.79,1621.9,37.4,2.85,5.63,6.82,8.39,15.01,19.38,36.41,0.121,0,0,1,2,0,2
2019-01-18,25.2716,83.4528,39.76,32.6,1018.45,32.84,2247.0,4.4,10.24,13.3,18.69,29.02,35.74,59.58,81.56,0.296,5,1,0,0,2,2
2019-01-19,20.3371,86.2016,46.75,91.03,952.04,52.98,2268.4,38.7,8.47,15.98,26.09,30.92,52.18,109.27,137.56,0.849,3,1,2,2,3,1
2019-01-19,23.6288,90.7026,20.61,93.17,948.46,119.4,1160.5,45.4,1.75,3.59,4.53,8.35,11.2,20.48,27.41,0.407,0,0,1,2,0,1
2019-01-19,16.0676,81.8781,9.41,95.08,1006.78,106.99,1474.0,12.7,7.59,17.96,36.49,43.32,69.99,130.74,259.96,0.95,0,2,2,2,0,0
2019-01-19,25.914,-79.9115,11.64,79.63,981.25,104.15,1969.2,36.4,5.81,10.55,14.16,20.94,37.15,58.2,94.24,0.845,0,1,2,2,0,0
2019-01-20,26.155,-79.7176,43.32,79.81,1019.53,147.08,2126.4,10.5,0.25,0.49,0.66,1.18,2.08,2.8,4.02,0.05,6,0,0,1,3,3
2019-01-20,25.5296,82.5548,19.89,20.1,990.67,46.02,1965.8,38.6,0.48,0.67,1.0,1.56,2.09,3.39,4.54,0.05,0,0,1,1,0,2
2019-01-20,-5.9706,106.4926,22.99,89.44,994.0,16.53,792.6,30.3,2.3,4.58,8.63,12.81,22.94,52.71,66.41,0.613,0,1,1,0,0,1
2019-01-20,18.6953,72.4285,45.74,45.95,1023.07,46.92,1462.9,25.1,16.97,28.68,39.04,68.97,77.9,176.21,230.94,0.95,4,2,3,1,2,1
2019-01-21,20.1597,85.5954,20.23,90.02,954.75,17.88,1673.6,22.6,4.42,7.6,10.57,17.68,19.93,34.63,57.44,0.584,0,0,1,1,0,1
2019-01-21,14.5883,120.7356,39.37,83.93,1015.65,146.06,2295.9,5.6,7.35,16.28,25.07,41.44,72.47,94.91,147.54,0.946,4,2,2,2,2,0
2019-01-21,20.4735,85.4412,25.23,76.26,1008.82,135.64,479.7,47.3,5.04,7.0,13.7,20.54,23.55,31.99,52.27,0.444,0,0,2,2,0,1
2019-01-21,35.7234,139.9874,17.84,83.3,1007.66,96.47,689.0,36.7,0.07,0.11,0.22,0.28,0.43,0.76,1.24,0.224,0,0,1,1,0,2
2019-01-22,24.2702,90.6013,19.72,53.45,997.24,113.49,430.5,33.0,0.71,1.7,3.51,4.15,6.47,14.78,18.93,0.182,0,0,1,1,0,2
2019-01-22,28.6961,77.631,33.71,96.79,969.4,151.22,1830.8,39.1,2.94,6.27,10.97,16.32,27.71,60.54,96.62,0.737,0,1,2,3,1,1
2019-01-22,14.2114,-87.4294,32.56,86.67,955.98,151.57,1399.1,47.8,8.49,12.44,15.56,20.3,29.83,41.94,57.35,0.456,0,1,2,3,0,1
2019-01-22,30.0968,-89.945,14.59,19.45,1004.55,74.75,2038.1,18.7,0.64,1.41,2.39,2.99,4.8,8.7,15.7,0.054,0,0,0,1,0,2
2019-01-22,14.1563,120.8468,8.05,56.26,1007.48,127.96,2110.8,23.7,3.49,4.52,7.41,9.07,12.32,19.65,31.9,0.382,0,0,1,1,0,1
2019-01-22,-5.7507,107.3049,35.93,33.38,1003.22,134.92,243.8,11.8,0.09,0.11,0.13,0.23,0.3,0.54,1.07,0.05,7,0,0,2,2,3
2019-01-22,22.2645,87.9364,10.55,73.28,989.73,51.92,1295.1,28.6,2.92,5.76,11.79,16.64,21.81,27.18,36.61,0.466,0,0,1,1,0,1
2019-01-22,28.6325,77.4097,20.65,77.52,1022.07,152.8,631.1,28.6,4.24,7.19,9.33,12.4,18.11,24.23,36.66,0.394,0,0,1,2,0,1
2019-01-23,25.8713,-79.9536,35.32,91.05,945.9,135.13,526.2,22.2,6.7,14.66,29.36,54.38,76.84,152.73,242.91,0.95,3,2,3,3,1,0
2019-01-23,22.7989,88.7617,35.62,64.34,1021.73,139.71,1939.4,13.8,1.63,2.77,3.33,4.28,6.85,12.69,27.38,0.14,9,0,0,1,2,2
2019-01-25,29.6063,-90.2262,8.61,39.02,998.24,30.45,727.9,23.6,1.92,2.55,5.21,5.92,9.62,12.37,20.62,0.228,0,0,0,0,0,2
2019-01-25,16.4795,81.1257,8.01,16.47,995.01,57.81,928.7,27.3,0.75,1.09,1.78,3.03,4.65,7.24,11.8,0.076,0,0,0,1,0,2
2019-01-25,10.5458,-66.4709,22.27,41.4,1007.2,67.96,211.9,13.9,1.9,2.95,4.42,5.9,6.66,13.08,23.51,0.133,0,0,0,1,0,2
2019-01-25,24.9335,82.6535,29.62,44.88,979.07,88.26,207.7,36.8,2.09,3.54,6.71,10.44,17.0,39.34,84.42,0.462,0,1,1,1,0,1
2019-01-26,20.481,86.0026,19.07,24.9,953.53,13.86,1424.6,9.5,1.57,3.51,5.55,10.17,14.73,24.73,48.23,0.241,0,0,0,1,0,1
2019-01-27,36.054,139.2279,23.08,95.78,1016.56,4.38,2351.6,18.0,4.16,8.55,17.28,31.24,40.52,79.92,127.37,0.95,0,1,2,0,0,0
2019-01-27,14.5025,-87.6186,46.98,73.94,1008.22,145.57,274.5,34.0,6.66,15.62,21.71,32.63,51.44,77.0,138.64,0.776,5,2,2,2,3,1
2019-01-28,14.5076,-86.7722,24.12,97.34,946.61,8.62,2023.3,18.7,4.59,8.91,16.26,20.45,30.33,59.92,104.99,0.879,0,1,1,1,0,0
2019-01-28,10.9193,-67.3981,45.86,93.64,1018.42,34.83,1522.5,36.6,14.95,21.18,40.02,54.87,67.1,114.45,228.19,0.95,2,2,3,1,3,1
2019-01-28,22.1535,88.7217,18.28,45.95,998.84,109.31,2127.4,43.7,6.91,13.67,21.94,36.06,56.49,82.56,140.98,0.924,0,2,3,2,0,0
2019-01-29,10.2655,76.6209,25.64,79.29,962.35,71.33,376.7,46.0,5.28,11.0,20.03,28.82,50.33,64.8,129.81,0.939,0,2,2,2,0,0
2019-01-29,28.6793,76.8944,28.6,49.42,1021.35,63.99,1431.3,33.4,0.07,0.13,0.22,0.35,0.4,0.51,0.7,0.05,0,0,0,0,0,2
2019-01-29,13.0509,80.7547,21.33,15.64,980.13,43.84,1896.5,32.6,0.09,0.12,0.2,0.32,0.52,1.23,2.34,0.05,0,0,0,1,0,2
2019-01-29,10.6664,-66.5678,14.22,17.54,964.68,99.15,365.1,4.4,12.37,29.64,52.56,62.38,104.49,193.0,266.74,0.95,0,3,3,3,0,0
2019-01-29,13.397,79.9314,27.14,64.35,991.45,17.62,1013.2,44.3,7.21,13.76,23.6,28.07,34.81,52.33,88.34,0.598,0,1,2,1,0,0
2019-01-29,10.391,-66.7586,35.58,81.92,996.2,92.52,978.3,30.7,0.43,0.87,1.13,2.02,2.94,5.4,9.64,0.109,8,0,0,1,2,3
2019-01-29,10.369,77.3224,41.95,21.04,1008.42,66.94,1689.5,6.9,12.64,28.54,44.68,81.08,139.98,245.46,526.97,0.95,4,3,3,1,2,0
2019-01-29,15.3608,75.3913,25.92,31.84,1022.89,99.98,1406.0,19.8,1.4,1.98,2.48,3.99,6.57,14.65,28.19,0.085,0,0,0,1,0,2
2019-01-30,25.658,83.3903,29.05,22.24,1006.32,63.46,1154.0,46.8,1.48,2.93,4.55,8.26,13.98,20.83,39.41,0.083,0,0,1,1,0,2
2019-01-31,23.9609,90.3014,29.73,18.0,964.36,109.83,1855.5,27.5,1.11,1.87,2.41,4.49,7.67,9.81,13.41,0.05,0,0,0,2,0,2
2019-01-31,12.8886,80.7385,22.78,62.38,947.87,125.51,1703.0,48.0,1.03,2.31,4.04,5.19,6.78,8.3,12.81,0.157,0,0,1,3,0,2
2019-02-01,22.5628,88.385,46.78,88.81,1003.57,122.19,1001.6,14.7,1.61,2.09,3.7,4.59,7.5,10.71,15.3,0.074,9,0,0,1,3,3
2019-02-01,10.5652,-66.9456,34.08,18.31,984.06,38.3,120.0,12.4,4.49,8.36,10.21,14.58,23.71,55.61,115.36,0.494,0,1,1,1,0,1
2019-02-01,9.9613,76.762,8.16,39.53,1017.04,67.59,1012.7,23.7,1.18,2.11,3.25,5.94,8.88,19.54,36.87,0.336,0,0,1,0,0,1
2019-02-01,14.9868,75.3124,41.96,15.34,946.75,73.28,574.4,33.3,2.92,3.78,5.09,7.18,8.83,18.99,30.69,0.05,6,0,1,2,2,3
2019-02-01,23.3413,90.1144,44.75,78.59,1026.81,21.02,2300.4,18.3,2.88,6.83,10.95,14.8,24.47,50.06,61.17,0.333,1,0,1,0,2,2
2019-02-02,28.4077,76.9981,34.29,85.08,1021.01,111.84,682.1,16.0,0.07,0.15,0.19,0.34,0.4,0.56,0.94,0.081,0,0,0,1,1,3
2019-02-02,15.2719,75.6491,17.34,78.46,983.99,7.8,368.2,44.6,6.01,8.25,10.28,12.56,18.95,37.15,58.66,0.566,0,1,2,0,0,1
2019-02-02,13.7827,100.6351,16.52,24.98,950.67,42.29,112.6,27.4,1.17,2.56,3.24,4.15,6.69,12.84,16.24,0.065,0,0,0,1,0,2
2019-02-03,25.4258,-79.932,10.12,75.92,978.15,43.04,1242.8,23.6,1.5,2.97,5.33,6.19,9.39,19.28,24.6,0.407,0,0,1,1,0,1
2019-02-03,25.3986,82.7278,34.56,96.5,1011.16,120.93,823.7,31.9,0.42,1.0,1.63,2.63,4.51,5.42,11.79,0.198,0,0,1,1,1,2
2019-02-03,19.828,85.7337,40.61,78.53,986.18,69.99,908.7,1.1,8.83,13.68,26.78,45.33,53.49,84.29,142.0,0.875,7,2,1,1,3,0
2019-02-04,13.0387,79.89,46.3,37.01,1006.92,67.12,1631.3,12.6,0.35,0.76,1.4,1.66,2.68,5.14,7.05,0.05,8,0,0,1,3,3
2019-02-05,9.7854,76.8113,39.19,50.92,985.93,42.64,1691.0,38.6,0.96,1.2,2.11,3.27,4.52,8.92,15.62,0.05,2,0,1,1,1,3
2019-02-06,11.3735,92.4402,8.51,53.67,998.87,149.22,73.2,47.4,2.23,4.73,8.43,10.94,14.58,27.84,36.09,0.392,0,1,1,2,0,1
2019-02-07,36.1243,139.5679,43.27,58.83,945.47,91.03,1318.4,4.3,0.56,0.73,1.22,1.86,2.65,4.61,8.21,0.05,8,0,0,2,3,3
2019-02-07,30.2138,-90.3568,23.64,91.56,975.13,154.75,1894.3,43.4,1.16,1.49,2.35,3.17,3.62,4.65,6.39,0.241,0,0,1,2,0,2
2019-02-07,15.5102,76.1758,41.92,29.87,970.57,85.21,1491.4,38.9,1.83,3.37,6.97,9.33,11.88,24.39,48.08,0.055,8,0,1,2,2,3
2019-02-08,14.7487,121.1951,17.79,67.7,954.29,28.82,763.6,9.1,12.97,19.55,40.26,71.55,95.36,177.23,272.57,0.95,0,3,3,2,0,0
2019-02-09,10.4975,-66.5142,37.52,53.92,1014.23,62.74,1985.4,34.5,6.17,13.42,21.98,30.65,50.13,81.9,105.6,0.564,7,1,2,1,2,1
2019-02-09,12.6686,80.2843,10.9,17.75,1022.12,62.7,682.3,23.4,0.6,1.01,1.39,1.87,3.27,4.51,7.55,0.05,0,0,0,0,0,2
2019-02-09,10.2693,-67.0108,18.52,29.59,963.34,14.81,1086.6,42.2,1.28,1.93,3.77,5.07,7.27,9.0,13.38,0.05,0,0,1,1,0,2
2019-02-10,25.4093,82.6494,25.75,70.42,1014.5,27.97,47.9,37.5,3.29,6.71,13.11,22.84,40.49,74.63,126.01,0.874,0,2,2,0,0,0
2019-02-10,10.1875,77.0185,11.53,44.27,949.23,75.07,2175.7,0.6,1.09,2.35,2.84,3.15,4.81,10.33,20.42,0.224,0,0,0,2,0,2
2019-02-10,18.7342,72.5146,34.05,30.9,1026.58,29.15,1852.5,46.5,4.52,9.04,18.2,23.94,30.98,61.01,127.03,0.625,0,1,2,0,0,0
2019-02-11,18.1694,-65.64,30.25,52.61,965.99,125.99,70.3,33.3,3.16,4.34,5.86,9.54,12.58,19.11,24.06,0.115,0,1,1,2,0,2
2019-02-11,29.8154,-90.1521,19.36,78.3,955.21,18.34,1402.6,2.8,9.77,15.58,25.38,44.43,61.32,105.27,162.95,0.95,0,2,2,1,0,0
2019-02-11,12.0291,92.3859,26.1,20.57,957.27,25.5,1431.3,20.9,0.69,1.44,2.77,3.51,5.64,7.2,14.8,0.05,0,0,0,1,0,2
2019-02-12,25.7785,-79.9617,25.42,73.59,975.06,102.19,363.9,7.3,1.3,2.94,5.78,8.63,13.03,25.45,40.04,0.354,0,0,0,2,0,1
2019-02-12,14.8199,121.368,13.31,63.61,962.42,11.82,2127.2,41.9,13.04,23.07,33.79,57.98,71.1,106.08,154.42,0.95,0,2,3,1,0,0
2019-02-12,25.5143,82.8369,27.85,37.13,977.54,111.45,282.3,46.1,0.15,0.33,0.61,0.81,0.96,2.13,4.0,0.05,0,0,1,2,0,2
2019-02-12,25.0909,82.9543,41.49,48.26,971.86,16.02,1704.8,14.2,4.22,6.91,8.39,10.29,16.92,24.7,35.32,0.063,4,0,0,1,2,3
2019-02-12,13.6461,-86.8696,8.21,36.88,978.84,50.07,871.2,44.0,1.57,2.67,5.03,8.73,10.12,20.69,34.81,0.311,0,0,1,1,0,1
2019-02-12,28.4475,77.0815,9.03,83.52,959.7,10.51,2041.2,27.4,0.48,0.8,1.02,1.64,2.13,4.77,7.43,0.344,0,0,1,1,0,2
2019-02-12,13.0905,80.3279,29.31,66.87,951.0,95.95,1767.7,9.1,0.99,1.5,3.07,4.38,6.44,13.33,20.95,0.168,0,0,0,2,0,2
2019-02-13,11.6923,93.0035,37.12,62.08,980.2,150.51,1186.2,31.7,0.05,0.08,0.16,0.27,0.4,0.91,1.53,0.05,1,0,0,2,1,3
2019-02-13,13.1627,80.5869,10.65,31.71,957.59,74.27,2170.9,15.3,2.55,5.55,11.01,14.56,21.35,32.19,52.13,0.373,0,0,1,2,0,1
2019-02-13,14.1376,100.6273,23.43,19.02,1006.48,22.77,698.6,15.5,1.5,2.64,4.36,6.48,7.87,15.57,30.99,0.067,0,0,0,0,0,2
2019-02-13,-5.9424,106.7333,42.47,30.1,974.65,118.81,1379.9,3.4,0.04,0.05,0.09,0.14,0.16,0.22,0.42,0.05,1,0,0,2,1,3
2019-02-14,19.4133,72.72,30.04,84.3,963.39,133.83,1421.4,35.0,0.29,0.61,0.9,1.57,2.29,3.5,7.53,0.157,0,0,1,2,0,2
2019-02-14,25.4923,-79.8778,44.81,27.2,1016.53,60.02,811.3,30.2,8.01,12.96,24.43,27.25,41.86,81.91,143.84,0.615,4,1,2,1,2,1
2019-02-14,14.6503,120.9199,36.94,61.85,1011.11,52.75,1685.4,45.3,1.15,2.73,4.28,4.84,6.54,9.02,13.57,0.05,4,0,1,0,1,3
2019-02-14,18.1433,-66.4776,32.43,66.35,1013.1,118.65,2106.3,14.4,1.87,2.38,3.74,4.77,7.94,15.78,31.27,0.202,0,0,0,1,0,2
2019-02-14,24.122,90.2003,17.04,65.16,979.33,140.77,1648.8,42.7,3.78,7.09,11.17,17.76,29.32,50.36,92.59,0.72,0,1,2,2,0,0
2019-02-14,25.3132,-80.4076,27.98,29.22,1026.52,43.72,1365.0,21.5,0.78,1.67,2.18,3.15,3.93,7.31,15.06,0.05,0,0,0,0,0,2
2019-02-15,10.2361,-66.9173,27.53,27.13,989.95,61.3,1560.2,12.0,1.36,2.48,3.24,4.11,6.83,15.89,34.47,0.088,0,0,0,1,0,2
2019-02-15,18.6579,-66.5449,22.82,59.71,1008.4,39.32,243.4,39.0,14.61,29.08,56.49,104.68,131.9,213.74,303.3,0.95,0,3,3,1,0,0
2019-02-16,25.7449,82.4959,17.06,86.75,1010.35,132.47,1764.2,31.1,2.63,3.99,7.32,8.85,12.9,18.5,31.54,0.436,0,0,1,1,0,1
2019-02-16,18.6127,-66.1747,31.41,88.94,973.2,77.87,1077.8,19.4,6.02,8.9,14.68,27.01,32.76,39.49,57.86,0.48,0,1,1,2,0,1
2019-02-16,14.7291,121.4025,45.68,33.3,953.58,96.72,1746.7,15.1,2.7,5.34,8.63,13.23,15.25,36.49,57.61,0.096,7,0,0,2,3,3
2019-02-17,22.1929,88.1149,35.37,52.43,988.35,81.0,1660.4,2.8,4.33,8.22,11.33,12.91,15.18,27.77,54.39,0.257,1,0,0,1,1,2
2019-02-18,-6.3933,106.4906,28.22,77.19,991.85,135.61,759.5,28.8,3.79,5.82,9.06,14.25,15.88,35.95,47.13,0.389,0,0,1,2,0,1
2019-02-18,13.7376,100.0776,8.96,40.41,990.58,98.71,1385.7,33.6,0.02,0.03,0.06,0.1,0.12,0.27,0.39,0.105,0,0,0,1,0,2
2019-02-18,14.1485,100.8974,15.68,21.43,1008.46,3.11,1989.6,16.5,0.5,0.9,1.87,3.16,5.16,8.71,14.37,0.05,0,0,0,0,0,2
2019-02-18,-5.7242,106.897,8.66,15.84,969.65,143.21,1491.9,18.8,0.04,0.1,0.16,0.3,0.48,0.61,1.26,0.05,0,0,0,2,0,2
2019-02-18,10.5291,-66.817,9.18,97.88,996.76,87.48,144.7,13.5,9.05,14.71,26.41,50.17,64.43,121.86,231.1,0.95,0,3,2,1,0,0
2019-02-19,-6.5214,106.6777,38.95,66.17,1026.83,99.91,2064.9,45.4,9.3,15.42,19.6,24.25,27.68,36.72,50.84,0.264,8,0,1,1,2,2
2019-02-19,26.0329,-80.0771,41.48,88.34,953.84,128.61,659.6,35.0,1.38,1.75,2.43,3.47,5.62,7.42,14.94,0.118,1,0,1,2,2,3
2019-02-19,10.0444,-67.1141,30.81,71.12,1003.93,117.28,1920.8,4.1,9.53,17.67,29.69,52.5,69.02,137.15,208.06,0.95,0,2,2,2,0,0
2019-02-20,19.1918,72.768,15.4,77.84,989.62,35.17,1473.0,1.0,1.43,3.06,5.74,9.94,15.02,28.36,45.58,0.499,0,0,0,1,0,1
2019-02-20,23.5349,90.4289,33.6,28.02,1006.88,26.79,1636.2,3.9,1.32,2.18,3.23,4.36,6.42,14.05,29.13,0.05,0,0,0,0,0,2
2019-02-20,13.3358,80.2334,27.86,85.3,1009.1,83.88,853.5,21.7,1.51,2.09,3.72,6.15,10.95,19.13,42.03,0.397,0,0,1,1,0,1
2019-02-20,16.2683,81.4032,11.28,24.43,1003.42,153.79,1622.6,34.2,5.34,12.1,17.44,27.62,34.57,63.29,89.15,0.566,0,1,2,2,0,0
2019-02-20,23.3937,90.67,21.53,87.78,1023.16,137.66,691.1,18.9,12.9,20.49,27.13,35.97,63.84,108.47,231.46,0.95,0,2,2,2,0,0
2019-02-21,18.7937,72.8034,16.95,57.52,1020.65,80.37,379.3,30.3,3.14,3.87,4.96,6.08,7.27,10.99,18.18,0.221,0,0,1,1,0,2
2019-02-21,28.8871,77.5992,27.76,47.5,1003.44,94.23,1303.8,28.5,3.73,8.81,16.54,20.53,29.29,58.99,81.15,0.471,0,1,1,1,0,1
2019-02-21,15.4753,76.1332,34.2,97.03,948.82,71.68,2375.0,16.1,11.8,25.72,38.72,43.49,56.37,76.01,123.78,0.904,0,2,2,2,1,0
2019-02-22,25.3242,-80.3355,28.44,78.72,977.16,150.7,1387.9,32.6,2.15,4.79,7.69,14.26,18.76,42.0,77.25,0.582,0,1,1,2,0,1
2019-02-22,20.1363,85.667,43.82,63.73,947.73,141.65,597.2,27.9,0.63,0.78,1.15,1.98,2.56,3.75,5.3,0.05,1,0,0,3,2,3
2019-02-22,35.6207,139.3555,8.38,75.71,980.82,131.41,1334.1,40.1,3.31,6.93,12.98,16.84,25.33,56.96,118.41,0.95,0,1,2,2,0,0
2019-02-23,28.1692,77.3328,23.44,26.04,958.18,147.24,2111.3,43.6,16.7,24.21,36.8,60.18,86.58,147.36,229.56,0.95,0,3,3,3,0,0
2019-02-23,28.5152,77.056,35.19,85.83,961.23,52.4,1049.5,46.2,1.59,2.64,4.72,6.77,11.95,27.17,46.55,0.361,6,0,1,1,2,2
2019-02-23,16.829,81.8088,22.55,70.49,1000.4,10.62,10.6,4.7,10.97,23.62,31.15,49.59,75.79,91.0,148.24,0.95,0,3,2,0,0,0
2019-02-23,10.3448,-67.1459,29.59,30.68,973.92,146.7,685.4,7.9,17.15,26.8,48.57,62.42,92.7,154.21,333.34,0.95,0,3,2,3,0,0
2019-02-23,-6.2913,106.8063,40.74,18.46,1021.91,14.83,828.6,16.5,2.66,4.32,6.04,7.82,14.0,30.86,61.89,0.1,3,0,0,0,1,2
2019-02-23,15.4242,76.0804,21.15,28.91,990.41,38.49,559.3,15.0,3.94,4.84,9.51,15.12,19.85,26.51,52.76,0.269,0,0,0,1,0,1
2019-02-24,15.7619,75.417,11.29,53.96,956.8,52.78,412.9,15.2,10.02,21.08,27.92,45.65,51.19,121.85,211.01,0.95,0,2,2,2,0,0
2019-02-24,16.4734,81.4789,19.55,67.07,979.87,11.36,1175.4,39.1,0.36,0.46,0.62,1.06,1.7,3.19,5.32,0.16,0,0,1,0,0,2
2019-02-24,15.0949,75.8964,45.28,16.09,1022.21,139.39,163.5,29.2,5.38,9.06,11.62,20.49,29.23,44.31,56.31,0.05,2,1,1,1,2,3
2019-02-24,9.8204,76.8725,43.82,79.55,1026.06,35.1,339.6,25.2,6.18,7.71,16.16,25.56,45.63,74.75,123.94,0.738,7,1,2,0,3,1
2019-02-24,11.2239,92.2599,36.49,72.93,1012.93,135.7,172.5,23.9,0.56,0.91,1.64,2.59,3.08,6.49,12.9,0.08,2,0,0,1,1,3
2019-02-25,36.097,139.4806,10.84,57.72,1020.03,38.76,632.3,5.5,20.13,34.17,50.2,92.44,154.18,347.27,746.77,0.95,0,3,3,1,0,0
2019-02-25,25.4236,-80.1244,22.67,45.49,988.65,125.75,869.5,25.4,3.89,5.93,8.6,15.88,25.51,48.28,89.21,0.558,0,1,1,2,0,0
2019-02-25,11.1987,92.5757,29.59,48.89,959.2,76.17,152.7,3.1,2.67,3.78,6.66,8.34,13.87,19.08,31.37,0.149,0,0,0,2,0,2
2019-02-25,12.5944,80.4234,18.47,46.13,1007.23,37.63,1237.9,35.1,3.61,5.01,8.85,13.79,20.55,45.03,62.32,0.431,0,0,1,0,0,1
2019-02-25,25.8808,-80.3157,44.92,15.81,961.87,23.24,1677.6,5.5,0.07,0.16,0.32,0.44,0.51,1.03,2.15,0.05,7,0,0,1,3,3
2019-02-25,16.146,81.854,17.46,30.91,956.76,71.3,54.6,21.6,15.6,31.26,58.89,70.39,100.74,155.49,325.61,0.95,0,3,3,2,0,0
2019-02-26,13.4227,80.241,8.14,80.44,961.15,61.24,1273.5,7.4,9.14,16.11,22.69,38.3,66.1,151.71,247.46,0.95,0,2,2,2,0,0
2019-02-26,14.0611,100.6398,23.45,66.82,1022.85,69.66,1380.7,23.9,8.42,16.94,26.73,42.38,51.25,82.53,159.79,0.95,0,2,2,1,0,0
2019-02-27,16.5918,81.8163,31.11,56.08,1023.5,116.38,1753.8,2.7,2.79,4.91,9.99,13.05,16.82,28.49,41.12,0.229,0,0,0,1,0,2
2019-02-27,19.5124,73.0409,41.59,83.98,968.41,85.8,201.6,44.0,1.81,3.03,4.46,6.55,8.36,13.79,27.58,0.176,6,0,1,2,3,3
2019-02-28,-6.2322,107.165,11.69,23.66,1014.96,54.29,2137.2,14.1,0.79,1.32,2.44,3.89,4.69,11.15,24.29,0.153,0,0,0,0,0,2
2019-02-28,18.5633,-66.3941,28.21,30.77,955.22,108.88,1963.4,18.1,3.41,7.39,13.68,23.03,34.32,46.82,100.51,0.512,0,1,1,2,0,0
2019-02-28,18.7894,-65.8959,39.62,20.73,952.85,54.36,285.2,23.1,1.79,3.7,7.61,12.96,15.88,36.88,58.72,0.101,9,0,1,1,2,2
2019-03-01,25.7867,-80.1422,25.74,52.98,967.1,27.93,940.8,22.5,10.73,22.51,44.46,62.64,94.01,196.56,271.94,0.95,0,3,3,1,0,0
2019-03-01,22.1251,88.8096,14.54,46.31,1026.28,70.62,2217.5,33.9,4.68,6.68,10.23,17.25,26.89,60.1,84.74,0.608,0,1,2,1,0,0
2019-03-01,28.4937,77.5328,27.17,75.52,976.29,26.31,1408.4,9.8,2.14,4.81,6.14,6.9,10.52,16.8,27.18,0.266,0,0,0,1,0,2
2019-03-01,16.4334,81.9865,24.84,31.22,976.91,98.58,94.8,4.5,0.02,0.03,0.04,0.07,0.09,0.18,0.24,0.05,0,0,0,2,0,2
2019-03-02,25.3539,82.9916,31.29,72.97,1016.42,130.52,1725.5,24.3,1.12,2.52,4.79,8.48,10.16,16.03,26.05,0.21,0,0,0,1,0,2
2019-03-02,10.7689,-67.394,11.6,44.87,967.76,80.2,2350.2,6.4,1.63,3.78,7.52,10.64,16.91,22.07,42.21,0.362,0,0,0,2,0,1
2019-03-03,28.3334,77.1723,45.65,62.67,959.54,110.25,1174.9,21.1,8.56,17.55,31.97,37.66,43.85,87.58,118.8,0.612,6,1,2,3,3,1
2019-03-04,11.9195,92.2887,42.72,61.17,992.9,18.31,397.0,47.2,5.14,6.33,10.72,14.75,19.44,36.31,55.2,0.235,5,0,1,0,2,2
2019-03-04,26.0957,-79.8299,45.17,53.57,1003.93,124.89,365.3,2.6,0.48,0.77,1.59,1.8,3.14,5.88,7.66,0.05,5,0,0,1,3,3
2019-03-05,22.4062,88.6865,37.22,48.81,950.29,3.65,1183.0,3.9,4.54,7.52,13.65,19.47,29.98,65.94,137.45,0.743,5,1,1,1,2,0
2019-03-06,22.2128,88.2386,38.55,92.68,956.44,81.76,1886.5,21.2,3.45,7.52,12.23,17.45,21.4,46.85,93.5,0.655,5,1,1,2,2,1
2019-03-06,35.5996,139.5508,27.53,36.73,979.05,59.43,1573.5,36.9,2.42,3.39,6.72,8.39,12.63,23.15,34.42,0.132,0,0,1,1,0,2
2019-03-06,22.9186,88.1833,20.63,40.73,1007.03,116.38,1243.7,31.7,2.51,3.1,3.9,5.49,8.92,20.48,25.18,0.155,0,0,1,1,0,2
2019-03-06,22.6214,88.1592,15.33,68.04,985.82,103.7,1741.3,25.3,2.38,3.06,4.67,6.27,9.64,14.76,21.14,0.302,0,0,1,1,0,1
2019-03-06,25.5843,-80.5398,33.07,26.48,1003.64,24.5,923.9,10.3,1.13,2.32,3.96,4.68,7.88,15.16,22.47,0.05,0,0,0,0,0,2
2019-03-06,11.8953,92.5796,8.9,83.42,1027.84,148.07,865.0,25.7,0.94,1.47,2.37,4.02,4.47,7.48,13.14,0.38,0,0,1,1,0,1
2019-03-06,22.7256,88.026,37.78,38.71,1021.46,141.93,1327.9,30.5,3.71,5.6,8.56,10.35,18.09,37.42,46.64,0.124,3,0,1,1,1,2
2019-03-07,25.4722,-79.8377,9.32,87.6,984.15,57.81,833.5,28.8,2.65,5.27,9.04,10.99,14.07,31.08,57.91,0.675,0,0,1,1,0,1
2019-03-07,16.401,81.9027,18.02,94.41,970.76,52.47,456.6,38.8,1.13,1.8,2.83,4.09,5.68,10.25,20.65,0.394,0,0,1,1,0,1
2019-03-08,9.9854,76.8886,12.21,47.65,1005.92,142.96,605.5,17.4,0.59,1.2,2.48,4.0,6.13,11.43,14.73,0.198,0,0,0,2,0,2
2019-03-08,25.7128,-79.6916,40.42,89.98,977.58,131.14,1302.6,22.9,4.2,5.56,8.0,14.03,20.38,46.66,60.13,0.417,1,0,1,2,2,2
2019-03-08,-6.4998,107.204,11.69,45.17,1009.72,13.67,1502.5,24.6,1.3,2.74,3.42,5.12,7.45,9.71,12.97,0.18,0,0,0,0,0,2
2019-03-08,25.6624,82.5189,43.76,89.29,1023.85,71.41,2042.1,23.5,3.51,6.35,11.1,16.73,20.22,26.89,57.57,0.368,3,0,1,1,2,2
2019-03-09,35.5715,139.1845,33.46,51.19,985.99,24.43,234.0,12.8,1.28,1.72,3.13,5.75,7.03,15.51,23.24,0.074,0,0,0,0,0,2
2019-03-09,14.5184,120.9561,43.59,69.67,974.84,56.73,1208.1,2.1,9.14,13.42,24.53,42.25,70.94,99.23,172.33,0.95,3,2,2,1,2,0
2019-03-10,15.2904,75.9954,11.75,61.1,1020.14,97.16,1870.8,22.5,1.31,1.89,3.71,6.18,7.57,14.1,26.93,0.339,0,0,1,1,0,1
2019-03-10,14.9427,76.0216,27.62,78.8,1017.84,17.88,924.9,37.4,1.98,3.17,4.98,7.88,14.18,25.4,35.78,0.331,0,0,1,0,0,1
2019-03-10,19.8628,86.0909,12.54,59.82,954.03,51.21,1930.0,5.3,2.15,4.14,8.47,14.31,17.14,40.5,67.96,0.583,0,0,0,1,0,1
2019-03-10,20.3418,86.284,41.77,41.88,963.21,97.48,899.6,47.3,2.39,3.18,5.24,8.01,8.84,13.21,15.87,0.05,1,0,1,2,1,3
2019-03-10,11.7921,93.0162,15.24,17.87,976.65,64.75,1550.8,4.6,6.03,11.39,19.26,26.06,35.33,44.75,87.43,0.489,0,1,1,1,0,0
2019-03-10,15.0432,75.7205,33.3,67.3,1011.33,152.86,1743.6,21.5,2.17,2.68,3.6,4.62,8.28,17.52,23.5,0.15,0,0,0,2,0,2
2019-03-11,11.8884,92.7157,41.53,75.95,1021.65,81.7,1626.5,18.1,0.04,0.08,0.16,0.2,0.22,0.31,0.65,0.05,1,0,0,1,2,3
2019-03-11,-6.5333,106.9263,8.05,74.02,1004.16,70.01,825.5,40.5,5.37,12.78,19.61,35.8,41.57,70.41,117.26,0.95,0,1,2,1,0,0
2019-03-11,12.1081,92.4915,16.24,51.05,998.94,77.25,597.9,18.9,3.16,7.2,11.39,17.77,30.88,68.22,94.51,0.675,0,1,1,1,0,0
2019-03-12,26.0108,-80.4672,26.89,62.63,957.23,51.66,985.4,38.9,5.15,7.56,13.26,17.17,30.76,72.06,127.06,0.834,0,1,2,1,0,0
2019-03-12,16.9271,81.2683,18.32,26.38,976.67,152.97,388.1,40.0,3.69,4.5,9.23,17.32,30.27,54.55,77.48,0.438,0,1,2,2,0,1
2019-03-13,28.7168,77.031,25.77,53.0,946.35,28.63,1173.5,39.6,1.14,2.08,3.14,3.72,6.59,14.67,18.76,0.124,0,0,1,1,0,2
2019-03-13,15.3115,75.8155,21.19,96.59,980.05,129.67,85.6,37.5,2.81,5.53,8.49,13.04,22.85,38.01,49.63,0.557,0,1,1,2,0,1
2019-03-14,18.9008,72.3899,25.63,50.53,1022.5,144.94,87.6,23.6,0.61,0.93,1.67,2.01,2.23,4.62,8.51,0.05,0,0,0,1,0,2
2019-03-14,13.5749,79.8165,33.15,70.9,1001.38,18.72,461.7,30.5,1.84,3.89,5.11,6.4,9.54,17.18,25.19,0.178,0,0,1,0,0,2
2019-03-15,-6.5323,106.9667,18.59,76.48,1009.61,129.17,752.3,32.9,1.27,2.65,4.28,6.75,9.39,13.09,18.04,0.291,0,0,1,1,0,2
2019-03-15,16.476,81.5818,39.09,27.37,948.14,138.04,1128.0,46.6,2.66,4.82,8.49,10.49,13.4,30.65,43.29,0.05,7,0,1,3,2,2
2019-03-15,23.3866,90.8299,46.42,44.17,998.5,23.02,159.0,41.9,4.59,7.26,12.01,14.52,23.16,29.75,58.22,0.143,7,1,1,0,3,3
2019-03-16,12.1028,92.5544,18.11,23.17,1000.81,52.52,665.4,18.1,2.83,3.95,8.16,13.76,15.59,24.45,30.57,0.132,0,0,0,1,0,2
2019-03-17,24.1056,89.9468,32.52,81.41,967.27,54.02,2201.0,36.4,3.73,5.61,10.26,18.56,23.41,47.93,76.39,0.552,0,1,1,1,0,1
2019-03-18,10.2481,77.2744,42.07,93.79,947.69,151.22,2089.6,18.7,6.35,13.23,25.32,32.32,50.23,61.84,126.66,0.835,4,1,1,3,2,1
2019-03-18,13.114,80.6495,11.21,78.55,950.79,75.24,415.3,36.2,8.49,15.83,26.51,45.36,50.06,115.2,160.99,0.95,0,2,3,2,0,0
2019-03-18,-5.8344,106.4908,8.66,27.58,952.64,38.68,241.8,33.4,0.1,0.19,0.25,0.46,0.81,1.19,2.16,0.06,0,0,0,1,0,2
2019-03-18,14.1115,120.6308,35.76,68.22,984.62,105.26,1857.6,46.4,7.68,16.54,30.19,47.08,55.76,77.99,157.56,0.95,4,2,3,2,1,0
2019-03-19,16.4375,81.3718,22.57,78.74,953.27,94.37,759.1,5.2,6.09,11.31,21.63,40.55,49.82,67.97,148.23,0.95,0,2,1,2,0,0
2019-03-19,22.4177,88.168,11.93,57.77,945.12,65.65,201.5,21.8,2.84,6.31,9.25,14.37,16.48,37.84,62.5,0.545,0,1,1,2,0,1
2019-03-19,22.1033,88.1011,39.32,50.41,997.7,133.01,1178.5,10.8,0.65,0.78,1.44,1.71,2.17,3.38,5.95,0.05,2,0,0,2,1,3
2019-03-21,-5.9041,106.3959,37.46,53.04,973.13,93.98,706.9,16.1,5.74,9.59,17.55,21.42,29.54,55.01,80.72,0.405,3,1,1,2,1,1
2019-03-21,13.2648,80.6361,40.0,53.85,980.88,146.83,162.6,45.8,3.02,4.69,7.98,12.85,15.13,30.32,63.75,0.28,4,1,1,2,2,2
2019-03-21,10.0615,-66.9967,10.82,17.54,966.39,72.78,2084.1,35.0,4.75,8.13,12.29,17.17,30.76,38.39,79.35,0.477,0,1,1,2,0,1
2019-03-21,16.6793,81.0509,32.34,67.08,967.02,106.51,1128.6,25.5,1.42,3.38,6.3,8.18,10.35,22.04,35.0,0.23,0,0,1,2,0,2
2019-03-21,22.6566,88.4844,10.74,67.38,1024.12,84.77,1717.2,26.9,6.75,15.63,21.35,30.95,42.55,71.75,95.11,0.803,0,1,2,1,0,0
2019-03-21,15.569,76.0083,37.87,92.02,1023.86,104.62,986.0,23.2,3.74,8.18,12.57,23.05,30.59,56.19,121.45,0.833,7,1,1,1,2,0
2019-03-22,13.2696,79.7839,45.43,95.03,1000.32,78.98,1374.8,43.3,4.14,6.17,8.49,10.47,15.89,31.19,39.9,0.268,9,0,1,1,3,3
2019-03-23,24.0686,90.2599,25.55,79.2,1013.57,33.24,1625.9,9.5,0.46,1.07,1.44,1.85,2.2,3.88,8.22,0.179,0,0,0,0,0,2
2019-03-23,20.4111,85.7261,21.46,58.35,974.88,4.45,1350.8,6.4,0.29,0.61,0.74,1.38,2.02,4.81,6.05,0.108,0,0,0,0,0,2
2019-03-24,14.1451,120.8386,11.4,96.46,960.27,44.14,2290.7,9.4,0.65,1.41,2.01,2.36,2.97,6.73,9.96,0.397,0,0,0,1,0,2
2019-03-24,26.1345,-80.6205,19.42,96.02,1006.94,107.16,436.8,14.0,3.25,7.0,14.27,23.66,32.96,66.89,84.9,0.791,0,1,1,1,0,0
2019-03-25,18.7408,73.0766,36.03,36.85,960.79,59.98,283.8,18.8,0.38,0.68,0.92,1.11,1.67,3.26,3.93,0.05,5,0,0,1,1,3
2019-03-25,23.5847,90.1172,34.2,66.3,974.73,19.37,1612.4,25.2,5.18,9.45,18.59,28.66,42.78,96.34,154.48,0.95,0,1,2,1,0,0
2019-03-25,11.5673,92.5792,45.23,39.46,985.58,60.79,1512.3,9.7,1.05,2.34,4.52,7.83,12.84,22.49,43.38,0.05,7,0,0,1,3,3
2019-03-25,10.5032,77.3174,10.94,85.84,1019.64,47.02,839.6,16.5,0.48,1.01,1.55,2.74,4.7,10.79,21.77,0.427,0,0,0,0,0,1
2019-03-26,23.7989,90.4188,40.28,73.69,955.12,99.11,25.4,34.2,5.06,11.02,19.43,24.18,40.03,91.26,167.35,0.95,9,2,2,2,3,0
2019-03-26,19.975,85.3404,42.96,28.49,1010.33,115.4,429.7,20.5,1.92,4.05,7.91,9.3,13.89,29.36,58.31,0.103,2,0,0,1,2,2
2019-03-26,36.1249,139.614,44.18,48.02,982.33,124.8,1232.1,6.2,2.02,3.95,7.3,11.8,13.96,21.85,42.25,0.081,8,0,0,2,3,3
2019-03-26,25.8172,-80.1384,43.52,25.15,1011.04,83.75,686.2,44.2,0.06,0.09,0.18,0.27,0.41,0.86,1.16,0.05,6,0,1,1,2,3
2019-03-26,30.3351,-89.7984,38.66,35.55,1008.24,101.28,1536.0,42.9,0.93,1.53,1.95,3.28,5.55,9.36,14.57,0.05,1,0,1,1,1,3
2019-03-26,15.6966,75.6209,17.7,90.55,957.82,97.9,71.1,31.1,1.14,1.98,2.99,3.7,5.68,12.83,27.7,0.424,0,1,1,2,0,1
2019-03-26,25.5323,-80.2357,26.09,32.29,995.43,118.12,1032.5,46.9,0.21,0.4,0.69,0.78,0.98,2.24,3.91,0.05,0,0,1,1,0,2
2019-03-26,10.49,-67.3649,9.59,79.56,972.43,144.48,1481.9,21.2,2.91,5.09,10.26,15.05,17.65,33.83,61.67,0.66,0,1,1,2,0,1
2019-03-26,14.3183,-87.3654,46.63,37.05,1014.96,64.21,1791.2,10.1,5.85,7.61,10.99,19.32,31.36,56.49,105.79,0.406,5,1,1,1,3,2
2019-03-26,28.5716,77.3919,9.59,17.45,1018.04,23.97,611.9,23.8,2.64,3.55,7.17,9.21,16.21,24.45,29.4,0.176,0,0,1,0,0,2
2019-03-28,19.4124,73.1306,33.38,24.65,989.52,68.88,644.4,29.2,7.18,17.22,30.08,42.83,53.86,81.25,136.46,0.661,0,1,2,1,0,0
2019-03-28,9.7048,77.2951,41.86,62.14,986.3,122.52,314.6,41.2,2.31,3.15,6.1,8.96,13.65,31.02,64.85,0.307,7,0,1,2,3,2
2019-03-29,14.3345,121.417,42.78,46.7,1004.25,101.69,405.5,15.7,2.64,5.85,12.05,13.45,18.11,36.25,62.63,0.215,8,0,0,1,3,2
2019-03-29,15.8004,75.4552,30.16,65.6,950.47,151.57,726.8,34.4,3.5,4.34,8.58,11.53,14.69,18.66,27.06,0.193,0,0,1,3,0,2
2019-03-29,24.24,90.5368,16.38,66.57,960.58,100.68,2120.2,4.2,1.05,2.11,3.88,6.09,7.29,10.87,22.91,0.297,0,0,0,2,0,1
2019-03-29,23.9328,90.0571,23.06,51.73,988.46,21.64,864.1,3.5,13.63,18.29,26.2,47.5,68.3,93.08,147.46,0.947,0,2,1,1,0,0
2019-03-30,24.8653,82.7885,16.88,66.13,995.32,42.21,509.0,21.3,2.1,2.84,4.11,5.05,8.74,11.27,23.43,0.294,0,0,0,1,0,1
2019-03-30,13.4092,79.7766,31.6,23.03,983.7,68.74,2046.4,30.2,3.57,8.36,17.42,28.27,41.43,79.94,126.5,0.608,0,1,2,1,0,0
2019-03-31,14.0991,121.3473,13.22,25.4,974.36,16.46,792.8,46.6,0.07,0.15,0.31,0.45,0.79,1.2,2.62,0.05,0,0,1,1,0,2
2019-03-31,18.855,-66.1932,10.77,67.47,983.88,84.5,485.7,43.0,1.18,1.61,2.96,5.58,7.08,12.48,15.78,0.307,0,0,1,1,0,2
2019-03-31,16.4928,81.2633,22.2,94.68,1024.36,23.86,1989.3,25.1,4.06,8.65,11.35,19.74,25.9,53.84,95.49,0.825,0,1,1,0,0,0
2019-04-01,28.6899,77.161,18.03,61.45,1015.47,112.16,1174.5,12.6,4.99,11.53,16.05,27.92,34.08,77.73,143.18,0.95,0,1,1,1,0,0
2019-04-02,14.9396,75.6742,15.42,58.19,974.94,90.13,1825.5,26.5,2.15,3.26,5.72,10.08,12.94,27.77,44.92,0.405,0,0,1,2,0,1
2019-04-02,20.1975,85.471,10.75,21.94,974.75,25.25,1158.9,22.1,6.33,12.88,23.55,37.03,41.96,87.98,137.12,0.859,0,1,2,1,0,0
2019-04-03,24.0037,90.547,25.15,53.38,1023.9,113.34,962.8,41.5,1.11,2.58,3.66,6.17,9.58,18.24,30.43,0.204,0,0,1,1,0,1
2019-04-03,35.6662,139.8553,14.38,92.19,972.28,122.6,2139.6,17.0,6.53,13.41,27.01,35.14,61.56,78.7,156.9,0.95,0,2,2,2,0,0
2019-04-03,13.0429,80.4074,29.31,89.34,969.97,4.0,1670.2,9.1,0.59,1.41,2.03,2.56,3.16,5.36,8.63,0.194,0,0,0,0,0,2
2019-04-03,10.94,-67.3492,42.3,82.6,1025.04,96.57,617.2,1.7,0.88,1.77,3.6,4.88,8.36,13.99,21.1,0.123,7,0,0,1,3,3
2019-04-04,16.3543,81.4989,12.53,71.86,969.41,37.17,732.4,22.3,7.65,15.49,21.06,34.5,41.65,65.9,109.6,0.898,0,1,2,1,0,0
2019-04-04,9.6621,77.5028,29.33,85.72,996.55,91.8,1716.8,15.1,1.73,2.25,2.71,3.55,5.93,11.47,15.36,0.219,0,0,0,1,0,2
2019-04-04,19.501,73.3191,21.44,74.15,953.36,69.99,1208.9,36.5,1.19,1.81,2.67,4.12,7.06,15.51,19.51,0.264,0,0,1,2,0,2
2019-04-04,18.258,-65.971,35.11,24.18,1002.79,89.83,788.0,40.9,2.16,3.65,4.98,6.49,8.38,14.14,24.05,0.05,4,0,1,1,1,2
2019-04-05,25.0692,83.0551,18.3,49.35,979.73,140.73,1785.6,30.0,0.45,0.71,1.17,1.39,2.08,3.03,6.13,0.096,0,0,0,2,0,2
2019-04-05,25.7187,82.6166,35.27,18.06,982.16,77.67,2027.6,18.8,1.35,2.25,3.59,4.68,5.3,12.66,24.88,0.05,1,0,0,1,0,2
2019-04-05,19.1504,72.9068,42.89,52.28,977.55,39.06,1953.6,46.4,0.76,1.33,2.52,4.05,6.77,8.26,17.44,0.05,7,0,1,1,3,3
2019-04-05,18.579,72.9584,13.1,95.5,982.66,38.12,178.2,8.6,2.57,4.12,8.02,11.59,14.77,28.66,54.65,0.657,0,1,1,1,0,1
2019-04-05,13.5484,80.4261,18.02,48.79,986.38,83.6,1583.5,2.5,4.47,5.7,9.24,16.28,23.05,31.78,69.44,0.492,0,0,0,1,0,1
2019-04-05,20.495,85.6801,45.74,85.31,970.71,32.02,1316.4,22.0,7.36,9.72,13.92,23.68,27.62,43.78,69.49,0.406,4,0,1,1,3,2
2019-04-06,13.5991,100.0571,42.49,73.62,977.04,34.2,1359.7,44.9,3.04,6.89,12.64,15.12,24.07,46.39,72.39,0.401,4,0,2,1,2,2
2019-04-06,13.3613,80.3483,39.63,67.78,977.22,105.14,625.3,16.9,8.73,13.52,21.94,39.76,63.43,80.85,108.93,0.629,5,1,1,2,2,1
2019-04-07,30.084,-90.499,46.08,42.76,997.29,153.3,635.1,8.4,2.77,5.16,10.47,11.74,16.26,25.61,45.36,0.059,5,0,0,2,3,3
2019-04-07,22.2619,88.0053,37.3,88.21,992.85,139.2,65.5,12.6,5.71,9.75,13.8,23.97,40.16,70.18,116.96,0.793,6,2,1,2,2,1
2019-04-08,13.7254,-87.5144,23.76,54.8,966.53,85.99,797.1,8.8,0.52,1.25,1.89,3.3,4.42,8.61,17.57,0.143,0,0,0,2,0,2
2019-04-08,20.4249,86.2336,32.05,94.55,986.46,73.71,1267.4,2.1,1.25,2.55,5.28,8.21,10.13,17.34,29.3,0.322,0,0,0,1,0,2
2019-04-09,10.4911,-67.3418,17.56,61.54,990.09,153.39,492.4,7.2,3.31,4.86,8.63,16.21,28.57,42.21,57.87,0.482,0,1,1,2,0,1
2019-04-10,29.0578,77.5047,29.91,50.53,951.9,114.82,816.9,9.8,0.43,0.56,0.91,1.61,1.92,3.49,5.51,0.05,0,0,0,2,0,2
2019-04-10,18.2947,-65.6174,44.61,71.73,1023.74,32.89,2087.6,32.2,2.81,6.14,10.87,17.78,22.72,49.54,91.66,0.493,5,1,1,0,3,2
2019-04-10,20.4057,86.2652,41.77,85.02,974.18,153.73,70.5,47.4,0.99,1.71,3.41,4.42,5.56,10.96,20.88,0.137,8,0,1,2,3,3
2019-04-10,13.8714,-86.8784,8.76,47.63,963.28,69.88,2272.5,8.1,0.32,0.41,0.54,0.62,0.98,1.31,1.83,0.148,0,0,0,1,0,2
2019-04-10,16.6962,81.8686,12.44,83.81,1008.16,30.5,1726.6,32.3,4.83,6.89,9.25,11.92,16.16,34.78,67.4,0.689,0,1,1,0,0,0
2019-04-11,14.4297,120.8845,8.78,57.14,954.27,45.18,781.0,4.4,1.57,2.82,4.48,5.93,7.75,15.19,29.14,0.362,0,0,0,1,0,1
2019-04-11,14.2009,121.4189,21.32,53.51,1015.84,65.56,2017.7,46.1,1.88,4.24,6.25,6.89,7.99,16.66,21.66,0.185,0,0,1,0,0,2
2019-04-11,13.762,100.5488,30.37,51.92,1000.48,98.38,44.8,26.2,0.32,0.39,0.75,0.98,1.31,1.67,2.3,0.05,0,0,0,1,0,2
2019-04-11,18.3519,-66.2202,17.43,94.11,976.97,17.02,1256.3,34.0,3.29,7.71,11.91,17.31,22.02,41.69,89.2,0.827,0,1,2,1,0,0
2019-04-12,13.6407,100.9466,14.19,91.58,945.22,138.75,2121.4,15.6,4.26,6.4,12.05,18.66,24.45,41.08,77.64,0.773,0,1,1,3,0,0
2019-04-12,23.9431,90.3109,38.6,31.54,1003.03,89.54,326.6,38.2,0.32,0.57,0.9,1.57,2.2,4.47,7.5,0.05,2,0,1,1,1,3
2019-04-13,25.8432,-79.9496,16.24,45.45,1008.19,115.83,997.1,6.1,1.15,2.08,4.12,7.72,11.94,19.35,36.64,0.288,0,0,0,1,0,1
2019-04-13,10.6473,77.4166,45.81,86.84,1012.82,41.46,411.8,32.3,9.28,17.34,29.73,39.36,64.5,91.88,140.0,0.853,3,2,2,1,3,1
2019-04-13,16.5254,81.2023,45.83,47.73,960.52,29.45,2058.0,22.4,1.21,2.6,4.84,8.85,15.1,19.89,27.28,0.05,6,0,0,1,3,3
2019-04-14,18.5385,-66.0863,24.78,51.22,992.61,139.43,342.4,27.0,0.06,0.12,0.21,0.35,0.5,0.71,1.17,0.05,0,0,0,2,0,2
2019-04-14,16.2963,81.7538,11.87,37.18,1006.45,117.65,1437.6,5.7,6.71,9.44,17.45,19.79,26.37,46.78,57.44,0.42,0,0,0,1,0,1
2019-04-14,15.381,75.6792,40.84,70.35,1010.82,24.75,1371.1,23.8,1.95,4.66,7.46,8.84,9.93,21.43,25.92,0.11,1,0,0,0,1,3
2019-04-15,12.9795,80.1837,9.6,73.89,974.41,75.45,1828.0,41.5,2.54,5.03,9.37,12.45,19.86,39.41,64.75,0.653,0,1,2,1,0,1
2019-04-15,14.0814,-87.4222,39.41,15.31,1026.21,153.52,1218.3,47.3,3.31,4.5,8.7,13.45,18.02,26.73,45.95,0.05,1,0,1,2,1,2
2019-04-15,13.5669,80.5246,38.52,88.58,978.09,134.03,642.4,25.9,6.85,10.9,22.44,26.87,29.9,68.32,86.67,0.594,8,1,1,2,3,1
2019-04-15,18.3843,-65.727,40.17,75.04,986.31,143.24,1406.0,9.1,3.05,5.77,10.25,12.09,19.13,32.21,58.31,0.34,2,0,0,2,2,2
2019-04-16,35.9527,139.3315,36.97,56.84,948.99,96.48,562.9,20.0,2.28,4.92,8.47,11.62,18.13,25.94,52.47,0.25,7,0,1,2,2,2
2019-04-16,30.0223,-90.1281,19.92,21.05,1022.41,62.37,1902.9,13.8,3.64,8.18,10.12,17.86,26.79,51.68,89.05,0.471,0,1,1,0,0,0
2019-04-17,9.6696,76.7714,45.32,85.99,951.08,15.77,1002.1,0.9,0.35,0.81,1.55,2.54,4.27,6.41,12.34,0.056,6,0,0,1,3,3
2019-04-17,18.7477,73.2284,23.36,23.45,972.04,65.53,656.6,25.6,1.27,1.68,2.3,4.22,6.5,10.25,16.06,0.05,0,0,0,1,0,2
2019-04-17,22.4577,88.7345,24.67,65.88,1022.75,93.44,548.0,32.3,1.08,2.1,3.74,5.2,8.42,13.06,15.86,0.174,0,0,1,1,0,2
2019-04-18,24.9753,83.3633,44.63,42.6,953.4,88.31,976.3,28.5,0.93,1.54,3.2,5.92,10.09,21.54,29.22,0.05,4,0,1,2,2,3
2019-04-18,15.7907,76.0809,8.49,86.37,1019.43,7.81,295.5,21.9,1.8,2.8,3.86,5.94,9.74,22.64,33.98,0.528,0,1,1,0,0,1
2019-04-18,28.5324,77.3589,46.67,82.36,1014.31,113.15,843.2,45.0,2.19,3.68,5.06,6.8,7.49,14.92,26.94,0.118,2,0,1,1,3,3
2019-04-19,17.0165,81.3138,44.18,59.94,1015.43,4.36,1913.4,34.0,13.22,17.68,31.44,35.12,47.41,93.06,198.41,0.95,1,2,2,0,2,0
2019-04-19,18.4073,-65.8633,17.98,79.53,974.72,104.61,1327.8,39.3,6.25,8.01,11.74,21.09,29.16,53.01,73.33,0.656,0,1,2,2,0,0
2019-04-19,36.0551,139.5492,21.58,66.62,1025.22,58.85,79.4,21.7,2.75,5.94,11.02,20.63,34.0,52.98,97.56,0.716,0,2,1,0,0,0
2019-04-19,28.2102,76.9717,22.75,22.34,973.4,152.15,1512.0,20.3,0.64,1.53,2.97,3.94,4.53,5.74,7.58,0.05,0,0,0,2,0,2
2019-04-19,18.1185,-66.0217,14.88,60.7,1014.06,15.15,959.4,11.6,2.99,6.79,9.35,15.34,17.87,33.15,62.19,0.529,0,0,1,0,0,1
2019-04-19,18.9176,72.9848,15.16,50.25,977.53,80.55,1943.4,26.8,6.56,11.95,20.83,30.2,50.62,116.86,214.92,0.95,0,2,2,2,0,0
2019-04-19,30.3483,-90.5143,37.81,88.91,955.29,101.68,2224.0,14.7,7.32,10.16,20.06,28.91,48.5,70.45,89.4,0.619,9,1,1,2,3,1
2019-04-20,14.1693,-86.8135,40.58,88.07,986.61,30.55,306.8,28.4,2.47,5.02,7.4,10.52,11.73,22.66,36.78,0.261,4,0,1,1,2,2
2019-04-20,23.8956,90.41,46.1,78.19,985.86,46.77,2226.2,25.9,4.09,7.23,10.25,15.76,26.6,44.16,82.52,0.452,3,1,1,1,3,2
2019-04-21,10.2583,77.0662,41.57,49.5,989.15,151.19,103.8,21.8,3.54,4.28,7.43,8.51,14.47,31.38,38.67,0.089,8,1,0,2,3,3
2019-04-21,15.0342,75.666,37.33,49.62,985.92,87.77,2376.0,38.8,0.14,0.3,0.5,0.64,1.09,1.66,2.52,0.05,7,0,1,1,2,3
2019-04-21,22.7787,88.6372,34.57,59.15,947.33,2.94,1051.7,8.3,8.26,10.95,20.2,27.88,48.91,66.49,131.5,0.776,0,1,1,1,0,0
2019-04-22,11.3789,92.456,41.48,32.96,992.34,125.75,1201.9,20.3,1.49,2.86,5.54,10.51,17.96,31.31,40.05,0.05,9,0,0,2,3,3
2019-04-23,14.1303,120.6502,29.66,83.61,1022.1,108.88,2149.1,8.8,2.45,4.01,6.01,7.64,13.19,22.96,39.73,0.359,0,0,0,1,0,1
2019-04-23,16.6016,81.7128,33.75,84.17,1005.25,122.91,694.6,18.9,3.45,6.43,13.28,16.59,22.33,42.14,87.14,0.62,0,1,1,2,1,1
2019-04-23,14.7601,121.0838,13.32,97.99,972.85,64.34,2053.4,30.5,3.98,7.82,11.66,20.56,23.1,37.91,81.68,0.835,0,1,1,1,0,0
2019-04-23,12.6524,80.4402,28.28,83.56,997.58,148.05,1810.0,23.5,5.76,9.97,13.88,22.26,30.0,36.9,52.18,0.449,0,0,1,2,0,1
2019-04-23,16.1767,81.1097,40.21,54.03,981.16,141.48,2375.7,29.9,8.76,19.58,33.08,61.29,76.43,172.87,260.92,0.95,7,2,3,3,2,0
2019-04-23,25.7667,83.3835,21.09,72.53,980.31,64.14,1822.7,0.8,3.98,7.11,10.94,15.01,18.33,29.35,46.71,0.43,0,0,0,1,0,1
2019-04-24,10.1577,-67.3664,43.46,36.14,996.18,78.99,2205.0,20.4,6.75,12.67,23.28,42.13,75.74,157.34,238.29,0.95,5,2,3,1,2,0
2019-04-24,15.0084,75.9494,15.09,28.38,976.9,57.35,2081.0,27.3,6.75,9.29,14.14,21.84,26.37,35.7,66.45,0.407,0,0,1,1,0,1
2019-04-25,13.0077,80.1498,14.21,75.05,1020.08,30.09,2209.8,7.2,4.66,10.96,14.61,21.16,28.27,47.1,91.99,0.787,0,1,1,0,0,0
2019-04-26,36.0209,139.1993,16.22,47.56,980.51,103.39,1312.9,9.3,0.11,0.23,0.38,0.53,0.69,1.51,3.01,0.088,0,0,0,2,0,2
2019-04-26,35.5082,139.1936,32.79,72.29,999.35,91.8,375.7,10.5,1.05,2.42,4.56,7.03,8.97,11.96,25.1,0.187,0,0,0,1,0,2
2019-04-26,19.0919,73.3228,13.28,64.62,1011.31,93.12,1228.5,40.3,14.8,20.98,38.23,44.52,50.31,77.33,167.88,0.95,0,2,2,1,0,0
2019-04-26,12.117,92.6407,33.6,90.71,972.74,32.91,1030.3,18.7,9.74,22.41,35.53,50.81,71.72,148.97,260.71,0.95,0,2,2,1,1,0
2019-04-27,-5.9008,106.5115,42.64,88.73,971.31,50.49,870.6,42.3,1.68,3.16,6.55,10.86,18.0,31.52,61.7,0.401,4,0,1,1,2,2
2019-04-27,22.9609,88.4725,16.22,89.66,1013.37,11.11,1951.5,20.6,2.88,3.83,5.97,8.64,13.55,26.95,47.13,0.555,0,0,1,0,0,1
2019-04-28,28.7512,76.7644,29.02,31.48,989.78,30.0,1054.1,38.5,2.17,2.99,5.54,6.92,11.19,19.86,32.84,0.085,0,0,1,0,0,2
2019-04-28,14.5212,-86.9607,44.37,54.71,991.58,93.2,985.1,40.3,0.72,1.34,2.48,4.52,7.77,14.07,25.93,0.05,1,0,1,1,2,3
2019-04-30,13.9906,100.863,36.56,57.74,958.39,14.78,47.9,8.4,7.75,11.55,17.54,20.77,26.08,47.55,85.96,0.467,7,1,1,1,2,1
2019-04-30,10.6457,-67.3529,9.96,88.2,1015.72,79.47,1177.5,17.7,18.01,24.01,41.57,68.4,119.98,256.31,472.6,0.95,0,3,3,1,0,0
2019-04-30,16.3131,81.5472,12.53,22.22,963.36,77.89,82.0,8.5,1.83,3.59,7.25,12.79,14.55,34.34,50.38,0.302,0,1,0,2,0,1
2019-05-01,11.6959,92.8422,27.57,83.09,962.96,80.77,504.3,14.1,6.25,12.66,23.49,27.13,43.68,78.17,129.7,0.938,0,1,2,2,0,0
2019-05-01,28.754,77.413,8.02,86.83,1013.26,20.85,899.1,31.9,3.7,8.26,10.95,15.81,18.47,30.8,37.43,0.556,0,0,1,0,0,1
2019-05-01,13.7566,-87.2226,11.26,43.64,948.88,54.58,1555.7,25.1,4.25,7.91,13.45,20.29,27.49,47.72,62.63,0.487,0,1,1,2,0,1
2019-05-01,19.2617,72.9536,46.91,46.94,977.47,114.62,1547.1,1.1,3.73,7.7,16.07,25.22,39.82,85.47,110.77,0.479,4,1,1,2,3,2
2019-05-02,28.7028,77.2944,38.6,56.47,956.88,98.22,1441.7,47.7,0.87,1.68,2.88,3.91,6.39,10.52,19.56,0.05,3,0,1,2,1,3
2019-05-02,10.3361,77.1385,31.24,78.44,970.11,45.23,1744.6,24.6,0.52,0.96,1.73,2.58,3.97,6.5,13.51,0.157,0,0,0,1,0,2
2019-05-03,19.8666,85.5986,24.6,72.02,961.21,3.51,2343.7,43.2,1.25,2.23,3.66,6.57,9.97,21.85,46.15,0.392,0,0,1,1,0,1
2019-05-03,10.1408,76.834,42.62,35.55,1011.48,110.92,36.6,27.3,4.4,6.11,10.26,13.78,21.87,40.42,73.62,0.234,8,1,1,1,3,2
2019-05-03,13.7607,-87.6657,37.03,81.14,979.49,26.79,1199.7,31.4,8.86,17.88,34.69,45.51,76.61,148.19,259.18,0.95,9,2,3,1,2,0
2019-05-03,-5.8037,107.0119,31.71,96.83,974.42,10.52,469.4,43.1,4.21,9.04,11.86,14.33,16.89,37.64,53.07,0.484,0,0,1,1,0,1
2019-05-03,10.5888,-66.5505,32.78,87.12,1010.42,47.32,1199.7,31.7,0.94,1.85,3.45,4.53,5.84,13.97,21.87,0.235,0,0,1,0,1,2
2019-05-03,19.0789,73.2634,8.9,75.74,997.96,31.95,1489.2,20.5,0.31,0.57,1.18,1.91,2.54,4.77,9.24,0.321,0,0,0,0,0,2
2019-05-04,35.875,139.3183,9.35,45.12,1021.26,78.49,1744.4,13.3,0.09,0.17,0.33,0.62,1.05,1.96,3.55,0.142,0,0,0,1,0,2
2019-05-04,15.6764,76.2033,12.26,68.99,1008.51,143.63,1052.7,43.3,7.36,11.63,23.05,32.28,42.22,83.55,127.7,0.95,0,1,2,2,0,0
2019-05-04,23.9782,90.5568,40.31,52.9,983.15,83.7,586.3,35.3,6.19,14.17,23.6,33.79,56.82,119.5,247.04,0.95,5,2,3,2,2,0
2019-05-05,16.6771,81.6188,14.47,33.68,1011.84,147.31,1695.1,3.9,3.46,7.2,9.36,12.5,17.5,27.53,47.31,0.317,0,0,0,2,0,1
2019-05-05,14.9479,120.76,25.15,26.78,1023.07,3.5,451.8,16.9,6.79,14.57,25.09,41.55,55.62,129.52,158.89,0.886,0,2,2,0,0,0
2019-05-06,11.7554,92.6305,23.96,64.28,961.61,43.26,1678.4,43.7,0.51,0.9,1.32,2.01,2.38,3.63,6.93,0.118,0,0,1,1,0,2
2019-05-06,18.4205,-66.564,39.42,31.62,994.28,90.42,969.0,34.0,0.1,0.22,0.33,0.57,0.75,1.07,1.7,0.05,1,0,0,1,1,3
2019-05-07,13.79,100.2775,29.46,16.59,971.9,116.85,2190.7,28.6,0.86,1.26,2.2,3.14,3.84,8.24,11.54,0.05,0,0,0,2,0,2
2019-05-08,19.8426,86.0552,14.78,18.79,991.78,71.24,1038.2,46.5,1.07,1.91,2.66,3.61,5.91,8.49,15.93,0.051,0,0,1,1,0,2
2019-05-08,20.4142,85.4962,34.43,38.46,952.7,132.93,337.1,24.6,5.44,7.83,15.71,21.45,29.55,40.12,74.0,0.324,0,1,1,3,0,1
2019-05-08,11.5878,92.2422,31.08,18.17,982.5,112.23,1517.0,9.9,0.19,0.43,0.6,1.14,1.35,1.81,3.38,0.05,0,0,0,2,0,2
2019-05-09,18.8573,73.0116,10.95,90.26,986.71,17.49,1830.8,16.0,0.26,0.37,0.66,1.15,1.47,2.78,3.34,0.332,0,0,0,0,0,2
2019-05-09,16.9623,81.9587,33.29,59.97,994.45,97.67,145.9,43.0,0.53,0.91,1.33,2.05,3.63,6.15,11.09,0.05,0,0,1,1,0,2
2019-05-09,30.3927,-89.6173,43.41,81.59,982.65,15.5,1514.2,19.6,4.07,5.96,11.25,13.91,23.17,53.15,111.63,0.674,4,1,1,1,2,1
2019-05-09,24.0697,90.733,14.91,18.4,993.58,55.25,1145.2,43.3,3.86,8.24,11.22,12.36,14.77,31.34,51.52,0.27,0,0,1,1,0,1
2019-05-10,25.5044,82.7387,28.29,65.91,947.58,14.24,1661.4,40.8,1.56,2.18,3.22,4.6,7.09,11.99,25.14,0.2,0,0,1,1,0,2
2019-05-10,11.2822,92.6612,27.43,89.1,1011.82,99.42,2125.2,32.7,5.98,11.22,18.77,31.52,35.11,71.22,152.02,0.95,0,1,2,1,0,0
2019-05-10,24.0184,90.455,23.0,18.59,983.95,117.22,1896.4,24.2,0.35,0.58,1.18,1.51,2.0,4.19,8.1,0.05,0,0,0,2,0,2
2019-05-10,25.3642,-80.5477,13.98,62.91,1013.02,31.59,195.9,35.2,0.03,0.06,0.08,0.1,0.12,0.18,0.36,0.161,0,0,1,0,0,2
2019-05-10,25.3671,83.152,25.96,51.09,960.45,60.74,2377.8,13.3,5.03,6.39,10.36,11.88,17.02,20.99,38.06,0.234,0,0,0,1,0,1
2019-05-10,28.3513,77.1455,40.31,63.04,985.24,105.4,830.2,27.6,1.0,1.28,2.18,2.78,4.52,7.87,11.41,0.05,4,0,0,1,2,3
2019-05-11,18.3129,-66.4202,23.78,19.05,1025.2,41.15,2247.0,14.8,6.23,12.44,24.57,46.21,79.02,133.1,268.13,0.95,0,3,2,0,0,0
2019-05-12,35.606,139.78,23.69,28.41,954.82,118.38,2226.2,22.3,3.77,8.66,11.09,19.03,29.15,55.92,83.46,0.435,0,1,1,2,0,1
2019-05-12,14.0789,-87.1944,17.36,84.06,983.39,68.5,1677.7,34.5,5.02,11.03,15.54,17.92,24.48,54.5,69.65,0.66,0,1,2,1,0,0
2019-05-12,14.7676,120.6347,17.29,69.65,985.21,26.46,1246.2,41.3,0.09,0.2,0.36,0.6,1.03,2.4,3.59,0.182,0,0,1,0,0,2
2019-05-13,16.8652,81.3249,34.66,16.63,1006.06,76.51,1952.0,45.8,9.1,20.85,34.63,48.07,68.52,138.95,289.57,0.95,0,2,3,1,0,0
2019-05-13,22.8656,88.4171,12.58,94.06,982.46,41.24,1252.0,32.9,1.34,2.77,3.95,4.7,6.98,9.64,20.63,0.442,0,0,1,1,0,1
2019-05-13,13.1456,80.6116,37.93,49.36,972.86,28.44,2242.4,11.2,1.15,1.84,2.68,3.3,4.45,7.86,13.77,0.05,2,0,0,1,1,3
2019-05-13,14.4715,-87.1454,30.89,52.17,982.05,45.65,922.4,22.7,3.19,4.33,8.17,13.44,17.59,30.8,66.13,0.37,0,0,1,1,0,1
2019-05-14,15.2247,75.5132,44.71,56.15,974.43,65.38,803.4,10.6,3.37,6.32,10.22,12.03,19.94,28.11,36.95,0.08,5,0,0,1,3,3
2019-05-15,18.722,-66.5093,42.88,62.1,1004.91,64.49,2128.8,44.1,2.01,2.99,5.33,9.93,15.25,35.76,55.21,0.238,1,0,1,1,2,2
2019-05-15,16.0606,81.1046,37.78,85.77,990.57,65.31,2276.9,8.5,0.13,0.18,0.33,0.57,0.91,1.55,3.36,0.067,5,0,0,1,2,3
2019-05-15,12.9607,80.5175,28.58,88.68,946.89,62.48,1480.7,1.4,9.67,21.19,29.61,40.43,63.64,102.41,210.63,0.95,0,2,1,2,0,0
2019-05-15,20.0055,86.0939,44.01,61.14,971.78,81.64,1755.3,29.9,9.49,22.35,41.13,67.08,74.42,159.29,270.7,0.95,5,3,3,2,2,0
2019-05-15,28.7497,77.2347,40.54,82.05,949.75,147.62,2033.6,46.6,0.76,1.4,2.23,3.13,4.33,9.89,18.78,0.122,2,0,1,3,2,3
2019-05-16,11.4377,92.4179,37.3,45.71,959.39,17.05,786.9,7.0,0.6,1.21,1.47,1.76,2.98,6.6,10.09,0.05,4,0,0,1,1,3
2019-05-16,28.1494,76.9998,46.22,97.12,981.45,119.0,1442.0,34.2,4.61,8.56,16.54,25.93,30.35,72.45,108.95,0.702,2,1,2,2,3,1
2019-05-18,19.0894,72.5242,27.43,75.35,1017.46,45.65,442.3,47.3,7.04,11.52,23.1,37.8,53.15,119.49,224.08,0.95,0,2,3,0,0,0
2019-05-19,22.3672,88.1879,41.0,64.21,975.18,70.34,2075.9,15.7,1.67,3.54,4.89,7.96,11.18,20.13,40.0,0.169,1,0,0,1,1,2
2019-05-19,18.9058,-66.4029,18.52,69.35,977.38,31.77,1756.6,7.8,6.77,12.31,15.94,26.38,38.6,60.13,97.56,0.757,0,1,1,1,0,0
2019-05-20,16.6877,81.9908,46.7,27.49,997.93,105.72,749.5,17.2,10.18,19.69,37.48,63.0,96.24,121.02,225.42,0.95,4,3,2,2,2,1
2019-05-21,18.859,72.7311,29.68,31.63,948.82,120.13,1263.5,15.4,0.19,0.25,0.4,0.59,0.8,1.5,3.02,0.05,0,0,0,2,0,2
2019-05-21,14.3363,-87.5058,11.67,88.84,997.41,68.65,1862.2,19.7,2.16,3.69,7.74,13.28,23.24,38.48,65.04,0.704,0,1,1,1,0,1
2019-05-21,10.3568,77.2424,16.58,15.73,1004.44,54.7,1888.4,16.6,5.99,8.13,11.02,15.13,20.97,33.94,66.65,0.337,0,0,1,1,0,1
2019-05-21,16.9421,81.6593,27.31,43.85,1014.84,136.81,1136.9,42.7,2.1,4.14,5.57,6.36,7.71,11.58,22.59,0.092,0,0,1,1,0,2
2019-05-22,22.3649,88.1289,33.54,40.79,975.66,93.44,2276.0,13.9,0.99,1.22,1.69,2.21,2.53,4.75,6.3,0.05,0,0,0,1,0,3
2019-05-23,13.5875,-87.4927,12.59,65.99,974.06,125.62,1310.0,5.5,4.86,7.61,11.93,20.53,24.11,57.22,108.84,0.866,0,1,1,2,0,0
2019-05-23,30.3322,-89.8814,25.43,50.6,1024.62,28.82,216.8,42.3,7.94,17.83,29.6,48.18,72.0,92.4,165.94,0.95,0,3,3,0,0,0
2019-05-23,18.5884,73.2105,33.74,92.24,951.18,65.6,1751.2,32.2,0.9,1.26,2.4,4.48,7.34,17.29,31.21,0.308,0,0,1,2,1,2
2019-05-23,12.986,79.7837,33.52,34.26,946.19,118.95,1497.7,36.7,0.14,0.31,0.54,0.84,1.29,2.89,5.16,0.05,0,0,1,2,0,3
2019-05-24,14.2728,120.5298,39.15,77.2,1019.72,126.49,691.6,6.0,1.97,3.19,5.92,6.83,12.02,28.23,36.37,0.222,9,0,0,1,3,2
2019-05-25,11.2658,92.461,15.85,39.14,953.07,47.19,1028.6,46.3,3.71,7.94,11.85,14.4,18.43,27.79,49.55,0.344,0,0,1,1,0,1
2019-05-26,14.0883,100.4687,18.66,19.68,1016.77,126.37,2399.3,47.8,2.84,6.03,12.36,22.0,28.01,48.76,64.81,0.325,0,0,2,1,0,1
2019-05-26,12.0303,93.1098,38.75,69.94,960.5,60.37,2309.7,37.2,1.07,1.64,2.34,3.19,5.58,9.6,15.02,0.06,8,0,1,1,2,3
2019-05-26,-6.3982,106.5578,9.58,42.53,970.95,2.86,1171.7,43.5,5.67,11.46,17.3,22.24,29.8,40.16,52.19,0.432,0,0,2,1,0,1
2019-05-27,23.0051,88.3901,44.21,73.11,1013.63,119.89,1469.2,33.2,2.88,4.68,6.82,8.46,11.4,21.57,38.56,0.171,1,0,1,1,2,3
2019-05-27,28.3904,76.9386,46.04,97.86,996.18,30.85,1996.4,30.1,2.11,2.91,4.12,6.44,8.26,14.65,28.06,0.202,3,0,1,0,3,3
2019-05-27,28.8642,76.8214,11.37,51.29,978.37,30.13,106.2,33.4,0.77,1.83,2.37,3.3,4.74,6.93,11.8,0.204,0,0,1,1,0,2
2019-05-27,13.2717,80.3078,44.63,19.94,1013.49,54.26,292.0,34.4,0.3,0.62,0.99,1.22,1.48,3.1,6.29,0.05,3,0,0,0,2,3
2019-05-27,30.0736,-89.8959,32.91,81.63,1002.24,120.39,47.7,41.7,7.6,16.79,31.18,53.94,66.18,83.2,123.95,0.847,0,2,2,2,0,0
2019-05-28,13.3213,80.1673,8.85,32.87,1006.81,42.12,304.4,14.4,0.66,1.13,1.48,2.62,4.31,6.76,11.63,0.142,0,0,0,0,0,2
2019-05-28,25.307,-80.6521,25.39,15.42,970.19,70.13,1518.1,30.8,3.07,4.76,9.77,13.81,17.29,32.25,62.85,0.232,0,0,1,1,0,1
2019-05-29,14.9058,120.5402,15.81,44.7,974.41,56.2,744.5,36.8,4.1,6.6,8.79,13.31,23.2,31.28,61.09,0.441,0,0,1,1,0,1
2019-05-31,14.2994,120.6141,36.5,39.73,1019.94,135.53,1168.9,43.6,11.4,14.18,27.89,39.66,71.25,114.82,233.45,0.95,3,2,3,2,1,0
2019-05-31,29.9231,-89.8857,11.37,28.1,960.13,8.61,1164.0,19.1,3.12,6.32,10.97,14.51,16.8,34.92,52.7,0.354,0,0,1,1,0,1
2019-05-31,29.0204,76.7429,26.44,44.67,1021.18,82.19,2164.5,17.7,0.69,1.28,2.67,4.28,4.87,6.04,9.84,0.05,0,0,0,1,0,2
2019-06-01,-6.29,107.1506,45.18,67.07,1004.45,18.59,467.2,39.0,2.94,3.69,6.31,9.34,11.28,21.56,29.62,0.079,7,0,1,0,3,3
2019-06-01,18.2246,-65.8887,37.28,68.51,974.49,9.52,76.5,26.8,5.02,9.26,18.12,20.42,27.7,41.12,67.74,0.396,5,1,1,1,2,2
2019-06-01,30.1441,-90.0545,38.88,82.73,970.69,66.79,1696.9,18.1,2.38,4.7,7.49,12.99,15.35,31.65,42.58,0.289,8,0,1,1,3,2
2019-06-01,22.1367,88.2108,40.05,20.32,953.75,15.8,114.6,31.8,3.11,6.21,10.28,18.03,26.73,61.55,103.75,0.377,8,1,1,1,2,1
2019-06-02,18.9761,72.5236,16.67,67.59,973.73,126.15,412.2,7.4,0.37,0.69,0.9,1.02,1.36,2.93,3.97,0.18,0,0,0,2,0,2
2019-06-02,23.8566,90.8918,39.88,32.94,970.89,69.18,653.8,22.4,0.03,0.04,0.08,0.11,0.17,0.25,0.46,0.05,9,0,0,1,2,3
2019-06-02,13.7709,100.5399,39.22,16.22,954.25,46.75,1546.1,42.5,0.92,1.26,2.47,3.53,5.61,10.42,14.34,0.05,3,0,1,1,1,3
2019-06-03,11.4072,92.9066,44.35,78.87,946.75,76.3,275.3,14.1,0.95,2.0,2.85,5.4,6.42,10.88,18.38,0.07,4,0,0,2,3,3
2019-06-03,14.1652,-86.9283,46.94,89.05,980.79,83.14,945.7,30.8,4.6,6.8,10.81,17.43,31.23,49.65,96.57,0.582,3,1,1,1,3,2
2019-06-04,23.0542,87.936,32.97,89.28,988.13,83.09,1697.4,15.9,0.13,0.19,0.27,0.37,0.65,1.41,3.01,0.125,0,0,0,1,1,2
2019-06-05,20.6849,85.7318,24.15,21.52,1018.55,112.5,1115.3,8.2,0.68,1.36,2.78,4.01,5.66,11.45,23.53,0.05,0,0,0,1,0,2
2019-06-05,14.1108,-87.1986,11.57,52.98,951.94,62.12,775.9,19.1,2.34,3.33,5.32,7.39,12.24,24.89,51.59,0.458,0,0,1,2,0,1
2019-06-05,25.6001,-80.0604,13.35,83.3,992.49,52.17,2041.9,30.2,5.39,12.89,16.98,28.86,47.05,105.84,170.2,0.95,0,2,2,1,0,0
2019-06-05,14.3249,121.4697,23.54,85.99,958.08,89.81,1249.4,5.4,0.95,1.69,3.2,5.84,9.43,14.63,19.06,0.296,0,0,0,2,0,2
2019-06-05,13.2992,100.2311,13.37,15.08,1019.97,5.77,504.3,20.3,1.54,3.53,4.36,6.58,10.37,24.04,43.76,0.22,0,0,0,0,0,1
2019-06-05,23.387,89.9584,35.69,15.33,968.63,4.68,707.8,33.1,4.99,10.8,21.81,30.37,51.74,107.27,186.41,0.91,6,2,2,1,1,0
2019-06-06,17.0164,81.3377,20.91,55.57,952.69,23.52,2332.1,35.5,7.28,17.22,26.52,43.77,53.79,100.16,141.21,0.945,0,2,2,1,0,0
2019-06-06,20.3876,86.241,42.62,79.22,957.65,112.12,2002.7,7.4,2.14,4.78,6.59,9.62,14.71,19.37,27.35,0.144,7,0,0,2,3,3
2019-06-06,30.2961,-89.8343,46.4,26.48,980.67,67.0,1002.1,32.0,2.36,4.3,6.83,12.93,22.62,35.5,46.56,0.05,6,0,1,1,3,3
2019-06-07,13.5657,80.1345,15.29,82.51,999.56,69.14,2075.1,7.1,6.54,8.04,15.1,23.54,37.37,63.34,130.76,0.95,0,1,1,1,0,0
2019-06-07,30.3135,-90.3757,19.04,66.58,970.14,57.93,1791.2,27.8,2.55,4.05,7.43,10.69,18.48,35.52,61.74,0.515,0,0,1,1,0,1
2019-06-07,16.5786,81.6674,40.4,23.61,983.85,104.3,341.7,15.3,2.86,4.56,5.92,7.61,8.95,21.3,30.58,0.05,2,0,0,2,1,3
2019-06-07,19.3664,72.6224,33.27,21.52,973.63,145.91,75.5,36.2,6.44,9.87,13.75,25.19,41.18,55.02,77.7,0.281,0,1,1,2,0,1
2019-06-08,13.118,80.6442,20.03,72.27,1009.94,27.75,1949.2,0.8,2.64,4.81,8.47,10.94,12.11,21.14,26.88,0.314,0,0,0,0,0,1
2019-06-08,15.7268,75.5089,29.95,55.09,1004.81,85.03,952.7,0.7,2.21,2.97,6.03,11.08,18.42,25.59,34.48,0.194,0,0,0,1,0,2
2019-06-09,22.4755,88.0872,12.04,87.79,975.86,89.61,2161.1,19.9,5.76,9.89,18.11,26.17,35.98,85.95,155.77,0.95,0,1,2,2,0,0
2019-06-09,18.2026,-66.4123,42.23,27.9,999.17,139.85,249.2,7.4,1.66,3.97,5.56,7.56,12.74,17.29,37.97,0.05,4,0,0,2,2,3
2019-06-09,11.7718,92.7904,14.63,35.73,1025.68,11.94,1856.7,5.5,5.19,7.95,14.74,16.79,22.4,39.37,48.06,0.33,0,0,0,0,0,1
2019-06-09,26.2215,-79.7049,36.4,29.5,1018.33,36.42,884.7,41.7,1.47,2.8,4.18,6.2,8.86,15.69,24.58,0.05,6,0,1,0,1,3
2019-06-10,18.4913,-65.8795,13.76,26.05,1002.03,131.2,1799.6,1.9,7.07,11.49,17.9,21.19,34.25,48.59,85.71,0.529,0,1,1,2,0,0
2019-06-10,17.026,81.1094,16.38,39.63,1026.01,10.09,2386.4,43.5,3.97,9.26,12.38,22.95,28.66,53.18,89.81,0.593,0,1,2,0,0,0
2019-06-10,-5.8637,107.1486,32.78,92.43,994.46,133.14,2070.9,25.1,1.49,2.93,4.69,5.46,7.45,17.83,22.26,0.261,0,0,1,2,1,2
2019-06-10,26.0829,-80.2642,39.99,92.71,1006.79,137.93,1543.3,40.4,2.85,6.06,11.12,18.9,23.89,33.08,61.3,0.441,9,0,1,2,3,2
2019-06-10,35.3513,139.5377,36.21,23.64,963.71,109.55,128.6,23.6,3.2,6.15,7.51,10.2,15.76,21.73,41.19,0.05,6,1,0,2,1,2
2019-06-11,25.1469,82.7612,25.41,75.83,947.25,143.81,1363.1,33.0,3.25,7.76,16.2,25.72,40.61,78.88,119.16,0.858,0,1,2,3,0,0
2019-06-13,22.869,88.4023,11.98,32.03,959.66,38.33,564.7,23.3,1.35,2.53,3.82,6.69,11.81,19.9,24.86,0.192,0,0,0,1,0,2
2019-06-14,13.0179,80.614,11.92,47.64,996.19,133.7,832.2,31.6,1.51,2.93,5.85,7.52,10.4,24.88,51.47,0.43,0,0,1,2,0,1
2019-06-14,18.8486,72.6427,29.54,66.89,1016.4,76.12,1550.4,3.1,7.87,12.53,22.17,40.63,67.75,133.15,253.47,0.95,0,2,2,1,0,0
2019-06-14,10.2068,76.6452,46.7,46.37,1016.2,128.74,637.8,4.3,2.08,3.04,4.69,8.61,13.0,22.19,39.8,0.05,9,0,0,1,3,3
2019-06-14,14.9984,76.024,9.7,56.44,959.91,104.82,2393.3,20.1,0.37,0.59,1.18,2.02,2.55,5.98,10.9,0.236,0,0,0,2,0,2
2019-06-14,19.4352,72.3987,46.27,24.97,946.48,122.84,459.2,17.3,1.75,4.02,7.21,8.17,9.07,13.06,19.83,0.05,3,0,0,3,2,3
2019-06-14,-6.3325,106.4979,17.34,74.03,980.64,128.67,1682.6,6.4,2.09,3.16,5.82,8.94,11.96,19.08,25.08,0.336,0,0,0,2,0,1
2019-06-14,10.8308,-66.9761,27.88,46.54,982.22,152.04,842.0,22.0,0.5,0.63,1.2,1.87,3.05,4.21,7.46,0.05,0,0,0,2,0,2
2019-06-14,16.9774,81.7842,42.31,26.64,988.84,79.42,83.6,6.0,10.51,24.73,49.14,71.03,107.61,235.56,441.94,0.95,3,3,3,2,2,0
2019-06-15,10.3369,-67.0992,10.57,90.32,971.83,39.72,2120.1,14.1,15.33,28.48,46.39,87.27,109.85,251.64,450.82,0.95,0,3,3,1,0,0
2019-06-15,30.2086,-90.4937,21.05,27.45,1000.86,59.33,2290.5,43.0,5.89,8.94,13.07,18.65,32.5,57.47,74.47,0.399,0,1,2,1,0,1
2019-06-16,29.9634,-89.5808,46.89,61.4,971.66,35.68,842.5,18.2,0.25,0.41,0.66,1.11,1.73,3.55,4.29,0.05,2,0,0,1,2,3
2019-06-16,14.1353,100.1176,19.6,21.14,984.9,47.66,1002.3,32.1,0.82,1.34,2.55,4.12,5.47,10.92,21.46,0.052,0,0,1,1,0,2
2019-06-16,13.7182,100.4496,26.78,31.79,990.44,93.29,53.3,10.2,0.97,1.45,2.05,2.7,3.47,7.85,11.93,0.05,0,0,0,1,0,2
2019-06-17,25.0052,83.0171,11.01,86.79,980.97,129.0,126.1,30.8,5.97,12.15,23.8,28.32,34.55,48.06,88.17,0.845,0,2,2,2,0,0
2019-06-17,26.2273,-80.6289,43.77,43.43,965.4,39.55,2334.6,16.5,7.54,10.29,16.34,26.07,46.26,93.11,111.91,0.499,3,1,1,1,2,1
2019-06-17,11.439,92.9065,32.89,85.54,999.67,9.63,1908.9,10.6,3.53,6.98,13.43,20.21,27.55,50.19,87.62,0.637,0,1,1,0,1,1
2019-06-18,22.8287,87.9206,14.18,84.77,1017.15,16.22,2181.1,13.5,3.37,4.32,6.66,9.73,14.79,27.07,44.98,0.538,0,0,1,0,0,1
2019-06-18,13.4168,80.7114,32.79,70.13,1020.44,116.66,2078.6,20.3,7.02,13.86,18.32,20.72,26.33,43.55,88.74,0.575,0,1,1,1,0,1
2019-06-19,20.0272,86.027,40.32,31.11,995.14,103.46,127.5,16.1,0.39,0.66,1.22,2.13,3.48,5.31,7.16,0.05,6,0,0,1,2,3
2019-06-19,10.6159,-67.1201,25.84,57.29,955.16,63.75,1501.1,24.3,6.45,15.1,29.22,33.25,41.57,54.25,88.64,0.58,0,1,1,2,0,0
2019-06-19,14.9845,75.84,18.96,96.81,950.33,95.0,1151.9,12.2,0.63,1.31,2.65,3.14,3.88,9.25,11.24,0.338,0,0,0,2,0,2
2019-06-19,17.9986,-66.5319,12.58,26.32,987.03,5.69,1203.4,1.0,3.23,5.09,6.49,11.19,15.36,26.62,41.91,0.267,0,0,0,0,0,1
2019-06-19,-6.2103,106.4841,42.51,93.85,1018.06,143.12,979.6,22.7,3.39,4.31,7.82,12.0,21.07,39.04,85.54,0.575,3,1,1,1,2,2
2019-06-20,13.5338,100.4713,22.96,40.17,994.57,152.58,1613.9,36.5,3.72,6.77,13.1,17.8,22.98,38.16,67.88,0.398,0,0,1,2,0,1
2019-06-20,18.1241,-66.5455,10.03,44.23,980.58,128.1,1839.4,18.3,2.92,6.43,7.82,13.62,24.01,29.74,37.04,0.341,0,0,1,2,0,1
2019-06-20,22.3778,88.1012,28.97,30.35,980.54,11.4,539.0,17.8,2.02,4.79,9.23,15.6,23.02,50.83,78.24,0.364,0,0,1,0,0,1
2019-06-21,15.0036,120.9765,9.72,46.67,958.18,62.13,1908.5,44.5,8.68,11.65,17.14,27.91,34.68,43.76,94.25,0.713,0,1,2,2,0,0
2019-06-21,13.7914,-87.3725,42.73,64.27,1001.37,122.74,1197.3,4.6,2.7,5.14,9.62,13.9,16.53,25.46,39.8,0.152,2,0,0,2,2,3
2019-06-23,29.7078,-89.8686,44.36,70.27,1013.28,4.03,1301.8,22.3,2.42,3.11,5.65,8.49,13.89,24.76,33.41,0.125,1,0,0,0,2,3
2019-06-23,18.8624,72.7154,22.76,64.6,1006.77,52.0,1247.2,38.3,4.07,5.16,8.83,12.37,19.74,24.08,36.86,0.317,0,0,1,1,0,1
2019-06-23,19.8844,86.2989,24.66,91.92,953.37,68.91,717.4,17.7,5.17,8.9,15.89,29.84,45.7,73.34,117.17,0.926,0,1,2,2,0,0
2019-06-23,28.4883,77.4073,45.62,55.43,978.67,143.84,1274.9,13.9,5.5,8.39,13.41,23.37,40.94,78.89,134.49,0.678,1,1,1,2,2,1
2019-06-23,35.2404,139.79,19.57,91.08,1015.2,42.45,1858.5,39.8,1.38,1.82,3.58,4.22,6.06,8.69,18.49,0.352,0,0,1,0,0,1
2019-06-24,29.8039,-90.3548,33.56,38.89,991.96,132.54,2242.8,4.1,5.41,12.77,20.69,39.24,69.45,138.09,282.75,0.95,0,2,2,2,0,0
2019-06-25,16.3595,81.1836,30.09,54.16,986.15,114.03,212.5,32.2,7.92,10.05,13.33,22.31,31.37,52.84,70.65,0.414,0,1,1,2,0,1
2019-06-26,29.926,-89.8239,9.46,38.26,976.1,109.07,1557.4,8.7,4.67,6.48,10.44,16.32,27.9,54.62,117.7,0.824,0,1,1,2,0,0
2019-06-26,19.8974,85.4886,11.07,26.26,965.81,32.53,514.3,11.5,1.25,1.69,2.45,4.04,5.11,7.19,9.11,0.076,0,0,0,1,0,2
2019-06-26,22.3185,88.3815,14.75,42.35,1011.74,125.59,1693.0,21.8,1.31,3.09,4.1,4.65,5.14,10.95,13.76,0.144,0,0,0,1,0,2
2019-06-26,30.0296,-90.0145,37.96,77.02,970.87,48.85,2011.1,3.9,7.45,11.23,19.47,36.0,56.69,96.22,181.81,0.95,4,2,1,1,2,0
2019-06-26,11.8767,93.1707,31.46,54.23,973.98,36.21,1327.7,24.6,16.66,29.26,58.4,108.36,144.1,224.63,481.18,0.95,0,3,3,2,0,0
2019-06-27,14.976,75.3993,36.01,38.89,990.22,61.18,676.5,35.1,5.56,8.87,15.62,19.41,32.1,49.35,67.66,0.272,4,0,1,1,1,2
2019-06-27,24.2559,90.0787,42.73,52.73,1016.33,17.52,246.2,26.5,3.69,5.11,8.3,9.76,14.85,33.06,64.06,0.252,7,1,1,0,3,2
2019-06-27,10.1699,-66.5552,36.58,68.41,1004.29,54.59,2253.3,27.1,0.28,0.36,0.67,1.19,1.89,2.9,4.14,0.05,2,0,0,0,1,3
2019-06-28,11.4052,92.7734,39.33,91.54,974.81,144.69,1481.5,19.0,7.64,14.48,23.3,25.84,41.4,53.52,79.71,0.557,4,1,1,3,2,1
2019-06-28,19.3456,73.3015,43.33,55.38,1016.17,61.78,902.1,6.3,5.6,6.75,9.86,11.42,18.25,37.6,56.91,0.214,5,0,0,0,2,2
2019-06-28,25.5727,82.7075,28.26,87.32,947.13,50.47,2118.2,11.7,0.52,0.98,1.45,2.14,3.58,6.53,11.2,0.21,0,0,0,1,0,2
2019-06-29,10.0862,-66.4315,45.85,84.54,962.23,37.28,1843.6,37.4,0.46,0.56,0.87,1.44,2.46,3.44,6.93,0.05,5,0,1,1,3,3
2019-06-29,-5.8117,107.287,31.57,68.39,969.49,153.84,700.3,10.8,2.32,3.68,7.48,10.86,15.06,29.38,37.64,0.259,0,0,0,3,0,2
2019-06-29,23.3345,90.2726,40.76,95.13,981.15,87.58,1509.5,44.9,1.04,2.01,3.0,3.82,4.43,8.62,17.95,0.174,5,0,1,1,2,3
2019-06-30,14.8066,120.922,39.84,89.5,1024.39,113.78,1296.8,46.5,11.15,19.77,35.27,61.63,86.48,189.85,248.98,0.95,6,3,3,1,2,0
2019-06-30,10.958,-66.9698,29.08,42.28,984.67,96.63,313.3,34.9,0.98,1.31,1.69,2.29,3.03,5.72,9.48,0.05,0,0,1,1,0,2
2019-06-30,14.7648,120.7857,17.63,33.36,1012.54,83.59,713.0,16.9,11.08,15.74,31.45,53.13,81.26,158.37,257.02,0.95,0,3,3,1,0,0
2019-06-30,18.8595,72.914,18.98,76.59,972.41,69.77,2352.2,40.7,1.9,4.34,5.59,10.19,17.55,34.68,52.88,0.506,0,0,1,1,0,1
2019-07-01,-6.3006,106.6324,30.61,46.0,983.37,31.97,1843.3,15.4,1.47,2.21,3.52,5.18,7.62,17.99,37.86,0.167,0,0,0,1,0,2
2019-07-02,11.7976,93.1553,17.03,38.39,999.77,27.26,285.2,24.8,1.39,2.04,2.77,3.63,4.09,6.44,10.2,0.083,0,0,0,0,0,2
2019-07-02,35.7311,139.3672,26.44,40.38,959.96,2.21,774.4,30.6,2.86,5.25,9.95,12.8,20.16,38.88,59.84,0.317,0,0,1,1,0,1
2019-07-02,29.551,-89.7451,12.62,31.92,965.78,82.42,2267.9,32.1,4.0,6.2,10.92,13.86,22.14,32.81,39.83,0.279,0,0,1,2,0,1
2019-07-03,-6.2554,107.1945,25.99,86.11,985.81,126.04,1862.6,8.1,1.4,2.96,3.98,5.72,6.84,10.14,15.06,0.249,0,0,0,2,0,2
2019-07-04,25.4839,83.1342,19.31,42.5,945.27,9.16,748.1,11.1,0.44,0.61,1.19,1.96,2.82,6.46,7.94,0.067,0,0,0,1,0,2
2019-07-04,25.6706,-80.0242,40.98,46.3,998.85,33.13,219.4,2.4,1.88,2.62,5.49,9.55,15.14,32.76,47.92,0.137,8,0,0,0,2,2
2019-07-05,28.6641,77.6558,32.22,84.49,986.98,35.89,1950.9,13.4,6.5,15.17,25.66,29.24,51.72,113.66,149.73,0.95,0,2,2,1,0,0
2019-07-05,30.425,-89.8535,24.45,24.47,972.77,66.14,1848.4,9.3,0.65,0.95,1.34,2.46,2.98,5.05,8.1,0.05,0,0,0,1,0,2
2019-07-05,20.6418,85.4975,10.91,94.44,997.23,133.08,1166.0,2.0,2.37,4.91,6.18,7.29,8.3,11.15,20.23,0.457,0,0,0,2,0,1
2019-07-05,13.1668,80.1974,37.66,83.81,1007.47,91.98,69.5,36.8,3.32,4.31,5.63,8.36,14.19,26.46,56.09,0.389,2,1,1,1,1,2
2019-07-05,35.9884,139.3217,25.09,82.88,990.59,144.26,2275.0,3.8,2.13,4.11,5.88,8.38,13.19,19.42,34.99,0.367,0,0,0,2,0,1
2019-07-05,14.2358,120.8211,36.88,28.31,1000.13,29.43,533.9,25.7,1.19,2.37,4.88,5.95,8.92,20.59,28.34,0.05,2,0,0,0,1,2
2019-07-05,16.5405,81.4777,8.98,67.51,972.8,82.07,494.7,27.5,1.41,2.73,4.94,5.45,7.64,15.82,30.69,0.417,0,0,1,1,0,1
2019-07-05,20.064,85.559,23.71,51.32,948.31,133.84,2389.4,44.4,6.9,16.5,33.28,54.94,66.85,92.76,115.84,0.742,0,1,3,3,0,0
2019-07-07,18.5766,-65.9871,35.65,87.29,1004.27,124.66,816.0,39.2,0.29,0.66,1.12,1.96,2.78,5.48,9.46,0.132,2,0,1,1,1,3
2019-07-07,10.7629,-66.7272,25.93,96.33,956.56,107.64,966.0,24.8,5.03,6.99,13.19,15.25,21.93,45.84,63.83,0.601,0,1,1,2,0,1
2019-07-07,12.971,79.9264,22.9,43.85,983.3,74.67,335.5,25.7,0.17,0.4,0.74,0.82,1.07,2.55,3.18,0.05,0,0,0,1,0,2
2019-07-08,19.4188,72.38,28.81,26.72,947.12,123.9,1441.1,34.3,1.27,2.3,4.31,6.34,9.64,20.7,29.3,0.05,0,0,1,3,0,2
2019-07-08,13.7166,-87.3782,22.27,96.91,950.56,14.19,2200.7,31.3,1.38,2.92,4.69,5.24,8.15,12.16,15.99,0.338,0,0,1,1,0,2
2019-07-08,10.9286,-67.1546,19.49,67.23,1017.86,16.21,366.1,35.3,1.49,2.96,3.86,7.25,10.52,23.61,44.27,0.405,0,0,1,0,0,1
2019-07-09,13.7,-86.771,27.4,85.92,993.62,48.12,1298.8,30.2,7.72,11.44,19.49,35.79,40.51,58.07,89.79,0.703,0,1,2,1,0,0
2019-07-09,28.2413,76.8487,41.11,23.94,991.89,113.13,1801.5,28.6,2.08,3.15,6.36,8.88,14.73,18.24,26.12,0.05,1,0,1,2,1,3
2019-07-09,25.8343,-79.793,24.56,50.16,958.37,41.39,2221.7,7.2,12.12,21.88,35.25,43.7,68.31,119.67,187.96,0.95,0,2,2,2,0,0
2019-07-09,19.1258,73.1454,12.58,92.48,1009.7,61.8,202.3,1.4,1.65,3.38,5.54,9.37,14.71,27.76,60.17,0.682,0,1,0,1,0,1
2019-07-10,-5.9872,107.0808,15.89,32.25,1019.78,62.88,1914.3,33.1,5.03,6.19,9.82,17.54,25.31,51.33,100.4,0.63,0,1,1,0,0,0
2019-07-10,11.5147,92.311,16.6,71.41,971.25,54.44,318.3,27.8,1.47,2.96,5.53,8.67,11.21,20.29,29.46,0.358,0,0,1,1,0,1
2019-07-10,13.4532,100.9721,46.14,85.32,1021.77,86.91,838.3,35.6,0.06,0.12,0.25,0.44,0.54,0.73,1.48,0.05,2,0,0,1,2,3
2019-07-10,15.0122,75.7584,10.94,52.89,983.28,50.83,666.6,11.2,0.02,0.02,0.03,0.04,0.05,0.1,0.17,0.142,0,0,0,1,0,2
2019-07-10,28.1847,77.1607,11.68,97.08,1023.77,13.98,2240.3,17.7,6.52,11.1,17.72,28.48,46.77,58.02,104.04,0.95,0,1,1,0,0,0
2019-07-11,19.0576,72.8744,33.62,59.86,980.15,104.97,998.9,39.5,4.58,8.47,16.85,29.71,43.74,56.08,99.04,0.585,0,1,2,2,0,1
2019-07-11,14.1684,-86.9875,23.82,31.59,992.93,110.99,2054.7,31.2,4.09,7.89,16.47,21.56,27.73,37.48,63.18,0.322,0,0,1,2,0,1
2019-07-11,22.6885,88.5176,40.73,79.52,964.25,37.64,1736.6,35.6,0.69,1.17,2.27,2.64,3.59,7.08,13.96,0.078,9,0,1,1,3,3
2019-07-11,18.6904,72.9099,9.3,45.2,973.02,67.92,1208.9,36.5,1.74,2.78,5.4,9.61,12.14,19.15,38.78,0.363,0,0,1,1,0,1
2019-07-11,12.8085,80.7475,22.98,18.24,947.57,61.36,385.7,1.6,4.94,8.65,12.63,22.99,27.16,63.75,96.52,0.477,0,1,1,2,0,0
2019-07-11,22.3791,87.9608,22.5,66.84,956.44,93.0,583.7,3.6,8.75,11.03,21.6,36.19,47.17,97.24,142.24,0.95,0,1,1,2,0,0
2019-07-13,16.2395,81.7562,35.58,78.73,952.25,79.43,2237.0,15.7,3.15,5.18,8.33,12.82,19.03,27.44,51.71,0.358,4,0,1,2,1,2
2019-07-13,25.6563,-80.3937,41.93,45.84,996.0,82.12,767.3,22.8,2.44,3.52,5.22,9.05,15.76,25.72,38.76,0.069,7,0,0,1,2,3
2019-07-13,29.022,77.6248,39.05,66.38,975.29,31.19,2286.9,7.7,2.08,3.69,7.39,12.33,15.64,22.53,48.37,0.249,2,0,0,1,1,2
2019-07-14,25.765,-80.5399,11.82,34.52,974.64,7.4,341.7,15.9,1.3,2.81,5.5,6.9,8.19,16.06,32.19,0.251,0,0,0,0,0,1
2019-07-14,35.6983,139.9536,20.6,80.39,1001.43,90.38,886.4,10.2,4.34,5.68,11.78,22.18,26.42,35.0,56.45,0.531,0,1,1,1,0,1
2019-07-14,10.6023,76.6681,17.81,42.63,992.26,14.8,1936.5,23.5,11.78,15.79,20.84,28.74,35.77,72.82,156.33,0.95,0,1,2,0,0,0
2019-07-15,22.7204,87.9229,36.63,35.63,996.8,85.04,631.9,44.9,1.04,2.36,3.98,4.67,7.86,16.9,34.32,0.05,5,0,1,1,1,2
2019-07-15,30.1151,-90.4127,36.36,61.65,1023.61,77.93,914.5,8.2,5.4,11.24,17.38,19.47,32.85,39.87,75.9,0.424,2,1,1,1,1,1
2019-07-16,10.4451,-66.5434,33.32,57.69,1001.03,136.53,1816.1,41.2,1.2,2.59,3.95,4.41,4.98,10.34,15.22,0.054,0,0,1,2,0,2
2019-07-16,20.7388,85.6555,23.75,32.24,998.85,135.29,1796.5,41.8,2.69,5.66,7.51,10.35,14.21,25.77,54.87,0.274,0,0,1,2,0,1
2019-07-17,26.1979,-79.8964,20.29,24.06,1005.56,22.83,127.9,37.3,8.23,17.42,33.84,53.35,91.84,164.95,360.96,0.95,0,3,3,0,0,0
2019-07-17,13.9025,-87.5604,41.97,38.99,947.8,93.35,963.7,41.9,0.38,0.73,1.39,2.49,2.86,6.12,12.21,0.05,9,0,1,2,3,3
2019-07-18,22.6278,88.0741,10.66,41.8,1010.74,77.45,1668.3,24.4,13.39,31.11,45.2,63.67,89.26,118.27,189.71,0.95,0,2,2,1,0,0
2019-07-19,13.962,100.8057,44.44,38.58,981.02,121.77,1339.6,35.6,5.38,11.19,23.02,38.8,45.92,99.25,127.95,0.571,8,1,2,2,3,1
2019-07-19,18.8131,72.5971,44.66,81.24,1015.78,99.79,1947.6,17.2,0.82,1.88,3.5,4.1,7.0,11.33,16.98,0.069,4,0,0,1,3,3
2019-07-19,28.299,77.6357,8.23,77.78,1012.35,20.34,2309.3,41.9,0.69,1.03,1.99,3.06,5.34,12.68,19.57,0.401,0,0,1,0,0,1
2019-07-20,18.7392,73.3249,46.65,80.1,1003.57,42.96,118.5,47.0,0.56,1.23,1.69,2.36,3.74,8.73,10.65,0.05,7,0,1,0,3,3
2019-07-20,15.1452,75.9756,20.86,55.32,992.5,84.42,1828.5,46.7,0.31,0.63,1.05,1.49,2.33,5.27,9.54,0.121,0,0,1,1,0,2
2019-07-20,16.3385,81.3921,45.96,87.2,972.04,71.41,2360.4,44.4,13.2,22.7,43.6,78.35,88.61,134.63,280.5,0.95,7,3,3,2,3,1
2019-07-20,30.2589,-90.4169,20.64,38.73,949.08,78.99,1095.1,18.2,0.42,0.62,0.86,1.6,2.84,3.42,4.69,0.05,0,0,0,2,0,2
2019-07-21,35.7928,140.0372,14.57,72.22,1008.81,117.15,1962.4,15.1,11.95,14.68,23.97,31.55,51.05,110.59,223.66,0.95,0,2,2,2,0,0
2019-07-21,14.1799,120.6614,34.79,82.43,973.21,35.83,835.7,2.8,11.94,24.92,34.69,45.26,81.23,172.35,280.18,0.95,0,3,2,1,1,0
2019-07-21,18.7786,72.4666,43.67,47.21,1026.62,108.74,501.6,19.3,3.83,8.22,14.13,23.91,34.36,52.99,100.93,0.448,7,1,1,1,3,2
2019-07-21,18.8094,72.7947,19.67,52.19,972.96,16.09,1773.3,22.4,5.86,11.92,14.92,22.38,40.14,63.0,106.66,0.725,0,1,1,1,0,0
2019-07-22,35.6599,139.1822,17.36,23.37,966.6,29.09,70.4,43.7,0.03,0.06,0.08,0.15,0.26,0.52,0.97,0.05,0,0,1,1,0,2
2019-07-22,24.2811,90.4839,40.96,97.04,1026.66,68.37,1166.9,14.9,1.32,2.36,3.26,5.44,8.03,18.29,36.77,0.299,5,0,0,0,2,2
2019-07-22,14.11,100.1028,45.25,63.88,1012.3,83.94,957.6,10.0,6.79,8.67,17.43,22.03,24.38,32.3,67.3,0.3,8,0,0,1,3,2
2019-07-23,24.915,83.1379,15.69,97.9,1011.79,126.07,1366.1,46.2,4.61,7.36,12.88,19.77,29.78,64.96,111.05,0.95,0,1,2,1,0,0
2019-07-23,16.9847,81.1101,26.99,65.4,1021.9,60.74,1688.0,46.1,0.58,1.3,2.05,3.46,4.52,7.24,8.88,0.107,0,0,1,0,0,2
2019-07-23,19.3364,72.614,10.89,79.02,986.51,151.5,1101.3,3.7,1.21,2.08,3.6,4.4,6.43,11.45,23.32,0.406,0,0,0,2,0,1
2019-07-24,11.4011,92.4831,33.77,60.66,1013.49,100.16,2219.1,33.8,2.01,2.92,3.53,4.14,5.1,7.44,14.45,0.059,0,0,1,1,0,2
2019-07-24,14.9068,121.037,42.27,77.84,1002.4,151.46,1252.1,0.8,1.96,2.58,3.37,4.39,6.0,10.67,14.62,0.061,8,0,0,2,3,3
2019-07-25,10.3335,-66.9175,46.99,56.15,1009.03,2.33,2133.2,13.3,3.86,8.37,11.28,16.4,23.71,37.33,62.78,0.22,9,0,0,0,3,3
2019-07-25,28.1829,77.4788,35.07,57.66,1023.73,32.19,1536.7,4.7,3.91,8.1,15.43,25.17,29.85,37.41,71.61,0.391,9,1,0,0,2,1
2019-07-26,25.7898,83.3875,11.17,45.01,1026.54,122.21,1373.6,3.4,0.05,0.07,0.1,0.16,0.2,0.25,0.32,0.105,0,0,0,1,0,2
2019-07-27,35.6468,139.2564,19.6,54.96,977.41,143.09,2126.7,36.0,3.77,5.45,9.49,11.56,16.38,28.73,54.29,0.411,0,0,1,2,0,1
2019-07-28,13.8818,-86.8524,19.59,50.4,960.43,18.99,1735.2,13.2,6.0,14.37,18.23,26.95,44.78,96.13,188.41,0.95,0,2,2,1,0,0
2019-07-28,36.099,139.9004,41.56,69.43,959.9,14.69,759.4,39.2,0.08,0.11,0.14,0.16,0.27,0.41,0.79,0.05,4,0,1,1,2,3
2019-07-28,14.4635,-87.2717,34.18,46.95,954.12,76.04,255.4,24.3,6.01,14.41,19.86,25.15,41.94,73.93,156.42,0.88,0,2,2,2,0,0
2019-07-28,14.6765,121.0061,40.14,31.94,983.93,124.54,434.0,5.7,7.53,12.13,22.02,24.67,39.05,61.67,77.44,0.264,5,1,1,2,2,2
2019-07-28,13.7352,100.6682,29.78,16.34,999.29,122.61,1479.1,41.8,1.13,1.62,2.96,3.7,4.31,5.67,11.16,0.05,0,0,1,1,0,2
2019-07-28,13.6478,-86.7922,38.17,87.31,962.77,93.14,226.4,10.1,1.3,2.72,3.32,6.05,6.95,11.48,14.71,0.142,8,0,0,2,3,3
2019-07-28,35.2672,139.7348,33.02,59.81,985.75,13.04,2018.0,24.9,0.5,0.68,1.13,1.46,2.55,4.59,10.0,0.05,0,0,0,0,0,2
2019-07-28,9.8931,76.5732,11.41,63.12,986.8,123.24,643.8,18.1,4.09,9.78,19.69,29.86,47.02,86.44,141.31,0.95,0,1,2,2,0,0
2019-07-29,22.3081,88.2839,19.55,38.88,1026.59,8.41,2373.7,2.8,1.19,2.13,2.83,3.42,4.38,10.37,16.39,0.101,0,0,0,0,0,2
2019-07-29,18.7632,-66.0359,44.06,25.55,964.96,37.96,208.5,43.7,6.62,10.97,20.76,31.3,49.31,99.95,197.43,0.95,9,2,3,1,3,0
2019-07-29,35.7065,139.2032,15.51,55.49,948.34,114.19,366.3,37.2,0.8,1.29,2.1,2.89,3.23,7.4,11.0,0.18,0,0,1,2,0,2
2019-07-30,11.2506,92.4665,36.37,15.64,1007.86,105.47,312.7,12.1,0.05,0.09,0.14,0.2,0.23,0.37,0.78,0.05,1,0,0,1,0,3
2019-07-30,15.2897,75.5179,31.25,22.67,994.11,26.4,2356.2,12.8,4.17,8.29,15.11,21.82,25.14,59.73,83.12,0.338,0,0,1,0,0,1
2019-08-01,-5.9449,106.9603,39.4,89.96,996.23,152.01,1460.2,30.7,2.83,3.71,6.88,10.58,14.98,34.34,51.44,0.372,3,0,1,2,2,2
2019-08-02,30.4015,-90.3332,24.74,30.39,1011.35,55.77,449.7,35.0,5.95,10.44,16.09,25.84,40.21,80.13,118.25,0.652,0,1,2,1,0,0
2019-08-02,24.285,89.9492,27.06,62.11,957.78,31.49,303.8,24.9,5.23,10.87,15.6,27.79,32.62,43.61,89.37,0.595,0,1,1,1,0,0
2019-08-02,10.9493,-67.0813,32.73,17.0,1019.51,81.47,1121.4,41.4,10.71,18.29,24.79,43.45,60.06,139.5,299.91,0.95,0,2,3,1,0,0
2019-08-02,28.8353,77.0739,37.58,71.0,970.19,72.13,344.8,44.3,12.06,25.07,49.25,57.43,78.61,125.54,221.57,0.95,6,3,3,2,2,0
2019-08-03,14.2291,-87.0202,28.8,52.38,1002.73,83.03,969.8,29.8,11.4,24.74,39.64,62.87,86.38,157.58,304.7,0.95,0,3,3,1,0,0
2019-08-03,25.5579,82.5049,30.62,22.59,1017.83,42.64,312.6,42.7,10.9,24.36,46.98,76.3,113.35,147.85,237.81,0.95,0,3,3,1,0,0
2019-08-03,10.0871,76.5423,44.13,81.27,1007.84,87.4,813.3,11.9,0.53,1.1,2.09,2.9,3.2,7.44,12.18,0.05,9,0,0,1,3,3
2019-08-03,23.4968,90.3356,31.26,37.82,951.61,67.73,1331.3,16.1,4.46,8.8,13.2,22.49,34.95,68.67,120.41,0.64,0,1,1,2,0,0
2019-08-04,26.1247,-80.0685,39.18,68.26,1017.4,150.55,1563.7,46.6,2.22,4.9,9.88,11.23,19.15,32.37,51.73,0.277,9,0,1,2,3,2
2019-08-04,18.4962,-66.0205,33.02,18.15,973.27,24.12,553.1,18.7,2.38,3.12,4.03,6.61,9.14,12.9,18.51,0.05,0,0,0,1,0,2
2019-08-05,18.1734,-66.3036,43.34,29.59,977.73,110.95,1957.4,23.2,0.7,1.07,1.69,2.35,3.16,4.29,9.07,0.05,9,0,0,2,3,3
2019-08-05,25.5683,-79.9012,43.37,71.7,976.54,92.37,413.0,29.1,2.43,2.99,4.45,5.58,7.66,11.41,23.21,0.077,4,0,0,2,2,3
2019-08-05,12.7431,80.227,19.1,82.18,960.45,46.33,443.1,32.5,4.06,8.05,12.67,14.95,25.98,47.01,75.54,0.672,0,1,1,1,0,0
2019-08-06,13.711,100.8986,29.31,67.45,967.06,74.75,2238.6,12.8,1.34,3.07,3.94,7.11,9.33,16.78,30.92,0.233,0,0,0,1,0,2
2019-08-06,29.0474,77.0488,27.44,15.22,1026.22,129.38,2321.9,12.1,3.24,6.79,13.06,22.53,33.81,41.85,91.82,0.394,0,1,1,1,0,1
2019-08-06,19.1938,72.3724,41.92,60.16,965.2,150.75,1945.9,1.3,2.22,2.94,3.88,4.27,6.75,10.15,15.27,0.05,4,0,0,3,2,3
2019-08-07,18.6392,73.2791,46.58,57.54,976.17,142.66,969.5,30.9,6.12,10.73,17.14,22.81,40.45,94.36,157.19,0.821,2,1,2,2,2,1
2019-08-07,35.2317,139.9167,31.34,27.33,984.53,29.22,2115.3,33.6,0.11,0.13,0.27,0.31,0.53,1.24,1.87,0.05,0,0,0,1,0,2
2019-08-07,-5.9007,106.4105,40.46,64.85,982.58,128.49,591.9,15.9,5.2,9.93,13.78,25.01,44.92,61.7,92.34,0.504,4,1,1,2,2,1
2019-08-07,22.4036,88.3123,30.62,91.65,1010.57,133.1,2139.2,38.6,1.42,2.07,3.55,5.86,8.03,17.81,38.48,0.379,0,0,1,1,0,2
2019-08-08,19.3291,73.001,23.56,86.85,1014.69,140.61,2021.2,37.9,6.86,9.67,14.57,24.0,41.91,83.83,118.03,0.918,0,1,2,2,0,0
2019-08-08,20.658,85.4101,45.97,51.6,1024.09,72.18,1273.1,38.7,4.49,8.73,13.75,23.84,42.05,50.96,91.11,0.386,8,1,2,1,3,2
2019-08-08,18.9917,73.0875,23.09,96.66,973.95,142.08,2099.9,36.4,1.62,2.59,4.6,5.92,8.01,17.45,24.62,0.383,0,0,1,2,0,1
2019-08-08,19.8881,86.2762,29.01,65.87,1017.86,78.93,20.5,3.6,1.11,1.52,2.88,3.42,4.15,8.3,11.95,0.11,0,0,0,1,0,2
2019-08-08,16.5642,81.303,44.01,72.21,955.55,56.58,1422.8,40.2,0.16,0.24,0.48,0.53,0.66,1.55,2.81,0.05,4,0,1,1,2,3
2019-08-09,10.0099,77.2599,22.33,46.59,976.14,65.41,1481.2,9.5,0.93,1.84,2.98,3.66,6.04,14.0,23.31,0.154,0,0,0,1,0,2
2019-08-10,24.1759,90.1954,32.6,71.04,988.28,107.46,778.0,7.6,3.82,5.71,9.2,13.74,19.7,37.79,46.46,0.317,0,0,0,2,0,2
2019-08-10,25.424,-80.3439,41.02,28.12,946.8,122.09,181.4,47.5,3.93,8.27,11.75,19.26,21.77,48.01,65.76,0.166,7,1,1,3,2,2
2019-08-10,9.9721,76.875,22.07,75.36,1020.02,19.53,2.6,42.7,0.95,1.31,1.92,2.4,3.97,7.79,10.65,0.208,0,1,1,0,0,2
2019-08-11,22.1953,88.6788,41.52,76.36,1025.2,64.02,1108.6,29.7,2.11,3.59,5.41,9.55,14.07,27.14,38.11,0.208,6,0,1,0,2,2
2019-08-12,14.9277,75.3113,20.51,89.04,1020.49,4.27,781.4,19.1,14.14,32.99,58.24,66.2,81.68,140.58,303.52,0.95,0,3,2,0,0,0
2019-08-12,22.8371,88.6466,15.55,67.28,1015.84,83.01,1107.6,47.0,2.7,3.35,5.53,8.05,10.5,16.6,35.37,0.386,0,0,1,1,0,1
2019-08-12,19.9508,86.138,27.79,15.53,968.82,96.39,2354.9,30.5,1.05,2.06,3.47,5.98,7.03,14.86,25.88,0.05,0,0,0,2,0,2
2019-08-12,35.4821,139.8735,32.38,42.52,966.71,62.74,1055.4,28.7,3.96,6.55,8.57,12.44,16.83,21.4,30.08,0.087,0,0,1,1,0,2
2019-08-12,25.3955,-80.0982,33.04,59.27,986.78,92.67,1706.0,38.3,4.19,8.57,17.62,32.06,53.76,67.31,125.79,0.755,0,1,2,2,0,0
2019-08-13,28.3058,77.1266,42.18,17.58,1002.2,149.58,1539.7,39.2,8.12,16.71,29.98,33.41,48.89,86.2,148.5,0.625,4,1,2,2,2,1
2019-08-14,14.129,-86.8718,29.24,61.06,1010.79,8.77,2371.5,47.6,0.36,0.58,1.0,1.4,2.02,3.21,6.14,0.05,0,0,1,0,0,2
2019-08-15,13.7932,-87.1565,37.18,34.06,998.23,10.94,1845.0,37.6,1.49,3.23,6.37,7.98,10.74,16.25,25.58,0.05,8,0,1,0,2,3
2019-08-16,10.4736,-67.3563,14.22,76.96,994.33,116.56,2289.6,34.1,5.26,9.01,14.96,26.31,40.71,75.01,106.6,0.887,0,1,2,2,0,0
2019-08-16,-6.2713,106.5223,46.12,85.02,959.79,140.4,818.9,18.4,8.29,15.22,20.15,28.11,45.13,63.59,113.84,0.679,6,1,1,3,3,1
2019-08-16,19.5187,72.5262,33.05,32.06,1026.72,135.0,318.9,41.3,1.48,2.65,3.52,4.21,7.18,14.04,23.31,0.05,0,0,1,1,0,2
2019-08-16,30.2388,-89.6685,10.22,69.07,1021.17,33.53,2209.7,10.3,3.49,5.78,9.79,12.97,17.97,32.42,55.18,0.566,0,0,1,0,0,1
2019-08-16,16.5916,81.7686,42.12,40.13,955.96,127.39,919.3,31.4,4.68,7.45,12.33,22.39,38.42,80.65,158.29,0.789,7,1,2,3,2,0
2019-08-16,13.3341,100.1565,27.01,30.71,1003.77,20.11,1943.0,19.3,3.7,5.97,10.76,19.49,31.01,62.2,121.75,0.655,0,1,1,0,0,0
2019-08-17,15.5698,76.0847,24.75,61.78,950.14,25.66,1538.5,7.5,1.45,1.8,2.43,3.75,5.81,7.69,11.08,0.125,0,0,0,1,0,2
2019-08-17,20.7846,86.2681,22.4,94.24,1023.97,87.59,1525.4,11.0,4.74,5.99,8.38,9.26,12.69,28.18,61.5,0.609,0,0,1,1,0,1
2019-08-18,23.9961,90.5996,33.36,61.25,999.14,68.25,991.0,6.1,3.42,4.83,8.71,16.32,20.88,28.62,35.04,0.194,0,0,0,1,0,2
2019-08-18,14.2069,100.9015,13.03,38.21,1005.57,4.09,2250.9,21.6,2.58,6.16,10.18,18.92,32.93,76.71,154.37,0.95,0,1,2,0,0,0
2019-08-18,11.1814,92.9789,43.23,56.51,945.85,64.54,412.2,44.3,2.07,3.75,5.73,8.7,10.07,17.63,32.85,0.069,9,0,1,2,3,3
2019-08-19,28.6093,76.9272,21.67,73.67,956.66,28.09,2104.0,16.3,3.83,8.54,17.73,22.49,26.67,55.71,77.34,0.621,0,1,1,1,0,0
2019-08-19,26.0548,-80.5771,11.95,87.42,987.13,125.62,884.7,6.4,0.15,0.23,0.33,0.51,0.57,1.04,1.66,0.299,0,0,0,2,0,2
2019-08-19,15.4054,76.0071,29.1,24.45,981.19,123.04,343.6,45.0,7.68,13.04,15.72,27.22,46.73,65.87,139.39,0.718,0,2,2,2,0,0
2019-08-19,14.3387,-87.6961,35.48,29.79,1018.05,37.6,459.0,25.2,14.59,22.99,47.54,68.84,115.95,212.88,299.15,0.95,2,3,3,1,1,0
2019-08-19,13.9614,-86.8614,31.08,36.67,956.14,81.7,87.8,43.5,5.25,12.59,26.36,44.37,72.93,133.73,189.7,0.95,0,3,3,2,0,0
2019-08-20,9.9269,76.5661,33.77,76.95,970.86,131.38,624.5,0.6,1.65,3.11,5.07,9.07,10.65,19.86,34.02,0.255,0,0,0,2,1,2
2019-08-20,29.8096,-89.7528,8.83,24.0,967.0,12.02,1447.1,47.9,0.37,0.81,1.06,1.73,2.68,6.12,8.04,0.079,0,0,1,1,0,2
2019-08-21,15.3279,76.0604,37.52,37.12,955.25,16.72,276.6,12.2,5.34,7.93,11.52,20.79,29.31,53.07,63.83,0.227,2,1,1,1,1,2
2019-08-22,24.0297,90.3896,9.17,40.26,973.72,87.49,1340.8,34.2,4.42,6.55,12.4,13.83,22.15,29.29,56.52,0.453,0,0,1,2,0,1
2019-08-22,14.3664,-87.6501,38.26,35.66,1017.59,47.0,987.3,9.3,7.58,9.94,20.82,28.38,45.34,61.41,103.65,0.462,3,1,1,0,1,1
2019-08-22,20.1114,85.3575,29.52,37.75,950.41,9.64,279.1,3.9,5.0,8.91,13.44,19.28,33.75,77.39,148.25,0.83,0,2,1,1,0,0
2019-08-22,30.1109,-89.7311,27.21,17.8,1017.48,26.6,142.3,41.2,2.06,2.71,4.83,8.04,12.04,19.25,31.27,0.05,0,0,1,0,0,2
2019-08-22,25.6054,83.0352,26.6,67.26,977.77,39.85,457.3,29.0,1.0,1.68,2.07,2.7,3.88,8.36,13.15,0.146,0,0,0,1,0,2
2019-08-23,11.9495,92.9037,9.58,89.1,1027.86,29.77,290.7,7.3,3.79,7.56,14.84,25.25,35.72,69.13,130.54,0.95,0,2,1,0,0,0
2019-08-24,13.7065,100.1494,32.3,52.09,1009.57,35.73,396.6,19.8,9.14,18.76,29.59,44.79,51.91,123.62,230.73,0.95,0,2,2,1,0,0
2019-08-24,11.449,92.9687,17.09,77.86,993.65,121.76,1791.3,2.9,7.81,11.5,19.53,31.55,38.43,91.14,153.86,0.95,0,1,1,2,0,0
2019-08-25,30.4411,-89.8228,30.92,30.31,975.07,53.18,64.8,1.6,6.24,9.53,15.88,21.26,37.39,56.5,92.08,0.432,0,1,1,1,0,1
2019-08-25,35.5686,139.2274,46.3,49.23,1003.81,41.54,1019.9,40.0,6.61,9.0,13.67,17.26,29.74,62.59,110.37,0.493,4,1,2,0,3,2
2019-08-25,35.7554,139.1524,30.75,42.83,979.33,114.66,1797.5,42.8,2.71,4.7,8.94,12.59,19.08,40.3,85.64,0.45,0,0,1,2,0,1
2019-08-25,15.2175,75.6442,25.87,95.8,973.56,106.53,308.7,3.3,3.44,5.17,10.46,11.64,20.48,25.08,46.34,0.49,0,1,0,2,0,1
2019-08-25,29.103,76.9274,43.17,81.94,959.51,130.54,451.9,26.8,4.63,5.84,10.15,13.2,19.12,31.75,59.9,0.354,3,0,1,2,2,2
2019-08-26,22.9005,88.0968,45.08,24.04,947.73,95.02,2277.9,47.5,2.32,4.09,7.28,11.24,17.35,39.02,75.94,0.174,6,0,1,2,2,2
2019-08-27,29.4854,-90.2951,39.58,67.74,996.61,36.72,1603.6,6.8,11.71,17.6,34.22,62.83,76.67,92.9,192.7,0.95,3,2,2,1,2,0
2019-08-28,15.2393,76.2003,19.94,69.16,974.8,52.17,1740.5,20.4,3.35,5.12,7.37,9.28,12.16,15.54,19.86,0.257,0,0,0,1,0,2
2019-08-28,29.701,-90.504,36.79,74.45,989.0,65.69,1292.9,36.0,4.37,8.7,17.52,27.82,30.88,59.96,108.68,0.683,7,1,2,1,2,1
2019-08-28,10.1635,77.4703,23.37,85.4,985.92,74.2,1177.8,40.7,6.24,10.51,15.76,23.54,35.33,52.5,104.68,0.83,0,1,2,1,0,0
2019-08-29,14.8487,75.9355,32.13,84.79,961.86,45.79,1101.9,3.4,7.53,13.47,20.1,29.8,39.56,61.06,100.63,0.722,0,1,1,1,0,1
2019-08-29,26.048,-79.9765,23.63,79.99,956.44,84.5,2187.4,42.9,6.69,11.04,22.6,39.42,66.85,155.01,331.26,0.95,0,3,3,2,0,0
2019-08-29,13.8869,100.2898,22.55,49.13,946.25,82.64,317.1,34.5,5.29,10.94,18.51,28.27,43.89,81.88,159.69,0.95,0,2,2,2,0,0
2019-08-30,18.2332,-66.2563,14.18,43.77,1027.67,12.95,894.6,10.6,1.16,2.04,4.26,7.45,9.45,12.9,23.3,0.216,0,0,0,0,0,2
2019-08-30,18.6132,-66.5168,36.98,21.4,993.01,127.52,460.2,34.0,1.86,3.7,6.3,11.66,14.11,20.53,28.28,0.05,5,0,1,2,1,2
2019-08-30,22.7893,88.2992,34.85,69.65,995.07,65.28,897.2,27.3,0.23,0.52,1.01,1.39,2.08,4.82,7.09,0.05,0,0,0,1,1,3
2019-08-30,10.2381,76.8913,33.16,62.96,954.44,74.98,856.2,23.8,8.92,15.85,19.22,27.89,46.7,99.75,170.91,0.95,0,2,2,2,0,0
2019-08-30,13.9649,100.4694,23.79,64.24,984.18,45.35,1811.9,33.9,8.08,15.69,24.32,40.64,62.31,120.88,247.78,0.95,0,2,3,1,0,0
2019-08-30,-6.1495,106.4625,16.32,71.91,962.61,136.23,2157.2,13.1,0.39,0.66,1.26,1.49,1.74,2.6,4.92,0.209,0,0,0,2,0,2
2019-08-30,16.7148,81.7481,8.25,90.44,985.64,41.44,946.4,40.9,9.17,12.28,23.33,36.46,55.05,117.55,167.26,0.95,0,2,3,1,0,0
2019-08-31,22.5852,88.4661,19.15,64.47,957.63,124.83,448.9,38.9,1.8,3.41,4.92,8.89,14.51,23.58,42.1,0.382,0,0,1,2,0,1
2019-08-31,-6.6795,106.4016,43.65,58.85,978.0,110.65,2299.9,18.4,7.01,13.96,21.51,24.62,32.45,71.31,92.36,0.448,8,1,1,2,3,2
2019-09-01,14.0056,100.1345,18.33,56.9,969.08,4.95,1706.0,11.7,1.77,2.73,3.77,4.35,5.81,7.54,13.12,0.174,0,0,0,1,0,2
2019-09-01,14.3057,-87.3129,40.89,18.35,1021.68,52.63,114.2,40.2,9.52,20.2,38.87,69.85,102.38,206.45,306.88,0.95,6,3,3,1,2,0
2019-09-02,12.7826,80.3576,22.57,19.19,997.08,61.0,2247.2,26.2,9.83,14.4,26.69,42.54,68.81,100.3,187.06,0.95,0,2,2,1,0,0
2019-09-02,14.387,121.2635,8.42,23.59,994.33,41.28,167.0,6.9,0.15,0.32,0.55,0.81,1.39,1.8,2.23,0.05,0,0,0,0,0,2
2019-09-02,25.6415,83.3884,20.41,89.22,998.53,46.1,718.5,42.8,0.05,0.08,0.14,0.17,0.2,0.44,0.92,0.226,0,0,1,0,0,2
2019-09-02,11.576,92.414,8.8,17.4,1001.18,112.94,2030.4,19.5,1.73,3.22,6.06,9.77,12.99,20.99,41.2,0.257,0,0,0,1,0,1
2019-09-02,13.3596,100.7485,37.26,81.47,957.56,103.26,2070.8,15.9,0.29,0.36,0.47,0.52,0.69,1.08,1.42,0.05,9,0,0,2,3,3
2019-09-03,18.8729,-65.8235,31.63,41.25,967.88,22.71,1461.3,27.9,9.59,18.73,30.09,54.7,83.68,172.14,314.44,0.95,0,3,3,1,0,0
2019-09-03,10.6249,76.8318,37.82,89.28,978.23,5.68,1434.9,11.6,2.75,4.35,7.66,10.02,12.06,25.36,44.1,0.338,3,0,0,0,2,2
2019-09-03,26.254,-79.7373,11.49,18.79,1012.68,153.68,1304.1,33.8,1.52,3.22,5.77,10.04,14.56,20.86,34.96,0.199,0,0,1,2,0,1
2019-09-03,19.1328,72.664,45.58,45.62,1011.84,12.26,152.2,21.3,3.08,5.95,7.33,12.15,14.47,33.95,52.06,0.118,4,1,0,0,2,3
2019-09-04,14.3704,-87.2826,45.59,69.61,951.48,46.41,1246.9,4.0,3.95,7.84,15.59,23.38,37.05,52.55,63.21,0.297,9,1,0,2,3,2
2019-09-04,28.9142,77.1133,26.51,72.52,945.62,19.01,2309.2,44.6,1.89,3.61,4.84,6.61,10.94,24.37,39.12,0.333,0,0,1,1,0,1
2019-09-05,29.004,77.3543,25.17,66.07,951.93,137.01,1929.0,24.5,11.95,20.33,42.4,69.3,107.02,149.74,311.75,0.95,0,3,3,3,0,0
2019-09-05,19.8675,86.0333,13.8,44.3,972.98,118.22,1066.7,37.5,4.83,9.15,17.84,22.42,27.2,57.14,82.56,0.592,0,1,2,2,0,0
2019-09-06,25.788,83.1491,19.23,82.66,1001.31,42.27,765.5,23.7,5.49,12.33,21.83,36.61,47.03,98.26,177.36,0.95,0,2,2,1,0,0
2019-09-06,36.0912,139.5621,16.33,38.84,1010.25,107.06,503.2,40.3,6.86,15.5,22.44,27.08,31.76,53.36,86.94,0.571,0,1,2,1,0,0
2019-09-07,13.4361,100.3316,9.28,67.79,975.24,47.17,2111.0,22.4,0.35,0.77,0.96,1.61,2.64,4.29,8.69,0.278,0,0,0,1,0,2
2019-09-07,24.0819,90.8367,23.64,40.16,987.8,100.73,2316.8,40.1,4.42,7.84,12.17,13.7,18.51,41.06,65.04,0.374,0,0,1,2,0,1
2019-09-09,13.1153,80.5942,22.16,61.25,1026.75,76.87,305.2,32.5,3.35,7.42,14.61,19.1,21.62,46.31,85.78,0.613,0,1,1,1,0,0
2019-09-10,18.6871,72.497,33.05,88.62,961.63,39.65,2287.0,6.9,0.74,1.26,2.18,3.45,4.5,10.37,21.93,0.239,0,0,0,1,1,2
2019-09-10,18.7346,-65.6816,40.11,92.34,1001.99,154.45,805.4,39.9,3.92,6.23,11.43,17.23,21.23,29.91,57.23,0.413,1,0,1,2,2,2
2019-09-10,23.3948,90.1846,20.87,59.36,1012.63,152.29,605.0,5.6,1.76,2.42,4.72,7.08,10.86,14.99,29.22,0.263,0,0,0,2,0,1
2019-09-10,18.959,72.5861,23.88,28.36,952.46,83.32,1832.2,8.9,1.34,2.62,4.23,6.7,10.54,17.46,34.67,0.129,0,0,0,2,0,2
2019-09-10,14.9458,121.1259,10.21,42.92,976.27,21.5,291.3,32.2,0.93,1.87,3.17,5.77,9.57,13.22,23.93,0.252,0,0,1,1,0,2
2019-09-10,35.5815,140.0609,31.87,65.96,995.38,87.58,1974.7,39.1,1.89,3.71,4.8,5.63,8.08,18.42,34.08,0.223,0,0,1,1,0,2
2019-09-10,35.5525,139.8603,8.94,35.74,981.21,98.49,413.3,36.8,1.59,3.47,4.47,7.35,9.59,20.66,33.1,0.288,0,0,1,2,0,1
2019-09-11,-5.847,107.1248,10.41,65.95,982.19,94.71,1313.4,38.4,4.87,10.35,17.07,23.61,41.4,52.38,70.85,0.648,0,1,2,2,0,0
2019-09-11,-6.4676,107.2744,10.45,93.4,990.45,78.93,699.4,0.7,0.22,0.33,0.56,0.65,1.16,1.96,2.97,0.348,0,0,0,1,0,2
2019-09-11,22.3247,88.8582,13.77,23.19,993.12,98.06,877.8,25.9,5.44,11.87,24.48,43.07,64.41,91.18,118.51,0.721,0,1,2,2,0,0
2019-09-12,28.5555,76.9092,40.9,96.44,1010.83,132.63,582.3,46.1,0.77,1.8,3.77,6.29,11.24,21.17,30.9,0.26,9,0,1,1,3,2
2019-09-12,18.8879,-66.3225,8.49,36.64,967.14,116.5,1082.6,27.7,1.0,1.86,2.48,4.7,6.87,15.49,20.23,0.216,0,0,1,2,0,2
2019-09-12,35.8595,140.0785,42.1,47.33,1020.19,100.48,153.8,8.6,1.7,2.66,4.0,6.75,7.7,14.84,22.8,0.05,7,0,0,1,2,3
2019-09-12,10.2668,-66.6872,26.51,86.01,956.92,133.98,1167.8,5.3,0.17,0.2,0.35,0.45,0.54,1.04,1.67,0.16,0,0,0,2,0,2
2019-09-12,14.9791,75.9119,11.06,43.18,984.7,112.9,73.3,6.7,1.85,2.43,5.01,7.56,10.31,24.49,45.21,0.378,0,1,0,2,0,1
2019-09-12,15.1584,75.9279,18.3,77.19,959.76,39.62,44.1,34.7,3.37,6.85,9.54,15.74,23.88,39.15,64.12,0.585,0,1,1,1,0,1
2019-09-14,18.7141,72.719,13.41,85.78,947.28,17.73,280.4,25.6,3.39,5.71,8.34,14.57,16.72,25.69,31.83,0.467,0,1,1,1,0,1
2019-09-15,22.3,88.0559,17.76,83.95,998.91,25.91,1369.3,22.3,6.54,12.57,24.03,35.34,63.13,136.34,245.22,0.95,0,2,2,1,0,0
2019-09-16,13.4786,100.175,29.65,58.96,965.07,16.24,2153.5,43.3,3.51,5.64,8.54,14.35,24.8,56.16,111.19,0.693,0,1,2,1,0,0
2019-09-16,22.9777,88.167,14.07,46.71,988.08,5.62,1822.7,40.0,1.37,3.22,5.98,10.55,16.44,35.89,78.35,0.574,0,1,1,0,0,0
2019-09-17,23.6487,90.1879,37.44,56.79,962.06,116.81,1801.4,25.3,1.13,2.15,4.39,5.01,6.45,9.95,18.23,0.05,3,0,0,2,1,3
2019-09-18,19.1882,73.1211,29.81,89.32,960.96,43.33,154.6,23.9,7.14,13.24,20.09,36.66,53.99,127.87,249.38,0.95,0,3,2,1,0,0
2019-09-19,10.3106,-66.4678,31.54,76.37,1013.02,65.74,1720.7,44.0,8.88,18.16,32.2,49.11,60.32,81.33,137.1,0.917,0,2,3,1,0,0
2019-09-19,14.9212,75.3822,32.95,22.44,957.04,131.63,487.1,35.0,0.9,1.18,2.37,4.32,6.58,11.54,20.23,0.05,0,0,1,2,0,2
2019-09-19,10.6327,77.0958,27.67,17.65,997.0,113.39,2124.7,30.6,0.07,0.09,0.12,0.15,0.25,0.39,0.59,0.05,0,0,0,1,0,2
2019-09-19,15.6029,75.9498,29.67,63.6,969.91,97.8,1819.0,5.4,2.29,3.91,5.09,6.99,10.31,20.41,30.39,0.209,0,0,0,2,0,2
2019-09-20,11.6516,92.3114,22.34,46.41,947.07,102.03,1856.8,13.0,3.36,6.64,11.73,19.46,32.1,67.72,120.14,0.759,0,1,1,2,0,0
2019-09-22,-5.8489,106.9272,9.91,76.87,951.12,146.53,713.6,38.2,0.22,0.41,0.62,0.7,1.09,2.54,3.08,0.279,0,0,1,3,0,2
2019-09-22,10.4106,76.647,18.22,48.16,945.19,29.07,305.4,46.1,0.23,0.41,0.83,1.32,1.91,3.99,6.2,0.092,0,0,1,1,0,2
2019-09-23,29.8165,-90.2782,32.18,40.91,1024.95,93.26,1421.5,7.0,3.29,5.11,8.21,12.57,18.03,39.15,50.87,0.211,0,0,0,1,0,2
2019-09-24,14.2721,120.5362,21.63,69.14,1019.07,60.91,1661.2,6.9,2.72,6.27,7.68,10.09,12.03,22.13,41.6,0.378,0,0,0,0,0,1
2019-09-24,13.3279,100.7068,18.56,45.75,992.22,136.9,2260.7,35.6,0.32,0.64,1.0,1.48,1.68,2.4,4.78,0.069,0,0,1,2,0,2
2019-09-24,9.9851,76.5762,45.76,17.95,950.15,111.38,1765.6,43.1,3.01,5.07,8.14,11.76,20.95,34.7,44.97,0.05,8,0,1,2,3,3
2019-09-25,15.7684,75.5113,21.47,82.3,1002.76,52.22,1720.5,36.4,0.52,0.98,1.89,2.16,3.14,6.93,14.92,0.272,0,0,1,0,0,2
2019-09-25,18.6636,72.6463,34.75,20.66,978.36,113.73,2022.0,39.1,13.24,23.66,31.37,50.88,58.49,138.52,271.3,0.95,0,2,3,2,0,0
2019-09-26,-6.4039,107.0857,11.21,43.59,945.67,98.43,2262.7,18.8,3.01,5.25,10.9,18.41,20.82,27.7,46.27,0.385,0,0,1,2,0,1
2019-09-26,13.0542,80.3992,26.97,69.24,1001.31,31.15,82.8,38.2,13.98,32.56,53.75,81.87,143.39,265.7,392.62,0.95,0,3,3,1,0,0
2019-09-27,10.7329,-66.4287,18.77,65.97,1023.28,22.29,1918.3,26.3,2.61,6.14,10.72,18.91,27.61,41.41,78.45,0.62,0,1,1,0,0,0
2019-09-27,16.1359,81.1652,39.21,46.05,999.95,13.9,1724.3,12.4,9.53,15.3,23.03,30.61,47.25,62.19,77.96,0.34,7,1,1,0,2,2
2019-09-27,28.7223,76.9856,31.11,23.27,1027.6,63.26,1532.5,42.6,1.93,4.11,8.53,11.83,16.37,37.43,50.89,0.141,0,0,1,0,0,2
2019-09-27,26.1908,-79.9717,28.72,94.02,1008.46,25.3,398.3,17.3,1.07,1.85,3.23,4.68,5.33,12.64,20.54,0.295,0,0,0,0,0,2
2019-09-28,19.3888,73.106,21.4,46.59,960.29,118.29,444.9,11.0,0.17,0.34,0.69,1.03,1.78,3.93,7.84,0.066,0,0,0,2,0,2
2019-09-28,24.865,83.2313,27.0,96.25,946.47,81.2,1244.7,47.9,6.29,8.05,10.8,12.17,15.06,21.91,28.26,0.369,0,0,1,2,0,1
2019-09-28,23.8419,90.7753,36.07,29.59,1015.73,13.31,1448.0,28.5,1.3,1.62,2.99,3.35,4.11,7.62,16.31,0.05,5,0,0,0,1,3
2019-09-29,25.5847,83.2223,16.43,55.15,982.5,112.9,964.8,2.1,1.12,1.97,4.09,7.38,9.06,18.74,40.04,0.352,0,0,0,2,0,1
2019-09-29,19.2808,72.5743,24.65,38.42,986.15,147.66,2277.4,13.7,7.55,17.0,24.22,38.25,65.37,118.84,186.55,0.95,0,2,2,2,0,0
2019-09-29,25.2004,82.5412,32.78,74.27,980.62,113.33,346.7,8.2,0.62,1.41,1.79,3.12,3.94,6.94,14.68,0.131,0,0,0,2,0,2
2019-09-30,18.3108,-65.8311,43.02,49.28,964.13,79.79,1583.9,2.6,4.4,9.3,12.55,15.49,19.25,41.5,61.09,0.215,2,0,0,2,2,2
2019-09-30,13.0571,79.962,10.56,70.43,973.7,78.78,522.4,8.1,0.98,1.26,1.83,3.02,4.7,8.77,10.53,0.29,0,0,0,1,0,2
2019-09-30,24.868,83.0051,14.77,76.24,1018.1,91.59,1258.2,36.4,4.62,5.58,8.11,14.97,26.53,48.08,84.63,0.741,0,1,2,1,0,0
2019-10-01,12.8429,80.1006,46.51,83.16,1011.54,131.03,2076.4,16.0,1.36,2.18,4.22,7.33,8.15,19.06,28.31,0.132,9,0,0,1,3,3
2019-10-01,22.7496,88.3044,14.23,28.43,975.98,138.86,496.1,20.3,1.31,2.81,3.5,4.4,5.49,13.13,23.25,0.145,0,0,0,2,0,2
2019-10-01,9.8948,77.1743,21.88,15.56,945.57,84.33,1324.5,26.9,4.48,10.33,21.6,35.87,52.36,71.69,113.57,0.582,0,1,2,2,0,0
2019-10-01,25.5875,82.4968,10.87,63.26,1008.41,31.36,1154.8,19.4,0.83,1.87,3.14,5.61,9.51,22.6,47.9,0.488,0,0,1,0,0,1
2019-10-02,10.9599,-67.1741,9.35,23.47,994.92,135.69,289.3,21.9,8.46,18.42,30.72,52.75,77.33,107.47,142.37,0.911,0,2,2,2,0,0
2019-10-02,14.0626,100.2672,31.68,75.58,1014.28,31.2,1320.5,45.1,1.54,3.68,6.75,11.05,12.38,15.01,20.39,0.183,0,0,1,0,0,2
2019-10-02,16.1464,81.363,33.02,40.2,992.8,112.84,218.0,48.0,9.45,13.07,19.59,25.96,28.96,52.2,70.9,0.326,0,1,2,2,0,1
2019-10-03,20.0586,85.6921,12.23,78.23,1010.31,153.2,164.1,42.7,1.34,2.14,2.81,5.31,9.49,21.24,27.42,0.416,0,1,1,2,0,1
2019-10-04,28.1819,77.2032,43.41,69.78,992.63,67.47,1224.3,19.5,0.37,0.74,1.55,1.84,3.3,7.52,15.75,0.05,1,0,0,1,2,3
2019-10-04,20.1998,86.1733,38.11,44.49,947.49,3.34,782.8,2.7,0.45,0.68,0.93,1.13,1.45,3.02,4.97,0.05,5,0,0,1,2,3
2019-10-05,-6.4073,106.6264,11.29,45.58,1012.25,24.96,845.5,12.6,0.49,1.16,1.85,2.07,3.26,5.97,12.06,0.18,0,0,0,0,0,2
2019-10-05,12.014,93.1886,46.75,54.0,1006.24,9.46,1111.3,9.4,6.43,14.2,20.06,27.17,43.25,90.22,167.6,0.868,7,1,1,0,3,1
2019-10-07,14.0498,100.969,24.67,83.28,947.46,134.81,586.9,34.8,1.82,2.83,4.96,8.51,12.04,21.19,26.68,0.321,0,0,1,3,0,1
2019-10-08,18.7961,72.6557,24.18,24.79,950.11,132.61,2139.4,16.8,0.63,1.5,2.54,3.76,6.09,8.54,15.2,0.05,0,0,0,3,0,2
2019-10-08,18.6847,72.5728,23.4,72.96,994.91,12.92,240.1,33.9,7.41,10.32,17.91,22.65,40.52,79.17,159.66,0.95,0,2,2,0,0,0
2019-10-08,24.9839,82.7292,38.31,64.8,987.08,86.24,1565.7,18.4,5.34,12.23,20.96,29.45,46.73,66.29,143.75,0.845,2,1,1,1,1,0
2019-10-08,19.1931,72.558,34.1,91.02,958.2,149.26,767.9,19.1,0.58,1.12,1.95,2.83,4.06,7.91,14.11,0.192,0,0,0,3,1,2
2019-10-08,14.8224,76.0961,23.59,78.49,986.46,113.03,1213.4,28.7,5.01,9.66,16.94,29.33,51.75,85.49,151.93,0.95,0,2,2,2,0,0
2019-10-08,19.8276,85.8284,37.76,86.85,974.42,70.77,1130.0,15.9,4.76,8.69,17.58,28.48,35.55,49.69,78.13,0.54,7,1,1,1,2,1
2019-10-09,15.6267,75.3712,45.21,39.42,1020.14,154.61,1914.8,19.0,3.28,5.37,11.26,13.0,22.43,28.92,35.92,0.05,5,0,0,2,2,3
2019-10-09,14.4403,120.8518,17.01,68.9,965.15,72.5,1150.0,8.9,7.31,13.38,26.49,34.7,42.36,51.75,66.96,0.577,0,1,1,2,0,1
2019-10-09,9.8879,77.3995,26.79,20.21,973.72,26.08,528.1,9.8,1.63,2.17,3.63,5.18,8.74,19.15,38.76,0.091,0,0,0,1,0,2
2019-10-09,28.1756,77.0571,13.29,37.9,985.25,73.68,1468.7,15.2,1.69,2.16,3.85,5.77,6.52,11.77,17.2,0.159,0,0,0,1,0,2
2019-10-10,-6.0224,106.3637,25.55,18.55,1014.87,116.25,2123.5,3.8,8.88,18.72,24.36,28.84,49.89,87.78,193.02,0.95,0,2,1,1,0,0
2019-10-10,35.7865,139.6953,31.12,72.73,992.16,42.47,888.6,21.8,0.05,0.11,0.18,0.31,0.38,0.71,1.51,0.057,0,0,0,1,0,2
2019-10-11,22.9421,88.7218,30.67,44.2,964.31,96.38,1222.6,47.6,14.31,28.08,44.89,67.02,105.74,139.78,213.63,0.95,0,3,3,2,0,0
2019-10-11,28.7813,77.0741,13.26,78.58,1017.2,7.4,812.6,20.3,6.79,14.63,24.78,30.83,45.87,79.31,166.8,0.95,0,2,2,0,0,0
2019-10-12,25.5555,82.8651,31.58,29.19,992.98,153.05,467.0,3.7,1.74,2.87,3.77,5.87,8.26,18.21,29.55,0.05,0,0,0,2,0,2
2019-10-12,18.0296,-66.173,30.97,90.96,1019.56,150.56,1602.5,46.7,6.25,9.53,15.1,19.49,21.5,30.65,36.9,0.363,0,0,1,2,0,2
2019-10-12,25.4962,83.1866,26.16,70.32,962.83,91.39,91.2,10.4,8.88,17.0,27.37,41.54,45.69,80.03,107.56,0.754,0,2,1,2,0,0
2019-10-12,14.3097,120.5005,18.0,44.49,1000.94,11.57,506.8,38.9,0.56,0.9,1.78,2.18,2.52,4.49,6.75,0.081,0,0,1,0,0,2
2019-10-13,30.3096,-89.9831,25.06,25.97,991.43,17.16,253.5,21.9,2.56,5.37,8.65,13.82,24.1,56.11,82.14,0.404,0,1,1,0,0,1
2019-10-13,15.0405,121.0616,29.97,50.48,972.09,130.47,346.9,20.9,8.19,18.14,28.31,48.42,81.16,183.96,320.92,0.95,0,3,3,3,0,0
2019-10-13,29.578,-90.0954,37.85,76.77,1019.98,3.3,521.6,39.8,3.89,8.84,11.06,17.45,26.15,32.5,55.69,0.353,1,0,1,0,1,2
2019-10-13,12.8365,80.5095,8.1,21.49,959.82,100.01,512.0,6.4,3.35,6.64,8.32,14.3,21.8,36.55,79.8,0.523,0,1,0,2,0,1
2019-10-13,11.2096,93.0296,13.83,59.15,989.96,56.4,1458.7,20.1,4.92,6.13,7.41,11.26,20.18,35.0,42.42,0.408,0,0,1,1,0,1
2019-10-14,22.5978,88.0683,38.32,33.23,1011.92,105.13,528.9,25.5,3.33,4.8,6.39,9.74,15.44,27.14,34.47,0.05,2,0,1,1,1,3
2019-10-15,23.4611,89.9526,26.73,55.04,994.65,122.64,382.3,8.7,0.45,1.05,1.81,2.13,2.67,5.53,6.8,0.05,0,0,0,2,0,2
2019-10-15,20.4162,85.4198,10.12,97.79,1023.48,13.01,1339.4,17.0,1.96,3.88,6.12,9.16,11.83,15.37,30.05,0.54,0,0,1,0,0,1
2019-10-15,28.7843,77.6218,40.54,96.64,968.56,75.92,1216.7,8.3,3.86,7.03,11.69,13.41,15.5,36.54,78.19,0.559,9,0,1,2,3,1
2019-10-15,11.2228,92.5324,17.37,22.62,999.87,35.35,976.8,34.1,0.38,0.51,0.92,1.34,1.68,3.06,5.56,0.05,0,0,0,0,0,2
2019-10-15,18.8942,73.1275,43.52,55.06,979.69,135.5,709.1,39.7,2.04,3.97,6.07,11.13,13.07,19.09,26.78,0.05,8,0,1,2,3,3
2019-10-15,14.9212,75.7026,23.8,62.43,1006.5,119.38,1975.1,35.9,4.0,5.94,9.27,13.74,15.91,29.18,47.75,0.366,0,0,1,1,0,1
2019-10-16,11.9893,92.4294,31.28,84.74,997.58,74.31,154.6,12.3,6.53,10.94,21.85,28.28,42.5,100.15,175.95,0.95,0,2,2,1,0,0
2019-10-16,10.0363,-67.116,24.2,67.47,986.25,101.75,1462.3,47.0,3.41,6.92,13.86,25.37,30.41,53.05,113.67,0.797,0,1,2,2,0,0
2019-10-17,22.6933,88.5263,19.81,39.58,986.63,134.59,1907.8,46.2,0.26,0.4,0.51,0.87,1.04,1.37,2.41,0.05,0,0,1,2,0,2
2019-10-17,30.2383,-90.0963,32.95,50.5,948.88,79.04,160.1,42.5,4.89,8.09,14.37,17.09,27.2,59.49,120.27,0.682,0,1,2,2,0,0
2019-10-18,13.345,79.9434,40.04,18.22,986.15,62.61,510.7,18.5,14.36,29.69,43.63,69.12,87.97,170.05,356.45,0.95,3,3,3,1,1,0
2019-10-18,13.7589,-87.2074,19.78,74.26,995.8,67.36,575.2,18.0,3.14,5.09,7.09,8.46,14.52,25.1,45.81,0.444,0,0,1,1,0,1
2019-10-19,-6.442,107.2823,31.49,29.85,950.5,40.93,2248.9,36.7,0.66,0.84,1.38,1.58,2.18,4.71,8.01,0.05,0,0,1,1,0,2
2019-10-19,24.1506,90.3829,44.12,94.82,960.73,105.49,223.3,35.2,1.49,3.01,4.62,5.62,7.78,10.39,18.46,0.145,1,0,1,2,2,3
2019-10-19,10.6312,-66.4246,40.56,25.09,973.63,65.76,1725.5,44.5,0.38,0.8,1.19,2.17,2.81,5.71,7.79,0.05,5,0,1,1,2,3
2019-10-20,35.3857,140.0161,38.25,30.79,957.67,55.19,990.4,44.8,1.26,2.82,4.67,8.45,13.45,27.57,47.39,0.088,9,0,1,1,2,2
2019-10-20,10.2522,-66.922,15.37,62.13,952.76,114.57,1838.2,44.0,2.88,3.82,7.43,10.04,17.37,41.23,54.94,0.486,0,0,2,2,0,1
2019-10-21,35.3652,139.8725,30.31,78.79,948.62,154.17,1128.9,13.8,7.52,15.77,32.45,44.28,65.84,124.22,270.84,0.95,0,2,2,3,0,0
2019-10-22,11.6619,93.2123,13.31,86.98,955.61,96.8,496.0,46.1,0.89,1.45,2.75,4.47,5.92,12.06,26.29,0.439,0,0,1,2,0,1
2019-10-22,10.424,77.0199,34.63,41.11,1022.15,54.01,1754.9,33.4,0.5,0.86,1.48,1.85,2.16,4.01,5.43,0.05,0,0,0,0,0,3
2019-10-22,9.84,76.9637,46.89,51.52,970.11,22.37,716.7,10.0,3.86,8.18,15.73,26.77,38.64,64.57,83.95,0.333,3,1,1,1,2,2
2019-10-23,14.1779,-87.4648,18.76,29.94,1023.81,139.41,2099.9,46.1,3.32,7.55,11.04,15.54,22.17,28.98,58.68,0.332,0,0,1,1,0,1
2019-10-24,14.9936,120.5576,28.34,80.94,1018.4,54.75,1109.5,20.2,0.05,0.08,0.13,0.19,0.31,0.52,0.88,0.116,0,0,0,0,0,2
2019-10-24,11.6562,92.2556,36.71,79.07,983.8,58.44,1995.8,8.7,4.52,10.24,14.93,18.79,27.41,40.01,82.85,0.543,9,1,1,1,2,1
2019-10-25,35.3382,140.1392,40.03,80.2,953.9,54.42,1101.3,12.9,4.01,7.51,15.64,19.49,29.09,66.33,82.22,0.515,2,1,1,2,2,1
2019-10-26,18.2769,-65.6275,45.78,74.95,980.43,93.02,1219.9,38.7,0.23,0.5,1.04,1.5,1.85,2.46,3.81,0.05,6,0,1,1,3,3
2019-10-27,12.0415,93.0242,28.83,35.27,1001.65,13.48,1731.5,16.5,2.11,3.76,5.17,9.58,10.54,17.36,23.06,0.05,0,0,0,0,0,2
2019-10-27,25.6034,83.4679,9.07,33.21,1023.55,110.58,1770.4,38.8,8.53,14.73,23.38,26.15,45.92,62.3,102.84,0.711,0,1,2,1,0,0
2019-10-27,28.7904,76.7241,23.13,66.46,974.08,148.05,824.0,45.2,4.58,10.44,19.13,29.74,43.31,67.11,100.54,0.72,0,1,2,3,0,0
2019-10-27,13.8003,100.6196,38.3,60.78,949.94,109.99,920.8,15.7,16.76,31.99,58.85,89.51,146.71,308.46,572.86,0.95,2,3,3,3,1,0
2019-10-28,10.5804,-66.4419,22.3,57.07,983.93,79.09,1253.6,3.8,0.68,1.28,2.61,4.43,5.61,9.17,14.08,0.145,0,0,0,1,0,2
2019-10-29,19.9935,85.841,23.89,58.14,980.11,109.19,1851.7,22.4,1.94,3.97,6.75,12.13,17.43,32.93,43.76,0.321,0,0,1,2,0,1
2019-10-29,10.8633,-66.8762,41.83,29.12,984.72,138.42,2302.4,39.0,9.9,23.01,47.9,68.53,89.15,174.69,242.62,0.95,3,3,3,3,2,0
2019-10-29,-6.0895,106.5612,23.83,94.2,1026.57,82.07,1341.1,19.9,1.54,3.67,4.54,6.48,7.81,16.18,22.56,0.353,0,0,0,1,0,1
2019-10-29,26.1263,-80.4875,27.46,92.29,989.5,121.47,212.5,16.0,3.31,6.66,13.3,20.91,27.24,50.31,96.17,0.771,0,1,1,2,0,0
2019-10-30,9.7009,76.6649,45.76,38.69,951.2,88.36,1797.6,46.6,3.4,4.83,7.5,10.15,11.3,18.88,37.75,0.05,8,0,1,2,3,3
2019-10-30,20.7893,85.588,18.53,78.78,1018.46,35.89,1113.6,22.8,7.24,15.32,25.46,41.67,70.55,85.47,137.0,0.95,0,2,2,0,0,0
2019-10-31,16.421,81.0734,47.0,55.07,1010.14,35.67,899.6,32.8,1.18,1.73,3.51,4.55,5.19,10.91,15.75,0.05,6,0,1,0,3,3
2019-10-31,13.4434,100.4828,45.11,22.72,989.53,96.39,1488.5,3.3,1.39,2.11,3.82,6.45,8.04,17.62,29.69,0.05,1,0,0,1,2,3
2019-10-31,18.3322,-66.5454,36.41,69.69,958.13,31.95,791.1,36.5,0.14,0.24,0.43,0.53,0.63,1.05,1.56,0.05,7,0,1,1,2,3
2019-11-01,14.1981,120.9079,34.04,19.93,999.58,137.12,1385.7,17.3,6.02,12.88,21.76,26.62,33.96,70.85,142.13,0.669,0,1,1,2,0,0
2019-11-01,28.5455,76.8578,15.06,54.27,967.77,113.65,1507.8,18.4,2.68,4.57,6.09,10.5,18.15,42.04,83.63,0.632,0,1,1,2,0,0
2019-11-02,18.6217,-66.116,39.38,79.14,990.52,12.17,1840.1,28.2,5.33,11.2,21.53,32.61,39.07,78.35,142.63,0.893,7,1,2,0,2,0
2019-11-02,28.9029,77.498,14.14,43.65,979.9,109.39,1819.5,47.2,1.66,2.79,4.71,8.27,12.92,24.38,45.06,0.351,0,0,1,2,0,1
2019-11-02,25.4155,83.3805,32.83,46.12,956.22,141.62,1195.3,22.2,2.74,5.33,7.33,11.73,15.8,32.51,64.11,0.312,0,0,1,3,0,1
2019-11-02,28.7941,76.7261,11.93,71.15,970.68,53.85,1722.8,45.4,1.42,2.98,6.14,7.23,10.63,12.9,26.12,0.378,0,0,1,1,0,1
2019-11-03,22.2689,87.9246,27.03,24.11,990.48,71.52,2026.8,5.2,2.34,3.23,4.82,8.15,11.68,19.28,30.74,0.056,0,0,0,1,0,2
2019-11-03,12.7342,80.2232,10.83,89.31,981.83,102.94,2303.3,5.3,2.3,2.9,4.78,6.22,10.81,18.14,33.27,0.515,0,0,0,2,0,1
2019-11-03,26.1115,-80.5887,24.82,80.1,978.92,13.42,1696.8,19.7,9.32,14.61,28.62,47.06,79.88,123.83,205.72,0.95,0,2,2,1,0,0
2019-11-03,11.575,92.5017,10.49,79.22,970.7,7.98,1782.7,16.2,4.48,9.18,15.43,26.57,40.03,61.8,119.53,0.95,0,1,1,1,0,0
2019-11-03,24.0852,90.3149,42.12,73.64,1008.12,82.05,2218.3,39.7,6.5,13.05,19.24,21.71,38.1,72.52,108.65,0.631,8,1,2,1,3,1
2019-11-03,-6.5939,106.8328,30.92,89.35,999.21,55.41,2319.0,38.6,3.48,5.4,8.3,13.58,15.62,23.56,45.09,0.407,0,0,1,1,0,1
2019-11-03,25.7804,82.5308,27.74,58.75,948.31,128.36,1188.3,17.0,1.34,2.99,4.12,5.06,6.32,12.32,24.77,0.17,0,0,0,3,0,2
2019-11-03,28.4539,76.913,21.41,68.46,958.76,87.49,706.7,8.3,3.38,6.65,13.87,22.68,33.14,76.06,154.27,0.95,0,1,1,2,0,0
2019-11-04,28.7914,77.6377,31.48,61.9,957.39,28.92,677.7,10.3,12.45,15.22,26.84,40.64,53.9,122.09,228.33,0.95,0,2,2,1,0,0
2019-11-04,14.3236,-86.9072,15.9,74.38,950.44,8.22,1095.4,2.1,2.4,4.75,6.68,12.15,15.07,22.38,47.29,0.489,0,0,0,1,0,1
2019-11-04,14.5992,120.5882,39.96,46.35,974.27,53.84,2215.6,2.8,2.06,3.13,6.27,7.38,10.24,17.29,36.11,0.073,5,0,0,1,2,3
2019-11-06,14.6815,121.2979,38.3,49.28,993.97,66.6,1267.7,8.5,3.2,7.6,14.35,19.46,33.17,75.46,103.89,0.525,2,1,1,1,1,1
2019-11-06,14.1972,100.1929,32.8,56.12,995.02,105.77,2122.9,36.9,3.0,6.57,13.72,18.39,21.75,45.19,98.45,0.572,0,1,1,1,0,1
2019-11-06,17.0344,81.3623,25.1,67.51,985.42,146.94,1253.5,10.5,3.86,7.17,13.79,17.12,21.96,50.64,107.86,0.753,0,1,1,2,0,0
2019-11-07,10.3292,77.2435,38.21,45.49,979.21,111.53,731.1,14.5,3.43,4.67,9.78,13.01,17.8,26.15,48.21,0.161,6,0,0,2,2,2
2019-11-08,19.0642,72.3986,8.17,58.14,977.84,47.36,1851.5,43.2,5.03,11.15,22.5,41.18,48.6,84.94,101.95,0.827,0,1,2,1,0,0
2019-11-08,16.6083,81.7339,36.13,92.87,946.13,77.08,1680.2,32.2,4.89,10.83,21.91,27.26,48.21,104.47,219.38,0.95,3,2,2,2,1,0
2019-11-09,25.7925,-80.0275,14.56,64.46,963.48,59.72,2039.7,8.8,6.13,13.06,25.44,35.05,50.14,102.71,127.1,0.95,0,1,2,2,0,0
2019-11-09,36.1118,140.1499,36.33,69.92,950.67,71.97,1594.3,14.6,1.31,1.77,2.79,5.27,6.85,12.59,24.47,0.14,2,0,0,2,1,2
2019-11-10,16.6848,81.4308,33.66,20.3,958.78,48.05,1295.4,37.4,1.36,2.21,3.16,4.12,7.27,14.27,19.35,0.05,0,0,1,1,0,2
2019-11-10,9.8918,76.5599,39.86,67.76,999.47,136.07,2033.6,3.5,3.02,5.12,8.91,15.95,17.68,21.45,27.08,0.115,9,0,0,2,3,3
2019-11-11,-6.3914,106.4831,17.8,87.98,976.18,107.48,1474.0,22.9,6.27,7.83,15.83,26.51,45.19,55.15,70.86,0.681,0,1,1,2,0,0
2019-11-11,18.5325,-66.5013,45.74,91.4,974.85,121.31,2211.3,12.9,6.21,9.45,14.26,17.95,26.12,57.78,99.85,0.624,8,1,1,2,3,1
2019-11-11,35.9687,139.3606,18.74,86.75,995.41,2.04,1933.5,16.2,1.35,2.24,3.96,5.76,8.87,12.21,26.5,0.39,0,0,0,0,0,1
2019-11-12,14.8829,75.4419,10.76,34.16,1004.44,39.4,2262.2,20.6,0.37,0.82,1.66,3.06,4.42,10.19,19.45,0.179,0,0,0,0,0,2
2019-11-12,25.625,-79.7855,15.13,25.89,994.1,98.85,129.2,12.0,5.55,6.99,13.77,22.4,31.45,50.81,61.95,0.367,0,1,1,1,0,1
2019-11-12,28.332,77.593,26.04,75.87,1025.96,85.77,1678.3,1.5,2.57,3.87,5.1,8.5,9.58,21.9,37.62,0.343,0,0,0,1,0,1
2019-11-13,15.7439,75.3722,43.61,27.62,981.13,10.75,897.3,37.8,1.83,3.9,7.1,10.75,17.38,39.19,78.11,0.217,4,0,1,0,2,2
2019-11-13,14.0549,-87.2526,18.18,88.43,992.52,28.72,1165.4,2.5,2.09,4.77,7.95,10.12,17.63,41.05,60.56,0.615,0,0,0,0,0,1
2019-11-13,24.0833,90.8008,17.52,90.42,956.02,59.46,2269.5,1.5,2.06,4.42,8.92,15.06,25.93,32.19,41.84,0.513,0,0,0,2,0,1
2019-11-14,13.8676,100.4357,45.6,30.92,986.08,99.64,540.1,34.5,4.02,9.43,15.22,21.43,28.99,47.46,58.74,0.093,7,0,1,2,3,3
2019-11-14,12.9559,80.3023,14.19,68.08,946.5,122.88,1957.9,18.5,0.67,1.46,2.95,3.42,5.15,11.98,22.09,0.319,0,0,0,3,0,1
2019-11-14,14.3751,121.0086,36.34,89.88,1024.9,111.84,1311.1,11.2,1.81,3.23,4.25,5.55,9.93,20.93,35.2,0.298,1,0,0,1,1,2
2019-11-15,23.6873,90.6067,17.96,67.98,1016.31,142.3,1202.0,26.4,6.27,11.57,19.27,35.15,58.1,133.1,188.77,0.95,0,2,2,2,0,0
2019-11-15,23.5481,90.4526,12.32,92.47,957.73,114.31,1191.0,7.2,5.25,12.0,15.71,18.12,30.71,55.31,103.68,0.95,0,1,1,2,0,0
2019-11-16,18.9112,72.9562,43.59,66.21,1023.24,106.12,447.6,1.2,1.83,4.38,8.71,15.48,23.19,30.47,37.03,0.136,1,0,0,1,2,3
2019-11-17,10.1,76.6423,13.61,66.63,951.67,108.28,917.7,6.8,6.93,13.42,20.39,22.93,33.85,78.12,140.33,0.95,0,1,1,2,0,0
2019-11-18,19.4706,73.3692,24.09,44.38,1009.3,80.02,2254.8,13.8,1.37,3.29,6.84,12.37,17.11,37.73,55.97,0.333,0,0,1,1,0,1
2019-11-18,35.4707,139.5709,30.48,51.11,993.33,142.22,585.2,38.1,0.04,0.05,0.1,0.17,0.26,0.42,0.58,0.05,0,0,1,2,0,2
2019-11-18,15.0285,75.8355,40.44,41.43,997.52,152.49,2104.4,8.1,2.78,4.5,7.16,9.8,13.08,24.21,33.7,0.05,1,0,0,2,1,3
2019-11-19,23.8113,90.8829,23.74,71.27,970.47,51.5,961.7,45.9,2.01,2.75,3.32,4.28,7.52,17.64,30.5,0.299,0,0,1,1,0,1
2019-11-19,18.693,-66.5584,42.17,17.72,971.08,113.2,533.0,9.9,6.93,13.44,28.09,33.93,45.78,72.03,149.83,0.634,6,1,1,2,2,1
2019-11-19,23.9087,90.3165,39.04,28.39,989.18,95.83,2141.6,10.5,7.3,16.95,21.71,39.26,50.31,65.26,140.87,0.655,9,1,1,2,2,1
2019-11-19,13.3838,100.8857,14.38,17.79,956.71,95.15,432.0,11.2,0.09,0.19,0.37,0.64,0.76,1.74,3.26,0.05,0,0,0,2,0,2
2019-11-20,17.9908,-65.7734,25.46,54.36,1019.33,34.27,523.5,27.1,3.78,6.14,10.24,13.13,15.69,23.31,49.33,0.324,0,0,1,0,0,1
2019-11-20,14.268,121.4411,29.73,86.43,989.41,30.22,720.4,15.2,1.77,3.03,5.82,8.03,11.46,22.35,35.26,0.343,0,0,0,1,0,2
2019-11-21,10.5997,-66.838,24.03,43.83,1019.69,5.34,1593.8,46.3,2.87,6.67,8.32,11.94,15.31,31.8,69.37,0.414,0,0,1,0,0,1
2019-11-22,14.3241,121.455,35.98,80.38,1005.9,71.11,383.6,15.2,0.81,1.32,2.17,4.05,7.18,15.25,33.25,0.246,1,0,0,1,1,2
2019-11-22,22.9657,87.9656,15.07,74.1,976.95,63.55,1880.3,46.2,0.47,0.8,1.31,1.84,2.49,3.14,5.92,0.237,0,0,1,1,0,2
2019-11-22,14.1427,120.8095,25.07,93.59,990.67,35.18,1468.4,42.7,0.84,1.35,2.31,4.37,6.23,11.84,15.81,0.296,0,0,1,0,0,2
2019-11-22,14.0113,100.9542,14.15,47.55,1015.06,125.45,1500.3,13.3,1.17,1.58,3.21,3.98,5.97,11.35,17.82,0.199,0,0,0,1,0,2
2019-11-23,13.8981,-86.9547,32.62,38.34,952.31,79.27,1355.6,22.0,2.14,4.08,6.83,8.24,10.2,13.98,26.47,0.05,0,0,0,2,0,2
2019-11-23,22.7809,88.473,12.41,43.78,973.53,128.44,543.2,4.6,3.24,6.56,9.61,15.21,24.99,40.41,69.72,0.522,0,1,0,2,0,1
2019-11-24,28.114,77.6378,21.53,61.09,1004.09,8.12,1191.9,41.4,2.13,3.89,6.37,8.99,10.58,14.3,19.72,0.205,0,0,1,0,0,2
2019-11-24,18.1263,-65.862,31.52,35.36,977.31,46.17,854.9,34.7,1.23,2.31,3.76,6.13,10.76,22.37,31.65,0.072,0,0,1,1,0,2
2019-11-25,10.3278,77.066,18.61,22.33,1013.9,132.53,529.0,3.6,4.7,6.83,10.61,12.22,15.38,33.09,66.33,0.347,0,0,0,1,0,1
2019-11-25,30.381,-90.5195,42.73,36.81,984.2,51.62,2285.2,39.6,4.32,8.23,15.95,22.55,31.87,66.16,103.06,0.423,7,1,2,1,2,1
2019-11-25,-6.1027,106.3919,23.9,58.74,1006.44,93.18,703.6,29.0,0.3,0.36,0.56,0.96,1.61,2.99,6.18,0.088,0,0,0,1,0,2
2019-11-25,23.9268,90.0826,45.66,38.37,1020.41,64.82,927.4,33.8,0.03,0.05,0.07,0.13,0.19,0.31,0.45,0.05,1,0,0,0,2,3
2019-11-26,23.4518,90.2808,26.56,85.41,991.74,90.53,1042.7,18.2,2.29,3.75,5.66,10.73,14.33,21.6,33.56,0.357,0,0,1,1,0,1
2019-11-26,25.6165,83.3265,41.62,72.95,975.14,128.56,941.2,19.7,3.97,9.18,15.15,18.81,22.57,35.27,58.47,0.319,3,0,1,2,2,2
2019-11-26,14.3911,120.793,17.34,79.98,961.94,110.65,1918.0,41.1,2.5,3.99,7.56,10.26,12.35,27.19,43.81,0.48,0,0,1,2,0,1
2019-11-26,18.482,-65.8743,23.08,58.82,988.83,118.55,862.4,34.5,3.02,7.11,11.0,20.03,33.54,65.91,122.23,0.821,0,1,2,2,0,0
2019-11-27,35.8685,139.7131,44.62,77.4,987.38,129.04,1684.6,43.0,4.51,9.49,12.11,13.36,23.63,35.5,48.46,0.249,3,0,1,2,2,3
2019-11-28,15.7507,76.1685,29.02,75.14,982.95,31.09,1793.2,35.5,0.98,2.16,3.78,4.87,7.58,11.22,16.44,0.18,0,0,1,1,0,2
2019-11-28,20.2372,85.4811,11.97,19.12,976.64,115.82,2084.7,26.2,6.41,7.89,12.7,15.33,23.12,53.3,64.34,0.38,0,0,1,2,0,1
2019-11-29,25.4538,-80.4754,17.22,23.12,992.82,86.71,453.7,3.2,0.29,0.69,1.31,2.41,2.98,7.01,9.41,0.05,0,0,0,1,0,2
2019-11-29,26.1604,-80.3034,12.09,38.94,1026.63,92.74,700.8,20.8,1.05,1.3,2.55,3.4,5.74,10.18,14.08,0.155,0,0,0,1,0,2
2019-11-29,13.7074,-87.2357,16.79,34.95,992.7,87.78,1845.4,36.5,3.89,6.76,13.53,21.62,38.77,84.64,105.32,0.664,0,1,2,1,0,0
2019-11-29,35.5184,140.0648,13.89,57.2,1012.23,10.78,1997.2,34.5,0.12,0.16,0.2,0.33,0.49,0.8,1.03,0.14,0,0,1,0,0,2
2019-11-29,13.6895,100.778,21.9,46.14,1006.01,133.65,903.0,6.7,0.3,0.59,0.97,1.77,3.13,7.13,9.1,0.068,0,0,0,1,0,2
2019-11-30,36.1311,139.9196,27.03,91.46,1020.17,12.32,2299.4,3.8,2.79,4.39,6.81,10.91,16.46,23.06,50.04,0.483,0,0,0,0,0,1
2019-11-30,11.5765,92.3188,30.02,92.65,1010.87,126.84,1023.3,33.0,0.71,1.1,1.82,3.19,4.26,7.36,15.88,0.247,0,0,1,1,0,2
2019-11-30,15.0154,120.7062,29.75,17.4,1027.85,99.89,1996.1,20.2,0.19,0.25,0.47,0.6,1.02,1.53,2.23,0.05,0,0,0,1,0,2
2019-12-02,13.0121,80.4703,41.37,94.61,984.36,150.58,989.1,10.9,2.52,4.99,8.04,12.49,17.38,31.8,68.45,0.482,2,0,1,2,2,2
2019-12-02,22.6564,88.2494,34.92,69.27,989.99,55.99,2041.4,34.2,1.11,2.0,2.68,3.65,6.56,9.63,18.28,0.112,0,0,1,1,1,2
2019-12-02,29.0256,77.1715,35.75,70.06,1024.92,69.55,644.2,3.3,4.62,8.97,18.62,31.09,54.51,130.27,212.14,0.95,4,2,2,1,1,0
2019-12-03,14.2735,-87.0146,37.64,54.25,971.8,51.26,423.3,34.7,0.6,1.18,2.12,2.82,4.07,8.16,9.79,0.05,9,0,1,1,2,3
2019-12-03,25.4753,82.8962,19.04,64.77,980.71,3.01,1938.7,6.3,2.5,4.01,6.05,8.97,16.13,27.26,37.68,0.357,0,0,0,0,0,1
2019-12-03,10.3647,-67.2929,28.84,96.02,1026.52,17.0,1292.4,39.3,0.95,2.0,3.98,6.49,8.63,19.92,41.5,0.434,0,0,1,0,0,1
2019-12-03,11.7783,92.3596,44.33,61.06,1021.94,53.08,788.0,19.5,4.29,8.06,16.38,18.35,29.28,46.74,64.51,0.278,7,0,1,0,3,2
2019-12-03,18.8119,73.3265,34.67,15.63,964.19,22.65,1948.4,23.3,1.69,3.55,4.5,7.48,10.96,18.71,34.8,0.05,0,0,0,1,0,2
2019-12-04,9.7987,76.9763,17.26,46.53,984.5,8.82,2329.4,34.5,1.37,2.17,3.48,5.57,6.7,9.56,19.69,0.178,0,0,1,0,0,2
2019-12-04,13.5351,100.3638,36.25,69.63,999.25,86.97,1232.1,42.4,0.27,0.42,0.54,0.6,0.67,0.82,1.54,0.05,8,0,1,1,2,3
2019-12-05,22.5632,88.7173,19.2,23.68,1008.37,80.15,1337.1,20.0,2.16,2.89,5.22,7.55,12.62,18.12,25.46,0.092,0,0,0,1,0,2
2019-12-05,11.2031,92.4091,12.52,73.59,986.81,128.86,1220.5,30.0,2.27,4.03,7.62,12.21,18.84,32.79,56.76,0.575,0,0,1,2,0,1
2019-12-06,29.7345,-90.3072,34.33,60.51,967.65,58.2,2373.8,43.5,4.16,9.28,12.27,16.12,27.72,48.93,87.63,0.511,0,1,2,1,0,1
2019-12-06,29.9763,-90.3758,18.85,18.22,948.75,76.66,2323.8,4.2,1.41,1.76,3.11,4.86,6.31,13.33,16.38,0.05,0,0,0,2,0,2
2019-12-06,28.2221,77.1738,38.23,45.73,1015.96,108.74,1851.0,46.5,6.52,10.54,18.77,33.69,49.44,99.84,137.01,0.717,5,1,3,1,2,0
2019-12-07,16.9727,81.5945,46.66,44.54,981.95,148.74,1461.5,10.6,4.09,5.92,8.91,11.42,14.52,17.51,36.43,0.05,6,0,0,2,3,3
2019-12-08,25.9582,-79.7638,12.71,33.37,972.16,35.37,940.4,27.1,4.04,9.52,19.4,30.19,48.72,114.06,146.39,0.95,0,2,2,1,0,0
2019-12-08,18.5986,-65.7383,44.68,15.67,1022.61,29.49,225.5,42.6,0.06,0.13,0.18,0.26,0.29,0.69,1.13,0.05,2,0,1,0,2,3
2019-12-08,23.6882,89.9394,11.31,19.25,1025.07,112.11,1214.6,5.6,2.61,4.13,5.97,9.52,15.74,27.26,46.16,0.273,0,0,0,1,0,1
2019-12-09,18.7602,73.1297,8.29,22.4,968.75,4.32,1640.7,39.3,4.91,6.74,12.96,22.85,26.68,47.78,90.21,0.59,0,1,2,1,0,0
2019-12-09,25.627,-80.3464,25.25,84.04,1000.58,12.7,1537.1,13.4,3.14,6.33,8.91,13.06,16.11,20.34,32.11,0.353,0,0,0,0,0,1
2019-12-09,11.619,92.4684,40.36,73.43,1023.49,64.57,1589.4,22.6,3.49,6.07,8.31,12.52,18.4,39.98,77.38,0.45,3,0,1,0,2,2
2019-12-10,16.2245,81.891,40.61,42.01,964.69,131.83,916.3,39.5,0.57,1.31,2.14,2.65,3.91,8.77,13.94,0.05,5,0,1,2,2,3
2019-12-10,9.7873,76.5215,44.79,65.97,991.68,116.87,1877.3,10.7,2.31,4.01,8.21,9.77,17.2,32.46,48.3,0.195,3,0,0,2,2,3
2019-12-10,18.7335,-65.8734,11.3,84.79,980.44,71.06,2035.0,30.0,0.69,1.0,1.21,2.02,2.91,6.81,13.03,0.364,0,0,1,1,0,2
2019-12-10,11.5043,92.7893,21.46,32.92,1012.12,137.84,15.5,46.8,1.92,2.53,4.07,4.86,6.23,11.64,18.15,0.068,0,0,1,1,0,2
2019-12-11,-6.2258,106.926,45.09,22.01,980.97,101.16,1926.3,12.0,8.61,12.62,24.98,37.72,55.1,90.85,118.42,0.43,9,1,1,2,3,1
2019-12-11,29.7928,-90.0237,37.33,28.38,983.09,117.71,1674.0,21.0,5.44,11.19,17.3,31.42,37.68,61.43,116.58,0.518,3,1,1,2,1,1
2019-12-11,14.627,121.1558,23.88,83.13,960.97,27.57,1768.0,30.8,1.34,2.63,4.98,6.34,9.55,20.91,33.69,0.371,0,0,1,1,0,1
2019-12-11,24.9917,83.1505,40.88,36.43,956.19,58.74,583.5,28.7,2.96,6.17,11.77,14.28,19.15,24.79,46.6,0.085,4,0,1,2,2,2
2019-12-11,22.8563,87.9494,46.31,88.39,994.87,140.27,2374.1,35.8,0.24,0.4,0.78,1.0,1.68,2.26,2.82,0.05,9,0,1,2,3,3
2019-12-11,18.6079,-66.3375,31.78,37.92,970.15,23.1,1991.4,23.5,0.36,0.62,0.93,1.54,1.9,4.41,8.74,0.05,0,0,0,1,0,2
2019-12-11,10.1411,77.4479,35.17,31.37,992.4,87.76,2317.9,40.4,0.18,0.26,0.51,0.96,1.25,2.54,3.83,0.05,6,0,1,1,1,3
2019-12-12,10.5455,77.0557,17.94,60.03,1012.03,51.13,688.2,20.0,2.8,5.22,8.55,15.02,18.13,23.61,32.31,0.312,0,0,1,0,0,1
2019-12-13,22.5256,88.4431,20.74,58.71,1016.8,33.4,1260.4,42.1,0.42,0.87,1.22,1.51,1.91,3.44,6.2,0.117,0,0,1,0,0,2
2019-12-13,-5.7925,106.9894,31.0,72.87,966.0,55.12,698.9,4.7,1.71,3.15,5.64,8.08,14.45,28.19,58.82,0.417,0,0,0,1,0,1
2019-12-14,36.1463,139.4686,14.19,95.0,966.25,60.82,1222.4,47.0,4.1,8.02,13.41,22.27,34.85,79.58,138.62,0.95,0,1,2,1,0,0
2019-12-14,14.4506,-87.4152,19.44,82.34,971.67,30.41,951.2,6.4,2.22,4.46,6.83,8.46,11.99,25.36,32.37,0.4,0,0,0,1,0,1
2019-12-14,-5.8005,107.2809,33.91,52.58,1014.35,149.13,1860.6,30.0,3.27,7.26,12.25,21.35,31.09,39.64,62.79,0.323,0,0,1,2,0,2
2019-12-15,19.5286,73.1,24.83,44.37,958.71,19.16,2062.9,17.8,0.86,1.53,1.89,2.99,3.81,7.31,13.26,0.059,0,0,0,1,0,2
2019-12-15,18.5962,-65.7648,13.87,31.12,954.97,26.49,1015.2,12.2,7.56,17.79,32.42,56.64,72.42,144.7,182.03,0.95,0,2,2,1,0,0
2019-12-15,28.1382,77.0992,29.66,38.41,1022.08,38.38,608.1,17.3,7.87,14.24,25.83,48.59,80.09,112.7,224.09,0.95,0,2,2,0,0,0
2019-12-15,19.9917,85.5685,37.12,44.67,959.1,102.66,2206.0,47.1,2.09,3.86,5.71,9.35,15.29,19.1,39.09,0.11,2,0,1,2,1,2
2019-12-16,14.988,120.7235,22.82,31.36,984.77,31.77,400.9,29.8,2.59,5.19,10.57,16.13,24.3,31.77,60.92,0.316,0,0,1,1,0,1
2019-12-16,29.9598,-90.4292,13.85,60.12,1002.77,56.99,2078.3,8.1,2.88,3.76,5.08,9.28,16.66,39.93,79.88,0.647,0,1,1,1,0,0
2019-12-16,14.2448,-87.2401,13.73,81.85,1021.68,69.61,935.7,29.0,4.72,9.32,11.19,19.34,23.27,40.48,60.01,0.622,0,1,1,1,0,1
2019-12-16,35.5239,139.2329,21.41,54.32,952.08,132.29,1167.4,17.8,2.58,4.61,5.96,6.8,10.71,19.12,23.41,0.199,0,0,0,3,0,2
2019-12-16,-6.6282,107.2933,40.26,55.44,954.01,140.37,1302.0,15.1,2.1,3.3,5.6,7.38,10.42,17.83,32.38,0.088,2,0,0,3,1,3
2019-12-16,28.5779,76.9468,16.76,49.02,1004.7,79.93,2164.5,2.8,1.05,1.54,2.88,4.24,4.71,10.02,15.65,0.168,0,0,0,1,0,2
2019-12-17,22.6313,88.8369,35.13,59.29,995.71,70.38,1930.9,30.7,0.75,1.58,2.61,2.95,4.06,6.83,13.67,0.05,7,0,0,1,2,3
2019-12-17,20.6587,85.7371,31.28,82.86,984.45,114.87,47.9,44.5,5.2,8.7,13.45,15.9,26.57,56.39,103.21,0.737,0,2,2,2,0,0
2019-12-17,16.4805,81.5088,14.04,90.24,1024.5,140.73,1885.6,4.8,0.87,2.0,2.81,3.87,4.39,8.58,15.13,0.377,0,0,0,1,0,1
2019-12-18,15.3162,75.7392,37.72,71.5,990.06,126.02,1556.6,42.2,1.68,3.21,6.37,8.1,11.66,27.43,45.91,0.269,5,0,1,2,2,2
2019-12-18,-6.111,106.3435,27.1,33.58,946.25,25.88,1441.6,31.8,3.65,5.05,10.2,14.57,23.86,33.4,55.8,0.255,0,0,1,1,0,1
2019-12-18,23.9249,90.0307,41.12,34.68,946.94,104.54,1865.5,4.2,3.76,5.46,11.42,19.71,23.81,42.14,83.76,0.307,7,0,0,2,2,2
2019-12-18,15.3471,75.4241,21.26,37.47,1015.43,42.7,322.0,16.3,5.59,9.4,16.48,20.84,24.02,35.57,71.85,0.426,0,1,1,0,0,1
2019-12-18,12.9262,80.6921,13.81,53.76,950.39,90.16,689.6,40.5,1.65,3.8,6.18,10.99,14.38,25.05,45.93,0.406,0,0,1,2,0,1
2019-12-19,14.876,75.8447,40.37,54.01,972.05,59.81,1358.8,20.0,1.5,2.01,2.6,2.92,5.24,8.57,10.91,0.05,9,0,0,1,3,3
2019-12-19,12.8651,80.3937,43.95,55.85,1021.99,14.03,1993.6,36.6,4.46,7.25,13.81,20.53,32.86,61.21,83.09,0.374,3,1,1,0,2,2
2019-12-21,24.9659,82.7235,8.67,39.29,980.2,80.12,437.4,46.3,3.03,5.53,6.68,9.94,16.76,24.53,38.05,0.338,0,0,1,1,0,1
2019-12-21,-6.0114,106.8251,32.8,83.61,959.64,59.18,751.6,9.7,2.05,4.79,8.07,10.73,14.46,27.99,43.46,0.353,0,0,0,1,0,2
2019-12-21,30.0166,-90.1415,28.03,39.13,1002.92,104.79,1417.8,30.3,8.01,17.49,22.95,37.05,44.95,61.94,102.15,0.561,0,1,2,1,0,0
2019-12-22,23.4692,90.6803,46.04,41.41,1002.31,142.52,2071.9,19.2,1.3,2.82,3.9,6.53,11.0,24.41,29.51,0.05,9,0,0,2,3,3
2019-12-22,13.1872,80.6261,10.9,31.92,1023.31,137.38,719.2,9.9,5.91,7.84,13.78,25.16,30.85,41.65,76.77,0.526,0,1,1,1,0,1
2019-12-23,18.1635,-66.0443,30.35,97.74,1016.3,3.17,123.2,29.5,3.44,7.75,13.69,17.55,25.06,54.4,115.48,0.89,0,2,2,0,0,0
2019-12-23,10.3963,-67.1345,45.91,66.26,1026.46,53.68,1687.9,11.1,1.06,1.92,2.86,3.53,4.53,5.63,10.72,0.05,9,0,0,0,3,3
2019-12-24,16.5482,81.6292,46.19,36.0,971.01,38.14,2080.1,23.1,6.07,13.48,25.26,33.06,37.18,51.01,96.76,0.348,8,1,1,1,3,2
2019-12-24,11.2703,92.3336,39.18,24.81,969.19,151.51,692.4,20.1,1.15,2.03,2.73,4.11,5.38,11.72,18.63,0.05,8,0,0,2,2,3
2019-12-24,19.9076,85.7262,39.61,89.79,988.63,141.76,373.1,4.5,2.61,5.72,7.96,14.92,18.35,37.63,79.59,0.545,1,1,0,2,2,1
2019-12-24,24.8111,83.4444,36.87,94.09,982.29,85.9,2159.0,38.3,11.47,17.43,28.29,41.43,59.29,136.12,191.32,0.95,2,2,3,2,1,0
2019-12-24,28.3847,77.6195,31.29,82.69,950.75,34.07,1415.8,29.5,2.2,4.7,7.1,7.87,10.53,24.84,49.16,0.399,0,0,1,1,0,1
2019-12-24,16.5123,81.9888,11.95,17.07,1023.28,22.73,2161.2,23.0,1.76,3.01,4.75,6.52,10.87,19.67,43.1,0.238,0,0,1,0,0,1
2019-12-25,25.6733,-79.7428,43.3,68.7,949.46,105.12,1968.4,13.5,1.69,2.43,4.3,7.01,8.05,16.21,30.13,0.107,9,0,0,2,3,3
2019-12-25,25.7447,-80.6631,16.43,95.28,1004.36,148.44,1026.2,23.1,7.99,14.62,26.85,34.95,49.37,66.56,93.58,0.869,0,1,2,2,0,0
2019-12-26,22.2033,88.0745,9.84,72.98,996.4,146.65,965.4,21.6,0.25,0.35,0.64,0.82,1.35,2.76,5.37,0.276,0,0,0,2,0,2
2019-12-26,10.2501,-66.9173,17.75,52.18,970.76,73.33,1672.1,23.4,6.3,11.74,18.16,31.34,43.94,79.91,175.38,0.95,0,2,2,2,0,0
2019-12-26,28.4739,76.9489,8.47,62.34,1016.13,94.8,171.1,28.5,4.85,10.12,17.08,29.08,34.39,52.06,74.29,0.671,0,1,1,1,0,0
2019-12-27,18.9357,-66.1876,34.2,95.91,976.22,37.16,2086.2,10.0,4.18,5.19,6.32,9.24,14.41,19.75,38.79,0.367,0,0,0,1,1,2
2019-12-27,22.0755,88.0354,22.54,72.05,1009.77,40.76,714.9,25.8,2.06,4.22,6.98,8.3,10.09,23.03,32.87,0.328,0,0,1,0,0,1
2019-12-28,24.3013,90.6571,39.73,63.85,995.03,150.61,1923.1,13.0,0.67,0.94,1.51,2.13,3.02,3.85,5.4,0.05,8,0,0,2,2,3
2019-12-28,14.029,-87.37,13.09,94.93,997.69,137.7,1024.1,16.3,8.08,10.65,13.9,18.62,32.99,64.65,113.41,0.95,0,1,1,2,0,0
2019-12-28,10.0899,-67.2084,17.62,83.33,957.31,41.96,1759.0,8.4,6.16,11.02,17.66,21.34,33.63,76.03,143.86,0.95,0,1,1,1,0,0
2019-12-28,25.5103,-80.5989,32.67,15.0,975.73,55.99,1210.1,6.8,4.1,7.85,10.92,20.61,22.75,36.47,53.31,0.104,0,0,0,1,0,2
2019-12-28,26.1209,-79.8465,40.88,29.61,970.22,39.1,1782.3,7.8,0.7,1.58,2.9,5.22,6.25,10.49,15.56,0.05,5,0,0,1,2,3
2019-12-29,18.6015,-65.9979,12.85,57.77,1021.99,147.93,305.9,43.0,3.01,6.33,8.45,14.28,16.42,32.18,60.11,0.521,0,1,1,2,0,1
2019-12-29,24.0325,90.6621,19.37,67.79,973.1,129.63,134.2,2.3,0.38,0.55,0.68,0.79,1.04,1.37,2.74,0.149,0,0,0,2,0,2
2019-12-30,19.3864,72.4022,25.36,40.18,1021.63,141.42,108.1,17.7,8.54,12.09,20.8,28.22,45.59,63.37,113.82,0.663,0,2,1,2,0,0
2019-12-30,-5.8274,106.4271,34.97,36.73,996.81,128.9,458.4,44.1,2.82,4.4,6.99,9.43,15.16,32.68,66.44,0.264,0,0,1,2,0,2
2019-12-31,23.657,90.7481,40.57,62.46,997.35,92.39,1096.6,7.5,0.79,1.26,1.85,2.81,3.92,7.7,15.71,0.05,1,0,0,1,1,3
2019-12-31,-5.7891,106.6946,15.46,21.65,1000.79,50.49,552.3,18.5,3.15,6.32,11.25,20.14,25.24,49.57,64.5,0.361,0,0,1,1,0,1
2020-01-01,16.1948,81.6668,15.07,56.39,1002.27,125.9,344.9,35.7,1.58,3.18,4.23,6.4,10.79,14.33,29.06,0.301,0,0,1,1,0,1
2020-01-01,19.9764,86.2093,18.9,74.49,963.01,60.72,1808.8,18.4,0.55,0.84,1.07,1.75,1.98,3.74,8.04,0.217,0,0,0,1,0,2
2020-01-02,24.0911,90.5735,27.03,92.08,968.36,8.64,1489.8,3.2,2.47,4.09,6.66,8.19,9.53,20.0,28.91,0.354,0,0,0,1,0,1
2020-01-02,13.4665,100.1444,12.65,94.99,950.97,151.2,729.8,41.4,2.83,6.5,10.3,18.33,23.22,40.87,83.63,0.839,0,1,2,3,0,0
2020-01-03,14.0925,100.9228,37.02,44.35,1003.04,41.25,743.9,27.2,4.21,6.39,11.57,21.64,31.28,52.82,75.66,0.338,8,1,1,0,2,2
2020-01-03,23.3588,90.0353,19.61,88.01,958.75,42.47,349.5,5.4,1.25,3.0,3.85,4.89,6.31,12.26,23.85,0.371,0,0,0,1,0,1
2020-01-03,22.4574,88.5233,33.16,64.48,1011.87,102.54,2002.4,30.7,0.61,0.96,1.44,1.69,2.68,5.13,9.18,0.05,0,0,0,1,0,2
2020-01-03,14.6329,121.1976,30.92,57.31,988.42,34.94,1725.5,4.5,2.98,5.62,11.37,17.29,20.68,39.03,50.4,0.294,0,0,0,1,0,2
2020-01-04,-6.1748,106.5817,23.48,86.37,950.1,35.43,2143.8,6.3,3.48,5.07,8.85,12.45,14.58,27.69,52.14,0.505,0,0,0,1,0,1
2020-01-05,12.0872,92.9355,33.02,76.63,990.74,60.72,432.7,25.2,0.22,0.28,0.49,0.73,1.06,1.68,3.34,0.069,0,0,0,1,0,3
2020-01-05,25.6479,-79.7951,43.64,94.33,951.41,43.68,604.7,42.6,5.76,8.01,10.63,15.73,19.21,34.02,69.56,0.467,8,0,1,1,3,2
2020-01-05,10.177,-67.0151,40.56,86.16,985.14,5.18,247.1,30.2,14.18,31.29,60.02,86.09,154.07,337.41,518.14,0.95,9,3,3,1,3,0
2020-01-05,14.5424,121.4047,18.51,51.05,985.46,47.73,229.4,6.5,0.7,1.01,1.43,1.87,2.65,4.8,7.24,0.109,0,0,0,1,0,2
2020-01-06,10.7409,-66.5641,42.07,54.11,994.67,5.74,1170.6,21.0,4.06,6.21,11.61,19.0,27.68,45.69,68.63,0.292,3,0,1,0,2,2
2020-01-07,35.1725,139.9821,42.5,72.39,1000.29,57.89,144.4,39.9,0.66,1.09,1.9,2.82,3.49,4.78,6.33,0.05,5,0,1,1,2,3
2020-01-07,22.7243,88.5273,37.83,34.93,1001.48,73.41,1588.7,18.5,1.22,2.18,4.37,7.17,10.96,22.62,43.64,0.088,8,0,0,1,2,2
2020-01-07,19.8053,85.9368,35.85,35.07,951.91,130.8,600.1,7.4,1.56,2.62,3.91,7.36,12.63,28.39,45.39,0.117,1,0,0,3,1,2
2020-01-07,14.3125,120.6908,16.29,90.57,1019.68,46.92,202.0,29.5,2.08,2.85,4.78,9.05,10.39,15.76,27.4,0.435,0,1,1,0,0,1
2020-01-08,11.3112,92.7976,40.48,88.97,1021.11,30.8,1727.7,31.1,0.12,0.26,0.36,0.66,1.11,2.36,4.48,0.064,5,0,0,0,2,3
2020-01-08,10.003,-66.7746,33.97,31.43,964.81,91.79,2351.9,46.8,1.0,1.32,2.29,3.29,5.37,9.85,16.85,0.05,0,0,1,2,0,2
2020-01-08,23.7587,90.5122,37.49,86.13,968.26,48.15,249.0,41.2,5.77,9.87,15.2,21.92,30.56,52.43,70.56,0.492,1,1,2,1,1,1
2020-01-08,18.4923,-66.3323,19.71,59.08,978.88,43.9,316.9,39.4,19.45,31.03,47.89,76.36,122.4,204.46,430.37,0.95,0,3,3,1,0,0
2020-01-08,30.3467,-89.9433,27.79,32.94,1005.09,109.38,19.4,23.3,9.66,23.0,37.06,62.17,69.15,105.23,202.23,0.95,0,3,2,2,0,0
2020-01-08,14.6557,120.4953,22.1,48.73,1012.18,60.03,115.2,8.9,10.92,14.03,21.32,32.03,46.29,55.77,94.87,0.614,0,2,1,1,0,0
2020-01-08,25.1427,83.0802,25.7,25.45,978.89,34.42,2142.4,42.7,1.71,2.33,3.55,4.27,5.61,11.92,17.78,0.05,0,0,1,1,0,2
2020-01-09,13.3745,80.4696,27.0,97.61,975.27,42.56,2311.9,28.6,1.2,1.85,2.36,3.65,5.86,10.37,21.62,0.333,0,0,1,1,0,2
2020-01-09,30.0395,-90.0988,25.92,44.04,997.08,122.01,1556.3,36.0,8.27,18.49,33.41,42.49,65.71,118.76,227.69,0.95,0,2,3,2,0,0
2020-01-09,23.8324,90.0555,46.1,73.49,949.5,23.86,1071.0,35.3,0.64,1.34,2.28,3.92,5.84,11.23,16.27,0.05,5,0,1,1,3,3
2020-01-10,14.3076,121.4578,8.77,29.43,952.84,15.07,1753.0,20.7,4.52,7.38,9.63,16.13,24.81,33.14,70.4,0.494,0,1,1,1,0,1
2020-01-10,10.4362,77.3159,17.35,64.32,947.95,121.34,2208.0,46.2,4.63,10.32,18.06,26.49,42.36,62.23,81.51,0.644,0,1,2,3,0,0
2020-01-10,29.0425,76.9369,46.03,94.87,964.5,17.35,357.6,33.8,4.53,9.1,13.67,16.89,25.45,45.31,87.4,0.559,8,1,1,1,3,2
2020-01-10,35.4746,139.5317,39.32,35.56,1015.17,112.77,630.0,1.2,0.28,0.63,1.21,1.7,1.94,4.22,6.14,0.05,7,0,0,1,2,3
2020-01-11,13.2982,100.8836,45.82,85.24,948.96,49.02,790.8,23.3,1.13,2.48,4.03,4.47,6.14,11.74,21.83,0.107,6,0,0,1,3,3
2020-01-11,10.5948,77.5092,34.56,56.18,949.0,122.41,1334.3,34.9,0.47,0.97,1.53,2.66,4.04,6.57,9.21,0.05,0,0,1,2,0,3
2020-01-12,28.3621,77.4246,39.43,72.14,977.21,130.03,1526.4,12.8,4.72,7.55,14.6,25.19,33.15,43.9,88.71,0.524,7,1,1,2,2,1
2020-01-12,18.2912,-66.382,35.15,68.15,974.59,59.64,2029.7,34.4,3.88,4.8,6.56,12.27,17.4,37.2,59.12,0.36,8,0,1,1,2,2
2020-01-13,15.1625,75.5131,10.98,40.58,996.81,96.33,663.5,21.7,0.83,1.05,1.75,2.41,3.57,8.34,11.2,0.155,0,0,0,1,0,2
2020-01-13,19.8551,85.5402,9.77,24.59,974.67,141.39,2354.6,39.5,0.95,1.89,3.28,5.77,8.41,13.3,16.22,0.124,0,0,1,2,0,2
2020-01-13,13.8292,100.3023,43.85,68.5,1016.71,11.18,242.7,27.1,6.56,10.36,17.54,19.43,34.79,73.77,115.19,0.633,1,1,2,0,2,1
2020-01-13,15.423,75.9286,43.4,52.92,1008.01,104.24,2249.0,32.3,0.7,1.47,2.24,2.92,3.78,8.28,13.69,0.05,7,0,0,1,3,3
2020-01-14,28.8252,77.4357,31.12,63.73,988.95,19.9,525.9,38.5,2.44,5.0,8.56,9.68,16.04,20.49,43.91,0.281,0,0,1,0,0,2
2020-01-14,14.2262,100.9449,23.4,80.55,1014.56,75.07,559.5,29.0,1.07,1.61,3.1,3.79,4.18,6.71,11.35,0.224,0,0,1,1,0,2
2020-01-14,13.6404,-87.4304,26.89,79.22,1023.46,31.52,1015.2,40.8,0.15,0.24,0.42,0.58,0.84,1.95,2.39,0.131,0,0,1,0,0,2
2020-01-14,10.3325,-66.7195,19.93,69.25,969.63,34.24,1713.3,30.1,0.86,1.66,2.0,2.48,3.99,6.75,9.47,0.193,0,0,1,1,0,2
2020-01-14,24.1127,90.2501,44.99,35.52,1009.68,105.49,280.3,39.0,0.33,0.69,1.27,2.1,2.72,5.14,10.08,0.05,3,0,1,1,2,3
2020-01-14,13.7803,-87.5048,39.27,56.71,957.5,56.6,1081.2,36.3,5.86,12.25,19.96,32.55,42.54,101.47,138.83,0.768,8,1,2,2,2,0
2020-01-15,15.7682,75.6409,39.32,51.87,1011.29,8.86,2338.0,32.4,0.17,0.2,0.35,0.66,0.97,1.58,3.38,0.05,8,0,0,0,2,3
2020-01-15,9.9401,77.5114,46.6,45.21,1015.39,83.85,314.8,38.4,4.33,7.94,13.2,15.44,24.07,55.2,71.39,0.228,2,1,1,1,2,2
2020-01-16,11.4159,92.5337,26.39,42.96,976.07,58.75,2333.8,11.6,5.96,12.22,14.73,27.91,45.48,91.82,147.4,0.877,0,1,2,1,0,0
2020-01-16,20.684,85.8417,11.53,93.67,966.46,53.59,966.6,2.9,2.4,3.24,5.06,6.99,11.47,24.82,33.59,0.531,0,0,0,1,0,1
2020-01-16,14.9647,75.5727,29.91,85.54,1013.76,92.35,1372.0,13.7,11.09,14.33,22.32,36.35,64.05,115.41,241.89,0.95,0,2,2,1,0,0
2020-01-16,18.2655,-66.3186,46.71,16.89,990.64,49.29,1209.5,27.0,0.96,1.79,3.37,4.43,6.06,9.22,18.63,0.05,8,0,0,1,3,3
2020-01-16,18.0423,-65.7185,18.78,46.31,999.8,52.48,2105.4,5.6,0.14,0.2,0.29,0.35,0.4,0.84,1.15,0.05,0,0,0,1,0,2
2020-01-16,20.0998,85.57,28.89,44.62,974.36,128.77,1894.7,15.1,8.58,20.11,30.05,41.58,60.45,140.81,292.37,0.95,0,2,2,2,0,0
2020-01-17,13.0157,80.646,46.13,42.41,964.21,30.05,989.6,11.7,4.18,6.22,12.14,21.45,27.88,58.67,120.72,0.528,1,1,1,1,2,1
2020-01-17,-6.1764,107.1056,24.49,38.74,1010.9,148.3,2375.8,30.6,4.72,10.32,19.8,37.52,62.56,124.81,196.73,0.95,0,2,3,2,0,0
2020-01-17,10.4924,-67.0224,25.89,62.15,983.6,120.65,1296.3,22.9,1.04,2.39,4.72,6.82,10.65,19.27,26.52,0.213,0,0,0,2,0,2
2020-01-17,10.1356,77.1134,43.96,31.98,953.49,97.62,1696.7,18.2,0.05,0.08,0.11,0.15,0.22,0.45,0.97,0.05,7,0,0,2,3,3
2020-01-18,23.4366,90.2798,46.7,86.06,970.26,48.06,1161.6,19.7,1.62,3.16,3.82,6.53,10.57,23.22,47.4,0.263,8,0,0,1,3,3
2020-01-18,24.3021,90.7045,22.23,51.38,1010.48,106.17,1301.0,21.7,1.03,1.8,3.42,4.99,7.32,11.76,19.82,0.155,0,0,0,1,0,2
2020-01-18,23.5761,90.9069,41.8,79.99,993.2,63.88,2245.6,14.5,1.35,3.04,5.36,9.97,15.47,19.18,26.41,0.149,9,0,0,1,3,3
2020-01-18,18.663,-66.2159,21.03,66.83,1017.97,55.94,170.0,17.3,0.02,0.03,0.04,0.06,0.07,0.17,0.34,0.115,0,0,0,0,0,2
2020-01-18,29.6974,-90.1585,26.53,60.82,1018.94,82.58,318.4,5.3,9.03,21.45,28.96,49.26,62.83,138.19,179.18,0.95,0,2,2,1,0,0
2020-01-18,12.1369,93.0263,33.61,83.93,959.07,55.18,1452.3,18.6,0.19,0.44,0.74,1.19,1.91,2.38,3.29,0.097,0,0,0,1,1,3
2020-01-18,22.5709,88.0924,19.99,74.82,961.26,37.18,1935.2,18.1,0.41,0.97,1.32,1.61,2.17,2.85,3.86,0.182,0,0,0,1,0,2
2020-01-18,16.3442,81.5448,8.9,58.56,978.19,9.14,2337.1,11.6,0.33,0.64,0.99,1.87,2.67,5.96,11.21,0.255,0,0,0,0,0,2
2020-01-18,13.4712,79.9285,41.95,65.3,971.94,66.38,2036.0,7.5,3.39,5.01,7.72,8.52,15.15,20.15,39.56,0.163,8,0,0,1,3,3
2020-01-19,11.9606,92.5375,11.96,22.97,986.84,53.39,374.3,28.1,0.22,0.46,0.57,1.07,1.73,3.94,6.46,0.05,0,0,0,1,0,2
2020-01-19,20.244,85.8488,26.9,31.64,989.97,113.13,993.0,47.6,9.57,22.19,38.48,59.34,87.45,154.19,209.86,0.95,0,2,3,2,0,0
2020-01-20,12.5928,80.1977,16.72,35.56,971.92,62.4,1399.7,25.0,4.77,9.83,12.2,14.73,18.42,35.31,73.98,0.472,0,0,1,1,0,1
2020-01-21,20.7767,86.0173,22.26,42.6,967.32,60.18,1213.7,23.1,5.85,9.18,13.35,20.07,22.75,30.35,60.79,0.371,0,0,1,1,0,1
2020-01-21,35.9906,140.0527,39.53,42.9,978.45,100.02,1722.4,38.0,0.67,1.02,1.31,2.34,3.09,4.18,6.32,0.05,9,0,1,2,2,3
2020-01-21,18.1854,-65.6423,37.24,50.54,1001.17,81.12,597.8,29.3,4.67,11.06,17.06,19.65,35.2,68.59,147.23,0.811,8,1,2,1,2,0
2020-01-21,13.5228,100.0829,36.52,64.87,1004.6,74.18,1811.8,23.3,0.31,0.4,0.78,1.25,1.62,3.42,4.57,0.05,2,0,0,1,1,3
2020-01-21,30.1707,-90.5468,33.92,38.04,999.36,49.31,1586.3,31.5,0.0,0.0,0.0,0.0,0.0,0.0,0.0,0.05,0,0,0,0,0,3
2020-01-22,11.161,93.1338,16.41,66.58,982.8,120.23,1239.7,42.6,5.35,7.35,9.72,10.88,14.78,18.7,30.85,0.346,0,0,1,2,0,1
2020-01-22,-6.2177,107.1883,25.7,52.7,986.14,65.6,1075.0,22.5,21.87,29.3,42.68,54.15,80.19,96.5,204.69,0.95,0,2,2,2,0,0
2020-01-23,35.8414,139.907,21.87,84.4,985.21,123.55,1875.3,40.8,6.63,13.36,25.04,43.11,52.53,81.96,106.9,0.853,0,1,2,2,0,0
2020-01-23,12.782,80.3846,17.51,94.47,1024.78,58.11,2229.8,29.9,5.32,6.96,8.49,12.83,14.79,33.57,67.82,0.694,0,1,1,0,0,0
2020-01-23,35.5692,139.3368,14.19,93.65,1013.41,150.75,432.6,10.6,0.06,0.12,0.21,0.26,0.43,0.67,0.89,0.302,0,0,0,2,0,2
2020-01-24,25.6296,82.8064,9.61,60.59,945.75,125.84,1412.1,29.9,0.22,0.42,0.57,0.81,1.07,1.6,2.64,0.205,0,0,0,3,0,2
2020-01-24,20.7145,85.5155,25.27,94.14,1006.06,52.82,652.7,25.1,1.68,3.26,5.48,6.18,7.12,9.69,17.93,0.31,0,0,1,0,0,2
2020-01-24,22.3174,88.3515,44.15,77.16,989.14,151.85,468.9,31.0,3.29,5.29,8.66,11.16,17.57,29.9,36.58,0.178,7,0,1,2,3,3
2020-01-25,13.132,80.2816,36.82,70.6,979.69,88.79,466.5,29.9,2.53,5.48,11.03,13.3,21.06,49.28,104.37,0.638,4,1,1,1,2,1
2020-01-25,12.0843,92.2325,21.09,53.54,985.83,5.59,1265.1,4.2,1.39,3.3,4.79,8.38,12.21,17.62,33.86,0.263,0,0,0,0,0,1
2020-01-25,28.7488,77.2516,39.36,22.4,993.83,10.28,1979.8,32.2,4.17,8.82,14.52,19.44,32.08,68.42,91.34,0.315,2,1,1,0,1,2
2020-01-25,25.2798,-80.6259,44.31,55.1,962.86,139.25,1372.9,18.1,4.4,7.61,14.13,18.01,21.7,38.04,57.81,0.209,6,0,1,3,3,2
2020-01-25,28.9576,77.3196,16.65,67.48,980.46,40.26,1716.9,9.6,3.51,6.03,8.97,16.66,22.11,35.75,74.03,0.618,0,1,1,1,0,0
2020-01-26,13.4403,79.8675,41.4,92.52,956.95,108.83,259.4,17.2,4.61,7.45,11.04,13.17,15.1,20.21,41.95,0.306,2,1,0,2,2,2
2020-01-26,30.062,-89.9035,24.95,80.13,959.72,53.09,2348.9,27.7,2.42,5.37,10.13,13.79,21.21,30.17,37.8,0.374,0,0,1,1,0,1
2020-01-26,10.5911,-66.8296,29.46,32.39,1016.25,129.53,57.9,1.4,2.01,4.64,8.78,16.39,21.29,50.28,87.06,0.424,0,1,0,1,0,1
2020-01-27,22.5338,88.8005,46.79,59.45,972.31,99.3,106.8,5.8,3.81,5.14,9.66,11.1,16.82,33.88,67.07,0.264,1,1,0,2,2,2
2020-01-27,22.8692,88.7586,44.6,30.42,1026.17,154.13,1334.4,8.6,1.33,2.27,3.36,4.45,7.92,10.96,21.19,0.05,1,0,0,2,2,3
2020-01-27,18.608,72.8499,22.41,53.15,1009.29,78.95,1140.3,14.8,2.72,4.07,5.84,9.96,13.34,16.83,25.98,0.2,0,0,0,1,0,2
2020-01-27,25.2906,-80.0997,25.3,22.67,1009.8,14.8,483.3,8.3,0.25,0.55,1.11,1.78,3.05,6.13,11.56,0.05,0,0,0,0,0,2
2020-01-29,20.1001,86.1504,18.61,62.63,991.06,89.14,1722.7,19.2,3.96,8.5,12.41,23.04,33.7,70.07,135.16,0.95,0,1,2,1,0,0
2020-01-29,11.732,92.5553,27.09,42.95,947.69,143.86,2014.9,47.4,0.97,1.98,2.59,3.74,6.33,7.66,12.87,0.05,0,0,1,3,0,2
2020-01-30,12.0123,92.8504,39.88,53.87,986.1,138.36,2169.3,5.9,1.64,3.73,7.23,12.12,14.2,27.63,49.23,0.19,5,0,0,2,2,2
2020-01-30,10.0683,77.2709,46.62,42.0,1023.13,141.95,29.5,21.9,13.22,17.5,29.63,55.8,83.08,118.62,211.4,0.95,1,3,2,2,2,1
2020-01-31,12.5801,80.6952,31.89,53.41,966.25,92.18,1721.3,18.1,2.46,5.43,7.24,11.12,14.94,30.53,37.21,0.185,0,0,0,2,0,2
2020-02-01,13.887,100.6724,22.58,60.41,959.52,73.53,361.8,30.6,1.37,3.06,4.62,6.14,8.87,12.51,17.56,0.179,0,0,1,2,0,2
2020-02-01,25.7087,-80.5488,24.82,40.13,1023.6,51.68,1395.1,0.9,6.34,7.83,13.41,22.7,31.27,38.71,81.32,0.465,0,1,0,0,0,1
2020-02-01,13.3502,100.3774,34.86,76.27,949.11,135.96,690.2,47.1,8.36,10.23,17.99,33.68,50.37,97.66,208.11,0.95,0,2,3,3,1,0
2020-02-02,11.6398,93.0043,17.84,83.19,991.5,136.84,917.4,15.5,0.0,0.0,0.0,0.0,0.0,0.0,0.0,0.216,0,0,0,2,0,2
2020-02-02,10.9357,-67.0998,23.39,75.63,970.73,83.92,2389.4,21.6,2.8,5.05,9.71,12.75,15.55,32.73,52.88,0.462,0,0,1,2,0,1
2020-02-03,-6.4724,107.3273,39.75,74.94,996.05,25.07,2006.6,45.0,0.52,0.93,1.33,2.27,3.64,4.98,10.34,0.05,2,0,1,0,2,3
2020-02-03,22.273,87.9248,38.67,29.08,974.65,50.73,655.2,15.2,4.91,7.46,14.33,16.81,25.49,56.99,72.91,0.236,5,0,1,1,2,2
2020-02-04,-5.8786,106.8816,29.95,28.26,1004.53,86.06,2034.4,44.2,8.08,15.53,23.09,32.0,49.82,102.35,139.33,0.727,0,1,2,1,0,0
2020-02-04,28.3911,77.3343,19.49,38.35,962.84,141.14,245.7,12.2,3.43,6.04,7.9,10.52,14.58,34.27,54.69,0.339,0,1,0,3,0,1
2020-02-04,30.3994,-90.5038,43.2,55.81,953.78,39.82,1275.1,19.0,1.39,2.17,3.06,4.68,7.4,15.02,18.7,0.05,5,0,0,1,2,3
2020-02-04,15.3991,75.8577,20.97,84.01,967.79,85.55,515.2,23.1,1.34,2.04,4.22,5.18,8.55,20.36,24.84,0.346,0,0,1,2,0,1
2020-02-05,29.8387,-90.2821,20.72,19.21,1022.29,20.97,2107.3,23.7,8.07,18.72,36.3,51.75,71.87,169.59,260.62,0.95,0,2,3,0,0,0
2020-02-05,25.2731,83.4687,26.14,22.62,1001.44,116.06,937.8,26.1,1.02,1.7,2.95,5.04,5.75,10.31,13.11,0.05,0,0,0,1,0,2
2020-02-06,23.3913,90.1674,29.13,58.37,1026.6,118.91,273.4,14.4,1.48,2.34,4.46,6.19,8.94,16.45,24.19,0.152,0,0,0,1,0,2
2020-02-06,15.6051,75.994,17.51,33.68,1002.92,148.24,1177.6,29.0,5.97,10.57,15.56,28.95,50.21,73.53,139.93,0.868,0,1,2,2,0,0
2020-02-06,10.1001,-66.4013,16.44,28.66,1016.61,127.4,1472.7,26.5,10.59,15.61,24.57,27.51,38.32,63.65,136.82,0.836,0,1,2,2,0,0
2020-02-06,24.9721,82.8503,28.41,86.19,1004.44,153.53,190.8,6.7,0.31,0.57,0.82,1.35,1.61,2.13,3.54,0.156,0,0,0,2,0,2
2020-02-07,25.6237,-79.7766,42.07,36.25,1006.84,70.49,1823.9,11.5,1.9,3.01,4.29,5.8,7.69,18.04,31.27,0.05,1,0,0,1,1,3
2020-02-07,28.6894,77.2988,21.95,70.57,1019.63,108.64,1367.4,35.5,0.41,0.8,1.25,1.69,2.46,5.33,8.59,0.175,0,0,1,1,0,2
2020-02-07,23.6731,90.1769,10.38,30.8,982.04,79.07,648.3,31.4,1.43,2.35,4.48,6.91,12.21,19.92,40.39,0.298,0,0,1,1,0,1
2020-02-07,14.4167,-86.8945,17.07,45.77,949.23,11.29,2169.4,2.5,4.85,10.0,12.66,15.83,22.45,44.23,92.7,0.632,0,1,1,1,0,0
2020-02-08,12.9546,79.9268,30.25,92.41,956.43,109.84,1052.1,14.5,6.71,11.73,20.23,29.42,34.04,65.15,105.47,0.804,0,1,1,2,0,0
2020-02-08,15.121,75.2872,38.61,85.74,1006.54,84.5,1854.8,7.7,5.3,9.05,16.97,21.76,36.62,68.91,83.2,0.559,4,1,1,1,2,1
2020-02-08,28.3369,77.0108,39.75,90.03,946.3,144.88,1943.9,40.3,0.34,0.71,1.47,2.41,3.61,8.43,13.85,0.134,8,0,1,3,3,3
2020-02-08,19.2703,73.3683,42.96,46.7,1002.22,93.53,129.0,4.2,0.07,0.12,0.22,0.27,0.41,0.63,1.26,0.05,9,0,0,1,3,3
2020-02-09,28.8657,77.1106,33.56,60.87,1014.9,140.7,1667.4,30.4,3.25,4.55,9.08,12.6,19.96,34.51,72.57,0.425,0,0,1,2,0,1
2020-02-10,-5.7258,106.7795,34.04,17.18,976.27,108.47,607.7,46.0,0.11,0.26,0.36,0.41,0.53,1.14,2.23,0.05,0,0,1,2,0,3
2020-02-10,14.6145,121.355,26.61,41.04,962.48,31.74,346.9,48.0,3.8,5.99,8.77,11.79,20.17,36.63,53.9,0.282,0,0,1,1,0,1
2020-02-10,14.857,76.0934,17.97,19.34,951.07,150.33,2188.9,46.0,10.99,23.73,34.37,46.74,64.57,138.31,294.15,0.95,0,2,3,3,0,0
2020-02-11,23.4888,90.5882,45.97,88.74,991.65,57.34,772.5,27.7,4.47,7.95,11.72,18.64,27.78,47.58,92.7,0.565,4,1,1,1,3,2
2020-02-11,14.4162,121.2362,27.08,26.07,965.13,46.63,2218.5,11.4,1.19,1.96,3.52,4.2,7.42,16.61,29.52,0.057,0,0,0,1,0,2
2020-02-11,20.6258,85.6325,19.79,83.47,1002.25,130.19,922.3,28.8,2.54,4.49,6.55,10.92,16.02,20.74,24.9,0.355,0,0,1,2,0,1
2020-02-11,16.5769,81.0949,40.81,35.62,1002.93,10.23,1148.3,45.7,2.7,4.57,5.51,7.19,10.07,16.64,27.27,0.05,2,0,1,0,1,3
2020-02-11,10.6105,76.6111,32.85,52.26,1013.75,54.32,1841.8,7.1,9.31,15.85,22.31,38.63,68.12,156.79,225.45,0.95,0,2,2,1,0,0
2020-02-11,13.9512,100.6409,34.11,26.75,1006.07,100.78,2331.0,43.8,1.17,1.44,2.58,4.08,4.57,6.16,10.99,0.05,0,0,1,1,0,3
2020-02-12,13.9284,100.5112,46.61,96.76,993.66,7.2,952.0,45.0,1.19,2.85,3.64,5.66,8.27,12.46,26.77,0.183,2,0,1,0,3,3
2020-02-12,14.4496,120.5493,18.57,36.84,981.78,80.52,1014.3,18.3,3.88,5.81,10.25,19.12,27.35,49.6,95.64,0.596,0,1,1,1,0,0
2020-02-12,35.4599,139.5143,42.42,55.68,958.53,138.79,2029.0,1.6,3.04,4.54,7.63,10.1,13.34,25.64,44.58,0.146,9,0,0,3,3,3
2020-02-12,12.0116,93.0938,21.39,16.59,1002.25,146.66,1517.8,21.2,2.61,3.76,7.05,11.96,14.37,32.38,47.57,0.178,0,0,1,2,0,1
2020-02-12,13.48,80.0561,43.89,81.86,956.71,119.71,2191.5,4.2,6.1,11.33,20.42,30.51,48.46,60.13,118.02,0.711,4,1,1,3,2,1
2020-02-12,25.6036,-79.7189,40.16,44.35,972.43,6.53,1897.4,31.8,1.46,2.54,4.86,6.68,9.56,11.7,24.78,0.05,1,0,1,0,1,3
2020-02-13,13.5092,80.2132,32.81,68.92,981.5,62.43,390.3,3.9,9.21,21.4,38.03,53.64,59.95,104.14,193.59,0.95,0,2,2,1,0,0
2020-02-14,23.6723,90.2286,27.37,64.8,960.01,84.76,660.6,35.2,6.25,12.86,23.88,36.06,57.64,98.4,182.19,0.95,0,2,2,2,0,0
2020-02-14,16.8351,81.7223,25.76,84.2,1015.7,45.67,1155.3,10.1,1.03,1.53,2.97,3.86,5.72,11.18,21.74,0.284,0,0,0,0,0,2
2020-02-14,20.4614,85.9734,25.23,60.75,1000.2,46.56,1627.6,19.3,4.4,6.26,9.23,17.16,27.98,63.75,89.26,0.605,0,1,1,1,0,0
2020-02-14,28.7149,77.4094,19.63,87.66,987.1,90.36,566.2,38.5,9.31,20.03,32.92,58.2,71.68,95.77,156.89,0.95,0,2,3,2,0,0
2020-02-14,10.1425,-66.7993,24.13,94.05,1013.38,75.6,1618.3,21.2,2.86,3.63,6.63,7.57,12.66,27.72,39.84,0.457,0,0,1,1,0,1
2020-02-15,36.0946,139.254,10.78,81.29,965.19,112.99,165.9,45.9,0.75,1.69,3.26,6.11,8.76,18.16,28.52,0.45,0,1,1,2,0,1
2020-02-15,14.1974,100.7117,29.14,69.03,987.64,107.41,1165.6,25.7,9.89,16.49,31.0,42.4,56.49,130.61,247.99,0.95,0,2,2,2,0,0
2020-02-15,9.9731,77.075,35.04,82.23,1013.84,10.93,1540.7,46.2,4.92,8.97,18.83,21.38,24.84,52.7,92.21,0.632,7,1,2,0,2,1
2020-02-16,35.767,139.4409,25.72,64.05,989.31,145.7,1741.8,44.5,0.87,1.37,1.73,2.59,4.43,7.05,9.36,0.116,0,0,1,2,0,2
2020-02-17,10.5941,76.5594,30.94,97.95,991.13,74.4,752.2,6.2,4.6,6.58,8.58,12.33,20.43,42.78,53.68,0.499,0,0,0,1,0,1
2020-02-17,22.9445,88.1291,27.76,29.96,977.84,99.57,1202.3,18.6,2.02,3.98,8.07,14.8,25.03,43.52,95.35,0.48,0,1,1,2,0,1
2020-02-17,16.3865,81.4176,28.15,76.43,997.35,86.09,1656.1,7.3,3.17,4.46,9.07,10.47,14.67,29.85,49.49,0.401,0,0,0,1,0,1
2020-02-17,14.0949,100.9242,17.65,48.31,1004.67,136.03,1045.3,25.9,9.4,12.49,24.68,30.29,43.58,63.72,114.88,0.777,0,1,2,2,0,0
2020-02-17,10.039,76.5995,28.5,18.02,949.79,19.34,370.4,47.5,1.48,2.29,2.86,4.6,7.16,10.1,21.4,0.05,0,0,1,1,0,2
2020-02-18,25.5218,83.3154,44.8,78.91,978.02,80.43,1624.7,27.1,13.7,32.86,41.12,69.18,112.26,241.15,510.53,0.95,1,3,3,2,2,0
2020-02-18,13.4431,100.0938,44.41,57.99,1018.66,81.64,1340.2,17.9,1.79,4.15,5.81,6.96,11.7,22.14,32.87,0.065,9,0,0,1,3,3
2020-02-19,10.4952,-66.4097,13.2,85.7,1012.83,4.09,2150.0,1.9,0.96,1.19,1.79,2.7,4.48,7.19,13.7,0.355,0,0,0,0,0,2
2020-02-19,18.4618,-66.1921,31.03,21.87,990.45,116.41,1405.4,42.2,1.18,2.11,2.7,4.48,6.32,11.61,15.42,0.05,0,0,1,2,0,2
2020-02-19,35.1904,139.7667,18.23,66.12,981.19,133.32,21.1,47.8,0.24,0.44,0.8,1.23,1.61,3.58,5.84,0.171,0,0,1,2,0,2
2020-02-20,13.3814,79.9453,29.48,59.46,956.09,94.73,1015.5,31.5,7.66,12.03,18.2,29.87,52.7,93.98,128.69,0.807,0,1,2,2,0,0
2020-02-20,-5.7997,106.6624,29.99,48.4,1025.26,95.53,1749.1,16.9,3.88,5.86,8.32,13.91,20.38,41.17,60.5,0.325,0,0,1,1,0,1
2020-02-20,30.2459,-89.8709,22.34,53.99,1027.12,138.98,1580.1,23.4,1.52,3.54,7.16,8.82,11.26,18.79,31.14,0.237,0,0,1,1,0,1
2020-02-21,13.7465,-87.6191,11.39,39.29,997.96,78.2,328.7,25.3,1.46,2.78,4.68,8.85,15.08,18.16,24.99,0.231,0,0,1,1,0,2
2020-02-21,14.2271,-87.3835,26.95,17.99,966.68,44.93,765.6,4.9,0.0,0.0,0.0,0.0,0.0,0.0,0.0,0.05,0,0,0,1,0,2
2020-02-21,10.5283,76.5684,23.49,43.75,1004.1,112.58,1354.0,19.6,3.95,8.0,15.43,26.99,31.0,51.11,82.79,0.503,0,1,1,1,0,1
2020-02-22,-6.0874,107.0458,41.09,19.84,994.77,82.36,96.4,1.1,3.26,4.37,8.27,15.38,18.83,40.64,72.8,0.172,8,1,0,1,2,2
2020-02-22,35.4136,139.2267,21.33,78.62,1012.16,40.14,1375.5,6.5,0.05,0.1,0.2,0.37,0.57,1.24,1.99,0.176,0,0,0,0,0,2
2020-02-22,16.7434,81.5085,11.17,93.63,1014.4,49.72,2301.0,14.8,2.05,4.32,6.39,8.69,12.05,21.23,28.1,0.5,0,0,1,0,0,1
2020-02-22,16.0669,81.7093,14.49,41.86,953.59,126.75,713.9,46.9,4.24,5.97,9.72,14.32,20.69,38.13,46.94,0.352,0,0,2,3,0,1
2020-02-22,13.9755,100.9559,30.28,58.81,982.72,141.29,644.6,21.1,0.83,1.33,1.89,3.09,4.93,7.55,16.49,0.095,0,0,0,2,0,2
2020-02-23,10.5526,-67.0284,28.47,39.8,995.32,45.42,260.3,12.5,6.43,9.62,15.1,23.25,39.73,48.19,100.34,0.549,0,1,1,1,0,0
2020-02-23,15.0787,120.6955,15.26,88.59,1008.22,96.62,115.7,30.1,3.4,5.87,10.52,18.79,30.64,54.18,79.23,0.759,0,1,2,1,0,0
2020-02-23,25.3273,83.0435,24.28,20.51,1002.56,80.18,800.7,11.7,0.45,0.7,1.13,1.67,2.52,4.12,8.73,0.05,0,0,0,1,0,2
2020-02-23,20.6793,86.2097,8.97,80.66,1003.75,95.49,712.1,29.5,3.16,4.36,8.68,13.26,15.41,25.73,36.45,0.513,0,0,1,1,0,1
2020-02-24,24.189,90.7265,31.57,58.75,1022.91,43.87,767.4,0.8,1.24,1.86,2.9,4.34,6.81,9.74,17.11,0.087,0,0,0,0,0,2
2020-02-24,25.5191,83.1903,11.76,81.31,1025.77,29.73,2148.5,26.9,9.62,13.58,25.98,29.82,51.24,102.94,161.64,0.95,0,2,2,0,0,0
2020-02-24,12.7028,79.8649,26.83,51.08,991.97,144.41,741.4,9.1,3.17,5.67,7.12,10.8,16.13,32.79,71.99,0.438,0,0,0,2,0,1
2020-02-24,28.3343,77.6955,28.11,43.71,966.54,56.37,2179.3,16.8,8.04,11.63,20.99,35.6,41.94,77.71,94.27,0.532,0,1,1,1,0,1
2020-02-24,10.2964,76.7178,31.85,23.1,986.78,72.63,270.1,21.4,3.96,7.58,12.22,17.01,19.39,45.51,72.94,0.271,0,1,1,1,0,1
2020-02-25,14.4627,-86.8802,34.9,15.89,970.32,63.02,2004.9,19.0,0.04,0.06,0.1,0.19,0.33,0.47,0.65,0.05,0,0,0,1,0,3
2020-02-25,28.5444,77.0282,44.59,59.32,1002.71,62.02,327.5,13.4,0.16,0.21,0.29,0.45,0.81,1.79,2.3,0.05,3,0,0,1,2,3
2020-02-25,18.5948,73.2916,12.61,35.32,973.7,152.12,1876.7,42.6,2.34,4.82,8.96,13.93,23.88,33.19,41.74,0.307,0,0,1,3,0,1
2020-02-26,10.0872,-66.6346,44.75,19.77,949.98,86.88,2304.3,11.0,1.41,1.86,2.84,3.22,4.42,8.25,17.94,0.05,2,0,0,2,2,3
2020-02-26,13.8683,100.5056,18.44,38.43,1000.65,35.33,1624.6,4.8,0.56,1.01,2.05,3.66,6.51,12.89,24.18,0.158,0,0,0,0,0,2
2020-02-26,14.7251,121.2029,24.48,72.45,1025.77,6.42,755.2,16.2,1.87,3.65,6.07,6.77,9.4,18.27,31.15,0.301,0,0,0,0,0,1
2020-02-26,-6.2176,106.4812,15.19,62.97,975.82,105.02,1046.9,2.4,3.52,8.13,16.12,21.97,29.17,55.57,77.61,0.633,0,1,1,2,0,0
2020-02-27,18.6845,-66.299,22.91,68.75,1025.2,80.09,2368.5,14.9,0.11,0.15,0.23,0.31,0.36,0.62,0.95,0.11,0,0,0,1,0,2
2020-02-27,25.4805,-80.0116,45.49,31.59,990.68,13.43,2024.2,6.1,3.61,4.58,6.14,9.27,10.49,15.05,20.11,0.05,8,0,0,0,3,3
2020-02-27,14.02,-86.7197,21.86,27.13,1025.0,4.14,1636.0,42.3,0.09,0.19,0.4,0.64,0.89,2.0,3.51,0.05,0,0,1,0,0,2
2020-02-28,16.9712,81.4148,12.69,24.89,1022.59,47.25,581.9,2.2,1.13,2.3,3.64,5.51,9.6,12.84,16.32,0.1,0,0,0,0,0,2
2020-02-28,10.0644,76.8925,13.83,57.26,1022.03,61.97,106.0,34.0,1.2,1.79,2.67,4.48,7.5,14.29,21.76,0.271,0,1,1,0,0,2
2020-02-28,12.8025,79.889,19.63,75.85,1000.69,11.44,361.0,15.6,4.26,9.86,14.63,22.24,30.26,57.28,104.71,0.821,0,1,1,0,0,0
2020-02-29,16.5051,81.5837,36.75,72.26,990.08,88.58,255.6,21.2,0.32,0.5,1.01,1.58,2.56,4.83,6.73,0.05,1,0,0,1,1,3
2020-02-29,16.3023,81.9624,42.28,95.69,995.8,39.76,914.9,16.0,0.8,1.9,2.5,3.88,6.44,14.99,21.0,0.182,5,0,0,0,3,3
2020-02-29,20.2213,85.537,18.72,29.52,958.15,120.67,282.4,29.8,0.64,1.41,2.04,2.32,3.29,7.9,15.9,0.063,0,0,0,2,0,2
2020-02-29,10.5858,77.47,22.53,70.62,955.86,111.39,1392.4,23.6,0.48,0.74,1.08,1.39,2.46,5.65,9.87,0.178,0,0,0,2,0,2
2020-03-01,35.3995,139.3956,25.4,39.72,969.39,90.35,2148.3,29.9,3.39,7.11,13.4,24.49,29.72,70.78,108.21,0.626,0,1,2,2,0,0
2020-03-01,24.0086,90.4801,12.25,84.24,996.96,80.12,1345.0,35.9,1.24,2.89,4.27,7.69,8.52,19.59,40.19,0.523,0,0,1,1,0,1
2020-03-02,16.1428,81.6582,30.67,79.31,969.88,83.28,1985.2,4.1,1.05,2.05,3.39,5.82,7.13,15.81,28.75,0.261,0,0,0,1,0,2
2020-03-03,18.4183,-65.8787,38.94,69.92,979.07,79.11,2321.4,31.9,8.24,11.66,19.06,34.82,46.17,109.02,141.41,0.848,7,1,2,1,2,0
2020-03-03,13.5108,100.7493,8.34,82.73,954.34,44.61,1085.3,40.6,5.1,7.04,11.28,15.41,27.18,60.53,81.74,0.811,0,1,2,1,0,0
2020-03-03,11.1763,93.1483,37.9,63.47,1007.21,133.64,765.7,43.9,8.01,14.87,27.01,38.59,60.15,111.8,170.25,0.95,2,2,3,2,1,0
2020-03-03,13.6163,100.6956,42.65,23.19,962.06,43.29,228.3,32.2,8.29,10.22,14.58,26.78,38.19,86.41,185.27,0.876,3,2,2,1,2,0
2020-03-04,35.3468,139.9551,32.9,78.9,959.26,90.12,1625.0,31.9,0.44,0.71,1.06,1.65,2.7,5.09,9.95,0.122,0,0,1,2,0,2
2020-03-04,13.7464,100.1901,27.36,63.89,960.85,40.63,1885.9,27.5,1.33,2.82,5.28,7.27,10.48,20.93,32.3,0.244,0,0,1,1,0,2
2020-03-04,25.6255,-80.6137,23.61,64.21,985.78,48.43,1342.6,32.3,0.09,0.16,0.2,0.25,0.37,0.83,1.73,0.088,0,0,0,1,0,2
2020-03-05,20.38,85.3419,30.01,80.57,965.58,142.12,1245.6,10.2,1.87,4.32,7.04,12.67,15.35,35.26,57.5,0.453,0,0,0,2,0,1
2020-03-05,26.0868,-80.6285,30.19,20.01,950.15,48.68,1851.8,1.5,3.35,4.76,9.76,14.1,15.98,32.86,55.36,0.162,0,0,0,1,0,2
2020-03-05,16.8899,81.5713,12.15,97.92,994.57,132.5,657.2,15.3,0.58,1.19,1.45,1.72,2.1,4.26,7.9,0.384,0,0,0,2,0,2
2020-03-06,25.4169,82.6277,14.71,55.99,980.36,81.31,1746.8,42.9,0.44,0.57,0.85,1.31,1.53,3.15,5.53,0.155,0,0,1,1,0,2
2020-03-06,25.4601,82.5292,36.83,80.66,1002.6,52.48,794.8,17.0,0.13,0.3,0.41,0.5,0.74,0.93,1.9,0.05,5,0,0,0,2,3
2020-03-06,10.2015,76.8727,45.46,42.45,1017.08,105.81,660.2,45.2,0.23,0.36,0.56,0.93,1.05,2.38,4.42,0.05,1,0,1,1,2,3
2020-03-06,25.1172,83.0844,23.75,27.3,953.88,77.01,1295.4,38.2,4.39,6.15,8.91,14.75,18.09,39.14,72.7,0.363,0,0,1,2,0,1
2020-03-07,11.8594,92.768,19.16,85.74,994.54,90.65,1582.6,41.2,4.61,6.7,10.85,20.44,30.42,70.75,142.45,0.95,0,1,2,1,0,0
2020-03-07,22.5141,88.8549,19.25,94.77,977.33,60.98,818.2,26.2,0.59,1.1,1.86,3.18,5.35,9.25,13.9,0.343,0,0,1,1,0,2
2020-03-07,-6.4489,107.2555,35.24,27.69,953.97,83.84,1334.1,5.6,11.65,21.99,29.38,39.64,65.81,120.29,166.98,0.849,6,2,2,2,1,0
2020-03-08,18.1282,-66.4101,33.93,23.73,1000.78,99.22,1934.2,39.7,7.09,12.03,21.99,28.91,52.02,73.37,88.79,0.354,0,1,2,1,0,1
2020-03-08,14.5612,120.7298,14.85,55.52,1010.02,111.31,1185.6,10.2,0.96,1.22,1.66,1.84,2.89,5.51,12.06,0.193,0,0,0,1,0,2
2020-03-08,10.6459,76.8335,29.79,21.05,979.13,53.85,2382.7,22.6,2.0,3.56,7.22,11.47,15.74,36.12,76.93,0.306,0,0,1,1,0,1
2020-03-08,10.7655,-66.7742,14.88,61.06,949.02,7.6,156.8,32.4,1.83,3.28,4.95,6.45,8.71,12.47,23.43,0.289,0,0,1,1,0,1
2020-03-09,10.7065,-66.552,12.16,16.28,979.96,29.33,2054.0,36.1,2.98,5.32,7.61,11.26,17.44,37.3,47.81,0.262,0,0,1,1,0,1
2020-03-09,16.6679,81.3072,41.14,90.19,957.18,61.1,334.7,19.3,2.22,4.56,8.22,15.55,19.57,27.12,52.28,0.363,6,1,1,1,3,2
2020-03-10,30.1869,-89.8412,22.25,74.42,963.44,3.45,1131.9,8.7,1.66,2.57,4.88,6.66,10.31,20.71,34.31,0.35,0,0,0,1,0,1
2020-03-10,23.8072,89.9347,8.77,73.21,950.92,112.34,1684.2,47.3,1.47,2.02,2.59,3.0,5.0,10.31,22.43,0.393,0,0,1,2,0,1
2020-03-10,10.7299,-66.9412,29.02,15.38,1019.68,24.73,1082.4,23.1,0.17,0.21,0.4,0.54,0.75,1.41,2.22,0.05,0,0,0,0,0,2
2020-03-11,16.3879,81.7667,13.96,77.94,957.33,154.78,798.6,24.1,2.2,2.91,4.79,5.84,9.7,22.79,45.76,0.513,0,0,1,3,0,1
2020-03-11,25.4088,-80.1242,20.44,21.03,1003.06,6.41,2147.8,46.7,4.54,7.32,10.27,12.2,13.47,23.12,42.71,0.177,0,0,1,0,0,1
2020-03-11,22.6506,88.1893,35.03,48.19,979.37,44.96,1499.3,17.6,6.22,14.65,29.91,36.8,40.85,70.51,136.01,0.751,9,1,1,1,2,0
2020-03-11,28.4588,77.4581,45.81,96.44,968.39,69.53,153.0,42.0,2.94,4.89,6.36,11.81,17.37,26.74,41.45,0.281,6,1,1,1,3,3
2020-03-12,-6.1746,106.3432,39.09,49.9,960.19,145.53,2311.9,24.8,2.22,5.06,8.79,11.54,16.13,35.54,73.2,0.329,8,0,1,3,2,2
2020-03-12,19.4675,73.3302,22.24,70.65,960.02,30.58,1206.6,45.4,1.65,2.12,3.95,7.26,9.83,17.19,36.98,0.35,0,0,1,1,0,1
2020-03-12,13.8425,-86.9544,42.89,15.97,1025.17,74.45,1916.0,6.5,1.76,2.69,3.93,4.71,7.84,9.49,14.35,0.05,9,0,0,1,3,3
2020-03-12,10.3244,-67.3931,45.8,96.54,980.14,12.79,754.4,15.2,0.38,0.7,1.22,2.05,2.33,3.57,5.55,0.057,3,0,0,0,3,3
2020-03-13,18.6286,72.3816,18.88,26.98,972.5,91.36,1688.9,18.9,2.41,4.21,5.09,7.21,10.9,20.53,40.03,0.201,0,0,0,2,0,1
2020-03-14,16.9255,81.9267,10.14,72.87,1024.62,102.79,662.4,9.1,0.93,1.36,2.02,2.38,4.11,9.3,16.88,0.345,0,0,0,1,0,1
2020-03-14,15.3942,75.3529,9.24,37.7,1019.78,21.81,794.9,15.5,5.66,9.66,16.91,24.07,35.77,45.6,71.78,0.536,0,1,1,0,0,1
2020-03-15,18.7945,-66.5438,27.39,93.88,969.89,4.93,1037.9,2.1,10.77,15.64,29.87,51.37,64.34,125.17,156.22,0.95,0,2,2,1,0,0
2020-03-15,10.0195,77.4215,36.9,92.97,1026.54,139.41,448.8,34.4,1.78,3.88,4.85,8.55,11.17,23.73,32.47,0.29,3,0,1,1,2,2
2020-03-16,18.6086,72.7926,11.12,23.37,957.82,6.56,1830.2,43.5,2.58,5.62,7.43,10.84,13.01,31.15,39.19,0.25,0,0,1,1,0,1
2020-03-16,-6.5239,106.6049,24.17,89.98,975.11,21.13,347.4,42.8,15.48,23.94,31.82,47.28,75.49,146.06,314.19,0.95,0,3,3,1,0,0
2020-03-16,22.8045,88.483,22.67,47.79,1010.25,64.16,569.4,42.6,5.34,10.68,14.81,18.72,27.03,49.66,72.31,0.463,0,1,2,1,0,1
2020-03-17,14.232,-87.6465,24.93,76.27,1009.66,119.75,2394.9,3.9,14.11,33.02,64.95,95.04,162.48,238.03,474.07,0.95,0,3,3,2,0,0
2020-03-17,16.7772,81.0274,16.78,36.15,998.72,63.45,479.2,21.9,4.05,8.68,11.38,19.02,20.98,43.41,80.79,0.517,0,1,1,1,0,1
2020-03-18,13.7264,-87.4272,45.74,87.23,1009.52,106.88,861.7,26.5,0.2,0.34,0.44,0.74,1.28,1.8,2.6,0.05,7,0,0,1,3,3
2020-03-18,13.1817,80.232,17.33,24.28,948.66,70.1,1931.5,5.2,0.39,0.85,1.27,1.91,3.15,5.33,6.5,0.05,0,0,0,2,0,2
2020-03-18,25.7829,-79.9748,9.08,20.24,1026.01,65.07,441.3,34.7,7.49,11.39,19.52,25.3,42.4,55.3,86.96,0.553,0,1,2,1,0,0
2020-03-19,18.887,-66.3049,26.25,36.17,1021.24,148.56,325.1,36.9,0.73,1.3,1.98,2.56,4.03,8.97,17.77,0.05,0,0,1,1,0,2
2020-03-19,16.544,81.7035,41.63,32.67,977.42,50.67,364.4,14.3,0.93,2.15,4.01,5.43,8.87,10.88,18.78,0.05,9,0,0,1,3,3
2020-03-19,14.2465,100.0525,12.99,16.65,998.0,135.62,424.8,16.7,0.65,1.49,2.15,3.13,5.4,10.06,21.46,0.092,0,0,0,2,0,2
2020-03-20,14.9719,120.6909,42.14,44.99,981.07,35.81,1021.9,11.5,3.84,6.91,13.19,17.81,25.89,39.13,83.52,0.343,1,0,1,1,1,2
2020-03-20,29.6285,-89.9727,29.3,66.53,982.83,47.86,599.4,28.5,2.23,3.75,6.84,9.74,10.96,24.2,36.75,0.266,0,0,1,1,0,2
2020-03-20,10.167,77.0793,12.51,23.53,1007.61,35.82,69.4,47.0,13.76,22.76,27.83,46.8,78.7,106.25,141.89,0.88,0,3,3,1,0,0
2020-03-21,13.7065,100.2717,10.17,81.48,966.53,91.04,1066.0,1.5,0.14,0.31,0.54,0.82,1.44,2.03,2.96,0.296,0,0,0,2,0,2
2020-03-21,15.6779,75.6861,10.65,51.9,947.5,142.04,2300.3,4.5,2.66,4.23,6.38,9.32,11.07,15.69,27.89,0.313,0,0,0,3,0,1
2020-03-21,14.5302,-87.5931,20.87,50.68,995.65,141.05,1099.2,47.4,3.14,4.37,5.99,10.02,11.38,20.22,27.26,0.211,0,0,1,2,0,2
2020-03-22,18.6267,73.2868,35.62,81.03,962.38,63.96,2298.7,12.4,1.49,1.85,2.77,3.87,4.53,5.44,9.66,0.105,5,0,0,1,2,3
2020-03-22,19.1045,72.5729,19.28,71.94,990.57,93.4,4.0,12.8,9.34,14.46,23.05,28.8,34.47,50.0,87.68,0.7,0,2,1,2,0,0
2020-03-22,16.3151,81.8282,35.92,82.4,974.76,27.66,222.5,27.8,13.37,29.25,46.57,71.22,92.28,128.79,216.64,0.95,2,3,3,1,1,0
2020-03-23,30.3106,-89.7134,19.07,96.4,968.6,28.63,2003.4,39.0,0.95,2.11,4.26,5.82,7.74,10.5,19.01,0.384,0,0,1,1,0,1
2020-03-23,15.0149,121.3161,17.65,46.9,946.12,25.74,1886.8,44.8,1.59,3.68,6.52,8.63,13.12,28.47,56.54,0.406,0,0,1,1,0,1
2020-03-23,18.0743,-66.0667,24.74,77.62,993.4,145.19,2082.6,16.3,0.31,0.72,1.2,1.39,2.32,5.2,9.57,0.188,0,0,0,2,0,2
2020-03-24,14.1685,120.8763,42.42,69.17,946.5,93.21,406.2,44.2,0.46,0.59,1.05,1.82,2.35,3.67,5.71,0.05,2,0,1,2,2,3
2020-03-24,35.2972,139.3152,18.02,56.9,970.02,66.05,1198.2,37.8,8.67,16.51,34.56,53.69,89.36,122.12,147.48,0.95,0,2,3,2,0,0
2020-03-24,28.6159,77.4777,40.95,44.85,1002.04,49.86,148.1,33.8,0.03,0.05,0.07,0.12,0.2,0.31,0.62,0.05,3,0,0,0,2,3
2020-03-25,26.1381,-80.1534,8.43,88.52,951.23,132.23,673.9,29.5,0.14,0.3,0.39,0.56,0.94,1.91,2.3,0.34,0,0,1,3,0,2
2020-03-25,14.5598,-87.555,20.91,74.15,987.43,26.53,2146.9,14.4,4.6,9.83,20.32,30.46,46.64,74.71,140.32,0.95,0,1,2,1,0,0
2020-03-26,25.7226,-79.9049,29.63,29.92,983.82,150.12,1807.7,39.0,0.12,0.21,0.37,0.65,0.74,1.64,2.87,0.05,0,0,1,2,0,2
2020-03-26,15.1096,76.0488,35.5,35.02,953.95,96.56,1570.1,46.6,1.78,3.68,7.33,12.75,17.63,26.22,32.3,0.05,8,0,1,2,2,2
2020-03-26,10.9786,-66.9542,37.36,27.52,998.91,89.62,1002.0,30.2,1.56,2.37,3.03,4.76,8.44,18.29,23.67,0.05,4,0,1,1,1,3
2020-03-26,30.4156,-89.9336,16.62,76.72,997.99,141.06,2167.7,15.1,5.68,8.54,16.26,20.07,26.96,35.13,52.55,0.526,0,1,1,2,0,1
2020-03-26,25.8285,-80.3263,40.02,22.66,1000.94,10.64,1615.5,40.5,1.78,3.25,5.07,6.8,11.3,17.25,33.17,0.05,7,0,1,0,2,3
2020-03-27,-5.845,106.723,43.96,95.48,966.55,91.09,1115.7,26.5,2.66,6.11,12.26,14.69,19.71,41.46,78.11,0.523,9,1,1,2,3,2
2020-03-27,29.0124,76.9595,37.33,78.62,962.8,154.24,1365.9,16.3,1.75,2.36,3.88,6.61,9.17,20.54,34.44,0.233,1,0,0,3,1,2
2020-03-27,25.8011,-79.7293,33.87,87.32,1013.68,57.1,1441.1,7.9,2.68,3.96,7.4,11.27,15.64,23.81,52.35,0.416,0,0,0,0,1,2
2020-03-27,25.2272,82.7305,23.13,68.19,1017.61,103.05,2014.0,23.0,4.42,10.5,14.05,25.87,37.92,74.77,155.36,0.95,0,1,2,1,0,0
2020-03-27,16.9674,81.6696,19.61,24.56,946.97,101.44,1213.1,28.6,0.64,1.22,1.69,1.91,3.27,7.17,12.83,0.05,0,0,0,2,0,2
2020-03-28,35.7672,139.5687,22.32,87.24,959.14,60.37,2131.1,1.2,10.34,23.56,37.13,60.24,108.06,201.63,261.49,0.95,0,3,3,2,0,0
2020-03-28,13.9276,100.868,11.4,28.8,1020.4,84.8,1912.4,16.2,1.64,3.66,6.56,10.78,16.68,30.85,67.6,0.45,0,0,1,1,0,1
2020-03-28,11.8304,92.7085,32.04,85.93,991.34,88.22,1409.0,37.2,2.36,3.44,5.42,7.59,8.66,18.7,38.08,0.337,0,0,1,1,0,2
2020-03-28,14.0385,-87.0115,10.24,55.73,979.36,3.66,1959.9,5.5,0.43,0.54,0.75,0.93,1.25,2.49,3.12,0.18,0,0,0,0,0,2
2020-03-29,15.0531,121.266,15.48,78.93,960.79,45.03,649.2,11.4,10.67,16.18,26.48,44.7,59.16,71.82,140.89,0.95,0,2,2,1,0,0
2020-03-30,10.7502,-66.9191,9.16,63.55,977.41,81.76,1058.8,24.1,0.4,0.49,0.74,0.96,1.22,2.84,5.73,0.241,0,0,0,1,0,2
2020-03-30,20.7332,85.9769,45.14,90.54,994.83,66.57,1358.8,38.6,0.34,0.73,1.31,1.72,2.95,3.82,8.09,0.052,2,0,1,1,2,3
2020-03-30,18.923,-65.7427,15.7,74.12,991.33,55.83,212.3,5.4,0.73,1.47,2.73,4.38,5.85,10.11,19.31,0.315,0,0,0,1,0,1
2020-03-30,28.6027,77.3165,13.76,77.01,983.02,13.75,1896.5,28.3,2.35,4.72,7.81,12.64,21.58,41.78,77.69,0.711,0,1,1,0,0,0
2020-03-30,30.3282,-89.9662,27.68,32.87,1025.46,149.96,772.4,37.4,0.44,0.94,1.37,1.82,2.65,4.43,5.84,0.05,0,0,1,1,0,2
2020-03-31,14.1429,121.2349,31.15,65.45,978.48,105.5,457.5,39.4,0.43,0.85,1.28,2.17,3.22,5.61,7.68,0.062,0,0,1,2,0,2
2020-04-01,30.1968,-89.9352,32.88,46.14,997.66,56.75,8.0,39.3,6.63,13.91,19.54,23.62,28.79,51.86,75.94,0.385,0,1,1,1,0,1
2020-04-01,14.3922,-87.5401,39.69,54.61,969.81,110.54,2160.2,38.7,2.88,3.66,7.42,13.56,17.35,35.11,55.25,0.233,7,0,1,2,2,2
2020-04-01,20.7409,85.376,40.64,72.08,949.83,120.51,1592.5,45.6,8.43,19.98,32.16,53.55,94.96,114.19,227.12,0.95,8,3,3,3,3,0
2020-04-01,25.7672,-80.5702,45.71,23.63,1027.17,97.24,2300.7,43.1,3.66,6.98,14.61,22.09,27.06,64.71,98.59,0.308,4,1,2,1,2,2
2020-04-01,15.3925,75.8719,33.89,17.59,958.28,8.05,1838.7,8.6,0.16,0.22,0.37,0.55,0.7,1.63,3.35,0.05,0,0,0,1,0,3
2020-04-02,12.0871,92.3354,35.81,15.95,978.93,143.38,270.3,25.0,5.4,12.59,23.57,39.51,66.32,115.09,230.85,0.95,1,3,2,2,0,0
2020-04-03,13.7631,100.2502,17.24,16.87,1003.39,96.29,414.9,41.5,1.18,2.17,4.19,5.85,7.46,16.66,21.23,0.053,0,0,1,1,0,2
2020-04-03,22.2395,88.7004,24.16,64.01,949.62,152.82,1920.4,41.8,4.15,5.91,7.26,13.01,17.92,27.18,47.88,0.371,0,0,1,3,0,1
2020-04-03,18.6252,-66.4441,32.08,70.1,954.41,10.9,2374.1,18.2,0.18,0.25,0.5,0.63,0.9,1.8,3.9,0.051,0,0,0,1,0,2
2020-04-03,23.0537,88.3638,10.95,16.06,995.53,12.02,914.1,0.7,3.34,5.71,7.5,10.03,15.03,29.88,49.67,0.284,0,0,0,0,0,1
2020-04-03,20.7605,85.6017,26.51,86.99,972.67,66.16,378.1,16.9,11.77,26.51,49.46,85.52,134.14,179.95,237.07,0.95,0,3,3,2,0,0
2020-04-04,11.5535,92.629,25.94,84.51,971.43,72.8,483.2,12.5,3.78,5.07,6.94,10.57,11.95,16.16,33.34,0.357,0,0,0,1,0,1
2020-04-04,22.8966,88.1253,37.65,57.56,985.34,144.09,586.2,31.5,12.31,18.02,29.12,54.76,61.61,120.5,193.35,0.95,9,2,3,2,2,0
2020-04-04,19.0535,72.7991,25.82,85.19,954.48,41.07,1987.5,18.5,13.91,24.47,46.8,66.54,92.99,154.31,296.13,0.95,0,3,3,2,0,0
2020-04-04,23.3764,89.9549,40.63,75.32,974.28,127.65,1296.4,15.0,2.01,2.57,5.27,8.41,13.56,27.28,50.95,0.291,4,0,0,2,2,2
2020-04-05,-6.3819,106.8639,19.44,78.29,1007.73,73.88,1722.6,21.9,6.67,10.67,21.71,33.3,49.12,98.48,151.74,0.95,0,2,2,1,0,0
2020-04-05,35.6839,139.2607,46.87,83.0,972.21,31.35,1962.7,19.6,3.08,3.85,7.41,9.35,15.28,30.44,49.08,0.258,3,0,1,1,3,3
2020-04-06,30.4238,-90.0258,28.88,61.98,1007.37,22.19,1232.6,9.7,0.34,0.58,0.78,1.0,1.32,1.99,2.56,0.05,0,0,0,0,0,2
2020-04-06,25.6977,-80.4938,39.81,56.7,1002.42,80.63,978.8,2.1,0.67,1.19,1.85,3.28,3.86,4.86,6.26,0.05,7,0,0,1,2,3
2020-04-07,15.4215,75.2281,31.13,23.48,1021.26,122.88,57.2,31.4,5.16,8.51,10.74,12.48,14.64,32.33,68.24,0.25,0,1,1,1,0,1
2020-04-07,30.2684,-90.2145,36.66,95.07,990.87,86.97,1149.7,27.4,3.53,5.1,8.73,9.7,17.04,21.22,45.8,0.385,1,0,1,1,1,2
2020-04-07,29.8498,-90.4497,24.12,18.43,1013.55,121.36,668.3,29.7,1.58,3.35,6.11,7.16,12.11,17.14,23.55,0.05,0,0,1,1,0,2
2020-04-08,20.22,85.5401,13.08,17.79,945.04,139.79,1973.5,46.2,4.22,8.16,10.7,16.7,27.61,61.93,128.2,0.763,0,1,2,3,0,0
2020-04-08,30.1791,-90.1916,21.12,87.43,1024.01,87.76,736.7,22.6,0.94,1.32,2.17,3.67,4.61,10.56,14.45,0.296,0,0,0,1,0,2
2020-04-09,28.6377,76.8344,25.94,43.31,1006.82,38.24,1767.7,14.2,3.14,6.17,11.13,13.8,17.91,26.78,47.57,0.258,0,0,0,0,0,1
2020-04-09,24.8398,83.2358,40.89,70.26,980.12,11.6,1891.5,43.5,2.51,4.62,7.22,12.89,14.31,27.9,58.8,0.315,6,0,1,0,2,2
2020-04-09,25.8061,82.5865,17.51,84.62,976.2,83.42,2260.8,32.9,3.63,7.46,15.12,19.64,30.03,50.46,61.15,0.608,0,1,1,2,0,1
2020-04-09,10.5114,77.385,26.81,79.36,996.61,147.65,2336.8,13.7,2.31,4.17,5.67,10.34,13.9,18.14,24.57,0.271,0,0,0,2,0,2
2020-04-09,29.9805,-90.3284,18.53,28.23,1004.1,85.62,632.3,41.8,1.18,1.51,1.83,3.36,4.64,6.76,11.95,0.05,0,0,1,1,0,2
2020-04-10,22.7066,88.001,37.88,41.11,963.9,64.23,60.1,44.1,1.71,4.08,7.69,8.95,13.98,21.32,30.78,0.05,6,1,1,1,2,3
2020-04-11,14.4118,-87.0406,38.91,40.46,947.99,144.72,829.7,5.6,2.37,5.03,7.04,9.26,11.76,28.11,39.28,0.076,9,0,0,3,2,2
2020-04-11,26.1861,-79.8954,42.52,54.45,1018.26,104.88,1260.0,18.1,4.0,7.63,13.37,18.98,30.7,39.84,76.74,0.341,4,1,1,1,2,2
2020-04-11,25.1198,83.343,37.77,50.64,1016.52,25.06,670.7,4.9,0.83,1.23,2.49,2.89,4.04,7.43,15.59,0.05,3,0,0,0,1,3
2020-04-12,15.1759,75.5737,11.06,80.05,979.47,138.1,380.8,15.6,1.15,2.57,4.26,5.17,6.98,16.28,28.51,0.442,0,0,0,2,0,1
2020-04-12,24.2889,90.7498,29.52,36.07,961.28,79.34,1428.9,16.6,2.95,6.68,11.36,19.05,31.69,75.63,136.38,0.748,0,1,1,2,0,0
2020-04-12,-6.316,106.9633,9.59,44.11,1001.62,89.77,2347.4,41.6,0.22,0.46,0.69,1.14,1.75,3.16,6.49,0.154,0,0,1,1,0,2
2020-04-13,25.3641,-80.4241,14.55,72.48,949.66,134.36,2105.3,43.1,1.93,2.62,4.35,7.42,9.56,19.12,23.3,0.343,0,0,1,3,0,1
2020-04-15,25.8183,-80.1138,13.13,77.99,992.74,131.34,1997.0,1.1,1.04,1.47,2.37,4.32,4.77,8.52,17.76,0.346,0,0,0,2,0,1
2020-04-15,10.6118,-67.1692,41.86,60.04,1000.21,106.02,2106.4,37.4,13.21,16.17,22.43,41.37,68.45,104.1,226.34,0.95,8,2,3,2,3,0
2020-04-16,14.0784,100.7811,16.33,33.97,1025.68,17.23,911.4,26.9,0.4,0.5,0.84,1.0,1.28,2.3,3.56,0.05,0,0,0,0,0,2
2020-04-16,18.7408,-65.9396,44.84,73.49,1017.7,57.2,842.7,15.7,4.65,10.84,21.65,26.42,40.64,97.34,145.56,0.836,9,1,2,1,3,1
2020-04-17,20.0249,85.5473,24.64,97.17,969.48,3.07,1842.7,9.0,0.19,0.44,0.84,0.99,1.63,3.61,7.6,0.265,0,0,0,0,0,2
2020-04-17,10.9329,-67.1206,10.15,30.98,982.9,5.21,375.9,37.6,5.03,10.8,21.92,26.2,31.81,50.9,107.66,0.721,0,1,2,1,0,0
2020-04-17,16.4045,81.8061,44.74,32.94,1009.03,5.09,1610.5,22.8,1.49,3.33,6.56,7.33,11.19,18.37,29.68,0.05,5,0,0,0,2,3
2020-04-17,20.117,86.0888,32.32,48.73,952.49,110.32,1897.4,39.8,2.36,5.6,10.75,15.61,18.26,27.49,54.21,0.266,0,0,1,2,0,2
2020-04-17,13.7339,-87.5508,21.52,48.84,955.42,28.21,1986.0,28.3,1.44,3.12,4.44,8.35,11.2,17.97,27.17,0.196,0,0,1,1,0,2
2020-04-18,12.7758,79.9006,15.97,35.44,1022.44,117.62,1895.7,5.5,6.33,10.7,15.37,23.99,40.2,85.8,179.32,0.95,0,2,1,1,0,0
2020-04-18,24.1017,90.4287,34.85,97.11,1000.23,12.52,1413.0,9.0,0.11,0.18,0.26,0.45,0.61,1.27,1.54,0.134,0,0,0,0,1,3
2020-04-19,35.8091,140.1392,14.26,93.12,955.59,5.45,726.7,6.3,3.39,4.98,9.75,11.84,14.29,27.57,35.34,0.515,0,0,0,1,0,1
2020-04-20,20.4289,85.5107,26.18,42.02,1008.54,4.5,1037.6,17.4,1.44,2.31,2.84,3.47,4.16,9.93,12.14,0.05,0,0,0,0,0,2
2020-04-20,16.7356,81.5059,12.54,36.07,975.88,14.69,1106.3,25.7,3.79,6.4,9.38,15.14,26.31,44.09,65.85,0.462,0,1,1,1,0,1
2020-04-21,20.3029,85.6532,19.59,77.78,977.13,80.59,1210.0,45.9,0.58,1.35,2.3,4.36,6.55,13.02,25.38,0.334,0,0,1,1,0,1
2020-04-21,23.7264,90.5247,30.02,76.3,956.16,144.31,2335.1,17.3,10.27,22.13,45.3,83.08,103.07,155.85,227.63,0.95,0,3,3,3,0,0
2020-04-21,23.0337,88.3863,17.85,80.13,998.21,148.1,490.9,29.9,2.54,5.78,7.09,12.11,18.6,35.88,74.46,0.667,0,1,1,2,0,0
2020-04-21,16.5678,81.5774,17.31,93.79,970.32,27.84,1106.7,15.1,0.13,0.21,0.35,0.54,0.73,1.27,2.75,0.286,0,0,0,1,0,2
2020-04-22,24.1384,90.2026,34.21,49.59,1025.73,11.41,528.3,20.6,0.46,1.1,1.89,2.32,2.96,4.96,9.55,0.05,0,0,0,0,0,3
2020-04-22,15.7602,75.7229,28.5,92.43,956.73,85.56,62.3,9.9,1.15,2.03,3.93,5.79,8.64,19.95,39.03,0.405,0,1,0,2,0,1
2020-04-23,23.5688,90.4792,40.87,93.59,969.66,42.2,1690.4,34.1,2.5,5.77,7.68,11.38,12.8,16.17,20.27,0.181,9,0,1,1,3,3
2020-04-23,18.7352,-65.8439,15.19,95.27,998.0,102.79,2133.8,15.7,1.88,4.48,5.44,9.76,16.49,24.98,50.5,0.611,0,0,1,1,0,1
2020-04-23,15.4082,75.5306,13.09,30.11,1022.52,27.16,1737.5,9.3,12.95,21.24,33.37,47.51,79.41,116.09,235.78,0.95,0,2,2,0,0,0
2020-04-24,16.8976,81.0838,39.23,48.8,971.53,72.88,354.2,17.5,6.82,8.49,11.34,13.61,18.81,45.08,61.91,0.252,7,0,1,1,2,2
2020-04-25,18.187,-65.7193,22.21,44.02,945.01,50.57,1875.8,1.9,0.79,1.64,2.92,5.52,7.58,10.31,19.23,0.118,0,0,0,2,0,2
2020-04-25,12.8133,79.773,39.58,18.4,1022.08,52.63,2191.5,5.6,4.77,9.04,13.76,16.01,24.39,30.04,51.11,0.05,2,0,0,0,1,2
2020-04-26,18.2973,-66.0854,37.58,63.51,1000.2,134.03,2077.9,10.2,3.42,7.05,9.39,16.66,20.43,44.11,60.05,0.322,6,0,0,2,2,2
2020-04-26,14.3312,121.2762,26.42,31.66,946.3,46.33,887.8,27.3,10.09,23.58,29.78,47.4,53.55,105.91,139.56,0.776,0,1,2,2,0,0
2020-04-26,18.327,-66.3426,33.69,36.38,972.93,133.9,1945.6,9.2,9.48,18.52,30.5,38.45,61.95,142.79,180.62,0.95,0,2,2,3,0,0
2020-04-26,25.6336,83.1259,24.61,68.96,1027.83,2.61,2035.4,27.0,1.63,3.82,7.81,8.97,14.24,27.39,51.43,0.411,0,0,1,0,0,1
2020-04-27,14.5249,-87.0415,16.99,22.63,960.62,89.21,1248.0,0.9,4.77,5.95,7.56,12.62,19.59,28.57,53.22,0.281,0,0,0,2,0,1
2020-04-27,24.1676,90.1472,21.34,20.58,1005.63,125.6,718.4,37.8,2.14,4.44,7.91,14.59,19.4,25.84,51.38,0.221,0,0,1,1,0,1
2020-04-27,19.8261,85.605,13.42,16.75,946.45,7.1,373.7,11.5,0.99,1.94,2.75,4.51,7.56,12.56,24.09,0.105,0,0,0,1,0,2
2020-04-28,23.5271,89.9994,41.88,44.13,1025.11,151.08,37.3,31.6,1.51,2.07,3.86,6.46,7.34,10.03,12.8,0.05,2,0,0,1,2,3
2020-04-28,25.1919,82.724,10.14,61.07,992.05,133.59,94.9,39.5,1.82,3.34,5.61,7.89,9.71,12.57,17.69,0.296,0,1,1,2,0,2
2020-04-30,25.4373,82.5356,15.2,68.87,983.63,144.5,387.9,34.3,4.01,9.54,16.3,29.3,32.74,44.12,68.21,0.601,0,1,1,2,0,1
2020-04-30,35.4583,139.83,36.31,61.75,965.73,102.16,326.2,16.4,1.79,3.82,5.65,6.44,7.9,15.24,18.52,0.066,3,0,0,2,1,3
2020-04-30,12.0313,92.3998,36.49,38.89,949.61,105.42,1557.8,38.6,3.35,4.65,9.15,14.66,24.41,51.97,77.84,0.332,1,0,1,2,1,2
2020-05-01,-5.8119,106.8559,40.97,93.44,990.01,8.95,367.4,45.6,6.26,12.28,19.92,28.46,32.18,72.17,113.57,0.762,2,1,2,0,2,1
2020-05-01,29.8258,-89.6867,21.15,27.07,995.1,99.65,1089.5,34.7,7.08,15.09,21.39,29.01,39.63,57.25,89.38,0.489,0,1,2,2,0,0
2020-05-01,36.0312,139.7727,25.63,67.13,1003.78,122.61,1334.5,31.7,5.84,12.05,24.81,44.65,54.41,127.15,178.54,0.95,0,2,3,2,0,0
2020-05-01,25.6733,-80.1452,13.7,68.47,991.67,32.19,585.8,16.8,4.41,8.52,10.76,18.38,23.6,47.34,62.65,0.578,0,1,1,1,0,1
2020-05-01,13.1276,80.0799,32.87,77.7,968.18,79.7,1317.7,4.8,0.68,1.07,1.33,1.71,2.51,4.64,6.73,0.096,0,0,0,1,0,2
2020-05-02,14.0438,-87.0794,25.98,30.16,1023.31,113.48,1361.2,10.3,1.79,2.88,5.41,6.79,10.64,24.29,49.51,0.21,0,0,0,1,0,1
2020-05-03,18.2342,-66.454,45.61,38.16,962.19,53.79,153.5,42.0,9.27,18.17,34.3,56.08,76.5,149.82,305.08,0.95,2,3,3,2,2,1
2020-05-03,18.054,-66.0217,20.8,27.87,1026.49,130.36,2065.3,12.4,0.14,0.22,0.37,0.5,0.84,1.28,2.77,0.05,0,0,0,1,0,2
2020-05-03,28.408,76.8826,36.8,81.0,978.98,62.58,2290.3,44.0,0.93,1.99,3.5,4.28,5.78,8.17,12.22,0.11,2,0,1,1,1,3
2020-05-03,28.4615,77.6603,23.46,56.62,970.04,73.36,19.0,41.3,0.24,0.36,0.66,1.06,1.72,3.11,6.62,0.085,0,0,1,1,0,2
2020-05-04,10.1818,-66.5791,46.96,42.17,980.09,153.48,887.6,17.9,6.16,9.7,13.68,19.68,31.3,39.18,61.67,0.15,9,0,1,2,3,3
2020-05-04,24.1766,90.6327,44.51,32.52,1015.53,108.45,292.4,26.9,9.3,18.07,30.28,42.18,69.69,159.99,312.51,0.95,3,3,3,1,2,0
2020-05-04,30.0527,-89.8251,37.03,22.75,982.52,130.32,2010.3,47.4,2.61,3.14,6.31,11.77,20.59,43.78,61.81,0.153,9,0,1,2,2,2
2020-05-05,-6.6837,107.1555,22.02,18.66,966.02,41.68,1718.9,24.5,0.61,1.31,2.29,3.01,3.78,8.73,16.04,0.05,0,0,0,1,0,2
2020-05-05,25.4239,82.5367,42.42,23.77,1027.03,69.82,116.7,2.3,4.8,9.56,18.37,21.76,24.48,44.32,70.36,0.162,4,1,0,1,2,2
2020-05-05,10.2797,-66.5765,28.2,33.79,993.08,90.54,498.2,38.3,3.5,5.53,7.79,14.05,23.67,34.93,43.16,0.167,0,0,1,1,0,2
2020-05-05,10.0233,-66.5638,28.8,84.63,1013.85,130.72,1446.6,9.2,2.48,4.51,6.73,9.69,16.57,30.18,57.49,0.482,0,0,0,1,0,1
2020-05-05,25.7419,83.0084,17.47,46.43,987.81,85.44,663.0,12.3,1.25,2.95,4.49,6.28,10.07,14.05,25.9,0.214,0,0,0,1,0,2
2020-05-07,-5.7991,106.4643,13.94,29.92,1011.64,90.66,2294.7,11.5,2.33,5.53,10.75,18.09,22.29,47.33,73.25,0.467,0,0,1,1,0,1
2020-05-08,15.7798,75.489,41.3,86.11,976.52,78.19,1924.1,36.7,1.58,2.5,4.49,6.24,9.88,13.39,25.07,0.173,9,0,1,1,3,3
2020-05-08,24.1657,90.7694,39.94,50.85,984.02,9.22,1707.1,16.8,4.56,7.72,12.92,20.3,25.13,39.02,69.67,0.303,7,0,1,0,2,2
2020-05-08,14.1086,100.4303,33.0,89.88,970.92,52.45,1197.8,31.8,0.56,0.79,1.52,2.72,3.01,6.18,9.63,0.169,0,0,1,1,1,2
2020-05-08,14.452,120.5399,37.09,43.34,953.06,14.73,1144.8,47.2,2.66,4.89,9.67,17.97,21.98,29.86,56.21,0.211,6,0,1,1,2,2
2020-05-09,15.7119,76.112,19.16,71.53,1000.3,94.75,1708.6,13.2,13.52,30.14,56.4,63.23,95.68,195.93,402.46,0.95,0,3,3,2,0,0
2020-05-09,11.2343,92.28,43.73,54.9,1014.55,86.95,2232.9,24.6,0.8,1.8,3.46,4.91,8.29,10.04,20.08,0.05,9,0,0,1,3,3
2020-05-10,13.6107,100.0928,24.08,66.54,1003.88,3.28,116.7,16.4,3.73,6.62,13.54,17.68,20.73,27.72,39.5,0.33,0,1,1,0,0,1
2020-05-10,10.8739,-67.2184,23.52,20.94,1009.35,27.74,100.4,28.5,3.87,8.17,10.45,12.93,15.87,30.35,63.42,0.278,0,1,1,0,0,1
2020-05-10,10.6074,76.9668,42.96,88.92,964.48,44.27,753.6,22.0,6.18,8.49,15.54,21.48,26.57,42.67,73.96,0.476,6,1,1,1,3,2
2020-05-10,30.2919,-90.1547,10.93,49.87,996.31,122.69,1945.2,47.6,0.32,0.57,0.95,1.66,2.14,2.75,4.16,0.153,0,0,1,2,0,2
2020-05-10,20.2794,85.8897,19.3,54.07,969.59,97.5,2277.9,3.8,4.42,5.31,6.38,7.7,11.06,13.91,26.74,0.237,0,0,0,2,0,1
2020-05-10,25.7472,83.4688,34.89,44.62,1022.85,91.22,1991.8,38.4,0.17,0.26,0.42,0.78,0.89,1.27,2.32,0.05,0,0,1,1,0,3
2020-05-11,13.2054,80.2417,34.61,81.6,992.92,82.01,708.6,43.7,4.92,8.74,15.67,21.46,24.5,35.4,45.29,0.339,0,0,1,1,1,2
2020-05-11,18.7922,73.3262,45.59,15.36,1027.19,13.55,2008.7,45.6,2.88,5.36,9.66,13.35,16.23,20.77,43.22,0.05,1,0,1,0,2,3
2020-05-11,18.0808,-66.2608,14.58,56.11,1026.43,60.44,1173.2,30.7,4.13,7.19,9.15,16.21,24.1,42.46,86.67,0.664,0,1,1,0,0,0
2020-05-11,35.2939,140.0438,23.49,37.02,972.72,133.84,1893.1,44.9,4.2,7.95,11.39,18.61,32.28,41.42,68.06,0.38,0,1,2,2,0,1
2020-05-11,16.7095,81.203,45.13,78.89,988.87,91.89,381.9,42.5,3.18,4.76,6.14,8.07,13.21,30.99,44.42,0.226,1,0,1,1,2,3
2020-05-12,25.1918,82.4791,41.5,45.06,950.42,121.28,1577.8,22.7,6.64,14.74,26.99,50.04,70.94,147.18,298.88,0.95,2,3,3,3,2,0
2020-05-12,13.4461,100.7875,19.43,46.56,966.9,46.7,24.3,24.8,2.24,3.64,6.14,8.68,12.18,14.65,18.55,0.151,0,1,0,1,0,2
2020-05-13,28.6268,76.9041,16.68,57.92,1027.13,46.82,1483.0,33.5,0.84,1.6,2.37,4.23,6.77,14.84,20.77,0.241,0,0,1,0,0,2
2020-05-14,11.4682,92.8991,43.83,69.97,997.63,142.05,1232.8,19.5,0.86,1.18,2.26,2.72,3.74,6.32,11.78,0.05,2,0,0,2,2,3
2020-05-15,23.6354,90.8163,31.2,48.32,948.04,74.72,358.6,17.6,3.09,7.19,11.94,14.99,26.42,32.53,59.95,0.311,0,1,1,2,0,1
2020-05-15,25.4244,-80.2676,29.61,60.37,1018.76,139.06,1170.3,1.7,6.52,7.83,12.77,14.25,19.19,37.69,59.22,0.375,0,0,0,1,0,1
2020-05-17,25.281,-80.682,14.2,24.06,1009.65,131.54,1901.7,11.9,7.42,9.54,14.38,21.15,24.27,46.01,80.95,0.486,0,1,1,2,0,1
2020-05-17,25.5731,-79.9336,40.82,22.61,947.24,120.29,1919.8,30.8,6.23,14.33,20.09,29.32,40.56,56.87,83.33,0.252,9,1,1,3,2,2
2020-05-18,29.6168,-90.5678,42.2,18.45,981.59,80.05,366.4,0.5,0.01,0.02,0.03,0.04,0.05,0.12,0.23,0.05,7,0,0,1,2,3
2020-05-18,18.0802,-66.3523,33.75,88.94,967.09,69.58,2192.9,28.3,0.26,0.37,0.52,0.99,1.24,2.78,3.55,0.12,0,0,0,1,1,3
2020-05-18,12.9095,80.5646,34.5,96.47,985.71,16.76,33.8,34.2,0.69,1.6,2.98,3.72,6.44,9.44,20.35,0.252,0,1,1,0,1,2
2020-05-19,20.0147,86.0469,18.25,46.17,986.31,54.5,582.1,19.4,0.07,0.15,0.2,0.23,0.36,0.77,1.55,0.054,0,0,0,1,0,2
2020-05-19,25.7294,82.6461,32.27,96.44,960.78,123.27,2179.1,45.3,11.28,20.59,42.82,73.04,88.61,157.04,301.25,0.95,0,3,3,3,1,0
2020-05-19,13.6294,100.9108,24.07,92.56,949.02,34.17,1359.0,29.7,0.14,0.24,0.43,0.71,1.1,1.74,2.25,0.216,0,0,0,1,0,2
2020-05-19,9.9001,77.2217,28.59,64.73,987.7,127.07,581.6,19.6,7.89,16.32,24.29,42.9,54.36,106.6,229.88,0.95,0,2,2,2,0,0
2020-05-20,18.6022,-65.6491,41.46,43.42,967.13,152.68,2186.9,1.9,5.15,6.86,8.4,11.08,14.28,31.18,59.57,0.193,1,0,0,3,1,2
2020-05-20,24.0188,90.6179,39.56,32.59,999.96,25.7,1387.2,14.2,0.39,0.75,1.5,1.82,3.15,4.26,8.27,0.05,6,0,0,0,2,3
2020-05-20,16.3824,81.8867,40.37,25.64,1015.97,81.46,580.9,4.9,1.14,1.56,1.91,3.61,6.07,12.67,17.65,0.05,2,0,0,1,1,3
2020-05-20,13.598,100.9137,34.13,47.15,1000.43,136.01,991.8,46.7,1.84,2.68,4.49,6.37,7.56,9.28,18.04,0.05,0,0,1,2,0,2
2020-05-20,12.7371,79.839,15.7,27.93,1021.6,33.99,1061.8,35.2,3.96,9.3,19.25,29.96,48.73,81.05,132.05,0.81,0,1,2,0,0,0
2020-05-21,10.2576,-66.9733,41.07,43.62,973.31,125.77,1508.1,19.8,2.56,4.9,6.59,9.76,14.31,34.26,49.77,0.136,1,0,0,2,1,2
2020-05-21,13.4092,100.3542,41.81,89.2,1021.34,16.51,1306.8,35.7,4.95,9.54,12.88,22.38,35.9,46.79,77.85,0.512,7,1,1,0,3,2
2020-05-21,15.0725,121.1814,31.21,64.87,963.07,104.69,492.2,23.8,1.05,1.65,2.89,3.33,3.69,5.01,6.86,0.054,0,0,0,2,0,2
2020-05-22,23.7894,90.1071,36.86,37.64,1013.43,138.55,842.6,32.9,0.44,0.92,1.24,2.05,2.86,6.62,11.02,0.05,3,0,0,1,1,3
2020-05-22,14.7431,121.2808,15.3,60.45,997.8,77.07,282.3,35.4,6.39,12.54,16.96,19.67,25.79,32.09,65.44,0.545,0,1,1,1,0,1
2020-05-22,11.2873,92.8509,40.48,59.43,1013.77,152.8,1309.5,43.8,4.03,5.33,8.4,13.67,21.79,48.65,89.38,0.461,3,1,2,2,2,1
2020-05-23,11.198,93.0848,35.09,54.06,958.39,61.65,1889.6,11.6,4.36,6.53,10.56,12.34,17.5,33.87,59.72,0.3,1,0,0,2,1,2
2020-05-23,19.3981,73.055,11.34,43.96,949.04,25.03,653.0,28.3,4.99,6.64,8.29,14.98,17.85,31.02,40.72,0.351,0,0,1,1,0,1
2020-05-23,23.4092,90.3115,33.64,40.81,1006.61,126.71,1476.7,33.2,1.65,3.05,5.1,9.07,15.31,33.67,40.78,0.135,0,0,1,1,0,2
2020-05-23,20.6541,85.6489,12.93,19.41,1008.72,103.89,1197.5,22.7,2.41,4.16,6.46,9.69,14.24,28.91,55.25,0.316,0,0,1,1,0,1
2020-05-23,35.6153,140.1333,19.61,75.21,1020.73,65.11,2259.8,25.0,2.59,4.97,7.16,10.07,14.98,34.91,64.33,0.566,0,0,1,0,0,1
2020-05-24,35.7305,139.6411,12.48,60.49,985.43,131.62,660.6,20.7,3.25,5.92,12.19,22.78,26.36,41.05,49.57,0.471,0,0,1,2,0,1
2020-05-24,10.9035,-66.5576,22.82,42.16,952.67,6.81,1086.2,45.3,8.72,18.94,33.44,59.69,87.18,123.46,232.62,0.95,0,3,3,1,0,0
2020-05-24,13.283,79.9585,43.76,87.22,999.32,45.45,897.1,31.5,2.88,5.39,8.52,9.99,11.84,26.08,54.35,0.338,7,0,1,1,3,2
2020-05-25,13.5631,100.8365,43.74,67.74,997.28,63.69,1806.3,25.7,3.96,6.79,12.62,22.21,26.71,58.75,102.24,0.549,4,1,1,1,2,1
2020-05-25,10.2883,-66.8267,17.95,42.08,950.95,46.77,108.4,35.0,7.99,15.66,28.05,41.45,50.12,60.61,93.58,0.613,0,2,2,2,0,0
2020-05-25,26.0481,-79.8545,15.0,76.01,960.66,19.36,1312.9,34.2,0.18,0.23,0.44,0.77,0.98,1.9,3.12,0.229,0,0,1,1,0,2
2020-05-25,29.4631,-90.2542,24.46,77.44,1006.54,8.13,1623.6,30.9,11.61,27.4,42.2,66.33,79.53,101.78,166.18,0.95,0,2,2,0,0,0
2020-05-25,36.0079,140.0501,34.41,32.84,950.2,103.36,293.1,36.0,0.79,0.99,1.28,2.27,3.09,4.83,8.17,0.05,0,0,1,2,0,3
2020-05-26,10.2502,-66.7964,29.91,51.95,971.81,99.66,2328.6,38.7,1.74,3.09,5.01,6.55,11.09,22.53,40.5,0.217,0,0,1,2,0,2
2020-05-26,20.2674,85.7576,36.48,45.97,987.39,44.62,159.7,32.1,3.79,8.44,11.34,20.5,33.95,45.11,98.45,0.493,6,1,1,1,2,1
2020-05-27,20.3514,86.152,29.28,87.1,1018.27,70.08,1219.4,20.2,2.09,4.75,9.07,10.9,16.65,39.88,71.61,0.577,0,0,1,1,0,1
2020-05-27,25.4138,82.7689,17.29,47.26,981.83,138.37,988.4,7.4,2.6,6.12,10.69,20.17,34.06,42.34,78.68,0.549,0,1,1,2,0,1
2020-05-27,23.0176,88.1073,21.54,24.01,974.95,124.09,994.4,28.3,0.63,0.81,1.61,2.2,2.96,6.67,12.72,0.05,0,0,0,2,0,2
2020-05-27,22.333,88.2869,37.86,88.35,1003.05,54.27,1040.8,7.3,0.64,0.89,1.17,1.46,1.81,2.41,4.44,0.085,5,0,0,1,2,3
2020-05-27,19.2826,72.5707,15.87,68.23,1007.28,82.67,769.3,24.8,3.2,4.04,6.46,10.2,12.14,21.11,32.65,0.37,0,0,1,1,0,1
2020-05-27,14.0127,-86.9221,33.25,42.13,958.4,4.01,1971.5,30.7,0.91,1.55,2.98,4.56,5.97,9.08,12.87,0.05,0,0,0,1,0,2
2020-05-28,10.3178,77.074,29.19,75.55,1015.47,150.55,2338.7,16.1,3.99,5.49,10.59,13.0,22.41,53.22,68.46,0.506,0,0,1,2,0,1
2020-05-28,23.464,90.0654,35.32,94.01,953.52,26.06,1222.3,20.4,1.85,2.88,4.91,8.87,10.76,15.69,29.35,0.29,3,0,0,1,1,2
2020-05-28,10.3219,-66.4373,46.04,45.12,1008.19,125.17,927.5,32.9,0.4,0.67,1.39,1.72,2.36,5.07,9.46,0.05,3,0,0,1,2,3
2020-05-30,13.9854,-86.7313,36.46,69.08,949.76,5.43,847.4,33.4,1.4,2.8,5.04,8.8,10.29,19.47,24.58,0.136,2,0,1,1,1,2
2020-05-30,19.988,85.8763,19.41,30.92,1007.72,125.41,2013.0,0.9,6.59,8.31,13.33,16.53,28.67,54.25,90.51,0.53,0,1,0,2,0,0
2020-05-30,10.2567,76.5702,20.95,38.85,984.16,116.12,2081.8,22.8,1.35,3.1,4.66,8.02,13.02,16.4,22.59,0.127,0,0,0,2,0,2
2020-05-31,20.0218,85.498,20.85,92.88,975.27,141.92,2053.9,25.6,3.95,8.06,14.32,17.59,27.88,33.56,64.1,0.633,0,1,1,2,0,1
2020-05-31,30.0625,-90.491,12.27,88.3,1003.78,38.89,2128.3,30.8,10.72,25.48,30.65,36.66,54.36,127.58,279.94,0.95,0,2,3,1,0,0
2020-06-01,22.7697,88.3323,11.31,59.95,1006.14,111.56,1282.7,23.9,12.22,26.7,48.83,61.34,102.67,215.58,472.56,0.95,0,3,3,2,0,0
2020-06-01,16.6734,81.9964,30.82,25.8,992.45,121.28,2230.9,3.7,1.27,2.52,3.74,5.46,6.08,12.36,25.75,0.05,0,0,0,2,0,2
2020-06-01,10.1013,-67.0972,26.81,19.76,959.49,110.24,1708.8,43.2,3.06,4.13,5.41,9.07,11.14,17.76,29.96,0.05,0,0,1,2,0,2
2020-06-01,19.8796,85.5523,15.68,42.36,995.58,58.17,1615.6,11.8,4.23,6.84,11.01,17.02,26.9,39.99,81.42,0.559,0,1,1,1,0,0
2020-06-01,14.205,-87.3835,27.56,20.88,970.97,145.1,2041.9,47.1,3.46,5.18,6.98,8.72,9.71,16.2,22.54,0.05,0,0,1,2,0,2
2020-06-02,12.8284,80.084,36.83,79.23,954.36,22.3,729.2,5.4,2.58,4.74,7.17,10.27,12.01,24.2,35.45,0.247,5,0,0,1,2,2
2020-06-02,28.9569,77.5861,44.07,44.34,1014.85,5.87,1855.2,32.7,2.61,5.98,12.25,22.59,34.3,62.54,91.87,0.375,7,1,1,0,3,2
2020-06-02,14.6933,120.8555,34.82,62.24,976.09,102.08,394.2,3.5,6.75,12.67,22.61,30.43,41.4,53.77,110.6,0.658,0,1,1,2,1,1
2020-06-03,35.3768,139.7735,25.87,80.76,947.0,95.39,1754.2,47.7,3.97,5.87,7.62,12.29,18.02,41.07,79.13,0.626,0,1,2,2,0,0
2020-06-03,23.6398,90.5204,25.66,40.27,1016.44,51.6,2393.2,33.3,3.67,5.07,8.87,10.86,17.9,24.45,38.11,0.188,0,0,1,0,0,1
2020-06-03,18.9317,-65.6101,36.21,34.27,1015.4,49.73,966.8,5.2,0.56,0.86,1.07,1.34,1.86,3.08,4.31,0.05,7,0,0,0,2,3
2020-06-03,19.181,72.8135,9.88,26.33,1010.31,151.33,2289.7,38.4,12.64,27.92,34.96,62.11,89.35,156.19,187.82,0.95,0,2,3,2,0,0
2020-06-03,10.1717,77.4736,43.08,40.25,966.23,89.46,2027.6,23.1,0.42,0.73,0.94,1.16,1.63,2.18,4.08,0.05,8,0,0,2,3,3
2020-06-03,10.8867,-66.5861,31.83,83.52,1015.02,103.09,468.7,37.5,3.02,7.11,14.63,22.55,39.7,48.87,103.38,0.736,0,1,2,1,0,0
2020-06-04,18.8746,-66.5385,17.86,41.32,955.9,130.48,2219.3,26.6,2.93,7.01,13.99,19.95,32.54,49.41,61.85,0.412,0,1,1,3,0,1
2020-06-04,14.9039,121.0259,11.29,29.22,1016.62,94.85,570.6,24.1,0.4,0.53,1.07,1.57,2.12,4.96,7.93,0.08,0,0,0,1,0,2
2020-06-04,25.7232,-79.9636,45.65,78.99,951.87,21.17,494.4,11.8,3.63,6.68,9.43,11.5,18.22,23.01,32.66,0.148,6,0,0,1,3,3
2020-06-05,14.8997,121.406,26.63,39.0,966.43,13.0,794.2,33.1,0.21,0.32,0.42,0.6,0.7,1.47,3.13,0.05,0,0,0,1,0,2
2020-06-05,28.5378,77.0306,26.68,23.68,995.84,114.91,1841.9,43.5,1.84,4.31,8.53,11.41,13.82,23.8,38.13,0.103,0,0,1,2,0,2
2020-06-05,35.9461,139.2813,23.96,26.75,1002.25,125.92,671.4,38.9,1.11,2.26,2.97,4.28,6.27,12.98,24.01,0.054,0,0,1,1,0,2
2020-06-06,9.8058,76.5957,45.99,44.23,1019.16,18.5,113.5,17.0,3.03,6.67,9.12,11.94,17.14,27.68,33.34,0.05,4,1,0,0,2,3
2020-06-06,29.6654,-90.2687,32.48,34.32,962.18,138.5,2028.8,36.9,5.01,10.62,21.58,38.3,52.55,92.78,167.43,0.907,0,2,2,3,0,0
2020-06-06,9.6692,76.6109,45.76,94.97,967.38,132.3,2300.9,34.1,4.4,9.95,14.51,18.19,25.57,59.83,75.41,0.487,4,1,1,2,3,2
2020-06-07,24.05,90.7603,16.7,62.86,957.92,47.34,1950.2,16.4,0.04,0.08,0.11,0.14,0.16,0.3,0.53,0.137,0,0,0,1,0,2
2020-06-07,14.1306,100.7948,40.71,72.28,1007.02,116.38,1080.9,43.3,0.46,1.08,1.3,2.23,2.74,3.5,5.95,0.05,5,0,1,1,2,3
2020-06-07,14.4042,121.4587,22.29,24.07,949.3,63.07,241.6,5.4,1.76,3.17,4.34,7.15,9.96,13.05,23.97,0.057,0,0,0,2,0,2
2020-06-08,18.8053,-66.5903,42.91,71.88,979.32,57.32,1771.6,35.7,3.27,5.07,10.31,15.89,26.27,38.28,59.11,0.306,3,0,1,1,2,2
2020-06-08,23.9978,90.4251,40.54,94.23,955.74,127.94,1979.3,19.0,0.41,0.98,1.75,3.3,4.75,7.95,11.51,0.132,2,0,0,2,2,3
2020-06-08,11.3582,92.2679,12.11,52.84,984.95,37.88,1918.4,25.7,2.97,4.84,6.88,11.98,17.65,26.28,42.73,0.397,0,0,1,1,0,1
2020-06-09,14.0171,100.7349,26.04,89.07,1004.65,28.18,498.2,39.2,1.94,2.91,4.6,5.65,9.74,12.52,19.45,0.29,0,0,1,0,0,2
2020-06-10,22.5787,87.9259,27.14,38.91,1024.86,35.21,1465.6,20.8,2.1,2.79,3.99,4.92,7.99,16.28,32.46,0.133,0,0,0,0,0,2
2020-06-10,26.1428,-80.5059,12.74,32.84,948.09,23.54,2201.7,22.3,0.28,0.66,1.31,2.23,3.91,5.72,11.65,0.106,0,0,0,1,0,2
2020-06-10,15.1549,75.8831,38.81,51.41,980.85,87.19,1396.9,41.2,1.29,2.82,4.82,6.46,8.44,13.79,25.13,0.05,7,0,1,1,2,3
2020-06-11,12.9523,80.0501,14.81,42.01,961.55,98.97,1366.6,18.7,1.38,2.05,3.45,6.33,10.0,20.93,42.58,0.322,0,0,0,2,0,1
2020-06-12,14.0205,-87.4256,12.31,23.73,1001.75,121.28,1324.4,9.1,1.97,4.16,7.56,8.98,15.97,23.44,33.29,0.204,0,0,0,1,0,1
2020-06-13,16.2344,81.644,44.57,80.44,980.97,100.01,1789.9,3.9,3.92,5.36,7.34,10.78,19.25,45.09,94.79,0.553,9,1,0,2,3,2
2020-06-14,18.3242,-66.3901,38.55,27.04,985.84,62.27,1467.9,2.6,4.88,6.32,11.32,12.62,21.23,29.93,51.34,0.093,6,0,0,1,2,2
2020-06-14,18.8655,73.2253,19.26,86.72,996.03,37.83,1258.9,33.1,0.86,1.71,2.12,2.85,4.48,6.18,8.79,0.274,0,0,1,0,0,2
2020-06-14,12.8681,80.1683,19.28,19.47,965.84,28.97,2216.7,41.0,1.34,2.95,4.1,5.16,8.45,13.46,17.02,0.05,0,0,1,1,0,2
2020-06-15,-6.1547,106.3803,12.12,61.4,994.88,50.28,713.8,25.7,1.28,2.97,4.59,5.86,7.04,13.78,21.04,0.3,0,0,1,1,0,1
2020-06-15,18.9115,72.4346,28.13,53.64,1012.65,5.89,1697.5,3.2,0.98,1.96,3.02,4.04,5.87,13.03,21.19,0.121,0,0,0,0,0,2
2020-06-16,18.4537,-66.5325,10.8,27.3,1003.11,46.33,506.6,38.6,10.23,15.13,22.48,37.57,62.77,150.58,221.86,0.95,0,2,3,1,0,0
2020-06-16,14.8821,75.4447,30.67,59.52,1023.24,108.3,706.9,8.2,6.63,11.61,20.76,32.22,37.87,48.04,75.76,0.465,0,1,1,1,0,1
2020-06-16,16.623,81.2777,41.75,39.19,946.65,50.41,2361.8,7.5,0.11,0.21,0.32,0.56,0.9,1.28,2.26,0.05,5,0,0,1,2,3
2020-06-17,25.5508,-80.1562,20.56,72.46,957.54,58.12,477.1,17.6,2.83,4.95,8.48,11.38,13.24,17.71,27.68,0.315,0,0,0,1,0,1
2020-06-17,13.7422,-87.0467,43.15,57.82,991.86,14.87,877.8,7.9,2.61,4.86,8.94,16.12,23.01,34.06,52.23,0.197,1,0,0,0,2,2
2020-06-17,10.0286,-66.9378,8.86,24.34,1004.78,92.82,1717.2,11.4,5.7,10.12,17.7,20.77,25.83,54.97,78.27,0.519,0,1,1,1,0,1
2020-06-17,35.4179,139.7211,9.3,67.0,994.98,54.22,1885.5,39.7,1.41,2.85,5.07,6.97,12.4,20.03,36.46,0.448,0,0,1,1,0,1
2020-06-18,10.3895,-67.2305,20.48,84.76,1014.09,104.17,1598.5,33.8,3.92,6.52,11.83,21.51,28.67,66.91,81.2,0.707,0,1,2,1,0,0
2020-06-18,11.8,92.3494,27.3,44.38,970.73,59.57,1468.7,8.5,5.16,9.75,14.06,21.1,37.43,45.84,64.15,0.354,0,1,1,1,0,1
2020-06-18,15.0457,120.5571,16.08,84.79,1016.58,86.34,968.1,38.2,7.25,15.12,30.49,48.82,76.61,144.5,243.94,0.95,0,2,3,1,0,0
2020-06-18,22.1085,88.405,39.42,63.3,972.96,90.79,2283.1,6.3,3.74,5.24,7.25,13.62,22.86,52.43,70.88,0.372,8,0,0,2,2,2
2020-06-18,10.2071,-67.0274,16.14,68.0,983.0,97.48,2299.4,38.9,1.23,1.56,3.23,5.07,6.19,12.09,15.02,0.256,0,0,1,1,0,2
2020-06-19,14.033,100.8162,37.2,17.83,962.05,7.38,457.4,3.4,2.44,3.01,4.89,8.9,14.45,33.71,48.09,0.05,1,0,0,1,1,2
2020-06-19,11.9764,92.9804,41.19,62.71,955.01,63.74,1912.1,45.1,3.34,5.59,7.98,11.47,17.16,20.68,30.37,0.1,2,0,1,2,2,3
2020-06-19,9.7349,76.7912,28.42,21.57,954.77,28.91,1859.8,24.9,0.04,0.08,0.13,0.2,0.25,0.47,1.02,0.05,0,0,0,1,0,2
2020-06-20,18.3977,-66.365,29.31,95.26,949.29,79.23,1724.9,41.5,0.69,1.49,2.53,3.59,4.28,9.58,13.0,0.248,0,0,1,2,0,2
2020-06-21,14.9774,75.9676,9.63,58.84,997.22,66.41,697.4,46.0,0.81,1.92,2.33,3.53,4.75,7.28,11.3,0.251,0,0,1,1,0,2
2020-06-21,18.3036,-65.984,39.47,21.27,1022.96,147.74,2072.8,8.1,0.01,0.02,0.03,0.04,0.06,0.09,0.16,0.05,3,0,0,1,1,3
2020-06-21,22.5162,87.9275,18.68,46.12,957.95,116.1,916.5,6.0,1.57,3.74,6.89,12.37,21.33,39.64,69.64,0.475,0,0,0,2,0,1
2020-06-22,25.9284,-80.3039,22.46,24.65,1001.12,120.21,585.9,4.0,1.49,2.79,5.28,7.51,10.18,23.31,38.45,0.148,0,0,0,1,0,1
2020-06-22,14.1235,-87.1742,46.05,30.15,974.97,117.19,1579.4,28.1,2.64,5.84,8.24,11.98,14.48,27.73,40.22,0.05,7,0,1,2,3,3
2020-06-22,25.3259,83.3197,46.83,17.2,986.8,151.33,2269.6,10.9,6.15,13.32,27.52,41.49,61.01,130.79,287.61,0.95,5,2,2,3,2,1
2020-06-23,22.6476,88.4946,23.44,90.95,989.24,26.17,1670.8,38.2,1.33,2.96,5.97,7.89,14.11,19.31,27.07,0.37,0,0,1,0,0,1
2020-06-23,10.799,-66.6872,29.77,84.41,1017.9,144.81,299.1,25.0,0.43,0.67,0.94,1.04,1.82,3.89,6.69,0.155,0,0,0,1,0,2
2020-06-23,20.3058,85.9376,29.33,34.67,954.26,20.4,1449.8,2.3,12.67,30.34,40.49,58.38,95.61,224.31,469.1,0.95,0,3,3,1,0,0
2020-06-23,11.5385,92.8847,38.69,55.42,969.74,53.88,249.3,34.9,11.34,16.86,35.07,51.29,61.45,130.68,265.29,0.95,4,3,3,2,2,0
2020-06-25,29.634,-89.752,43.15,42.25,950.58,104.79,1453.3,47.5,0.92,1.54,2.49,4.46,6.2,13.18,17.88,0.05,4,0,1,2,2,3
2020-06-26,25.7189,83.2916,43.9,87.97,982.92,64.87,1332.9,12.1,0.19,0.44,0.6,0.76,1.09,1.95,2.38,0.05,5,0,0,1,3,3
2020-06-26,25.7266,83.3905,12.72,96.98,985.47,38.45,1847.7,13.1,4.55,10.03,19.12,25.22,34.83,59.07,99.9,0.95,0,1,1,1,0,0
2020-06-28,28.6906,77.4039,25.7,78.77,965.98,39.29,761.5,12.2,0.08,0.16,0.28,0.5,0.79,1.56,2.23,0.138,0,0,0,1,0,2
2020-06-28,19.014,72.6376,17.52,55.65,1015.79,33.9,884.9,38.4,3.82,4.72,6.73,8.09,9.13,21.33,38.84,0.336,0,0,1,0,0,1
2020-06-28,10.868,-66.8013,32.81,90.8,995.84,135.68,1738.1,6.2,8.15,10.43,17.53,21.28,23.58,40.24,60.16,0.49,0,0,0,2,1,1
2020-06-28,-5.7556,106.4811,19.43,89.4,946.08,15.08,500.5,1.8,0.7,1.33,2.1,3.81,6.37,10.26,14.97,0.323,0,0,0,1,0,2
2020-06-28,10.015,76.9524,10.9,56.81,960.16,89.82,1530.5,26.9,4.69,7.52,14.2,20.54,29.56,58.46,71.23,0.604,0,1,1,2,0,1
2020-06-29,22.7901,88.7329,42.57,80.27,1024.82,123.03,772.9,43.3,3.88,5.41,6.72,9.36,15.45,30.0,51.81,0.302,9,0,1,1,3,2
2020-06-29,26.2589,-79.7028,23.39,71.99,979.58,101.22,744.0,29.3,2.6,3.2,6.12,6.79,8.86,10.69,16.85,0.22,0,0,1,2,0,2
2020-06-30,29.7547,-90.3203,14.09,71.92,987.46,7.23,509.4,44.8,5.94,11.3,14.34,17.36,27.97,58.97,127.26,0.95,0,1,2,0,0,0
2020-06-30,16.1802,81.1564,39.34,95.2,992.46,99.19,1869.4,31.9,6.6,14.92,26.33,40.19,55.21,96.83,149.65,0.95,5,2,2,2,2,0
2020-06-30,12.7378,80.5585,32.07,46.21,1024.38,100.47,224.7,35.5,1.35,2.15,3.02,4.89,8.65,18.88,40.1,0.169,0,0,1,1,0,2
2020-06-30,30.2544,-90.2662,8.29,72.65,1005.29,84.81,1959.0,10.1,1.84,3.99,6.96,13.19,15.15,22.62,31.65,0.453,0,0,0,1,0,1
2020-06-30,14.0148,100.3862,22.96,29.92,954.35,126.34,1840.6,43.0,0.26,0.51,0.94,1.34,1.97,3.54,5.79,0.05,0,0,1,2,0,2
2020-07-01,10.5955,77.1357,31.23,64.02,947.86,127.28,469.3,14.4,0.67,1.42,2.45,4.18,6.51,8.63,12.96,0.088,0,0,0,3,0,2
2020-07-01,13.7619,100.1209,16.5,56.92,956.72,60.62,661.8,35.9,4.21,5.53,11.38,19.3,29.55,52.4,72.2,0.56,0,1,2,2,0,1
2020-07-01,-5.8828,106.3528,26.31,36.55,958.37,30.77,1740.5,26.0,13.9,20.74,42.75,64.64,77.71,107.07,193.64,0.95,0,2,2,2,0,0
2020-07-01,30.0049,-90.382,18.05,33.79,984.9,78.32,517.8,13.4,0.65,1.34,2.54,3.73,5.97,12.44,16.65,0.094,0,0,0,1,0,2
2020-07-01,11.174,92.718,44.69,17.55,966.6,22.41,1300.0,8.9,4.74,10.91,15.13,27.62,42.6,61.15,118.42,0.414,2,1,1,1,2,1
2020-07-02,13.8838,100.5774,18.07,20.37,981.82,17.17,2173.9,39.9,3.38,5.89,9.48,13.95,22.62,30.57,52.93,0.259,0,0,1,1,0,1
2020-07-02,-6.1116,106.573,42.74,45.03,1011.89,75.21,774.8,27.4,2.67,6.36,9.6,15.58,24.66,48.13,80.82,0.321,5,0,1,1,2,2
2020-07-02,18.9098,72.8872,32.84,43.27,950.95,64.67,748.3,32.7,3.26,5.34,7.46,14.1,19.99,40.5,54.29,0.237,0,0,1,2,0,2
2020-07-02,14.0273,-86.7496,14.98,35.08,990.8,144.34,1378.2,12.1,2.03,3.39,4.21,6.35,7.55,16.69,29.19,0.206,0,0,0,2,0,2
2020-07-03,16.9511,81.7694,13.26,60.72,1017.98,139.26,1885.9,28.1,2.64,4.35,5.39,9.54,17.17,39.58,84.43,0.683,0,1,1,1,0,0
2020-07-03,18.6305,-65.6431,31.18,97.41,1015.87,147.9,787.7,7.6,5.58,11.96,16.63,28.47,42.92,57.14,97.24,0.767,0,1,1,2,0,0
2020-07-03,36.105,139.6719,15.84,60.55,972.4,151.14,1139.1,36.4,3.24,4.25,7.18,11.0,17.61,27.93,57.55,0.491,0,0,1,2,0,1
2020-07-04,13.361,100.7019,10.61,88.24,976.09,143.1,2160.6,38.1,6.2,9.59,14.68,18.97,25.57,47.93,98.93,0.923,0,1,2,2,0,0
2020-07-04,-5.75,106.7491,40.52,88.47,1025.34,95.07,575.0,32.1,0.73,1.09,2.22,2.46,3.65,4.64,6.6,0.075,1,0,0,1,2,3
2020-07-04,14.0315,-87.5066,30.94,92.19,953.1,142.68,1958.1,28.4,0.49,1.07,1.95,2.92,5.02,10.03,14.93,0.231,0,0,1,3,0,2
2020-07-04,22.3332,88.8573,37.88,62.36,1018.03,94.06,2336.5,41.3,2.8,6.46,9.74,16.18,19.74,44.9,65.02,0.345,4,0,1,1,2,2
2020-07-05,23.6468,90.5478,8.11,41.06,957.24,35.66,29.0,11.3,1.42,1.76,3.07,4.77,5.57,10.66,23.44,0.259,0,1,0,1,0,2
2020-07-05,11.5265,92.6262,22.84,60.53,994.51,85.49,1067.7,1.2,3.1,4.35,7.74,13.22,19.17,35.48,76.33,0.545,0,1,0,1,0,1
2020-07-05,22.3414,88.4905,31.22,67.16,967.53,58.81,2379.9,19.5,0.38,0.65,0.89,1.08,1.48,2.39,3.15,0.05,0,0,0,1,0,2
2020-07-05,28.9044,77.3763,44.39,21.2,973.85,101.9,1650.6,22.0,6.73,14.93,28.89,35.73,55.48,123.23,159.49,0.69,8,1,2,2,3,1
2020-07-05,20.0424,86.1285,15.74,25.85,1021.72,71.52,2074.2,31.5,4.59,6.58,12.59,17.91,24.34,47.2,69.71,0.41,0,0,1,1,0,1
2020-07-06,13.5966,100.5302,16.64,55.35,1011.77,103.06,76.7,32.2,0.75,1.74,3.54,6.29,7.78,10.4,21.74,0.236,0,1,1,1,0,2
2020-07-06,23.5659,90.5948,11.29,55.27,986.17,9.95,1813.9,0.6,1.94,4.43,6.67,10.45,13.75,19.45,37.54,0.383,0,0,0,0,0,1
2020-07-06,25.3821,-79.8532,24.92,54.48,968.69,28.0,253.5,21.9,0.47,0.7,0.92,1.09,1.87,3.76,7.99,0.071,0,0,0,1,0,2
2020-07-07,14.4971,120.6636,33.45,16.08,978.78,49.31,918.1,24.2,3.21,6.1,10.78,19.14,32.93,68.65,87.8,0.318,0,1,1,1,0,1
2020-07-07,13.4017,100.5978,24.35,73.19,979.09,79.21,19.6,33.4,3.79,4.72,7.23,13.62,18.99,34.23,72.22,0.563,0,1,1,1,0,1
2020-07-07,20.0728,85.7684,29.42,95.21,997.89,88.35,1891.7,0.8,1.16,2.77,5.28,6.19,8.22,14.2,30.31,0.355,0,0,0,1,0,2
2020-07-07,10.427,-66.4024,41.77,70.92,990.92,112.9,1814.5,9.7,0.6,1.42,1.94,2.86,5.11,8.69,14.9,0.05,5,0,0,1,2,3
2020-07-07,22.5955,87.8966,31.55,95.83,947.52,46.26,676.5,47.2,0.5,1.09,1.58,2.83,4.08,6.08,11.61,0.221,0,0,1,1,0,2
2020-07-07,14.3473,121.2058,37.13,61.35,960.42,107.13,620.8,36.6,2.28,4.36,7.59,9.24,14.37,32.2,67.34,0.362,1,0,1,2,1,2
2020-07-08,25.6157,82.7501,12.82,84.89,1015.17,47.82,387.2,3.8,2.99,3.92,7.11,11.68,17.87,40.24,63.51,0.666,0,1,1,0,0,1
2020-07-09,13.3088,100.1644,13.81,15.59,1009.15,93.72,1615.6,1.5,1.67,3.07,5.61,9.96,12.95,29.63,55.47,0.292,0,0,0,1,0,1
2020-07-09,14.202,121.2704,10.09,85.58,1005.55,46.2,687.9,24.5,0.03,0.07,0.14,0.2,0.3,0.65,0.96,0.303,0,0,0,0,0,2
2020-07-09,36.1375,139.9396,18.71,67.17,946.26,13.53,983.6,8.9,3.5,4.93,10.32,14.95,18.0,23.19,37.58,0.37,0,0,0,1,0,1
2020-07-09,15.2645,75.2424,19.99,71.8,988.95,137.96,2246.4,33.3,6.97,10.0,12.71,17.37,23.07,46.1,94.06,0.733,0,1,2,2,0,0
2020-07-09,10.8599,-66.8945,13.4,96.57,965.75,13.22,1592.2,28.8,1.88,3.21,6.12,7.69,12.87,25.46,41.22,0.575,0,0,1,1,0,1
2020-07-09,18.4965,-65.7401,11.27,68.37,1008.29,91.49,640.4,2.0,0.45,0.88,1.8,2.28,3.68,8.24,14.18,0.297,0,0,0,1,0,2
2020-07-11,-6.1944,106.7201,10.54,54.65,1000.16,27.8,2164.4,36.3,0.3,0.69,1.08,1.58,2.6,5.13,8.4,0.205,0,0,1,0,0,2
2020-07-11,25.363,-79.8325,44.93,46.37,985.67,86.78,131.2,25.5,1.43,2.83,5.04,8.41,11.6,15.38,25.21,0.05,4,0,0,1,2,3
2020-07-11,15.668,75.8047,44.17,80.92,1009.91,56.14,2242.4,18.0,0.14,0.28,0.43,0.53,0.93,1.83,3.92,0.05,3,0,0,0,2,3
2020-07-11,24.0729,90.6868,10.19,45.31,963.21,100.78,784.6,1.3,7.85,15.42,18.52,30.44,38.09,89.75,147.63,0.95,0,1,1,2,0,0
2020-07-12,13.5711,100.2415,31.87,18.0,1006.36,111.01,192.9,43.6,2.58,5.9,11.87,14.93,20.4,27.78,54.86,0.135,0,1,1,1,0,2
2020-07-12,24.868,83.1657,22.01,33.23,1020.95,67.29,1569.6,2.1,1.87,4.08,6.32,10.0,12.47,21.2,45.11,0.233,0,0,0,0,0,1
2020-07-12,25.8859,-80.35,19.2,18.78,982.3,90.52,889.8,12.9,1.73,3.16,5.03,5.91,8.39,17.32,34.99,0.13,0,0,0,1,0,2
2020-07-12,28.5993,76.8222,30.12,59.71,1023.79,14.67,1180.7,34.0,5.58,6.7,12.15,22.65,36.49,62.14,129.0,0.804,0,1,2,0,0,0
2020-07-12,10.4989,76.777,41.43,63.25,1019.94,143.83,1243.2,32.7,7.9,15.93,22.61,29.55,41.17,51.27,80.54,0.414,6,1,1,2,2,2
2020-07-13,13.0848,80.373,31.92,24.22,966.06,49.02,2063.4,28.2,0.98,1.54,2.05,2.33,3.39,4.2,9.21,0.05,0,0,0,1,0,2
2020-07-13,11.4581,92.7776,16.02,43.96,987.99,21.31,1425.4,9.2,8.99,20.38,34.44,50.27,58.91,128.89,203.57,0.95,0,2,2,1,0,0
2020-07-13,19.2694,72.7961,22.26,89.69,1019.14,5.76,73.4,28.7,0.8,1.82,2.97,4.04,7.14,11.29,17.17,0.313,0,1,1,0,0,2
2020-07-14,25.0309,82.7619,16.89,36.4,987.88,53.64,1176.6,2.0,4.73,10.94,22.94,28.92,39.59,93.76,132.4,0.839,0,1,1,1,0,0
2020-07-14,22.6606,88.3789,32.33,58.56,962.24,72.62,262.9,26.3,0.36,0.71,0.95,1.46,1.74,2.92,4.53,0.05,0,0,0,1,0,2
2020-07-14,19.9951,86.1668,34.34,53.61,977.75,149.41,1555.2,19.8,4.1,8.82,13.5,19.98,30.96,60.84,83.68,0.454,0,1,1,2,0,1
2020-07-14,18.0851,-66.4787,36.41,19.54,1005.07,42.14,999.8,21.9,4.14,8.35,12.86,22.51,26.68,39.47,64.13,0.159,1,0,1,0,1,2
2020-07-15,12.5948,80.2121,18.39,19.5,1014.64,22.65,913.4,22.5,0.94,2.13,3.97,4.46,6.28,8.57,15.76,0.05,0,0,0,0,0,2
2020-07-15,20.3814,85.9066,41.38,84.47,990.56,101.76,1861.7,4.9,1.25,1.75,2.91,5.15,6.5,13.5,21.68,0.143,2,0,0,1,2,3
2020-07-15,14.0461,100.8109,14.99,94.62,1024.9,120.74,1897.6,4.9,1.62,2.83,3.76,4.21,5.28,12.46,26.5,0.459,0,0,0,1,0,1
2020-07-16,18.6599,72.4645,23.16,67.36,994.01,121.44,114.5,34.0,4.68,5.96,10.04,13.01,21.61,27.22,36.64,0.325,0,1,1,2,0,1
2020-07-17,14.0688,-87.0436,46.07,93.55,1010.73,12.32,572.2,33.3,1.23,2.06,4.24,4.96,8.45,10.65,16.38,0.109,5,0,1,0,3,3
2020-07-17,15.0516,121.0585,9.47,55.86,1019.57,31.14,2358.3,38.9,4.33,8.71,15.05,25.23,35.2,77.94,147.8,0.95,0,1,2,0,0,0
2020-07-17,12.7713,80.7293,29.9,47.27,978.44,13.04,337.8,46.2,3.3,3.98,7.67,8.97,14.31,27.83,35.15,0.163,0,0,1,0,0,2
2020-07-17,20.1054,85.4387,33.85,15.91,960.75,52.02,2100.8,2.9,0.18,0.34,0.46,0.6,0.74,1.4,1.76,0.05,0,0,0,1,0,3
2020-07-18,29.458,-89.7077,32.28,31.76,1003.19,49.44,1239.7,15.9,3.62,8.04,14.29,17.76,22.64,41.37,60.87,0.231,0,0,1,1,0,2
2020-07-18,13.5993,-87.4616,10.55,90.94,977.09,116.13,1102.5,42.8,0.1,0.15,0.25,0.34,0.55,1.11,1.36,0.326,0,0,1,2,0,2
2020-07-18,10.8259,-67.3447,18.66,39.33,1006.4,23.43,1866.7,25.4,1.7,2.65,4.4,5.96,8.35,17.42,31.81,0.208,0,0,1,0,0,1
2020-07-19,20.73,85.4286,36.03,18.76,993.81,149.02,1508.8,46.1,1.68,2.94,4.84,8.9,12.16,28.94,50.45,0.073,2,0,1,2,1,2
2020-07-19,9.986,-66.8165,27.83,58.81,992.59,123.22,1322.9,6.1,6.38,14.43,29.24,42.0,52.71,70.8,122.1,0.777,0,1,1,2,0,0
2020-07-19,35.2443,139.846,41.47,35.8,975.0,98.79,4.5,23.0,7.86,15.85,24.55,39.98,70.19,100.05,173.27,0.869,7,3,2,2,2,0
2020-07-19,20.4932,85.3464,39.12,45.25,958.27,63.83,1333.6,1.9,3.46,5.79,7.0,11.47,18.34,35.85,55.28,0.196,9,0,0,1,2,2
2020-07-19,15.5658,76.0698,32.17,59.6,991.69,138.18,854.8,10.4,2.13,3.09,5.09,9.28,14.22,31.66,43.25,0.249,0,0,0,2,0,2
2020-07-19,22.5241,88.2621,26.42,49.69,998.09,59.5,1288.7,45.9,0.79,1.38,1.68,2.98,3.47,4.56,9.5,0.05,0,0,1,1,0,2
2020-07-20,18.4322,-66.0964,11.01,63.7,1006.49,144.76,111.0,37.3,0.5,1.07,2.14,3.83,5.96,10.73,22.26,0.329,0,1,1,2,0,1
2020-07-20,24.0946,90.081,26.39,95.72,998.54,130.57,1214.0,26.9,3.81,7.9,12.67,17.55,22.25,38.01,53.64,0.53,0,0,1,2,0,1
2020-07-20,18.474,-66.2367,32.2,49.85,995.9,118.54,1310.6,30.3,9.58,14.93,22.74,38.07,58.17,82.27,129.67,0.744,0,1,2,2,0,0
2020-07-20,9.9611,77.148,39.75,28.02,1023.53,86.47,2220.8,7.6,2.14,3.67,5.76,10.63,18.01,38.78,57.63,0.126,5,0,0,1,2,2
2020-07-20,28.633,77.4565,34.18,58.38,962.64,49.08,2009.5,28.4,0.05,0.12,0.22,0.32,0.51,0.74,1.08,0.05,0,0,0,1,0,3
2020-07-20,18.811,-66.411,29.96,67.92,965.68,153.24,2369.5,42.2,0.95,2.0,2.63,4.82,6.06,10.48,19.32,0.157,0,0,1,3,0,2
2020-07-20,28.9586,77.2097,45.74,69.19,1017.77,6.09,986.5,27.8,1.82,3.74,5.23,6.85,9.97,19.91,26.49,0.064,6,0,0,0,3,3
2020-07-21,18.8374,72.5601,18.53,24.11,953.87,61.73,386.7,28.1,3.45,7.79,11.45,15.43,19.63,41.97,68.33,0.368,0,1,1,2,0,1
2020-07-21,22.8309,88.5826,26.53,19.76,1004.63,58.91,480.1,26.4,12.74,25.92,42.58,73.3,118.47,268.94,377.77,0.95,0,3,3,1,0,0
2020-07-21,25.1911,83.4014,40.26,42.23,994.05,109.65,341.5,36.1,1.46,2.24,3.64,6.28,8.71,16.15,23.23,0.05,6,0,1,1,2,3
2020-07-22,-6.1119,106.5467,25.33,16.12,945.2,96.38,782.0,1.6,2.16,5.02,7.18,9.34,13.33,18.37,33.76,0.054,0,0,0,2,0,2
2020-07-22,10.0494,76.594,41.37,15.58,980.55,79.51,2216.5,8.7,4.77,11.01,20.78,23.03,35.96,52.19,94.21,0.284,8,1,1,1,2,2
2020-07-23,25.4235,83.1979,16.52,19.82,1021.79,152.2,1362.5,42.7,0.92,1.23,2.03,3.55,5.53,10.87,13.23,0.05,0,0,1,1,0,2
2020-07-24,16.8471,81.3417,8.8,45.89,1010.65,52.32,522.7,43.8,3.8,9.01,15.36,23.54,41.91,81.0,138.89,0.95,0,1,2,1,0,0
2020-07-24,14.1647,100.5412,14.42,60.07,949.83,56.92,357.1,9.4,9.56,18.48,37.01,53.84,81.75,101.25,169.04,0.95,0,2,2,2,0,0
2020-07-24,19.4003,72.8306,31.84,68.71,1012.23,139.77,2136.1,30.3,2.6,5.62,8.3,14.16,20.59,27.76,54.21,0.362,0,0,1,2,0,1
2020-07-24,28.6438,77.6553,19.27,81.37,968.04,129.28,231.1,5.8,8.11,15.0,27.7,35.46,43.13,94.97,148.02,0.95,0,2,1,3,0,0
2020-07-24,28.1296,76.9677,38.34,58.21,1012.23,124.26,1120.0,24.1,0.1,0.18,0.33,0.42,0.75,1.78,2.64,0.05,7,0,0,1,2,3
2020-07-24,14.792,121.3845,19.32,94.36,986.44,48.82,2372.2,42.2,4.13,9.39,17.03,24.73,43.61,102.74,155.57,0.95,0,1,3,1,0,0
2020-07-25,22.0836,88.4087,19.03,40.48,963.2,123.23,798.6,16.9,2.11,4.82,8.77,10.08,11.37,21.37,44.6,0.29,0,0,0,2,0,1
2020-07-26,14.5977,121.1782,24.7,48.82,998.05,104.11,1069.7,44.2,0.19,0.4,0.55,0.82,1.39,2.22,4.66,0.05,0,0,1,1,0,2
2020-07-26,11.991,92.9567,44.46,43.65,960.42,146.13,1108.1,20.3,1.09,2.47,4.84,6.88,7.72,13.4,18.5,0.05,4,0,0,3,2,3
2020-07-27,23.3802,90.3514,39.02,82.15,975.55,108.42,769.9,39.7,11.27,21.78,36.5,65.63,113.77,148.84,282.4,0.95,5,3,3,2,2,0
2020-07-27,-6.5507,106.3448,38.72,62.66,1025.89,17.17,1971.1,24.5,2.58,4.7,7.02,9.54,14.71,18.44,32.99,0.139,3,0,0,0,2,2
2020-07-27,23.6398,89.9942,45.19,60.39,1001.7,95.6,1356.7,27.1,2.24,5.07,6.64,11.11,17.52,22.34,31.66,0.062,8,0,1,1,3,3
2020-07-27,10.2672,-66.8993,13.62,83.29,1022.28,97.39,826.1,7.8,1.08,1.63,2.86,5.31,6.02,7.23,13.02,0.336,0,0,0,1,0,2
2020-07-28,14.5151,121.1799,28.08,76.49,988.86,16.89,2044.2,41.8,1.08,2.32,3.85,4.62,6.37,8.23,16.35,0.195,0,0,1,0,0,2
2020-07-28,10.2451,-67.2298,30.93,22.62,976.82,119.04,1485.0,11.1,2.95,4.63,7.75,10.5,15.2,33.6,47.44,0.118,0,0,0,2,0,2
2020-07-29,14.6139,121.4698,42.97,90.82,953.42,3.28,1045.8,37.0,6.08,13.04,20.9,35.53,56.96,89.8,122.91,0.79,3,1,2,1,2,1
2020-07-29,14.1548,-86.8213,19.42,35.77,996.01,128.73,1214.5,34.3,4.6,10.53,19.59,25.79,31.8,72.81,143.19,0.881,0,1,2,2,0,0
2020-07-29,25.631,83.2461,25.4,22.22,950.38,131.05,981.9,3.1,3.81,7.7,10.82,15.46,23.21,44.46,76.08,0.346,0,0,0,3,0,1
2020-07-30,13.8428,100.7752,31.15,90.73,982.53,36.47,390.0,19.5,4.37,5.47,7.2,8.53,12.88,19.21,26.25,0.293,0,0,0,1,0,2
2020-07-30,19.1683,72.4699,11.97,78.01,969.49,29.79,2310.3,44.2,0.39,0.89,1.78,2.86,4.21,6.15,8.13,0.297,0,0,1,1,0,2
2020-07-31,20.046,85.3508,32.44,91.89,946.59,74.96,1651.2,34.8,4.13,5.62,8.26,11.46,19.06,29.25,41.26,0.381,0,0,1,2,1,2
2020-07-31,10.0759,-66.4613,21.91,38.62,962.35,87.23,2270.5,9.2,2.01,2.9,3.94,7.07,9.07,13.58,28.65,0.155,0,0,0,2,0,2
2020-07-31,14.4562,-86.8686,35.18,57.7,968.14,124.03,1226.3,3.3,8.78,18.62,32.14,46.59,82.55,175.83,305.06,0.95,8,3,2,3,2,0
2020-08-01,-6.5345,106.9099,28.11,67.01,993.34,34.95,1703.3,31.6,9.41,18.45,34.1,59.63,70.02,142.53,216.44,0.95,0,2,3,1,0,0
2020-08-01,14.5219,120.9179,33.03,78.8,962.17,73.06,2052.7,34.0,7.42,12.94,24.45,32.1,54.81,85.29,131.4,0.879,0,1,2,2,0,0
2020-08-01,25.8576,-80.3922,10.62,31.26,959.38,80.2,1627.1,15.5,0.49,1.06,2.09,2.76,3.85,5.0,7.14,0.09,0,0,0,2,0,2
2020-08-01,-5.7177,106.4322,33.52,30.14,971.09,61.66,2005.3,3.1,4.63,10.63,13.51,23.41,27.51,64.8,130.6,0.649,0,1,1,1,0,0
2020-08-02,11.3884,93.0783,18.94,15.52,1015.98,20.27,44.2,17.3,1.67,2.16,4.17,5.94,8.57,13.01,22.27,0.05,0,0,0,0,0,2
2020-08-02,-6.1031,107.2649,19.23,76.06,1009.37,125.75,1370.7,1.0,5.02,6.67,8.71,13.8,24.68,36.8,67.93,0.595,0,1,0,1,0,1
2020-08-02,23.9735,90.6306,35.45,85.19,993.83,151.29,1003.6,36.1,4.06,5.02,8.52,11.15,16.39,37.06,67.82,0.489,2,0,1,2,1,1
2020-08-03,-5.9425,106.6712,11.74,86.23,1007.76,21.31,1212.5,32.7,1.85,4.24,8.69,15.6,22.96,40.05,71.49,0.732,0,1,1,0,0,0
2020-08-03,20.6723,85.794,10.7,86.1,951.44,127.12,1049.7,21.2,2.56,3.49,6.52,8.74,13.27,16.01,23.72,0.442,0,0,1,3,0,1
2020-08-03,16.9523,81.8155,16.38,49.48,965.73,145.9,1763.5,1.7,1.15,2.4,4.35,4.92,6.74,14.51,22.33,0.216,0,0,0,3,0,2
2020-08-03,25.8884,-80.0565,46.52,20.87,1026.81,141.32,2055.7,32.5,3.29,7.88,16.36,28.62,33.22,54.7,113.01,0.378,1,1,1,2,2,2
2020-08-03,20.1385,85.8887,35.33,88.61,1025.78,74.18,1520.2,43.9,3.0,3.79,6.93,12.81,21.1,45.35,58.01,0.444,9,0,2,1,2,2
2020-08-03,16.817,81.73,31.47,27.29,959.26,6.18,1716.2,21.6,0.04,0.05,0.07,0.1,0.18,0.33,0.69,0.05,0,0,0,1,0,2
2020-08-04,10.7247,-66.8553,28.51,54.06,1004.64,34.71,1895.2,20.9,0.48,0.64,0.86,1.56,2.8,4.56,6.8,0.05,0,0,0,0,0,2
2020-08-04,28.1282,77.6337,13.28,19.92,983.71,31.92,21.5,13.1,0.85,1.72,3.4,4.39,5.51,9.18,12.6,0.05,0,0,0,1,0,2
2020-08-05,14.0509,-86.7065,20.94,91.24,998.34,84.94,1531.2,15.8,0.26,0.4,0.6,0.89,1.22,2.23,3.11,0.244,0,0,0,1,0,2
2020-08-05,9.8711,76.7459,26.99,91.47,996.23,112.39,808.4,9.5,1.03,1.9,2.76,4.23,6.75,14.05,19.17,0.29,0,0,0,1,0,2
2020-08-05,36.1145,139.7998,11.62,78.16,1026.58,102.6,1781.5,47.0,1.74,3.81,5.94,8.56,13.36,20.14,44.16,0.526,0,0,1,1,0,1
2020-08-05,22.3306,87.9758,35.8,83.99,954.52,20.99,1535.3,7.4,5.12,11.24,18.78,34.31,38.23,56.26,111.0,0.75,8,1,1,1,2,1
2020-08-06,22.5681,88.1919,46.95,37.16,964.15,97.45,1227.3,1.5,0.49,1.06,1.73,2.11,3.01,4.53,6.45,0.05,7,0,0,2,3,3
2020-08-06,10.5969,77.4135,14.6,74.73,945.49,21.23,1732.9,36.6,0.14,0.22,0.29,0.53,0.75,1.3,2.63,0.223,0,0,1,1,0,2
2020-08-06,13.4519,100.1547,43.69,34.74,980.61,20.68,1097.5,6.8,2.59,5.39,9.15,11.86,15.98,31.42,56.23,0.112,6,0,0,1,2,3
2020-08-06,18.9969,73.2063,35.75,80.31,986.2,76.58,550.4,30.2,0.78,1.18,2.05,2.71,3.86,9.03,16.21,0.141,4,0,1,1,1,2
2020-08-06,35.4539,139.8851,37.05,69.79,967.45,20.69,103.9,40.3,0.27,0.36,0.51,0.74,1.22,1.83,3.19,0.05,6,0,1,1,2,3
2020-08-07,-6.688,107.1139,37.89,63.43,988.16,22.66,1133.5,26.1,3.43,5.99,7.98,9.74,15.63,31.16,45.48,0.228,9,0,1,0,2,2
2020-08-07,24.9181,82.7527,24.58,44.88,1009.9,116.04,2172.7,19.3,2.91,6.61,13.84,25.96,41.6,57.07,69.81,0.417,0,1,1,1,0,1
2020-08-08,29.1077,77.4524,13.58,31.98,1004.27,77.58,1811.6,5.4,2.69,4.45,7.17,11.35,16.48,30.45,51.35,0.343,0,0,0,1,0,1
2020-08-08,10.8834,-67.0571,23.38,59.6,948.75,80.15,1452.9,45.2,4.51,5.56,7.55,11.18,19.94,38.31,78.32,0.548,0,1,2,2,0,1
2020-08-08,11.5149,92.4293,43.17,83.47,946.31,24.54,1620.7,15.6,8.8,18.87,37.5,47.04,56.71,131.47,210.9,0.95,2,2,2,2,2,0
2020-08-08,16.3877,81.4154,16.21,86.09,970.85,135.27,2150.3,33.6,7.88,16.52,21.97,40.97,50.52,90.61,143.48,0.95,0,2,2,3,0,0
2020-08-09,25.9256,-80.171,43.6,51.63,997.99,83.37,760.5,3.6,6.83,9.03,15.41,17.34,25.58,32.44,61.89,0.225,1,0,0,1,2,2
2020-08-12,11.8257,92.2604,30.24,37.75,1023.38,130.07,1572.7,47.9,0.98,2.26,3.33,5.25,7.37,12.76,25.04,0.053,0,0,1,1,0,2
2020-08-12,13.0091,80.0546,20.48,97.46,962.37,135.51,1758.1,32.3,2.06,4.49,7.38,8.92,11.56,16.4,29.02,0.438,0,0,1,2,0,1
2020-08-12,13.0863,80.1872,28.54,47.57,950.8,98.46,1967.5,25.5,0.19,0.31,0.44,0.54,0.78,1.0,1.26,0.05,0,0,0,2,0,2
2020-08-12,35.9004,139.3721,27.86,36.48,1019.13,24.62,1123.0,28.2,6.07,8.38,14.65,16.19,27.13,40.2,77.22,0.395,0,1,1,0,0,1
2020-08-13,14.8725,120.5375,36.82,48.87,987.39,139.34,1099.9,30.3,11.42,19.89,33.91,53.15,67.42,140.52,270.73,0.95,4,2,3,2,1,0
2020-08-14,10.2411,77.0019,36.07,39.0,1001.73,103.87,655.3,11.6,0.38,0.48,0.95,1.08,1.26,1.87,3.9,0.05,8,0,0,1,2,3
2020-08-14,14.5446,-86.864,22.04,68.81,984.02,149.41,847.0,35.7,1.04,1.88,3.19,4.35,6.22,9.55,11.52,0.184,0,0,1,2,0,2
2020-08-14,26.2306,-79.796,8.84,43.8,1016.68,101.92,504.6,22.7,0.32,0.58,1.17,1.32,2.02,2.99,6.55,0.16,0,0,0,1,0,2
2020-08-14,14.2226,100.1088,46.02,60.2,991.82,139.94,1701.1,44.8,2.28,5.41,9.12,14.74,17.07,33.01,64.96,0.261,8,0,1,2,3,2
2020-08-15,-5.9075,107.122,17.47,62.75,962.86,145.9,623.7,47.5,1.9,4.13,7.37,13.61,20.93,39.71,73.58,0.586,0,1,2,3,0,1
2020-08-15,18.9083,72.6493,29.21,26.5,982.24,51.37,2187.1,33.2,0.49,0.9,1.19,1.94,3.12,5.85,12.67,0.05,0,0,0,1,0,2
2020-08-15,-6.5329,106.5929,42.41,44.95,996.51,103.89,1876.8,9.2,1.27,2.21,3.38,6.38,10.75,19.09,39.69,0.067,8,0,0,1,3,3
2020-08-15,13.2697,100.9342,9.79,72.6,991.33,108.1,748.8,37.4,1.89,4.3,5.56,8.27,10.29,17.95,27.89,0.415,0,0,1,1,0,1
2020-08-15,29.9783,-89.9419,17.89,46.78,957.04,53.66,1643.1,40.0,1.42,2.1,4.09,7.41,10.28,12.67,24.01,0.2,0,0,1,1,0,2
2020-08-15,30.3946,-90.3792,39.48,20.42,1010.64,108.96,158.5,2.0,6.41,8.81,12.58,22.86,30.63,56.25,69.24,0.167,4,1,0,1,1,2
2020-08-15,9.7442,76.8314,35.44,54.36,953.12,77.22,1137.4,8.7,1.99,3.34,5.86,9.42,10.66,17.58,32.1,0.126,1,0,0,2,1,2
2020-08-15,28.671,77.3092,37.37,50.97,990.43,11.5,217.5,39.9,0.22,0.31,0.59,0.65,0.84,1.6,2.87,0.05,7,0,1,0,2,3
2020-08-16,20.757,85.8564,36.95,88.64,970.67,106.7,226.0,3.3,3.09,5.53,10.67,18.4,23.93,43.43,84.94,0.598,4,1,1,2,2,1
2020-08-16,13.1547,80.7274,35.7,77.33,960.43,18.78,181.5,18.3,2.41,4.67,9.63,13.14,21.45,39.42,55.98,0.377,1,1,1,1,1,2
2020-08-16,18.6745,-66.1464,33.1,80.6,981.54,37.62,2198.1,15.4,22.19,47.06,85.6,95.01,134.34,242.21,381.81,0.95,0,3,3,2,0,0
2020-08-16,14.1886,121.4453,38.77,52.69,986.22,68.61,705.4,25.6,0.19,0.45,0.71,1.31,2.11,3.27,4.65,0.05,1,0,0,1,1,3
2020-08-17,24.1078,90.7744,19.5,54.46,1007.82,107.44,2073.0,47.8,1.95,2.6,3.19,5.36,9.18,13.45,18.27,0.184,0,0,1,1,0,2
2020-08-17,18.622,73.1563,21.25,87.39,990.22,118.04,1810.4,1.4,0.47,0.94,1.26,1.64,2.89,5.41,10.55,0.27,0,0,0,2,0,2
2020-08-17,13.2841,100.6848,35.6,48.69,947.58,150.01,2367.2,26.6,0.26,0.48,0.96,1.58,2.53,3.29,4.3,0.05,9,0,0,3,2,3
2020-08-17,9.9558,76.7191,30.12,56.78,969.57,38.27,2137.2,2.8,3.74,4.58,6.3,8.39,14.44,19.71,42.14,0.248,0,0,0,1,0,2
2020-08-17,16.4551,81.9976,29.09,97.75,971.87,8.39,83.7,47.0,1.99,3.07,5.1,8.1,13.9,24.06,49.4,0.489,0,1,1,1,0,1
2020-08-17,30.1745,-90.4742,24.23,44.01,1014.78,88.23,1701.1,35.7,4.3,10.03,17.92,29.01,48.35,58.97,74.2,0.444,0,1,2,1,0,1
2020-08-17,22.4807,88.5804,27.62,63.49,1021.38,9.52,1377.3,41.0,0.97,2.18,2.65,4.47,7.84,15.59,25.55,0.197,0,0,1,0,0,2
2020-08-18,13.7802,100.4303,42.5,75.14,959.28,145.78,1855.5,2.1,2.44,4.84,6.07,8.39,13.04,28.42,61.87,0.342,1,0,0,3,2,2
2020-08-18,14.133,120.9486,38.29,59.72,1022.29,11.36,874.1,19.7,0.47,0.89,1.1,1.84,2.07,4.65,5.88,0.05,3,0,0,0,1,3
2020-08-18,14.6067,121.3457,16.14,83.39,998.46,138.71,17.0,19.6,8.09,16.26,26.37,37.75,65.18,143.28,173.7,0.95,0,3,2,2,0,0
2020-08-18,15.4873,75.4284,40.04,67.29,1010.25,124.39,2042.7,13.2,7.18,14.25,20.82,39.35,69.46,131.23,268.13,0.95,7,2,2,2,2,0
2020-08-19,10.1349,-67.1191,36.44,25.33,1001.32,33.19,2335.2,29.1,0.01,0.01,0.01,0.01,0.01,0.01,0.02,0.05,7,0,0,0,2,3
2020-08-19,28.5952,77.6578,21.9,97.83,989.15,59.41,927.3,9.8,2.51,4.33,6.25,7.68,10.12,18.32,23.05,0.39,0,0,0,1,0,1
2020-08-19,11.2679,92.8712,13.75,85.88,1017.52,65.74,1459.3,24.8,0.13,0.17,0.32,0.48,0.73,1.41,2.23,0.279,0,0,0,0,0,2
2020-08-19,29.755,-90.5453,27.26,45.01,947.05,23.05,1913.2,44.9,0.02,0.04,0.07,0.12,0.17,0.27,0.43,0.05,0,0,1,1,0,2
2020-08-19,9.7557,76.5501,16.62,70.55,1025.53,105.41,1953.4,5.2,4.55,6.58,8.32,12.83,20.85,38.7,82.49,0.685,0,1,1,1,0,0
2020-08-19,22.0824,88.3286,32.39,83.66,966.0,11.34,217.4,24.1,8.94,21.27,29.45,35.98,48.48,85.16,171.01,0.95,0,2,2,1,0,0
2020-08-19,16.9919,81.6956,15.81,55.77,947.86,105.59,1882.1,36.0,0.32,0.48,0.86,1.47,1.9,3.21,4.98,0.141,0,0,1,2,0,2
2020-08-19,14.9315,120.9111,25.45,91.11,983.83,44.08,342.1,0.7,2.66,3.53,5.48,8.61,11.13,15.7,31.0,0.377,0,0,0,1,0,1
2020-08-19,25.4756,-79.8763,15.84,81.82,1015.56,46.24,2285.5,2.9,0.57,1.05,1.8,2.91,3.24,7.62,9.48,0.287,0,0,0,0,0,2
2020-08-20,24.3041,90.208,25.89,60.31,996.21,123.26,1552.9,8.5,3.21,4.67,7.44,13.34,15.83,25.87,45.57,0.324,0,0,0,2,0,1
2020-08-20,25.5633,-79.9475,33.01,38.09,960.01,5.35,537.8,29.2,8.21,11.17,22.63,31.15,43.57,71.37,114.81,0.591,0,1,2,1,0,1
2020-08-20,14.3007,-86.7788,29.81,58.9,996.53,120.99,1713.6,19.2,7.12,8.67,12.38,18.76,31.92,53.58,105.88,0.658,0,1,1,2,0,0
2020-08-21,35.1964,139.7364,33.27,46.71,1025.87,147.3,1873.7,2.1,4.56,5.64,7.14,9.87,13.04,24.47,35.33,0.131,0,0,0,1,0,2
2020-08-21,9.9581,77.027,24.68,66.95,1005.93,122.1,1559.8,21.3,10.49,21.54,34.12,49.72,83.16,143.75,246.71,0.95,0,3,3,2,0,0
2020-08-22,15.6456,75.5906,23.96,74.63,961.91,100.91,1649.6,12.6,3.21,6.49,10.51,14.39,22.07,52.38,85.21,0.654,0,1,1,2,0,0
2020-08-23,15.2896,75.8675,35.5,33.65,963.46,88.12,810.8,21.9,2.52,5.81,8.04,11.83,19.52,28.23,36.2,0.056,7,0,0,2,2,2
2020-08-23,10.7179,-66.9151,21.78,33.99,972.37,28.03,2220.1,33.6,3.25,7.05,11.73,14.69,17.75,32.43,65.04,0.363,0,0,1,1,0,1
2020-08-24,20.6552,85.6284,27.71,66.44,964.82,110.12,787.8,16.8,3.54,5.27,7.39,10.31,16.96,24.92,49.52,0.36,0,0,1,2,0,1
2020-08-24,16.7554,81.3908,31.69,33.11,975.66,85.65,2188.7,9.3,1.47,3.52,6.73,9.47,11.36,20.46,36.5,0.091,0,0,0,1,0,2
2020-08-24,11.3999,92.6207,16.63,55.64,1018.41,62.94,1163.8,30.7,1.3,2.91,6.01,9.74,15.07,30.26,42.18,0.365,0,0,1,0,0,1
2020-08-25,13.7538,-86.8894,12.75,25.27,952.22,79.7,837.5,34.5,2.96,5.62,9.33,17.67,26.1,33.59,51.13,0.319,0,0,1,2,0,1
2020-08-25,10.5315,77.4086,42.15,30.85,957.28,119.12,2375.2,34.6,0.13,0.18,0.26,0.37,0.46,0.59,0.86,0.05,8,0,0,2,2,3
2020-08-26,11.4168,92.9691,36.01,33.91,985.65,38.97,1175.1,9.5,3.15,7.22,13.91,17.99,26.06,44.5,96.36,0.429,5,1,1,1,1,1
2020-08-26,22.5418,88.2073,10.71,87.97,1017.66,88.31,1769.6,21.3,3.12,6.06,9.2,17.19,26.16,62.49,102.01,0.94,0,1,1,1,0,0
2020-08-27,20.2637,86.2416,17.78,92.65,966.7,65.27,2107.3,37.8,6.82,14.73,20.79,32.16,44.05,77.16,104.47,0.912,0,1,2,2,0,0
2020-08-29,16.7987,81.6854,32.71,30.56,1013.78,134.8,1256.9,43.8,6.52,13.55,25.21,29.86,38.51,49.3,59.59,0.214,0,0,1,2,0,2
2020-08-29,20.3977,86.3015,23.92,48.93,971.36,24.73,12.5,46.6,10.06,17.91,37.53,61.51,70.63,94.73,200.46,0.95,0,3,3,1,0,0
2020-08-29,20.5284,86.0048,41.94,20.92,987.26,32.66,898.7,33.7,0.36,0.45,0.71,0.94,1.51,1.93,4.18,0.05,9,0,0,1,3,3
2020-08-29,20.732,86.0122,29.75,40.05,982.36,64.28,515.1,14.4,1.04,2.26,3.01,5.65,7.8,11.47,22.51,0.052,0,0,0,1,0,2
2020-08-29,16.3333,81.7033,39.14,30.11,991.93,6.59,746.7,38.8,2.14,2.95,4.7,5.91,8.13,14.52,22.5,0.05,9,0,1,0,2,3
2020-08-30,22.9565,87.9825,11.49,62.16,946.78,83.7,2001.2,28.1,7.56,14.05,25.55,35.59,46.54,74.6,97.19,0.786,0,1,2,2,0,0
2020-09-01,18.3073,-66.1555,26.67,23.63,1010.18,108.66,852.5,42.7,13.03,24.36,41.64,55.71,84.07,145.24,218.18,0.95,0,2,3,2,0,0
2020-09-01,18.9987,72.935,22.12,31.88,1001.78,38.31,1372.0,40.4,2.54,4.86,10.07,13.65,22.63,45.81,60.16,0.32,0,0,1,0,0,1
2020-09-02,24.0173,90.8324,30.79,89.91,1013.82,111.67,80.1,18.2,3.5,6.39,9.5,11.55,17.18,26.51,37.99,0.366,0,1,1,1,0,2
2020-09-02,12.6544,80.6839,40.94,87.89,953.38,3.56,1921.0,30.9,2.84,5.23,9.92,13.24,18.17,23.5,41.5,0.287,2,0,1,1,2,2
2020-09-03,10.2198,77.0141,14.77,71.54,1006.53,139.9,2268.4,24.6,1.99,3.59,6.67,7.43,9.08,20.79,29.01,0.372,0,0,1,2,0,1
2020-09-03,23.0157,88.0835,29.17,84.77,946.54,153.8,2230.2,7.6,0.17,0.33,0.61,0.9,1.17,2.3,4.22,0.147,0,0,0,3,0,2
2020-09-03,16.153,81.275,14.75,66.16,991.78,28.93,2376.4,20.5,0.36,0.48,0.83,1.56,2.34,5.47,8.99,0.223,0,0,0,0,0,2
2020-09-03,25.3635,83.0334,8.14,17.02,1027.78,70.68,1750.0,35.5,7.43,9.84,16.46,22.34,33.15,52.99,73.32,0.462,0,1,1,1,0,1
2020-09-03,30.0234,-89.6907,10.61,49.55,1011.83,133.33,1861.3,15.0,2.47,5.16,6.9,10.87,17.44,38.72,50.79,0.446,0,0,1,1,0,1
2020-09-04,14.6826,120.8752,23.58,33.26,958.84,28.48,463.8,36.7,0.22,0.53,0.89,1.37,1.85,3.75,6.27,0.05,0,0,1,1,0,2
2020-09-04,15.4661,75.2926,34.36,85.07,992.5,47.43,293.1,1.2,4.61,9.01,14.67,17.33,21.57,46.98,78.92,0.568,0,1,0,1,1,1
2020-09-05,24.8613,82.9672,26.57,46.22,967.81,107.36,1619.3,21.7,1.14,2.47,4.86,8.64,11.88,17.88,36.58,0.197,0,0,0,2,0,2
2020-09-05,14.2229,-87.0736,17.88,90.73,952.27,99.57,1324.7,46.4,1.81,2.28,3.71,6.53,7.42,9.23,18.66,0.366,0,0,1,2,0,1
2020-09-05,10.6888,-66.8017,31.06,52.88,985.96,103.07,564.5,13.8,4.04,7.46,9.05,14.81,22.72,29.41,57.28,0.316,0,0,0,2,0,1
2020-09-06,19.9231,85.8709,26.58,82.62,1007.83,22.27,2306.7,14.1,4.28,6.68,11.73,18.28,22.39,44.4,67.75,0.557,0,1,1,0,0,1
2020-09-06,15.0201,75.4941,31.58,28.05,1019.55,73.16,880.9,6.5,0.64,1.47,2.37,3.98,4.6,9.07,19.24,0.05,0,0,0,0,0,2
2020-09-06,11.3083,93.019,27.9,25.23,968.03,153.11,964.4,47.3,2.76,5.66,7.92,14.97,16.56,36.9,69.69,0.297,0,0,1,3,0,1
2020-09-06,15.3372,75.2291,22.85,44.65,949.04,73.0,2007.2,9.1,0.55,0.97,1.49,2.31,4.07,8.6,16.23,0.097,0,0,0,2,0,2
2020-09-06,13.8164,-86.9357,38.02,77.36,952.23,144.88,574.7,13.8,1.71,3.35,5.59,10.3,15.4,34.32,43.87,0.28,3,0,0,3,2,2
2020-09-07,14.1995,100.9935,9.02,42.16,979.91,76.33,2230.5,5.7,2.56,4.2,8.78,15.71,22.11,53.06,90.95,0.678,0,1,1,1,0,0
2020-09-07,25.3403,-79.7222,39.99,37.13,1019.32,98.23,975.5,29.0,0.48,0.76,1.28,2.06,2.58,6.17,12.54,0.05,5,0,0,1,2,3
2020-09-08,14.1594,-87.6414,36.48,39.94,992.75,93.66,58.0,9.0,2.81,4.73,6.48,11.13,16.05,25.23,34.36,0.065,2,1,0,1,1,2
2020-09-08,25.8047,-79.8342,44.94,47.25,977.38,96.34,1366.4,14.3,2.2,3.52,6.56,7.86,12.77,17.79,26.79,0.05,7,0,0,2,3,3
2020-09-09,23.6624,90.1339,8.02,41.9,951.51,142.96,180.3,45.8,2.37,4.3,8.21,13.6,17.22,21.19,41.92,0.38,0,1,1,3,0,1
2020-09-09,28.6573,77.6049,16.17,64.06,979.35,42.02,858.8,14.5,2.63,4.92,9.74,16.8,22.04,51.08,105.65,0.804,0,1,1,1,0,0
2020-09-10,10.2763,76.9907,25.0,77.11,1000.37,124.29,85.6,44.9,6.2,13.64,22.1,38.39,57.69,104.08,206.59,0.95,0,3,3,2,0,0
2020-09-10,22.8039,88.4922,12.55,60.38,1019.9,54.63,1759.7,31.8,9.39,20.52,35.09,57.04,98.61,165.61,252.85,0.95,0,3,3,1,0,0
2020-09-10,24.0518,90.3028,42.9,94.15,990.22,24.65,1601.0,3.3,2.26,4.85,9.55,12.76,16.02,32.48,43.48,0.31,6,0,0,0,3,2
2020-09-11,17.9993,-65.915,9.0,90.45,970.06,73.31,220.4,18.6,1.93,4.41,8.73,10.92,16.26,33.78,50.39,0.644,0,1,1,1,0,1
2020-09-12,12.88,80.5234,32.4,90.6,945.45,138.26,1732.1,8.7,1.07,1.98,2.6,4.49,7.43,11.6,14.73,0.209,0,0,0,3,0,2
2020-09-12,16.6336,81.2988,14.71,28.46,990.42,102.89,2308.7,20.5,5.07,6.79,13.58,21.82,33.61,46.08,57.12,0.353,0,0,1,2,0,1
2020-09-12,35.4181,139.4587,14.04,79.1,967.12,59.49,1752.6,9.0,2.66,6.12,10.39,11.84,17.91,23.43,34.73,0.449,0,0,0,1,0,1
2020-09-13,23.9862,90.1408,26.67,48.7,1017.47,6.92,2150.2,31.5,4.68,5.63,9.94,15.61,23.04,49.38,86.7,0.521,0,1,1,0,0,1
2020-09-13,25.6572,82.7693,11.11,68.78,1027.51,11.28,654.7,6.6,1.61,3.55,7.23,12.81,20.29,41.81,55.21,0.557,0,0,1,0,0,1
2020-09-13,18.2487,-66.3734,16.64,29.57,958.83,41.44,1268.7,34.1,1.67,2.9,5.55,8.44,12.77,23.26,46.28,0.272,0,0,1,1,0,1
2020-09-13,10.7481,-66.9948,10.69,33.3,953.96,3.13,686.9,17.2,9.18,21.97,37.82,68.86,105.55,189.68,235.71,0.95,0,3,3,1,0,0
2020-09-13,16.863,81.9273,32.4,54.59,1027.88,61.35,2297.6,19.7,4.01,7.91,10.11,17.13,21.35,35.57,70.51,0.394,0,0,1,0,0,1
2020-09-13,16.69,81.4641,43.6,48.71,996.19,44.78,623.5,41.3,0.55,0.95,1.53,2.4,3.7,6.36,10.44,0.05,9,0,1,1,3,3
2020-09-14,24.9769,82.5688,38.94,39.33,947.18,64.93,387.0,9.1,0.62,1.28,1.58,2.45,3.99,5.54,11.59,0.05,3,0,0,2,1,3
2020-09-14,-6.0088,107.0993,18.35,46.76,956.74,44.81,1795.3,16.8,0.82,1.09,1.65,2.66,3.4,5.8,12.48,0.124,0,0,0,1,0,2
2020-09-14,14.2235,120.8667,31.8,84.3,1003.96,19.21,1766.7,13.6,3.57,5.74,12.04,15.78,20.44,47.36,58.0,0.457,0,0,1,0,0,1
2020-09-15,15.3753,75.7619,18.98,62.68,946.09,74.71,208.3,20.9,0.41,0.96,1.6,2.93,3.27,6.43,9.69,0.173,0,0,0,2,0,2
2020-09-15,13.7995,100.1825,35.57,92.78,962.04,109.91,162.4,23.3,0.44,0.87,1.51,1.72,2.28,3.82,5.53,0.133,5,0,0,2,2,3
2020-09-16,14.9446,75.5833,30.98,62.04,988.53,15.86,2225.0,28.6,1.07,2.17,3.22,4.85,6.49,14.64,32.12,0.201,0,0,1,0,0,2
2020-09-17,30.4093,-89.7714,19.12,92.61,1002.34,35.77,1475.9,41.8,4.17,6.23,11.11,17.72,29.67,41.95,79.69,0.745,0,1,2,0,0,0
2020-09-17,22.1236,88.5738,32.78,18.99,960.1,87.15,1434.3,32.4,0.41,0.71,0.94,1.74,2.93,5.5,8.97,0.05,0,0,0,2,0,2
2020-09-17,12.7636,80.5909,18.99,37.2,988.09,37.86,298.3,6.4,3.06,6.37,9.49,10.7,12.72,29.23,49.5,0.306,0,0,0,1,0,1
2020-09-18,25.6868,-80.6185,10.07,51.72,1007.97,12.2,2198.1,23.1,2.51,3.91,6.97,7.79,12.6,16.62,27.33,0.314,0,0,1,0,0,1
2020-09-18,11.3729,92.7844,32.23,35.36,1015.56,98.3,723.2,19.2,1.65,2.6,4.59,5.79,7.55,9.83,15.49,0.05,0,0,0,1,0,2
2020-09-19,24.0797,90.0396,28.33,23.78,956.78,56.63,164.6,11.9,3.74,4.54,7.92,13.61,16.59,23.51,28.89,0.05,0,0,0,1,0,2
2020-09-19,13.6676,-87.2047,28.0,60.77,979.39,24.59,729.4,12.2,5.65,10.48,15.37,22.92,28.72,40.84,84.13,0.547,0,1,1,1,0,1
2020-09-19,19.8164,85.8748,8.52,19.74,1027.98,149.64,305.9,8.3,8.06,14.58,30.07,45.59,68.57,100.4,208.44,0.95,0,2,2,2,0,0
2020-09-20,11.5848,92.335,16.47,38.78,978.6,13.63,1740.9,34.3,1.49,2.79,3.6,5.16,8.77,17.48,22.79,0.169,0,0,1,0,0,2
2020-09-20,24.0686,90.0426,16.98,97.21,968.1,121.85,752.5,15.4,0.38,0.71,1.01,1.23,1.55,2.33,3.97,0.312,0,0,0,2,0,2
2020-09-20,11.2876,92.9842,18.29,93.67,975.47,140.88,732.5,26.3,0.07,0.13,0.23,0.3,0.45,0.89,1.68,0.27,0,0,0,2,0,2
2020-09-20,12.0086,92.6399,9.2,46.76,970.48,145.17,240.5,30.3,4.41,6.27,8.37,9.53,11.54,25.04,53.68,0.464,0,1,1,2,0,1
2020-09-21,20.4197,85.918,46.57,75.68,963.49,54.9,402.6,41.4,6.55,15.04,26.98,35.48,61.3,93.62,148.3,0.848,3,2,3,2,3,1
2020-09-21,28.3622,77.5776,18.68,63.92,956.79,41.69,1311.9,11.8,3.98,7.12,13.49,25.07,29.61,47.42,72.06,0.571,0,1,1,1,0,1
2020-09-22,25.9665,-80.1621,26.67,32.33,970.92,81.7,347.5,41.4,1.58,3.63,4.45,7.64,13.03,31.03,41.33,0.163,0,0,1,1,0,2
2020-09-22,11.5335,93.0137,41.7,73.41,946.9,47.04,1340.1,44.5,0.38,0.73,1.07,1.94,3.17,5.21,7.12,0.05,1,0,1,1,2,3
2020-09-22,25.6636,-80.2856,12.83,61.85,1024.04,123.33,1389.7,31.2,9.34,16.01,23.99,45.14,76.94,122.15,203.23,0.95,0,2,3,1,0,0
2020-09-22,9.9907,-67.0349,20.68,78.94,1001.77,130.34,1458.9,22.4,0.18,0.4,0.81,1.18,1.48,2.93,3.87,0.195,0,0,0,2,0,2
2020-09-22,19.4414,72.9053,16.31,44.18,969.19,104.28,1987.9,9.6,2.9,4.76,7.88,12.58,21.71,31.06,39.97,0.302,0,0,0,2,0,1
2020-09-23,9.9818,77.031,39.46,65.98,1012.78,145.57,1081.3,35.9,12.64,18.41,36.13,43.85,48.76,108.07,233.42,0.95,1,2,2,2,1,0
2020-09-23,20.779,86.151,8.45,57.91,953.26,102.84,1358.1,1.0,0.8,1.71,2.48,3.72,4.9,11.3,19.62,0.309,0,0,0,2,0,2
2020-09-24,10.2124,-67.3413,28.14,93.34,984.69,68.26,1081.2,17.6,0.64,1.41,2.19,3.34,3.72,4.73,8.5,0.222,0,0,0,1,0,2
2020-09-24,14.6899,121.1754,10.18,54.85,989.44,27.88,775.2,21.4,6.27,14.52,25.64,36.31,46.4,110.37,240.94,0.95,0,2,2,1,0,0
2020-09-24,35.539,140.1342,10.75,40.18,1007.19,133.96,313.6,25.1,0.57,1.18,1.58,1.86,2.62,3.44,6.94,0.128,0,0,0,1,0,2
2020-09-25,25.6025,82.9314,23.41,18.28,984.47,85.08,548.1,46.3,8.41,17.38,29.2,52.44,62.48,134.25,177.86,0.95,0,2,3,2,0,0
2020-09-25,12.9769,79.9441,39.35,81.4,1022.67,63.69,1701.5,24.6,5.7,11.71,17.93,24.55,31.34,59.29,128.29,0.814,1,1,1,1,1,1
2020-09-26,26.1584,-80.0673,21.37,91.3,986.72,105.89,2285.3,44.0,3.62,5.06,10.4,19.63,23.01,40.05,70.02,0.658,0,1,2,2,0,0
2020-09-26,22.2503,88.6334,39.59,19.41,947.87,6.2,673.5,22.7,0.4,0.96,2.02,3.06,4.58,10.59,20.86,0.05,4,0,0,1,1,3
2020-09-26,14.2822,-86.9028,22.15,95.41,998.25,25.5,163.5,26.4,4.73,5.78,7.05,11.02,19.76,41.2,55.68,0.58,0,1,1,0,0,1
2020-09-26,11.7185,92.5668,20.05,82.56,961.74,67.83,672.8,24.0,1.72,2.43,4.54,5.64,8.36,18.1,30.47,0.383,0,0,1,1,0,1
2020-09-26,13.8271,-87.1142,34.05,27.02,979.31,50.99,257.3,28.0,1.57,1.97,3.15,4.95,5.9,11.22,16.85,0.05,0,0,0,1,0,2
2020-09-27,19.3012,72.8672,34.0,83.04,993.63,110.51,218.6,34.5,3.33,5.32,9.67,15.63,23.75,33.71,50.44,0.384,0,1,1,2,1,2
2020-09-27,35.7742,139.8798,41.77,93.41,955.44,8.27,255.5,29.0,2.84,5.7,8.74,12.35,18.3,23.7,47.4,0.341,1,1,1,1,2,2
2020-09-27,15.0401,75.7803,31.58,53.01,1027.4,30.43,1972.6,6.4,0.69,1.07,2.12,3.09,4.26,7.62,13.95,0.05,0,0,0,0,0,2
2020-09-27,10.9382,-67.2952,31.88,74.22,959.75,55.37,744.9,34.9,1.75,3.21,6.1,9.12,14.66,27.56,52.71,0.377,0,0,1,1,0,1
2020-09-27,14.5111,-86.7647,45.19,30.37,1024.0,67.75,2173.8,36.2,8.24,16.27,21.82,25.06,38.57,48.98,70.33,0.167,8,0,1,1,3,2
2020-09-27,16.8183,81.9995,46.96,81.84,1008.67,41.58,10.1,11.2,5.46,7.25,10.63,16.48,24.82,45.96,100.23,0.572,3,1,1,0,3,2
2020-09-27,23.8469,90.7781,23.24,94.57,991.76,68.41,1320.1,20.5,1.21,1.71,2.76,4.21,7.05,12.46,25.29,0.377,0,0,0,1,0,1
2020-09-28,20.5374,86.1281,14.48,52.72,963.05,139.47,730.1,28.9,1.07,1.62,2.46,4.51,6.2,13.55,18.93,0.226,0,0,1,2,0,2
2020-09-28,24.0519,90.8427,41.34,73.08,960.28,127.22,1196.9,34.2,0.53,0.97,1.84,2.53,3.11,6.12,11.29,0.05,3,0,1,2,2,3
2020-09-28,19.0471,73.197,20.69,77.71,953.88,101.52,1613.2,26.8,7.36,11.75,19.16,32.7,52.37,98.19,144.55,0.95,0,2,2,2,0,0
2020-09-28,11.8531,92.4378,14.3,47.59,950.61,127.33,1292.7,46.6,9.99,23.96,30.94,49.05,67.95,124.97,188.55,0.95,0,2,3,3,0,0
2020-09-29,23.039,87.8824,24.65,17.56,1020.88,110.18,203.3,8.8,3.23,7.4,9.46,13.69,16.98,24.05,46.42,0.146,0,1,0,1,0,1
2020-09-29,15.2025,75.5014,44.17,48.42,1018.9,60.74,1768.9,23.1,0.46,1.06,1.71,2.89,3.92,4.79,6.23,0.05,5,0,0,0,2,3
2020-09-29,15.2782,76.0201,44.3,24.92,947.51,47.99,1914.0,32.5,2.01,3.03,3.8,5.21,7.41,15.0,27.69,0.05,9,0,1,1,3,3
2020-09-30,24.19,90.3856,43.57,15.31,984.69,94.51,1206.7,43.4,9.85,13.41,19.74,25.88,37.47,62.14,96.89,0.279,9,1,2,2,3,2
2020-09-30,30.2239,-89.5955,18.65,31.24,970.46,118.55,1576.4,10.9,6.88,16.36,30.78,35.39,54.48,126.68,191.66,0.95,0,2,2,2,0,0
2020-10-02,15.0033,120.9438,12.2,85.83,1022.34,115.04,2374.2,2.7,1.41,1.92,3.66,6.63,9.37,20.57,42.12,0.542,0,0,0,1,0,1
2020-10-02,16.8945,82.019,37.82,16.95,976.17,18.94,847.2,8.7,1.64,2.79,4.1,6.66,11.61,19.51,27.16,0.05,1,0,0,1,1,3
2020-10-03,15.1067,75.4913,45.72,20.85,984.12,85.89,224.8,18.4,1.33,2.45,4.4,7.32,8.75,19.04,35.77,0.05,1,0,0,1,2,3
2020-10-03,29.524,-89.7599,33.81,90.51,971.62,18.67,2075.2,16.2,0.93,1.66,2.21,2.96,4.05,6.21,10.25,0.168,0,0,0,1,1,2
2020-10-03,10.7726,-67.1569,21.42,78.37,967.06,45.52,1299.3,22.5,10.9,16.53,21.2,32.5,39.95,67.77,94.01,0.749,0,1,1,1,0,0
2020-10-03,14.9273,75.3132,42.86,64.36,1015.2,41.05,896.5,5.1,0.29,0.64,0.94,1.3,1.91,3.83,4.77,0.05,8,0,0,0,3,3
2020-10-04,28.3437,77.6627,44.26,76.47,968.62,59.97,480.2,46.6,2.55,5.8,8.77,15.69,17.85,42.46,89.68,0.506,4,1,2,1,2,2
2020-10-04,13.859,100.1033,22.89,49.17,974.12,7.33,1651.0,13.5,7.54,17.17,31.77,39.56,45.99,100.25,209.83,0.95,0,2,2,1,0,0
2020-10-04,15.4487,76.1325,20.43,85.95,968.31,134.53,573.5,33.5,5.97,13.38,27.68,37.1,54.94,128.99,156.12,0.95,0,2,3,3,0,0
2020-10-04,28.5052,76.7662,32.15,61.49,964.35,100.94,2122.3,13.7,6.24,12.45,15.32,21.45,31.22,64.88,96.49,0.59,0,1,1,2,0,1
2020-10-04,14.9332,121.3783,9.17,95.48,999.45,80.87,656.0,31.8,1.58,3.23,5.86,6.88,11.95,21.32,33.96,0.563,0,0,1,1,0,1
2020-10-05,18.6505,-66.1581,37.9,81.93,1026.78,73.6,89.9,25.1,0.08,0.19,0.26,0.48,0.85,1.81,2.33,0.05,8,0,0,0,2,3
2020-10-05,19.513,72.5496,10.8,63.09,1019.88,3.82,1197.4,17.1,3.04,4.47,5.63,9.01,12.54,24.42,34.45,0.404,0,0,1,0,0,1
2020-10-06,14.0055,-87.3874,22.54,54.8,961.35,106.08,533.0,0.6,9.5,14.89,20.5,26.95,35.88,63.49,80.59,0.548,0,1,1,2,0,0
2020-10-06,30.2621,-89.9539,23.95,79.19,998.31,104.72,1487.1,6.2,4.03,7.7,13.22,20.87,37.38,64.42,84.14,0.668,0,1,1,1,0,0
2020-10-06,25.9979,-80.6436,40.67,41.97,951.16,19.22,1960.2,20.9,6.03,7.34,9.04,12.23,15.2,30.01,53.58,0.156,9,0,0,1,3,2
2020-10-07,23.7388,90.7798,12.5,91.99,1013.15,36.39,2098.3,13.0,0.8,1.21,2.44,4.47,5.95,12.18,22.85,0.447,0,0,0,0,0,1
2020-10-08,-6.1729,107.1919,40.36,96.18,949.62,63.18,2192.8,22.7,7.18,8.77,14.5,26.65,34.19,79.17,95.68,0.668,4,1,1,2,2,1
2020-10-08,13.843,-87.5364,17.79,71.73,1001.76,78.78,1867.5,40.5,3.03,5.89,8.57,15.56,17.38,28.13,54.06,0.502,0,0,1,1,0,1
2020-10-08,14.0914,121.4312,23.58,59.36,979.24,66.3,489.1,34.1,3.29,7.86,10.43,12.42,18.15,25.09,45.43,0.339,0,0,1,1,0,1
2020-10-09,20.292,85.958,9.77,34.11,962.45,129.43,1008.5,25.4,2.22,4.94,8.15,13.32,14.83,29.41,42.38,0.331,0,0,1,2,0,1
2020-10-09,25.1532,82.7354,34.08,32.7,984.48,14.0,71.9,42.9,6.84,10.77,17.35,25.94,37.99,51.72,102.15,0.477,0,2,2,1,0,1
2020-10-09,11.8624,92.8732,39.97,43.57,1017.62,126.23,1619.7,12.8,12.31,22.88,46.14,58.72,105.01,228.85,491.85,0.95,1,3,3,2,1,0
2020-10-09,16.4467,81.6348,37.28,70.46,1006.89,105.21,1154.1,6.9,5.39,6.67,13.96,24.61,38.63,91.16,165.22,0.95,2,1,1,1,1,0
2020-10-09,14.9053,120.7908,14.28,96.7,964.18,133.42,2295.8,13.8,4.59,5.95,11.11,16.53,19.55,44.45,83.52,0.832,0,1,1,2,0,0
2020-10-10,15.5498,75.5898,16.14,85.68,990.49,138.46,2181.6,7.7,3.47,4.38,6.34,7.85,13.24,21.68,47.55,0.54,0,0,0,2,0,1
2020-10-10,19.3677,72.4027,12.97,79.34,1017.02,48.88,1300.8,45.7,10.87,25.18,36.45,41.83,49.02,67.17,125.72,0.95,0,1,2,1,0,0
2020-10-10,13.8953,-87.6394,13.95,88.6,1005.75,87.82,540.2,24.7,2.57,4.9,6.14,11.53,16.44,38.01,45.98,0.563,0,0,1,1,0,1
2020-10-10,18.9213,-66.1936,40.44,50.53,1016.5,122.37,621.3,30.1,1.27,1.88,2.39,3.67,5.05,6.59,12.64,0.05,4,0,0,1,2,3
2020-10-11,23.8915,90.142,16.54,48.92,1008.35,74.8,721.1,40.0,7.47,12.85,19.75,31.41,35.83,72.72,144.15,0.95,0,1,2,1,0,0
2020-10-11,18.3598,-66.384,34.35,41.16,975.62,124.83,114.8,26.1,5.71,12.32,16.12,28.63,33.04,76.29,108.05,0.55,0,1,1,2,0,1
2020-10-12,-6.6278,106.7751,30.62,35.29,1012.87,16.86,1609.4,29.3,8.02,14.7,28.48,36.23,53.68,98.73,147.63,0.805,0,1,2,0,0,0
2020-10-13,13.7715,100.6488,42.98,39.2,972.12,58.85,948.1,5.3,5.02,8.22,16.37,30.15,33.68,80.37,153.51,0.747,2,1,1,1,2,1
2020-10-13,23.6047,90.265,21.91,54.24,983.91,124.4,807.1,2.5,3.91,8.7,14.37,17.42,20.93,47.52,60.5,0.425,0,0,0,2,0,1
2020-10-13,18.551,-66.0094,45.61,78.98,984.56,24.3,2093.2,40.5,0.62,0.78,1.57,2.76,4.84,7.89,14.66,0.05,9,0,1,0,3,3
2020-10-14,15.4908,75.6768,44.82,27.35,983.4,152.09,1161.2,41.5,3.11,5.13,7.48,9.44,15.42,25.66,43.91,0.05,9,0,1,2,3,3
2020-10-14,18.2527,-66.2557,27.71,39.05,971.13,89.8,580.1,13.7,8.11,16.81,27.81,46.25,65.16,149.52,205.81,0.95,0,2,2,2,0,0
2020-10-15,13.2904,79.9393,30.3,63.46,962.41,13.34,1116.4,29.7,0.35,0.82,1.71,2.63,4.64,6.57,8.05,0.063,0,0,0,1,0,2
2020-10-15,20.5569,85.8489,14.71,77.09,997.69,135.43,665.8,14.5,4.6,7.0,11.31,17.15,26.9,43.4,89.33,0.775,0,1,1,2,0,0
2020-10-15,25.3811,83.3495,37.96,25.97,984.13,16.98,954.1,30.9,0.86,1.17,2.08,3.66,4.42,10.1,19.56,0.05,5,0,0,0,1,3
2020-10-16,-5.8383,107.1591,34.21,47.73,950.58,48.17,1563.5,37.1,5.95,12.67,18.9,31.28,55.63,75.87,146.53,0.822,0,2,2,2,0,0
2020-10-16,11.7312,92.7341,33.52,22.61,993.51,69.35,140.6,21.0,3.13,4.05,5.95,7.51,8.39,10.89,15.13,0.05,0,0,0,1,0,2
2020-10-17,25.2652,83.4376,23.16,38.91,1003.4,135.05,587.7,38.9,1.27,1.9,3.09,3.56,6.06,13.63,25.59,0.126,0,0,1,2,0,2
2020-10-17,11.4814,92.7434,36.02,93.14,1009.71,48.56,1822.4,21.9,5.26,11.91,16.97,21.91,30.74,38.79,73.15,0.553,7,1,1,1,2,1
2020-10-19,25.3519,-80.4899,34.01,82.02,964.76,151.83,335.9,15.5,2.36,5.12,7.88,9.8,13.97,24.75,30.1,0.252,0,0,0,3,1,2
2020-10-19,10.6887,-66.6937,38.94,67.06,963.84,56.1,989.4,34.1,2.69,5.62,7.55,9.71,11.07,21.06,45.6,0.236,3,0,1,1,2,2
2020-10-19,11.6759,92.458,45.25,73.14,961.25,60.62,1330.6,41.9,2.78,4.97,7.13,10.69,14.14,26.55,53.33,0.254,5,0,1,1,3,2
2020-10-19,14.0955,100.9863,10.34,39.22,1000.43,15.63,1773.8,19.8,2.21,3.22,5.88,11.03,15.23,20.39,24.82,0.239,0,0,0,0,0,2
2020-10-20,14.9221,75.9449,9.26,62.1,970.51,137.73,1280.8,28.4,10.19,21.57,34.39,50.95,79.15,113.99,146.89,0.95,0,2,2,3,0,0
2020-10-20,35.5784,139.3684,9.65,20.19,981.45,37.93,1109.7,23.7,2.14,4.16,7.54,10.68,14.27,23.43,29.76,0.19,0,0,1,1,0,2
2020-10-20,25.3547,82.5983,14.5,32.24,962.83,98.01,1172.5,41.5,4.66,8.38,12.37,21.84,25.24,50.91,66.84,0.432,0,0,2,2,0,1
2020-10-20,19.3301,72.6496,31.71,78.47,1006.49,23.43,1981.6,44.3,0.93,1.48,3.03,5.72,8.11,10.07,21.48,0.203,0,0,1,0,0,2
2020-10-21,25.986,-80.6432,41.26,42.11,1017.17,98.61,671.1,44.2,0.21,0.4,0.49,0.57,0.67,1.52,2.67,0.05,6,0,1,1,2,3
2020-10-21,13.3168,80.1005,42.87,87.14,954.65,76.34,1957.8,40.2,9.53,13.76,21.65,40.35,52.04,83.36,118.84,0.749,6,1,2,2,3,1
2020-10-21,14.511,-86.8893,39.77,87.86,1021.76,79.9,1572.9,1.0,2.98,5.27,10.89,19.83,32.88,41.7,66.8,0.455,5,1,0,1,2,2
2020-10-21,10.323,-67.0919,25.14,94.66,954.23,51.42,553.7,47.8,1.22,2.03,3.98,7.34,12.89,24.1,44.91,0.482,0,0,1,1,0,1
2020-10-22,12.8577,80.5097,33.4,68.34,953.08,66.18,1260.7,14.5,7.45,16.43,27.02,37.07,61.58,88.45,112.47,0.71,0,1,2,2,0,0
2020-10-22,18.7734,73.0573,37.69,92.85,977.31,38.87,544.6,23.9,0.66,1.32,2.02,2.74,3.9,7.22,9.69,0.14,6,0,0,1,2,3
2020-10-22,35.288,139.3694,37.08,72.66,981.39,142.46,1997.6,32.0,2.04,3.58,4.86,8.38,14.3,31.36,54.79,0.336,3,0,1,2,1,2
2020-10-23,-6.4571,107.2484,26.26,88.67,998.23,65.29,704.2,18.3,2.49,3.94,8.16,15.07,25.76,43.95,83.12,0.684,0,1,1,1,0,0
2020-10-23,10.0694,-66.701,35.75,16.19,1019.35,14.04,377.5,16.7,4.54,9.27,13.18,17.95,30.06,53.99,89.53,0.308,9,1,1,0,2,1
2020-10-23,20.0014,85.5039,44.83,72.39,974.87,154.98,831.1,39.2,5.37,11.1,20.01,23.75,42.67,59.45,106.78,0.589,2,1,2,3,2,1
2020-10-24,10.2554,76.7869,31.22,91.37,1006.6,48.19,285.3,41.0,6.55,9.24,11.6,19.37,31.1,43.93,82.07,0.644,0,1,2,1,0,1
2020-10-24,22.4681,88.3356,31.29,40.69,986.72,149.29,153.4,42.0,0.32,0.63,0.95,1.12,1.83,3.73,6.86,0.05,0,0,1,2,0,2
2020-10-25,22.644,88.5562,26.3,42.53,1011.58,25.62,2191.9,16.4,2.16,5.0,9.43,10.93,16.45,25.87,44.2,0.23,0,0,0,0,0,1
2020-10-25,23.8201,89.9237,25.71,44.5,954.37,36.21,1411.1,15.6,0.45,0.92,1.54,1.74,2.73,6.1,12.05,0.05,0,0,0,1,0,2
2020-10-25,-6.6256,106.8654,35.24,38.99,1017.12,75.89,794.2,36.6,1.89,3.94,7.26,12.19,20.72,45.96,85.7,0.392,9,0,1,1,2,1
2020-10-25,13.9621,100.0658,8.29,46.43,1008.69,70.78,1370.7,28.5,0.33,0.47,0.95,1.39,1.94,4.08,5.08,0.167,0,0,0,1,0,2
2020-10-26,23.9712,90.0552,15.92,46.71,978.25,28.13,1346.2,35.9,1.02,2.11,4.1,4.56,7.7,11.24,13.68,0.153,0,0,1,1,0,2
2020-10-26,13.8533,100.2929,34.21,47.36,975.02,132.8,2051.8,44.2,6.06,8.2,10.33,11.85,21.17,38.14,50.16,0.218,0,0,1,2,0,2
2020-10-26,35.5176,139.1935,26.83,44.52,971.74,107.02,519.6,34.2,9.57,17.97,31.45,36.33,61.95,95.56,173.45,0.95,0,2,2,2,0,0
2020-10-26,18.2047,-65.9561,26.66,51.96,964.25,32.56,595.2,29.2,1.88,3.19,4.35,7.53,11.97,20.53,27.56,0.166,0,0,1,1,0,2
2020-10-26,29.7559,-90.2551,42.6,49.27,973.55,79.45,149.5,7.8,0.87,1.9,3.53,4.43,5.73,13.37,17.19,0.05,9,0,0,1,3,3
2020-10-26,18.5555,-66.0585,43.52,49.95,999.44,142.51,1301.0,15.1,1.8,3.79,7.0,11.89,19.27,44.41,87.22,0.377,2,0,1,2,2,2
2020-10-27,13.8976,100.5944,10.56,83.19,975.86,127.27,607.5,0.5,0.61,1.07,2.19,2.59,4.4,8.06,16.33,0.384,0,0,0,2,0,1
2020-10-27,28.9662,76.8127,21.99,59.52,976.06,71.66,1431.6,19.4,3.39,5.96,10.68,13.99,17.07,20.76,37.41,0.304,0,0,1,1,0,1
2020-10-28,24.9178,82.9576,25.32,79.85,1001.44,99.18,2183.1,1.4,2.85,6.11,10.31,14.01,16.75,37.94,63.39,0.529,0,0,0,1,0,1
2020-10-28,20.2457,85.9401,14.62,68.69,977.23,37.1,639.7,17.6,1.05,1.83,2.25,2.98,4.14,7.96,11.71,0.253,0,0,0,1,0,2
2020-10-28,30.0695,-89.5905,18.21,66.19,993.47,22.63,1249.7,3.8,0.72,1.65,2.16,3.38,4.48,8.36,12.0,0.21,0,0,0,0,0,2
2020-10-28,13.0462,80.4246,17.89,91.28,1000.61,4.06,492.7,32.9,5.06,11.17,16.34,30.14,44.82,91.25,163.95,0.95,0,2,2,0,0,0
2020-10-28,13.437,100.2757,37.78,62.77,985.89,68.08,2099.4,16.8,7.77,11.89,15.95,20.8,30.15,69.68,95.97,0.542,9,1,1,1,2,1
2020-10-29,-6.5931,106.5516,21.68,75.57,1001.82,10.16,572.3,32.8,1.11,2.42,2.97,3.72,4.82,11.14,22.24,0.285,0,0,1,0,0,1
2020-10-29,24.0024,90.5428,44.98,73.37,1021.78,77.87,1455.7,25.1,2.28,4.32,5.34,6.67,8.34,13.84,22.62,0.066,7,0,0,1,3,3
2020-10-30,28.9465,76.9523,22.23,48.83,948.1,132.42,1216.8,26.5,3.69,5.39,9.0,11.5,15.99,31.22,44.83,0.3,0,0,1,3,0,1
2020-10-30,12.1219,92.9802,27.81,78.66,1002.48,120.69,1953.0,15.0,1.58,3.44,4.25,6.42,11.2,25.33,50.77,0.422,0,0,0,1,0,1
2020-10-30,12.9868,80.7243,45.51,75.35,1025.95,143.89,1466.6,13.0,4.95,10.09,17.46,28.95,44.28,80.73,130.46,0.744,7,1,1,2,3,1
2020-10-31,14.4413,120.8229,18.18,22.89,956.36,123.3,1047.1,6.8,1.46,2.65,5.21,8.41,10.29,14.31,23.07,0.083,0,0,0,2,0,2
2020-10-31,15.1832,76.1106,19.65,67.55,1019.02,25.32,1657.8,43.9,3.89,5.1,7.42,9.29,16.15,38.61,63.04,0.522,0,0,2,0,0,1
2020-10-31,23.0488,88.6618,37.07,26.94,968.58,37.36,505.4,17.9,4.92,8.31,13.97,16.74,25.61,61.44,118.52,0.526,5,1,1,1,1,1
2020-10-31,28.9173,76.7377,46.13,29.75,960.17,92.47,812.9,31.7,1.07,1.83,3.84,5.37,6.23,13.03,23.31,0.05,6,0,1,2,3,3
2020-11-01,20.5234,85.981,36.76,50.22,990.97,67.0,1059.9,30.6,0.85,1.36,1.97,3.43,6.03,10.23,13.06,0.05,7,0,0,1,2,3
2020-11-01,13.9094,100.3717,15.78,67.91,1021.38,145.35,1408.4,42.3,1.71,3.87,5.81,9.66,16.84,31.63,46.64,0.457,0,0,1,1,0,1
2020-11-01,22.747,87.9515,9.75,66.16,976.47,78.66,1268.6,37.1,2.85,5.45,8.17,9.81,15.48,18.58,28.4,0.39,0,0,1,1,0,1
2020-11-01,11.2549,92.6633,14.36,82.35,981.15,30.35,1277.3,36.8,0.53,0.86,1.18,1.91,2.28,4.87,6.86,0.287,0,0,1,1,0,2
2020-11-02,23.3602,89.9829,34.01,32.52,1016.66,63.4,703.5,7.7,1.08,1.32,2.28,4.04,6.0,8.78,10.83,0.05,0,0,0,0,0,3
2020-11-02,14.3904,-86.9195,11.26,77.45,1000.71,145.81,913.1,37.8,3.1,6.12,10.36,17.85,20.16,26.14,33.88,0.461,0,0,1,2,0,1
2020-11-02,18.4009,-66.3901,38.07,15.66,1008.51,124.28,421.8,40.9,4.36,8.47,16.03,20.88,25.22,32.35,52.81,0.055,2,0,1,2,1,2
2020-11-02,28.1713,77.2256,9.13,72.26,984.99,21.02,515.8,3.6,2.99,5.82,9.63,16.89,28.76,55.76,67.62,0.668,0,1,1,1,0,1
2020-11-02,30.1669,-90.124,32.63,19.39,1002.95,79.03,1177.6,43.3,6.23,11.45,19.7,34.39,47.73,95.72,166.63,0.833,0,2,2,1,0,0
2020-11-03,18.9937,72.9535,13.5,21.61,1012.01,59.0,676.6,12.7,0.27,0.64,0.98,1.21,2.06,4.26,7.93,0.05,0,0,0,0,0,2
2020-11-03,19.4054,72.6637,14.04,77.83,964.98,148.42,1428.3,21.1,1.49,2.15,3.96,6.37,10.98,21.05,28.83,0.406,0,0,1,3,0,1
2020-11-03,28.5712,77.6399,10.08,52.75,1001.01,105.66,896.7,45.2,0.64,1.15,2.1,3.48,5.41,8.28,11.23,0.218,0,0,1,1,0,2
2020-11-03,23.4025,90.679,31.38,30.64,994.7,149.83,2367.2,43.7,4.48,10.12,15.88,21.81,39.18,88.49,116.33,0.581,0,1,2,2,0,0
2020-11-03,28.7436,77.5848,10.45,86.94,949.22,25.58,269.5,9.1,5.69,11.51,20.93,38.46,52.86,63.64,117.08,0.95,0,2,1,1,0,0
2020-11-04,14.9021,120.5753,20.92,25.76,1005.74,52.74,1752.8,8.2,14.92,32.29,47.15,79.8,95.37,189.23,238.36,0.95,0,3,3,1,0,0
2020-11-04,-6.5629,106.5257,32.52,31.3,1022.46,108.37,2304.1,14.4,1.33,2.92,4.19,5.81,9.99,18.19,27.29,0.05,0,0,0,1,0,2
2020-11-04,16.7556,81.3391,37.39,77.42,957.93,27.13,172.0,15.7,2.25,5.39,8.56,14.39,22.81,32.97,41.49,0.271,8,1,1,1,2,2
2020-11-04,35.2116,139.3328,12.89,35.48,998.26,27.53,807.7,8.9,5.63,12.9,25.35,28.44,37.6,73.89,88.72,0.599,0,1,1,1,0,0
2020-11-05,10.1813,-66.7389,20.96,70.19,1000.12,90.72,1889.9,3.0,3.57,6.76,9.45,11.05,15.79,23.76,46.87,0.421,0,0,0,1,0,1
2020-11-05,13.5276,100.186,17.89,82.01,995.66,14.53,2134.1,42.1,2.97,5.18,8.08,12.78,21.59,40.57,53.94,0.547,0,0,2,0,0,1
2020-11-05,10.022,76.6633,32.52,38.65,976.16,57.16,1106.3,32.5,5.34,10.67,13.06,23.74,35.77,82.42,178.35,0.95,0,1,2,1,0,0
2020-11-06,25.6435,83.1532,46.58,22.97,984.19,151.15,2117.2,47.6,3.06,6.14,8.83,12.95,14.43,29.78,63.31,0.077,7,0,1,2,3,3
2020-11-06,10.2499,76.7335,44.54,57.83,1027.03,47.51,1025.7,8.8,2.18,3.1,3.9,4.32,5.9,13.44,22.01,0.05,5,0,0,0,3,3
2020-11-06,10.1523,76.5554,21.99,26.42,970.33,123.07,754.2,18.7,5.44,8.23,13.42,15.44,18.87,27.39,45.57,0.205,0,0,0,2,0,1
2020-11-06,13.7415,-87.1983,20.18,37.4,1019.82,9.23,1586.5,2.6,5.65,12.4,24.85,31.03,36.84,66.47,97.82,0.598,0,1,1,0,0,0
2020-11-06,10.5702,-67.039,45.06,52.02,960.37,84.91,2095.3,35.3,5.75,11.45,20.87,37.14,47.34,84.61,120.25,0.578,9,1,2,2,3,1
2020-11-07,25.2235,83.0374,31.73,89.52,978.32,60.92,10.5,29.6,0.11,0.2,0.38,0.59,0.76,1.63,2.4,0.133,0,0,0,1,0,2
2020-11-07,22.7341,88.6284,26.41,17.14,1009.0,14.57,1540.4,38.7,1.16,2.02,2.45,4.27,6.8,10.05,15.98,0.05,0,0,1,0,0,2
2020-11-07,9.7442,76.6917,37.13,91.02,1024.52,3.61,2376.9,32.9,3.61,4.4,8.69,10.57,17.82,21.72,40.09,0.327,7,0,1,0,2,2
2020-11-07,14.843,75.772,28.18,42.54,946.62,8.64,74.5,47.1,0.43,0.59,0.97,1.44,2.51,3.23,6.97,0.05,0,0,1,1,0,2
2020-11-07,19.1028,73.1556,28.97,42.94,1019.16,25.73,422.8,5.8,4.96,6.91,11.61,19.89,23.49,54.42,80.76,0.437,0,1,1,0,0,1
2020-11-08,16.9671,81.8523,9.9,58.81,1001.17,102.36,650.8,16.6,12.0,20.55,36.65,54.99,93.39,205.95,380.79,0.95,0,3,3,2,0,0
2020-11-08,10.4874,-66.9119,21.71,94.59,973.27,92.49,141.9,3.5,1.93,3.72,5.71,7.1,11.47,15.69,29.31,0.416,0,1,0,2,0,1
2020-11-09,14.8817,76.2026,22.87,45.57,984.88,108.77,1420.4,23.5,0.76,1.07,2.17,3.34,5.03,8.65,16.51,0.102,0,0,0,2,0,2
2020-11-09,28.3907,77.1358,33.52,45.09,985.72,127.06,720.6,29.7,1.06,1.88,2.3,4.1,4.65,6.83,10.47,0.05,0,0,0,2,0,2
2020-11-10,28.8986,77.4111,17.11,93.45,976.98,145.6,659.6,10.9,0.84,1.09,2.19,4.13,7.3,16.22,33.2,0.477,0,0,0,2,0,1
2020-11-10,9.8043,77.2677,13.94,20.8,1014.0,20.97,73.1,3.6,1.6,3.07,4.78,7.0,12.2,25.75,39.68,0.216,0,1,0,0,0,1
2020-11-10,9.7881,76.903,12.92,59.18,953.48,32.98,1736.0,14.9,3.63,5.27,8.83,10.44,11.8,21.95,43.42,0.423,0,0,0,1,0,1
2020-11-10,13.2668,100.192,39.25,53.62,986.19,135.09,1183.6,32.8,5.8,13.28,18.54,34.86,61.9,96.37,174.79,0.95,9,2,2,2,3,0
2020-11-11,23.4696,90.5296,40.53,16.43,1001.95,154.81,1744.1,13.1,2.91,5.16,8.32,13.96,16.6,22.3,38.05,0.05,1,0,0,2,1,3
2020-11-12,22.944,88.5981,27.31,31.55,979.85,36.05,13.9,12.2,0.82,0.99,1.89,2.2,3.11,5.29,7.31,0.05,0,0,0,1,0,2
2020-11-12,10.8959,-66.7845,44.49,90.71,962.38,8.03,1779.7,39.8,12.03,27.28,47.48,72.36,81.01,121.19,201.13,0.95,6,2,3,1,3,0
2020-11-12,-6.3761,107.2404,25.24,30.96,982.35,26.05,1342.5,32.0,0.23,0.52,0.71,0.91,1.42,2.5,4.25,0.05,0,0,0,1,0,2
2020-11-12,-6.4136,106.9019,25.51,47.11,955.52,122.46,577.4,22.3,7.45,11.79,14.53,26.32,38.05,68.36,119.73,0.731,0,1,1,3,0,0
2020-11-12,20.4444,86.198,29.7,71.84,945.91,131.49,1959.8,1.5,2.74,6.27,8.55,11.82,15.74,25.61,31.8,0.255,0,0,0,3,0,2
2020-11-13,25.6686,83.2188,25.08,25.93,1023.63,110.07,1442.3,27.1,4.49,8.26,11.52,12.74,17.43,32.7,51.4,0.211,0,0,1,1,0,1
2020-11-13,13.4187,80.0514,27.14,83.94,955.9,114.29,2263.3,16.3,1.6,2.08,3.7,5.71,6.44,13.54,27.48,0.307,0,0,0,2,0,2
2020-11-13,23.8979,90.241,45.0,56.42,978.99,140.88,321.9,42.9,1.74,3.26,5.46,8.7,15.31,35.85,72.82,0.302,9,1,1,2,3,2
2020-11-13,18.6385,72.8304,27.73,95.16,978.81,94.21,236.0,42.6,5.74,10.49,14.32,20.63,26.99,64.6,109.23,0.863,0,1,2,2,0,0
2020-11-13,13.4703,100.753,15.59,66.94,990.16,3.46,941.4,43.6,8.0,11.56,17.85,27.64,46.9,86.22,186.94,0.95,0,2,3,0,0,0
2020-11-14,12.0947,92.3419,17.28,89.79,961.64,23.43,1054.0,24.1,5.98,12.65,18.92,26.64,40.06,74.59,153.81,0.95,0,1,2,1,0,0
2020-11-14,15.6227,75.4756,29.38,38.16,945.41,78.74,2147.1,31.1,0.06,0.1,0.14,0.23,0.33,0.46,0.76,0.05,0,0,0,2,0,2
2020-11-15,19.9,86.3056,18.11,36.68,1024.68,31.47,547.8,17.5,3.98,6.83,10.11,13.29,15.78,29.28,43.14,0.272,0,0,0,0,0,1
2020-11-15,20.5792,86.272,41.47,23.11,1003.46,30.61,1761.3,31.0,4.1,8.05,12.53,20.0,25.29,38.66,48.91,0.05,5,0,1,0,2,3
2020-11-15,19.0093,72.7574,26.46,22.88,1015.7,18.56,1467.3,32.2,1.79,4.11,5.12,8.98,13.36,25.83,56.49,0.217,0,0,1,0,0,1
2020-11-15,19.4247,72.5199,23.41,89.8,1025.61,141.16,1093.0,37.5,0.58,0.76,1.51,1.7,3.03,6.08,9.85,0.257,0,0,1,1,0,2
2020-11-16,30.2122,-89.6006,12.41,38.28,984.96,16.29,37.8,6.5,4.69,8.25,13.21,14.74,23.55,33.97,43.85,0.335,0,1,0,0,0,1
2020-11-16,10.523,77.1935,30.27,58.55,949.01,124.97,411.0,7.3,1.93,3.12,4.02,4.9,8.79,18.3,32.91,0.197,0,0,0,3,0,2
2020-11-17,-5.7602,106.9037,41.5,56.85,962.26,95.76,686.2,7.5,0.32,0.48,0.89,1.58,2.69,4.1,7.63,0.05,7,0,0,2,2,3
2020-11-17,22.7946,88.0442,17.49,41.27,1027.33,57.21,1260.0,13.5,0.54,1.07,1.81,2.09,3.59,6.5,9.98,0.091,0,0,0,0,0,2
2020-11-17,28.4788,76.8721,15.13,63.04,1008.04,121.72,665.4,18.7,0.93,1.16,1.91,2.93,5.14,10.56,22.54,0.29,0,0,0,1,0,1
2020-11-17,29.5934,-90.4023,20.1,57.05,993.53,12.2,1564.2,23.7,2.69,5.92,8.93,11.07,16.45,38.39,65.95,0.489,0,0,1,0,0,1
2020-11-18,13.4557,80.0414,32.69,74.85,966.34,112.07,69.4,18.3,3.45,4.74,9.2,11.85,18.45,31.11,55.87,0.392,0,1,1,2,0,1
2020-11-18,18.8381,-65.931,27.88,84.36,1018.83,109.29,62.0,28.9,6.03,11.18,22.82,41.48,61.01,102.78,129.0,0.936,0,2,2,1,0,0
2020-11-19,10.0032,-66.766,8.84,48.85,987.76,105.36,1597.2,47.3,1.74,2.35,3.46,5.93,7.54,16.44,32.98,0.348,0,0,1,1,0,1
2020-11-19,11.514,92.333,12.16,93.05,965.32,16.4,1847.7,20.2,6.5,14.34,30.02,52.33,65.41,124.52,214.95,0.95,0,2,2,1,0,0
2020-11-19,28.8958,77.1504,37.4,79.69,998.34,145.58,2357.6,45.5,6.08,12.44,22.35,26.44,34.11,41.16,55.05,0.366,6,0,2,2,2,2
2020-11-19,11.6951,92.4331,26.14,34.97,1024.26,77.39,1260.7,28.9,7.63,14.04,23.68,30.6,46.57,77.18,142.53,0.812,0,1,2,1,0,0
2020-11-19,12.9771,80.0978,31.76,47.13,995.5,116.62,835.4,18.2,3.48,6.08,10.18,19.2,21.71,42.93,91.14,0.495,0,1,1,2,0,1
2020-11-20,25.8311,-79.7572,27.1,43.27,1021.84,36.56,957.6,8.2,0.48,0.74,1.43,2.01,2.47,3.01,5.26,0.05,0,0,0,0,0,2
2020-11-20,20.4209,85.6696,27.51,89.21,1021.35,10.44,1969.9,2.3,1.6,2.96,3.95,6.7,7.41,10.39,18.5,0.271,0,0,0,0,0,2
2020-11-20,10.0336,77.3029,10.29,76.23,1004.75,146.87,1979.0,27.8,0.93,1.68,2.17,3.24,4.0,9.29,14.93,0.346,0,0,1,2,0,2
2020-11-21,28.8729,77.052,25.62,53.58,986.29,49.09,912.3,19.1,2.52,3.45,6.0,9.19,16.43,36.96,61.45,0.395,0,0,1,1,0,1
2020-11-21,15.5564,75.4899,16.33,69.67,1021.94,44.83,1625.2,7.3,0.45,0.6,0.79,1.01,1.51,3.2,4.25,0.195,0,0,0,0,0,2
2020-11-22,18.8293,-66.4653,14.05,61.63,980.26,62.8,839.9,32.4,2.56,4.72,6.97,11.09,15.33,32.55,56.3,0.504,0,0,1,1,0,1
2020-11-22,16.2688,81.3588,31.41,62.86,969.02,33.76,1835.3,44.9,0.19,0.26,0.46,0.8,1.32,2.72,5.68,0.05,0,0,1,1,0,2
2020-11-22,13.3137,100.846,43.85,93.54,985.18,59.31,680.1,24.2,9.54,13.16,20.76,37.98,51.06,108.33,172.16,0.95,5,2,2,1,3,0
2020-11-22,12.145,92.4572,17.41,48.07,1018.1,6.35,738.7,23.6,3.44,4.24,6.66,9.16,10.25,16.67,35.54,0.282,0,0,1,0,0,1
2020-11-22,23.5188,90.5518,31.17,78.08,1025.49,23.23,2072.8,30.4,4.55,9.5,17.59,32.34,38.36,59.08,124.26,0.848,0,1,2,0,0,0
2020-11-23,25.2978,-80.0963,28.26,55.56,968.87,43.32,1830.4,14.7,3.14,7.23,12.02,19.03,32.59,67.31,81.68,0.506,0,1,1,1,0,1
2020-11-23,35.3948,139.4283,21.36,21.38,977.61,104.5,1128.8,18.7,0.44,0.66,0.85,1.48,1.77,3.39,5.23,0.05,0,0,0,2,0,2
2020-11-23,-5.7938,106.9927,37.62,96.59,1023.86,12.3,56.4,24.1,1.11,2.0,2.56,4.68,7.68,14.3,23.81,0.246,2,1,0,0,1,2
2020-11-23,35.9862,139.3227,33.33,92.06,960.42,44.03,225.6,40.3,2.08,4.76,7.48,10.88,15.38,29.76,58.51,0.481,0,1,1,1,1,1
2020-11-23,10.7745,-66.8862,23.49,48.22,1024.2,81.32,2367.1,41.5,3.57,4.32,6.33,9.08,14.14,23.68,48.02,0.306,0,0,1,1,0,1
2020-11-23,22.4923,88.0916,15.24,32.14,1015.47,144.87,936.4,1.0,7.73,16.62,26.17,41.76,72.66,173.3,288.71,0.95,0,3,2,2,0,0
2020-11-24,14.2016,100.9448,31.48,52.76,974.56,146.9,1447.8,28.0,0.92,1.16,2.38,3.22,4.54,6.07,12.36,0.05,0,0,0,2,0,2
2020-11-24,18.5212,-66.5882,20.91,84.93,951.14,11.5,1063.6,19.9,0.62,0.94,1.95,2.95,3.43,4.32,5.37,0.23,0,0,0,1,0,2
2020-11-24,14.2079,120.712,29.43,80.1,967.35,101.99,699.8,28.4,3.25,4.38,7.42,8.23,11.94,24.32,30.96,0.29,0,0,1,2,0,2
2020-11-24,13.8799,100.1057,36.41,54.68,1015.45,123.31,657.9,9.6,2.54,3.29,5.82,6.46,10.74,24.37,53.52,0.252,6,0,0,1,2,2
2020-11-25,25.2397,82.5156,43.02,85.42,1003.36,39.14,1477.5,9.3,0.5,0.98,1.73,2.12,2.86,3.66,7.01,0.05,6,0,0,0,3,3
2020-11-25,23.4632,90.6087,23.84,67.06,947.14,132.79,273.3,14.0,5.94,9.02,12.92,20.44,35.41,51.57,93.9,0.675,0,1,1,3,0,0
2020-11-25,26.216,-80.5584,22.25,55.2,975.93,149.54,967.7,6.0,1.01,1.73,3.01,4.8,7.83,15.48,26.18,0.212,0,0,0,2,0,2
2020-11-26,-5.8448,107.161,17.68,42.15,1003.11,34.38,1252.2,26.1,8.71,14.66,20.37,25.24,32.94,50.55,98.58,0.647,0,1,1,1,0,0
2020-11-26,20.146,86.1965,40.4,92.59,1017.52,81.93,2122.2,44.2,1.84,2.83,3.65,5.41,9.53,17.85,33.34,0.262,6,0,1,1,2,2
2020-11-26,-5.9447,107.0465,45.98,35.39,957.12,54.41,1224.4,10.2,2.16,4.26,5.33,9.1,16.0,24.35,48.12,0.05,1,0,0,1,2,3
2020-11-26,10.1523,-66.6508,24.19,58.34,963.98,109.5,2350.3,20.8,21.61,32.48,42.5,80.7,110.01,245.46,301.8,0.95,0,3,3,3,0,0
2020-11-26,20.7518,86.1539,8.9,56.41,1009.39,50.03,1683.6,44.8,2.15,3.21,6.5,9.61,13.31,21.62,35.09,0.395,0,0,1,0,0,1
2020-11-26,19.1224,73.1773,10.2,34.13,945.61,67.59,1675.2,34.2,3.54,5.51,10.26,16.02,27.28,48.38,66.77,0.48,0,1,1,2,0,1
2020-11-27,22.3577,88.0879,31.73,54.54,1017.69,79.82,729.8,34.4,11.48,23.93,48.29,57.47,68.08,94.33,179.5,0.95,0,2,2,1,0,0
2020-11-27,15.3926,75.2336,40.86,64.17,952.97,125.86,353.0,42.4,2.58,5.36,11.12,16.07,22.85,50.06,65.59,0.33,1,1,1,3,1,2
2020-11-27,15.5957,75.2736,46.43,72.05,972.36,79.5,2382.8,23.2,5.43,7.7,15.07,18.7,33.58,44.64,70.6,0.347,1,1,1,2,2,2
2020-11-28,14.4634,-87.1941,22.01,18.4,1008.12,44.21,841.4,25.9,0.21,0.25,0.32,0.54,0.67,1.22,1.69,0.05,0,0,0,0,0,2
2020-11-28,24.0654,90.4447,34.46,90.18,953.38,51.96,2334.3,11.2,0.21,0.27,0.39,0.58,0.75,1.15,2.34,0.111,0,0,0,1,1,3
2020-11-28,19.5593,73.0492,33.54,38.51,945.02,21.42,2240.8,41.7,0.93,1.98,3.46,6.49,8.84,17.84,22.54,0.05,0,0,1,1,0,2
2020-11-28,10.9639,-66.4939,43.7,37.05,1019.35,17.83,1576.4,43.6,0.65,1.54,2.48,4.6,7.24,11.31,15.7,0.05,6,0,1,0,2,3
2020-11-28,14.8067,120.6974,29.07,22.28,992.15,18.72,428.5,19.2,5.62,12.3,17.89,27.38,31.91,76.5,141.83,0.723,0,1,1,0,0,0
2020-11-29,22.318,87.9232,14.78,49.03,967.37,144.34,1460.9,38.5,3.23,6.25,9.65,12.46,16.74,26.01,49.19,0.396,0,0,1,3,0,1
2020-11-30,15.0006,75.6452,34.49,93.12,970.45,25.19,1189.1,47.3,0.14,0.2,0.39,0.64,0.89,1.6,2.33,0.124,0,0,1,1,1,3
2020-11-30,16.3357,81.2541,9.05,69.98,982.11,150.8,1966.1,8.6,4.46,7.95,10.88,18.05,26.77,33.1,61.12,0.618,0,1,1,2,0,1
2020-11-30,22.3601,88.2692,29.39,61.3,995.32,91.32,1189.6,38.6,9.51,14.49,19.09,27.49,30.75,69.49,100.05,0.637,0,1,2,1,0,0
2020-11-30,36.1157,140.1412,16.76,56.61,1002.63,102.48,605.1,9.9,0.05,0.11,0.17,0.3,0.4,0.84,1.07,0.112,0,0,0,1,0,2
2020-11-30,16.4242,81.4701,24.81,41.47,993.32,58.79,1443.4,34.0,4.08,6.73,9.09,13.13,15.75,35.72,55.22,0.308,0,0,1,1,0,1
2020-12-01,30.1369,-89.6769,21.75,25.47,955.78,105.46,2060.9,46.2,3.46,4.92,6.37,11.15,16.78,32.59,64.58,0.322,0,0,1,2,0,1
2020-12-01,28.8913,76.8135,46.0,97.66,949.64,114.77,1311.1,34.0,12.12,24.55,47.95,86.0,145.08,248.28,353.2,0.95,9,3,3,3,3,1
2020-12-01,16.7101,81.9041,23.51,74.66,949.52,74.13,630.7,4.5,2.19,3.08,4.41,6.64,11.83,23.91,35.38,0.347,0,0,0,2,0,1
2020-12-01,19.2307,72.3822,26.25,45.65,1015.73,29.05,90.8,21.6,0.99,1.66,3.47,4.78,7.63,11.45,17.21,0.076,0,0,0,0,0,2
2020-12-01,13.3499,100.8812,33.52,55.46,975.4,100.75,2274.2,2.5,8.79,16.97,32.69,46.0,65.79,147.54,238.25,0.95,0,2,2,2,0,0
2020-12-02,14.8745,121.1921,39.52,61.87,1018.74,80.67,540.9,6.7,7.1,9.0,11.75,13.52,18.88,34.72,42.35,0.187,8,0,0,1,2,2
2020-12-02,11.2939,92.931,32.57,31.48,958.56,10.06,756.1,28.9,1.34,2.0,4.19,7.96,12.13,19.27,39.73,0.095,0,0,1,1,0,2
2020-12-03,25.6842,-80.1087,25.16,77.32,980.39,140.43,2382.4,42.1,5.57,11.48,19.57,33.85,51.52,121.29,253.43,0.95,0,2,3,2,0,0
2020-12-03,22.3004,88.5452,34.95,88.31,1023.7,76.47,1686.2,41.0,1.54,2.33,4.78,8.04,10.08,17.53,35.0,0.302,0,0,1,1,1,2
2020-12-03,15.5492,75.7102,14.73,45.54,958.43,61.25,1351.6,21.5,3.15,5.68,8.44,10.25,13.09,18.86,35.97,0.298,0,0,1,1,0,1
2020-12-04,11.4107,92.5593,27.78,97.5,989.93,71.68,1134.2,40.2,1.57,3.49,6.97,9.28,16.23,23.19,47.0,0.484,0,0,1,1,0,1
2020-12-04,25.1841,83.4213,34.39,96.5,960.52,33.12,242.9,10.5,0.4,0.61,1.05,1.84,2.15,2.99,4.45,0.154,0,0,0,1,1,3
2020-12-04,14.7934,121.2422,19.27,90.65,1015.82,21.9,2232.0,1.0,6.05,9.28,12.71,18.54,32.04,68.66,148.79,0.95,0,1,1,0,0,0
2020-12-04,35.7806,139.389,34.1,57.35,970.61,133.13,327.9,2.5,6.18,7.67,12.57,19.24,25.72,39.38,76.41,0.428,0,1,0,2,0,1
2020-12-04,13.9426,100.5909,44.0,52.3,991.52,51.68,1884.6,35.5,4.69,9.76,13.63,16.22,21.37,40.4,64.62,0.242,8,0,1,1,3,2
2020-12-05,20.1145,86.177,34.27,39.21,982.96,65.08,567.2,40.0,3.41,4.25,8.24,9.76,13.49,25.44,30.72,0.059,0,0,1,1,0,2
2020-12-06,16.3345,81.0337,23.28,27.78,976.28,98.11,1314.3,11.5,1.47,2.85,5.63,9.59,14.26,23.31,36.48,0.143,0,0,0,2,0,1
2020-12-06,24.933,82.7682,27.81,50.08,980.35,109.46,248.6,19.3,12.09,25.8,31.45,45.84,54.18,96.53,125.83,0.761,0,2,2,2,0,0
2020-12-06,9.8744,77.0245,13.6,30.39,960.11,80.47,2027.8,4.3,4.3,8.54,16.95,21.96,31.08,71.83,133.6,0.849,0,1,1,2,0,0
2020-12-07,18.0076,-66.5425,32.75,33.24,1027.27,145.19,2296.0,8.4,3.7,7.35,11.17,20.02,32.99,68.08,83.66,0.376,0,1,1,2,0,1
2020-12-08,16.5156,81.3844,11.56,46.1,996.63,154.38,611.3,7.0,1.88,2.59,3.17,4.92,8.44,18.85,24.52,0.258,0,0,0,2,0,2
2020-12-08,-6.1655,106.8346,29.68,80.67,950.29,56.65,2346.0,10.6,2.65,5.55,8.61,12.28,14.05,20.06,41.74,0.358,0,0,0,2,0,1
2020-12-08,10.9555,-67.275,10.08,44.69,950.95,26.6,2142.6,40.6,6.83,8.46,14.49,24.91,39.46,71.06,93.92,0.698,0,1,2,1,0,0
2020-12-09,36.0935,139.4641,13.7,36.03,964.16,44.77,542.8,21.0,5.08,6.26,8.59,14.34,17.27,36.09,61.89,0.426,0,0,1,1,0,1
2020-12-09,-5.7828,107.0282,38.6,72.54,1006.91,13.27,1416.3,36.3,2.92,3.55,4.93,9.22,14.69,29.76,55.36,0.325,8,0,1,0,2,2
2020-12-09,10.8377,-66.8111,30.42,31.74,978.03,75.15,1398.7,9.9,4.57,7.18,12.88,19.46,29.47,49.97,82.2,0.381,0,1,1,1,0,1
2020-12-10,10.1904,76.5774,21.73,55.73,1019.72,151.94,2331.0,11.4,2.4,3.63,5.56,6.26,7.59,12.72,19.9,0.18,0,0,0,2,0,2
2020-12-10,10.9585,-67.2883,38.8,19.55,955.26,85.37,70.0,40.1,7.23,15.06,29.22,47.84,57.37,70.9,145.21,0.644,7,2,2,2,2,0
2020-12-10,14.43,120.5866,17.58,91.69,974.64,97.16,420.5,36.6,13.4,28.74,50.42,73.54,98.67,168.02,256.78,0.95,0,3,3,2,0,0
2020-12-10,9.7803,76.8293,35.22,15.13,1017.34,6.65,1711.2,2.7,1.08,1.94,3.06,3.84,5.12,10.62,19.85,0.05,5,0,0,0,1,2
2020-12-11,15.0571,75.619,19.99,80.94,1018.3,65.4,1875.5,16.3,2.49,3.05,5.61,9.4,11.0,17.94,30.2,0.375,0,0,0,0,0,1
2020-12-11,13.4955,79.8956,23.78,51.97,1017.51,72.66,52.8,11.3,2.26,3.86,7.62,11.69,18.5,32.62,53.49,0.354,0,1,0,1,0,1
2020-12-11,28.5341,77.3818,33.81,41.23,976.98,114.31,688.5,29.4,8.29,14.03,24.25,44.69,59.81,126.29,246.91,0.95,0,2,2,2,0,0
2020-12-11,25.6183,-80.0366,10.52,66.61,1012.55,153.84,73.1,31.9,1.87,2.27,3.98,4.77,6.51,9.85,15.38,0.303,0,1,1,2,0,2
2020-12-12,20.4244,86.0007,27.09,96.81,965.09,104.84,1828.4,11.8,4.56,7.48,13.23,21.26,31.36,41.03,83.51,0.716,0,1,1,2,0,0
2020-12-12,25.4497,82.868,14.44,44.88,1020.02,125.22,1588.2,46.5,2.98,4.21,7.76,12.21,17.16,23.62,44.35,0.35,0,0,1,1,0,1
2020-12-13,15.1268,75.8769,18.06,33.64,959.92,114.77,2292.3,18.8,0.18,0.37,0.62,1.04,1.62,3.7,4.96,0.05,0,0,0,2,0,2
2020-12-13,28.7765,77.5075,44.49,64.6,1012.18,124.42,2237.2,37.1,4.82,7.14,8.95,13.55,16.09,37.89,56.45,0.242,2,0,1,1,2,2
2020-12-13,16.0469,81.1539,16.16,34.24,949.13,30.74,910.4,19.5,1.91,3.39,5.81,7.27,11.12,17.83,34.48,0.224,0,0,0,1,0,1
2020-12-14,12.9155,80.4488,19.09,91.29,955.54,68.1,1841.2,7.5,9.46,17.33,28.67,41.27,70.46,164.74,260.3,0.95,0,2,2,2,0,0
2020-12-14,28.6874,77.4352,12.08,58.35,1020.9,137.57,2276.4,43.3,1.32,1.91,3.84,6.41,8.75,17.99,27.11,0.325,0,0,1,1,0,1
2020-12-14,14.4788,-87.5217,16.77,47.27,954.27,19.47,1985.3,2.5,4.09,8.91,11.74,14.75,22.85,36.08,60.49,0.44,0,0,0,1,0,1
2020-12-15,19.2424,72.5399,24.02,55.64,979.48,5.67,806.2,8.9,0.36,0.85,1.48,2.49,3.29,5.5,7.9,0.084,0,0,0,0,0,2
2020-12-15,13.0557,80.3066,17.72,74.66,995.1,142.21,122.0,7.9,5.45,8.88,11.6,22.01,36.34,61.43,124.29,0.95,0,2,1,2,0,0
2020-12-15,18.6238,72.5599,32.36,21.74,982.53,115.08,1648.3,39.2,7.35,15.64,28.22,31.76,46.83,58.31,117.09,0.536,0,1,2,2,0,1
2020-12-16,11.3988,92.2986,36.09,75.78,972.6,2.45,755.7,25.9,2.61,4.32,8.81,13.05,15.63,22.39,28.99,0.198,9,0,1,0,2,2
2020-12-16,25.709,82.9281,45.47,83.79,1020.7,61.24,474.9,29.3,4.73,6.42,12.31,15.6,22.53,50.19,69.94,0.405,1,0,1,0,2,2
2020-12-17,19.2397,73.1687,43.25,18.68,971.76,89.08,1243.8,31.6,2.62,3.86,5.33,9.73,12.5,19.21,30.98,0.05,3,0,1,2,2,3
2020-12-17,13.795,100.1043,13.12,41.22,976.52,125.51,202.3,21.6,2.01,3.82,5.8,9.06,16.22,20.86,43.28,0.339,0,1,1,2,0,1
2020-12-17,14.1205,-86.9328,35.65,80.18,952.06,91.16,1971.1,41.4,0.1,0.23,0.28,0.45,0.71,0.94,1.17,0.05,2,0,1,2,1,3
2020-12-17,18.6128,-66.2014,44.38,72.89,989.67,28.72,331.9,9.7,3.45,4.37,7.07,10.38,18.09,29.74,62.35,0.318,4,1,0,0,2,2
2020-12-17,13.7077,-87.2277,46.88,39.76,1004.91,100.53,156.8,16.8,10.59,13.35,18.12,34.01,38.36,66.59,141.06,0.636,8,2,1,1,3,1
2020-12-18,22.1921,88.3122,20.33,57.1,948.45,24.7,2367.9,46.3,0.02,0.05,0.09,0.16,0.23,0.42,0.71,0.079,0,0,1,1,0,2
2020-12-18,28.7642,77.5175,13.18,52.04,955.6,15.51,1415.9,45.9,6.36,13.54,25.11,45.64,74.26,144.97,226.83,0.95,0,2,3,1,0,0
2020-12-19,18.5147,-66.0247,25.85,37.27,1014.89,49.98,2013.2,20.9,4.54,8.23,14.48,20.51,33.59,57.45,95.22,0.53,0,1,1,0,0,0
2020-12-19,28.6298,76.9977,28.93,89.41,1003.44,116.7,2284.7,32.0,2.12,2.68,5.4,8.49,13.39,24.19,38.55,0.384,0,0,1,1,0,1
2020-12-19,13.3191,80.088,37.9,74.69,1018.18,99.85,163.1,12.5,5.77,8.08,14.78,25.48,33.92,53.82,94.6,0.586,6,1,1,1,2,1
2020-12-19,10.3961,76.7248,9.36,88.78,998.25,100.46,2165.4,24.6,1.85,4.14,7.73,14.37,25.26,41.9,69.01,0.75,0,1,1,1,0,0
2020-12-20,35.6211,139.5693,8.25,58.9,979.65,123.79,1303.3,45.0,0.76,1.82,2.67,4.31,6.26,10.21,13.67,0.278,0,0,1,2,0,2
2020-12-20,18.9529,72.9321,25.76,72.22,958.02,134.72,1770.2,39.6,0.13,0.28,0.52,0.58,0.82,1.28,1.86,0.106,0,0,1,2,0,2
2020-12-20,-6.1842,107.3056,27.48,66.83,956.46,8.66,34.3,15.9,0.27,0.58,1.22,1.4,1.96,2.41,3.21,0.074,0,0,0,1,0,2
2020-12-20,18.9557,-65.8167,14.95,46.34,962.44,14.7,1617.7,28.1,1.21,2.58,4.9,7.31,8.53,19.64,36.7,0.304,0,0,1,1,0,1
2020-12-20,28.2911,76.8204,23.55,96.71,956.01,115.09,1011.3,42.4,4.42,8.29,16.94,31.0,35.24,50.43,94.61,0.817,0,1,2,2,0,0
2020-12-21,14.2579,121.3412,41.94,63.16,958.52,94.05,888.9,13.3,5.84,10.35,15.15,28.1,34.16,46.81,60.73,0.285,4,0,1,2,2,2
2020-12-21,13.9034,100.8422,14.55,96.3,1007.3,58.02,901.7,10.3,1.09,2.08,2.5,2.8,5.01,7.43,15.08,0.4,0,0,0,1,0,1
2020-12-21,22.3359,88.2984,10.97,37.73,961.59,37.47,1915.5,27.2,0.02,0.03,0.05,0.06,0.09,0.18,0.35,0.074,0,0,0,1,0,2
2020-12-22,13.3359,100.3077,19.11,26.26,965.77,57.4,1624.6,15.9,7.54,11.76,15.56,19.22,33.72,58.87,94.38,0.536,0,1,1,1,0,0
2020-12-22,10.5946,76.9642,34.85,87.34,947.81,63.86,1883.8,39.2,9.18,18.76,26.65,40.1,45.02,88.97,156.08,0.95,0,2,2,2,1,0
2020-12-22,22.9393,88.8569,31.13,31.88,997.07,124.72,610.2,2.4,2.05,3.21,4.68,7.86,9.46,18.74,23.64,0.05,0,0,0,2,0,2
2020-12-22,35.6558,139.3924,29.51,57.84,1023.52,64.44,2035.8,33.8,12.02,20.61,41.57,64.65,92.65,145.16,254.42,0.95,0,3,3,1,0,0
2020-12-22,15.1368,75.3825,35.78,41.32,989.78,107.71,1012.4,41.1,5.17,6.61,11.63,14.98,22.32,52.41,108.96,0.544,8,1,2,2,2,1
2020-12-22,-5.7152,106.7319,10.03,83.13,1023.48,120.2,1822.2,20.2,3.59,7.2,10.31,17.43,20.96,32.53,58.22,0.651,0,1,1,1,0,1
2020-12-23,23.9045,90.1096,32.76,34.04,982.07,57.22,295.3,14.0,2.82,3.68,4.58,7.02,9.86,14.06,26.89,0.05,0,0,0,1,0,2
2020-12-23,28.6212,76.8146,27.7,96.16,980.89,116.59,101.1,44.9,2.89,4.56,5.99,9.66,15.67,20.41,27.85,0.359,0,1,1,2,0,2
2020-12-24,14.5716,121.147,19.32,32.12,984.46,80.68,501.5,29.4,4.49,7.4,12.78,19.19,23.74,49.28,98.63,0.587,0,1,1,1,0,0
2020-12-24,10.4093,77.2999,40.91,65.1,973.6,92.45,2174.3,30.7,6.41,10.34,15.13,19.74,28.5,48.97,100.6,0.553,7,1,1,2,2,1
2020-12-24,16.1308,81.9609,39.34,97.36,983.65,36.77,554.4,38.4,3.25,6.37,8.76,10.55,11.68,26.84,41.74,0.346,5,0,1,1,2,2
2020-12-24,18.8858,72.9639,18.92,23.79,954.32,46.56,1474.8,38.7,8.03,15.65,18.86,23.56,27.56,45.09,76.71,0.416,0,1,1,1,0,1
2020-12-24,14.2218,121.1443,21.56,24.66,948.23,112.85,1549.0,13.9,1.23,2.87,6.0,8.87,14.74,30.72,46.0,0.204,0,0,0,2,0,1
2020-12-24,11.4474,92.7703,42.19,51.98,965.44,36.48,83.5,40.5,1.08,1.76,3.39,4.05,5.76,7.76,12.74,0.05,6,0,1,1,2,3
2020-12-24,18.6719,72.4327,38.19,54.04,969.5,115.11,1916.1,10.1,1.27,2.28,3.12,5.75,8.71,11.72,16.22,0.05,7,0,0,2,2,3
2020-12-25,15.7988,75.3246,22.96,76.88,961.95,104.91,1612.2,13.9,2.06,3.5,6.26,11.78,17.66,32.73,50.34,0.455,0,0,1,2,0,1
2020-12-25,12.631,80.3875,30.92,24.33,972.55,121.59,1050.0,30.3,3.65,8.08,12.06,19.9,35.29,73.27,123.82,0.603,0,1,2,2,0,0
2020-12-25,12.0739,92.5987,11.36,79.15,949.07,69.88,1230.9,26.6,6.62,9.58,15.3,20.19,30.55,57.12,113.53,0.95,0,1,2,2,0,0
2020-12-25,-6.6624,106.4914,26.38,43.09,999.58,16.75,1672.4,14.9,6.8,14.07,28.0,34.94,42.06,86.38,183.22,0.95,0,2,2,0,0,0
2020-12-25,19.1291,73.0334,45.4,69.04,1009.34,138.27,1822.7,27.2,2.23,4.88,9.25,12.89,18.68,36.65,45.02,0.182,3,0,1,2,2,3
2020-12-25,25.1954,83.3848,35.05,76.06,967.74,6.13,877.8,2.6,8.09,18.96,35.3,59.35,75.29,97.03,194.26,0.95,4,2,2,1,1,0
2020-12-26,11.9329,92.3982,29.59,35.36,957.47,2.97,2268.8,37.7,7.69,9.6,12.15,18.73,20.91,31.9,69.31,0.325,0,0,1,1,0,1
2020-12-27,30.3782,-89.6356,9.73,53.08,981.81,64.05,1977.0,33.9,0.4,0.65,1.13,1.59,1.98,3.87,6.97,0.196,0,0,1,1,0,2
2020-12-27,22.5561,88.2799,8.37,19.44,985.88,52.57,980.9,47.9,5.22,11.76,18.01,23.26,38.09,82.62,144.58,0.916,0,1,3,1,0,0
2020-12-27,30.3277,-89.9274,20.2,73.75,1005.05,52.81,1606.6,12.8,4.55,5.55,7.42,9.62,15.79,20.21,28.05,0.327,0,0,0,1,0,1
2020-12-28,28.785,77.051,46.64,74.66,987.65,90.64,1489.2,1.7,0.29,0.57,0.87,1.0,1.31,1.78,3.77,0.05,9,0,0,1,3,3
2020-12-28,25.9517,-80.4541,44.1,63.73,1004.12,68.71,1138.3,26.3,5.55,10.74,20.73,26.4,32.84,47.56,57.3,0.247,2,0,1,1,2,2
2020-12-28,15.3738,76.1524,43.54,44.4,964.84,41.86,681.3,14.1,1.03,2.28,3.29,5.89,10.48,16.08,28.38,0.05,1,0,0,1,2,3
2020-12-29,16.0711,81.2796,24.19,88.74,1013.42,98.4,2059.8,37.7,1.96,2.82,4.69,7.92,11.13,22.26,28.81,0.364,0,0,1,1,0,1
2020-12-29,29.6429,-89.9217,30.44,49.14,1018.43,108.55,2046.3,25.1,5.32,10.31,19.27,31.75,41.6,56.18,112.72,0.651,0,1,1,1,0,0
2020-12-29,20.56,85.8483,25.92,90.27,1017.38,111.95,59.8,16.7,4.01,5.43,10.43,19.1,25.74,52.69,71.04,0.619,0,1,1,1,0,1
2020-12-30,35.5967,139.629,20.61,92.39,1007.05,71.28,1091.9,47.8,1.64,2.15,3.62,6.54,9.87,21.24,26.65,0.399,0,0,1,1,0,1
2020-12-30,10.5623,77.0987,8.78,31.72,1008.73,18.25,104.5,29.7,0.12,0.17,0.22,0.34,0.54,0.77,1.28,0.072,0,0,0,0,0,2
2020-12-30,10.3066,-66.7934,42.53,35.33,1006.11,87.43,629.5,3.1,0.78,1.54,2.64,3.05,4.56,7.61,9.25,0.05,9,0,0,1,3,3
2020-12-30,20.3419,86.1094,16.22,34.04,983.94,43.09,244.1,8.5,0.56,1.33,2.5,4.69,6.6,10.12,20.22,0.134,0,0,0,1,0,2
2020-12-30,35.595,139.2908,26.58,42.03,1004.9,13.42,2194.8,1.5,11.48,20.15,31.66,41.32,45.74,69.97,91.62,0.522,0,1,1,0,0,0
2020-12-30,23.6963,90.0739,33.19,36.3,1023.33,100.97,529.4,8.4,0.65,1.54,2.18,2.69,3.27,5.28,9.58,0.05,0,0,0,1,0,2
2020-12-30,18.4049,-66.204,20.97,83.37,1025.23,52.79,450.0,9.9,1.79,2.26,3.7,6.24,9.18,21.7,36.06,0.414,0,0,0,0,0,1
2020-12-30,14.6537,120.6765,15.53,62.51,957.77,137.45,1018.4,45.6,3.8,8.36,11.38,20.3,25.02,59.33,87.8,0.692,0,1,2,3,0,0
2020-12-30,-5.7928,106.8898,45.28,49.92,953.51,150.75,674.7,31.7,0.54,1.11,2.31,4.36,5.18,10.99,20.49,0.05,5,0,0,3,3,3
2020-12-30,9.6569,77.1906,30.66,92.58,987.45,16.29,2150.2,28.3,0.26,0.32,0.46,0.55,0.85,1.63,3.33,0.163,0,0,0,0,0,2
2020-12-31,15.3976,76.0354,25.56,43.98,1027.48,27.93,521.8,32.2,1.03,1.77,3.61,4.74,6.91,14.4,18.31,0.082,0,0,1,0,0,2
2020-12-31,-6.2509,106.7,37.64,41.68,998.78,84.52,281.6,42.7,6.04,12.88,21.94,28.01,48.14,78.16,95.36,0.443,5,1,2,1,2,1
2020-12-31,20.1729,85.4979,17.23,67.13,1013.88,65.59,621.4,41.7,3.87,6.72,11.01,13.91,21.4,34.89,76.61,0.627,0,1,2,1,0,0
2021-01-01,19.9416,86.0722,14.22,53.19,1002.7,64.1,1355.6,36.6,2.45,4.73,7.14,9.94,12.24,29.26,52.87,0.443,0,0,1,1,0,1
2021-01-01,9.8251,76.6168,15.59,97.85,996.95,52.05,943.5,44.2,1.97,2.93,4.42,6.74,8.16,10.29,16.5,0.406,0,0,1,1,0,1
2021-01-01,11.9601,93.1146,46.89,17.49,1019.48,97.26,2336.2,22.6,6.58,8.39,12.6,14.54,25.92,56.52,116.01,0.378,3,1,1,1,2,2
2021-01-01,10.0594,-66.8045,33.61,47.39,1011.1,110.72,1367.0,36.7,2.0,3.86,4.77,6.97,10.62,12.79,20.42,0.05,0,0,1,1,0,2
2021-01-01,13.9518,-86.7342,38.51,25.65,979.6,31.31,2064.7,7.7,2.02,2.55,4.52,6.71,9.72,12.85,22.02,0.05,3,0,0,1,1,3
2021-01-01,-6.0583,107.1573,17.95,36.79,948.26,48.73,1787.6,2.8,0.87,1.78,3.39,4.96,7.88,13.12,17.84,0.116,0,0,0,1,0,2
2021-01-01,13.6827,-87.0386,10.18,71.79,996.9,105.39,628.3,25.1,1.57,3.42,4.32,5.7,8.68,12.55,23.5,0.381,0,0,1,1,0,1
2021-01-01,18.7594,72.375,37.3,77.57,992.96,140.37,1962.1,36.5,0.2,0.24,0.33,0.54,0.75,1.26,2.63,0.05,4,0,1,2,2,3
2021-01-02,10.1067,-67.2242,22.29,42.39,1005.03,94.89,378.1,7.2,0.26,0.53,0.79,0.88,1.18,2.59,3.75,0.05,0,0,0,1,0,2
2021-01-02,35.9764,139.3238,33.41,34.46,957.11,98.24,1082.2,8.5,1.38,2.16,2.8,4.31,7.04,13.31,26.97,0.05,0,0,0,2,0,2
2021-01-02,25.6505,82.7993,13.45,91.31,975.22,136.67,2354.0,19.3,5.24,7.35,11.36,18.9,23.53,37.27,65.74,0.704,0,1,1,2,0,0
2021-01-02,23.5972,90.2377,23.61,60.64,996.43,103.51,2007.4,10.7,0.45,1.0,1.34,2.52,4.26,7.67,16.73,0.166,0,0,0,1,0,2
2021-01-03,25.566,-80.6263,41.6,26.4,1024.05,52.31,1590.2,36.2,5.85,13.66,20.24,36.16,43.11,88.21,171.3,0.812,8,1,2,0,2,0
2021-01-03,18.4886,-66.181,18.55,52.02,1013.37,36.31,1938.6,42.8,0.78,1.87,3.11,4.79,7.33,15.86,29.39,0.252,0,0,1,0,0,1
2021-01-03,16.9729,81.2586,39.43,23.22,982.82,67.42,177.4,20.0,2.52,3.22,5.34,9.97,17.8,32.72,56.12,0.098,1,1,0,1,1,2
2021-01-03,15.1321,76.0291,19.35,51.55,1006.42,112.27,810.4,24.8,0.93,1.98,2.73,4.79,8.41,20.1,41.34,0.317,0,0,1,1,0,1
2021-01-04,25.8011,82.9014,40.6,18.89,1023.66,21.7,84.5,20.2,0.76,1.08,1.58,2.05,3.24,4.61,8.04,0.05,2,0,0,0,1,3
2021-01-04,36.1591,139.2364,29.08,88.47,968.23,11.44,1028.6,44.1,2.03,3.11,5.46,9.23,13.14,21.76,34.04,0.351,0,0,1,1,0,2
2021-01-05,30.2642,-90.17,39.25,97.8,1005.24,9.53,1425.0,14.8,10.38,21.33,40.62,62.92,111.8,157.05,249.6,0.95,6,3,3,0,2,0
2021-01-05,14.9774,121.4079,45.89,66.63,985.75,135.06,1721.1,9.1,0.03,0.07,0.12,0.18,0.32,0.53,1.02,0.05,5,0,0,2,3,3
2021-01-05,10.2151,-66.9701,33.53,64.99,968.4,61.89,685.7,26.0,5.7,12.84,23.76,35.33,62.56,117.4,197.06,0.95,0,2,2,2,0,0
2021-01-06,25.3513,82.9257,44.65,93.71,1003.96,66.76,430.3,23.9,5.49,10.58,17.72,31.53,41.59,92.83,152.19,0.95,6,2,2,1,3,0
2021-01-06,19.9732,86.2541,26.46,17.5,1020.08,149.28,169.8,29.4,10.92,22.23,37.0,50.82,82.23,196.14,360.75,0.95,0,3,3,2,0,0
2021-01-07,13.1209,80.6209,35.26,65.17,996.23,57.53,2018.5,29.8,0.89,1.32,2.61,4.18,5.76,8.21,14.86,0.069,7,0,0,1,2,3
2021-01-07,11.4123,93.0164,10.81,17.87,988.19,7.31,2271.4,8.3,2.32,3.83,6.4,8.11,13.84,16.82,29.8,0.169,0,0,0,0,0,2
2021-01-07,29.5038,-90.5479,21.01,47.18,956.48,114.94,2057.0,45.1,2.37,4.84,9.53,13.67,18.0,41.83,71.77,0.472,0,0,2,2,0,1
2021-01-07,35.4368,139.3509,12.28,82.44,964.33,56.4,350.4,9.8,5.23,7.92,12.7,15.51,24.42,50.65,79.1,0.757,0,1,1,1,0,0
2021-01-07,23.9879,90.807,41.08,68.28,997.22,76.72,2137.9,46.4,3.17,4.1,5.29,7.59,10.96,21.58,47.33,0.233,5,0,1,1,2,2
2021-01-07,25.8185,-80.4849,22.42,58.19,954.52,36.13,1648.0,39.9,3.64,8.02,14.0,24.47,43.75,56.85,95.49,0.657,0,1,2,1,0,0
2021-01-08,-6.3215,106.597,25.25,89.92,946.5,83.13,1758.1,22.5,0.95,1.84,3.84,4.35,5.38,9.62,17.29,0.287,0,0,0,2,0,2
2021-01-08,12.1225,92.3653,33.2,31.2,966.0,76.46,1749.2,41.0,0.32,0.74,1.51,1.67,2.43,4.63,8.12,0.05,0,0,1,1,0,3
2021-01-08,-6.1918,107.295,33.03,21.83,998.75,12.28,2202.6,41.1,0.08,0.12,0.21,0.24,0.42,0.96,1.31,0.05,0,0,1,0,0,3
2021-01-09,26.0407,-79.9815,44.38,83.68,1002.87,111.29,1109.2,44.2,4.15,8.61,17.01,22.44,37.36,53.59,82.81,0.494,6,1,2,1,3,2
2021-01-09,14.1353,100.4818,41.13,85.02,987.52,122.78,432.1,27.7,14.44,22.37,42.84,63.93,72.1,152.54,208.76,0.95,2,2,3,2,2,0
2021-01-10,26.1568,-80.0901,26.1,77.79,993.51,10.23,2136.5,15.0,0.52,0.68,1.26,2.1,3.34,7.68,11.9,0.191,0,0,0,0,0,2
2021-01-10,10.4573,76.9796,8.43,49.58,957.87,103.66,1701.7,8.9,7.68,13.29,17.66,30.22,49.95,98.26,201.77,0.95,0,2,2,2,0,0
2021-01-10,13.6394,-87.52,34.82,93.72,957.08,102.56,472.9,41.7,2.57,4.73,9.64,12.95,19.86,27.27,42.63,0.376,0,0,1,2,1,2
2021-01-11,10.9142,-66.8054,41.47,47.3,993.07,28.93,2365.2,44.6,2.31,4.31,6.87,7.57,9.55,12.62,19.22,0.05,9,0,1,0,3,3
2021-01-11,13.7223,100.1007,36.29,31.28,1008.06,136.55,420.7,22.0,7.31,13.05,25.24,32.12,36.77,46.75,101.56,0.447,4,1,1,2,1,1
2021-01-11,14.0148,-87.1671,23.11,19.33,984.73,115.22,1234.0,3.9,2.03,4.16,5.21,5.98,8.13,11.66,24.89,0.05,0,0,0,2,0,2
2021-01-11,28.8951,76.9938,38.37,35.64,1001.29,140.04,927.0,37.5,4.52,5.75,9.91,11.93,21.2,46.08,60.35,0.19,3,0,1,2,1,2
2021-01-12,10.0706,76.5968,37.73,37.49,1021.03,118.89,737.6,11.9,2.03,3.15,4.4,6.24,6.98,11.74,16.69,0.05,5,0,0,1,1,3
2021-01-13,23.0177,87.9415,26.11,57.79,1014.73,92.22,844.7,35.3,0.52,1.04,1.97,2.69,4.79,9.43,12.22,0.102,0,0,1,1,0,2
2021-01-13,10.0579,77.0852,40.67,17.77,952.99,99.48,1605.1,26.6,0.28,0.6,1.04,1.7,1.87,2.44,4.69,0.05,7,0,0,2,2,3
2021-01-13,13.6053,100.7625,8.08,62.47,998.58,152.45,1585.4,14.7,3.88,5.95,7.89,13.36,19.22,45.02,56.82,0.566,0,0,1,2,0,1
2021-01-14,20.4927,86.1127,13.95,73.94,1001.22,5.74,989.4,16.3,3.87,5.65,9.78,17.9,29.69,68.46,149.14,0.95,0,1,1,0,0,0
2021-01-14,29.9242,-89.6965,41.67,25.79,965.26,6.53,2358.8,11.7,1.6,2.45,3.03,3.97,4.64,7.76,16.81,0.05,4,0,0,1,2,3
2021-01-15,25.1091,83.1648,37.04,68.14,953.05,62.78,480.4,7.7,0.87,2.01,3.7,6.76,9.83,11.81,14.58,0.064,8,0,0,2,2,3
2021-01-15,13.2244,80.6823,33.6,66.62,996.48,68.75,705.9,20.5,6.35,10.23,20.21,24.92,37.07,49.34,81.04,0.504,0,1,1,1,0,1
2021-01-16,35.6967,139.5015,25.04,81.55,982.25,78.25,939.4,9.8,6.61,9.68,14.24,22.42,29.78,48.36,58.22,0.507,0,1,1,1,0,1
2021-01-16,29.752,-90.1982,33.73,79.33,962.69,43.78,485.4,14.6,0.41,0.67,1.03,1.8,2.99,6.45,11.4,0.125,0,0,0,1,1,2
2021-01-16,10.7384,-66.4277,29.56,23.76,965.19,121.32,1113.9,22.2,2.76,4.75,9.15,15.55,20.56,44.71,76.84,0.32,0,0,1,2,0,1
2021-01-17,30.3426,-89.8009,17.91,55.49,964.63,97.29,278.8,6.5,0.26,0.53,0.87,1.39,2.38,4.97,8.26,0.141,0,0,0,2,0,2
2021-01-17,20.481,85.5579,33.38,68.22,1007.4,39.78,41.1,42.2,0.81,1.38,2.24,2.8,4.1,9.42,13.86,0.093,0,0,1,0,0,2
2021-01-18,28.2322,77.3423,37.63,32.56,963.32,55.52,894.2,1.2,6.78,10.09,19.6,29.13,44.12,81.35,174.47,0.896,3,2,1,1,1,0
2021-01-18,22.4063,88.4326,37.16,37.85,1001.4,110.04,2036.5,26.0,3.66,5.28,9.84,17.42,26.4,35.34,53.46,0.168,1,0,1,1,1,2
2021-01-18,14.7339,121.25,17.76,15.4,977.92,76.22,1783.2,3.7,9.02,13.68,20.93,23.83,37.11,76.1,162.0,0.921,0,1,1,1,0,0
2021-01-19,14.1121,100.641,43.57,89.0,974.81,129.09,1228.1,22.6,1.51,3.04,5.29,7.4,12.09,20.01,35.71,0.232,5,0,1,2,3,3
2021-01-19,16.4774,81.2978,27.57,49.39,989.48,46.8,1276.7,33.1,0.23,0.54,0.73,1.01,1.44,1.8,3.15,0.05,0,0,0,1,0,2
2021-01-20,29.104,77.4702,25.32,24.69,1011.51,30.46,1579.1,31.8,3.56,8.02,14.86,20.24,26.72,32.78,69.11,0.314,0,0,1,0,0,1
2021-01-20,10.037,77.3537,16.64,72.97,1015.83,98.74,612.2,41.4,2.5,4.14,7.22,11.99,18.17,41.87,76.54,0.659,0,1,2,1,0,0
2021-01-20,13.0621,80.6061,33.45,69.51,1011.7,99.64,157.4,16.8,15.89,22.82,39.43,69.96,105.68,174.03,222.8,0.95,0,3,3,1,0,0
2021-01-20,23.3875,90.5977,19.51,82.84,964.74,68.41,1657.0,12.1,0.73,1.28,2.44,3.85,6.12,12.41,21.65,0.334,0,0,0,1,0,1
2021-01-20,25.3621,-80.3961,25.76,93.61,1009.08,19.89,1207.0,44.3,2.03,4.48,7.38,8.75,10.53,13.23,18.46,0.307,0,0,1,0,0,2
2021-01-21,9.9658,76.588,27.71,91.63,1004.81,67.88,1482.5,8.6,1.71,3.27,5.66,8.88,14.39,19.09,24.31,0.317,0,0,0,1,0,2
2021-01-21,19.4831,73.2703,11.61,61.51,947.24,149.86,820.5,33.5,5.82,8.93,16.73,29.54,37.48,89.61,109.39,0.858,0,1,2,3,0,0
2021-01-22,25.513,83.1707,38.42,38.03,945.04,10.9,1328.1,14.1,0.75,0.94,1.87,2.95,3.47,7.36,14.39,0.05,6,0,0,1,2,3
2021-01-22,35.3761,139.5912,16.23,70.82,1003.45,87.47,2168.9,5.8,0.68,1.17,1.54,2.39,3.3,5.09,6.97,0.218,0,0,0,1,0,2
2021-01-22,29.6145,-89.8569,10.62,19.13,948.39,139.9,317.0,14.5,14.91,34.49,42.72,65.83,101.61,128.53,247.82,0.95,0,3,2,3,0,0
2021-01-22,25.4573,-80.1553,44.15,23.78,1004.59,100.73,1878.9,27.3,1.51,2.31,4.74,6.89,11.64,24.07,44.68,0.05,2,0,1,1,2,3
2021-01-23,-6.3886,106.3603,43.71,36.46,953.53,69.18,1476.6,11.5,2.84,6.16,8.82,13.8,18.46,33.89,63.27,0.164,1,0,0,2,2,2
2021-01-23,15.5948,75.8595,43.15,16.77,957.87,97.53,159.9,31.1,14.5,32.69,56.61,102.76,121.4,211.92,345.15,0.95,7,3,3,3,2,0
2021-01-23,35.4677,139.8098,33.54,33.96,967.74,50.17,282.1,13.5,0.82,1.43,2.89,3.42,5.49,11.12,14.41,0.05,0,0,0,1,0,2
2021-01-24,11.9607,92.4882,46.48,42.83,1003.64,148.73,1967.4,28.9,0.65,0.92,1.51,2.81,4.87,6.82,10.15,0.05,8,0,0,2,3,3
2021-01-24,10.0382,-66.4848,29.42,74.31,999.8,44.83,2291.8,35.6,2.83,5.47,8.63,11.2,15.11,31.87,38.7,0.312,0,0,1,1,0,2
2021-01-25,10.0417,-66.601,23.5,43.22,977.55,102.77,1577.3,11.2,1.33,2.55,3.25,5.37,6.58,14.61,23.4,0.129,0,0,0,2,0,2
2021-01-26,13.7794,-87.4355,39.19,61.04,1013.55,98.61,1883.0,28.9,1.87,4.39,7.41,11.74,14.73,28.74,50.92,0.239,6,0,1,1,2,2
2021-01-26,16.526,81.8178,17.33,59.62,969.9,112.59,2248.7,34.2,1.54,2.96,5.92,7.79,9.21,12.5,21.19,0.246,0,0,1,2,0,2
2021-01-26,13.6922,-87.273,33.8,81.13,1012.65,93.45,848.9,2.9,0.13,0.17,0.35,0.61,0.84,1.48,2.87,0.079,0,0,0,1,1,3
2021-01-27,10.8287,-66.9818,9.4,41.29,963.04,110.98,1082.9,25.3,5.88,10.43,17.63,31.27,43.84,56.98,98.1,0.715,0,1,1,2,0,0
2021-01-27,25.3487,82.7793,28.68,44.07,977.55,138.86,503.7,13.8,2.43,3.82,7.65,12.29,17.85,34.36,41.91,0.202,0,0,0,2,0,2
2021-01-27,13.1485,80.3459,24.09,45.88,1009.44,54.14,2234.0,41.3,1.96,4.12,7.74,9.15,15.85,28.63,58.02,0.352,0,0,1,0,0,1
2021-01-28,18.7873,-66.4644,41.77,88.33,965.99,136.62,1638.2,41.4,1.07,1.77,3.08,5.25,9.39,12.04,20.97,0.153,1,0,1,2,2,3
2021-01-28,13.7325,-86.895,23.84,42.34,962.77,144.82,2114.4,10.0,1.52,3.21,4.45,7.0,11.13,22.09,42.11,0.239,0,0,0,3,0,1
2021-01-28,28.6602,77.4709,31.14,27.45,950.12,57.5,229.4,5.2,10.41,13.34,21.28,36.28,47.14,84.73,132.18,0.668,0,2,1,2,0,0
2021-01-28,12.7141,80.3102,15.3,29.93,980.26,117.44,2016.9,47.0,0.27,0.39,0.73,1.12,1.49,2.16,3.2,0.05,0,0,1,2,0,2
2021-01-30,16.8307,81.3842,41.45,89.06,973.64,56.83,209.7,12.7,0.25,0.53,0.72,0.84,1.02,1.69,2.74,0.05,6,0,0,1,3,3
2021-01-30,35.6403,139.4674,33.46,78.86,958.01,115.45,1439.4,3.2,5.26,8.73,13.07,19.06,25.58,41.08,82.49,0.57,0,1,0,2,1,1
2021-01-31,28.6696,77.3655,8.2,50.51,961.39,141.35,420.7,14.1,2.55,3.87,5.37,8.48,9.86,12.52,19.68,0.278,0,0,0,3,0,2
2021-02-01,29.9802,-89.9877,21.29,74.79,1019.01,126.27,1915.4,0.8,0.74,1.73,3.43,4.12,6.37,10.95,13.22,0.229,0,0,0,1,0,2
2021-02-01,19.9347,85.624,43.72,15.98,993.72,120.06,1757.6,31.1,1.85,4.26,6.37,10.83,18.94,25.65,55.07,0.05,3,0,1,2,2,3
2021-02-01,-6.0481,106.9707,19.38,60.63,977.37,12.08,1379.1,38.2,2.84,4.36,6.27,8.09,14.45,24.26,36.8,0.329,0,0,1,0,0,1
2021-02-02,29.0157,76.9557,40.2,20.97,961.3,47.9,1504.9,33.0,0.46,1.07,1.61,2.69,3.95,5.8,11.87,0.05,6,0,0,1,2,3
2021-02-02,-6.3538,106.7643,25.88,19.07,1007.73,83.52,2254.7,30.7,2.67,4.15,5.86,7.52,10.42,14.65,29.95,0.05,0,0,1,1,0,2
2021-02-02,24.0145,90.2708,44.59,18.67,991.64,123.4,2056.4,9.3,0.12,0.25,0.31,0.45,0.61,0.83,1.44,0.05,3,0,0,2,2,3
2021-02-03,15.0182,121.4733,10.86,93.12,1022.83,33.88,1886.2,28.1,0.12,0.19,0.27,0.49,0.85,1.06,2.06,0.337,0,0,1,0,0,2
2021-02-03,26.1184,-80.297,8.07,92.45,964.5,107.34,1237.2,16.0,1.16,2.68,5.42,8.19,10.49,13.88,18.83,0.465,0,0,0,2,0,1
2021-02-04,13.3898,100.4703,13.89,53.41,970.28,63.42,1298.4,24.2,0.53,0.71,0.94,1.67,1.86,2.68,5.78,0.153,0,0,0,1,0,2
2021-02-04,25.4616,-80.5625,30.21,69.49,954.59,74.83,858.1,46.7,0.18,0.28,0.57,1.08,1.81,2.34,4.12,0.067,0,0,1,2,0,2
2021-02-04,29.4936,-90.3527,12.7,25.19,991.92,43.32,943.0,19.5,0.69,0.83,1.63,2.73,4.32,8.02,15.25,0.094,0,0,0,1,0,2
2021-02-04,12.09,92.9371,11.04,88.43,1012.69,96.54,2268.0,31.2,0.85,1.76,3.13,5.91,7.39,14.17,28.06,0.477,0,0,1,1,0,1
2021-02-04,24.2266,90.4519,43.87,23.95,977.74,56.57,241.6,37.4,0.52,0.65,1.35,2.24,3.61,6.82,9.35,0.05,4,0,1,1,2,3
2021-02-04,10.0245,77.4707,38.41,64.54,982.0,17.3,1103.3,16.4,0.54,1.07,1.34,2.25,3.95,4.74,10.39,0.05,1,0,0,0,1,3
2021-02-05,35.3462,139.5266,31.92,76.79,978.37,15.75,65.1,10.9,4.62,6.77,13.67,22.16,37.75,62.78,137.08,0.916,0,2,1,1,0,0
2021-02-05,14.3172,121.2783,34.91,53.72,1027.63,69.44,631.8,16.3,4.4,6.87,12.38,20.66,35.81,62.73,105.99,0.589,0,1,1,1,0,1
2021-02-05,14.5776,-87.6704,17.59,96.47,976.87,144.85,1466.3,42.9,10.42,13.82,19.09,25.05,36.94,55.02,117.4,0.95,0,1,2,2,0,0
2021-02-06,13.5975,-87.2783,20.2,96.22,985.12,66.9,361.5,40.4,0.5,0.66,1.05,1.52,2.72,3.68,6.2,0.292,0,0,1,1,0,2
2021-02-06,19.1811,72.6133,21.49,60.02,978.96,149.3,1018.8,27.3,5.05,7.1,8.73,12.78,18.98,29.31,48.73,0.382,0,0,1,2,0,1
2021-02-06,13.1976,79.8222,36.02,71.46,979.97,5.91,56.3,25.8,6.4,12.28,19.55,35.3,43.7,71.29,125.85,0.784,6,2,2,1,2,0
2021-02-07,14.4031,-87.2049,19.47,91.71,1019.99,124.3,276.2,4.2,2.41,5.11,6.7,10.81,15.89,32.91,53.82,0.576,0,1,0,1,0,1
2021-02-07,10.3852,-67.3601,17.34,30.51,974.5,38.03,588.2,29.8,1.34,2.7,5.54,8.92,14.51,30.5,46.69,0.273,0,0,1,1,0,1
2021-02-08,25.5186,82.5029,31.31,45.51,1003.52,115.44,1672.5,45.0,0.95,1.36,2.38,3.75,5.46,6.58,11.55,0.05,0,0,1,1,0,2
2021-02-08,11.2178,92.7651,40.63,97.95,970.91,111.95,412.3,35.8,1.97,3.79,5.36,9.55,11.66,26.99,34.04,0.289,6,0,1,2,3,2
2021-02-09,18.8351,-66.2169,28.81,52.47,963.51,131.23,2182.4,36.0,0.17,0.23,0.35,0.54,0.82,1.08,2.33,0.05,0,0,1,2,0,2
2021-02-09,28.1279,77.0591,24.33,88.66,957.97,75.54,1294.1,42.8,0.04,0.09,0.13,0.23,0.32,0.51,1.12,0.189,0,0,1,2,0,2
2021-02-09,18.4101,-65.7205,44.59,46.56,1011.13,41.59,150.3,42.4,9.17,18.8,35.59,39.35,64.05,113.15,187.01,0.95,6,3,3,1,3,0
2021-02-10,28.3227,77.3036,16.3,70.51,990.06,129.43,302.0,6.7,2.85,6.66,10.48,14.27,21.76,50.41,102.68,0.814,0,1,1,2,0,0
2021-02-11,11.2477,92.5687,12.33,58.06,977.55,71.13,2319.0,7.0,4.92,7.85,11.47,15.1,20.3,33.06,48.62,0.456,0,0,0,1,0,1
2021-02-11,13.1365,80.5711,40.94,19.09,986.1,126.34,2036.4,40.1,3.25,7.78,10.61,13.15,14.77,35.26,54.58,0.056,5,0,1,2,2,2
2021-02-12,25.4864,82.5867,33.57,55.1,964.59,136.7,1835.4,29.1,4.2,7.13,10.97,13.47,22.39,37.11,70.22,0.384,0,0,1,2,0,1
2021-02-12,16.6401,81.6717,8.69,92.84,967.53,60.19,1637.7,11.7,4.62,8.08,15.93,21.07,26.18,57.54,87.82,0.892,0,1,1,1,0,0
2021-02-12,18.4602,-66.0099,26.36,26.83,967.58,12.29,1057.8,31.3,0.98,1.75,2.82,4.31,5.3,9.76,15.27,0.05,0,0,0,1,0,2
2021-02-13,14.9842,75.7569,28.23,19.25,964.33,77.28,745.9,9.1,2.46,3.9,5.59,8.22,9.81,22.69,46.92,0.124,0,0,0,2,0,2
2021-02-14,-6.441,106.7715,12.41,83.69,1003.01,5.12,2337.6,17.3,3.26,6.74,13.89,25.17,38.21,52.24,106.83,0.935,0,1,1,0,0,0
2021-02-14,10.367,-66.8964,11.59,71.93,980.6,134.31,1667.8,0.9,3.36,4.41,8.39,15.88,23.37,47.19,67.83,0.646,0,1,1,2,0,1
2021-02-14,9.7588,76.9929,19.21,64.18,969.72,10.49,8.1,5.3,5.5,12.95,20.52,30.99,37.27,69.37,93.28,0.7,0,2,1,1,0,0
2021-02-14,22.728,88.6791,35.22,93.37,1006.89,76.84,2086.8,21.3,5.58,10.88,18.99,32.11,51.04,93.94,195.91,0.95,5,2,2,1,2,0
2021-02-15,9.8547,77.3992,22.25,20.98,974.01,106.01,1687.2,46.3,2.12,4.15,6.99,8.53,12.14,22.51,48.41,0.196,0,0,1,2,0,1
2021-02-16,-6.4861,106.5563,20.63,49.59,1001.78,54.01,1331.3,25.3,1.06,2.18,4.25,7.34,10.1,23.43,49.18,0.345,0,0,1,1,0,1
2021-02-16,10.7797,-66.5435,13.16,75.02,1003.7,23.78,1359.4,24.1,3.16,7.35,9.35,16.42,27.97,37.8,70.16,0.66,0,1,1,0,0,0
2021-02-16,15.6107,75.6621,28.82,43.09,999.61,111.81,1340.2,3.2,0.65,1.0,1.45,2.38,2.65,5.58,8.18,0.05,0,0,0,1,0,2
2021-02-16,28.3302,76.7963,46.82,56.33,980.94,129.63,1110.8,36.4,18.21,37.69,45.71,56.87,73.55,160.82,342.89,0.95,4,3,3,3,3,1
2021-02-17,16.6105,81.1033,26.18,68.65,950.28,57.85,218.2,17.7,2.23,3.58,6.15,9.64,12.85,21.43,35.17,0.294,0,1,0,2,0,1
2021-02-17,22.6483,88.0854,8.2,15.17,970.76,123.32,2211.5,19.5,3.49,6.17,8.96,16.08,24.29,49.24,89.48,0.554,0,1,1,2,0,0
2021-02-18,-6.3078,106.4136,35.69,25.15,959.61,145.96,609.5,15.9,3.51,6.07,10.34,12.57,19.74,27.4,53.37,0.123,8,0,0,3,2,2
2021-02-18,13.8156,-87.4295,46.69,49.48,1022.0,26.92,491.3,27.0,1.51,2.98,4.71,8.24,11.55,21.79,33.14,0.05,2,0,0,0,2,3
2021-02-18,25.3734,83.1244,19.03,37.78,1019.93,130.66,1831.9,20.2,7.21,10.79,13.18,19.06,33.23,62.65,89.55,0.558,0,1,1,1,0,0
2021-02-19,25.8054,-80.3308,42.31,20.24,1020.18,12.28,691.7,7.9,0.55,0.77,1.26,2.18,3.77,7.09,9.63,0.05,3,0,0,0,2,3
2021-02-20,19.3686,72.477,43.5,46.78,997.34,67.81,1051.8,15.2,5.03,11.69,23.93,29.67,50.8,105.91,153.87,0.779,4,1,2,1,2,1
2021-02-20,30.2156,-89.7511,33.98,90.75,989.16,46.16,307.6,14.6,1.53,3.14,4.27,5.06,6.94,12.15,22.21,0.242,0,0,0,1,1,2
2021-02-21,10.029,77.3153,24.54,71.22,988.3,19.08,1910.5,27.3,5.56,7.71,12.99,22.26,39.89,90.2,186.2,0.95,0,2,2,0,0,0
2021-02-21,19.889,86.1103,16.18,95.16,1001.4,32.88,161.2,23.0,2.44,3.95,4.9,9.01,13.69,24.39,37.97,0.523,0,1,1,0,0,1
2021-02-21,14.5225,121.2256,9.21,56.23,999.62,122.72,735.9,20.7,2.85,3.68,5.07,7.07,9.1,16.01,29.63,0.357,0,0,1,2,0,1
2021-02-21,19.1733,72.8434,26.48,19.8,1024.5,146.24,1884.9,47.6,2.75,6.48,8.22,11.45,14.4,20.66,27.7,0.05,0,0,1,1,0,2
2021-02-23,14.5987,121.44,21.48,79.85,1010.04,114.02,2063.3,33.9,3.54,6.2,10.05,14.32,21.97,37.09,49.98,0.48,0,0,1,1,0,1
2021-02-24,30.1953,-89.8288,12.11,79.06,963.52,123.06,1484.2,17.5,6.69,13.58,22.96,30.78,55.11,121.59,162.51,0.95,0,2,2,2,0,0
2021-02-24,11.6616,93.0808,14.99,68.63,1025.76,25.3,1697.7,12.2,0.78,1.22,1.65,2.51,4.43,10.22,17.73,0.286,0,0,0,0,0,2
2021-02-24,22.4362,88.1798,9.98,49.92,951.21,45.79,1140.6,10.5,0.29,0.5,0.8,1.47,1.75,3.39,5.15,0.168,0,0,0,1,0,2
2021-02-25,19.07,73.0674,38.95,61.24,1022.71,19.21,315.7,40.5,6.47,11.42,23.61,38.8,69.37,127.56,178.79,0.95,3,2,3,0,2,0
2021-02-25,23.9968,90.5842,46.16,82.23,991.12,146.9,1212.7,42.6,1.55,2.56,4.04,6.21,9.24,16.59,24.98,0.11,7,0,1,2,3,3
2021-02-25,26.1133,-79.8391,31.9,85.79,1008.01,5.89,1946.8,28.1,3.68,8.32,10.06,11.93,17.91,30.3,49.03,0.406,0,0,1,0,0,1
2021-02-26,23.3355,90.3993,18.37,73.99,978.3,51.78,251.3,3.8,0.82,1.81,3.25,4.46,5.1,7.27,11.99,0.244,0,0,0,1,0,2
2021-02-26,20.6485,85.897,9.07,47.53,976.31,97.15,2079.7,32.4,1.54,2.68,5.36,8.64,11.86,22.77,42.0,0.396,0,0,1,2,0,1
2021-02-26,11.8411,92.9307,38.0,55.96,991.21,47.59,1011.2,34.2,5.25,8.74,15.92,20.8,34.99,67.59,133.5,0.743,4,1,2,1,2,0
2021-02-26,15.4047,75.7782,25.52,59.28,995.71,48.86,2149.6,29.4,8.04,14.54,17.96,20.2,26.57,58.9,86.37,0.577,0,1,1,1,0,0
2021-02-27,13.9248,-87.0243,21.75,43.49,970.23,109.18,421.6,37.3,8.95,13.71,25.14,39.8,52.12,77.33,165.78,0.95,0,2,2,2,0,0
2021-02-27,23.5737,90.7679,29.65,52.38,1008.1,75.24,1361.5,40.7,4.2,7.7,12.44,14.95,17.03,39.91,55.34,0.314,0,0,1,1,0,1
2021-02-27,19.8117,86.0774,8.72,66.98,990.62,117.28,2250.7,39.9,2.04,3.91,5.53,6.09,7.32,9.42,18.37,0.34,0,0,1,2,0,1
2021-03-01,9.7973,76.7997,44.39,37.06,957.34,150.05,56.9,45.5,0.85,1.47,2.17,2.65,3.57,6.59,8.53,0.05,5,0,1,3,2,3
2021-03-02,10.1187,77.4501,28.6,24.03,1023.76,87.06,1879.1,32.8,1.98,4.64,8.63,11.09,19.93,47.83,71.24,0.294,0,0,1,1,0,1
2021-03-02,13.3182,80.0432,43.89,45.08,970.46,133.27,1451.4,8.5,1.92,4.44,8.93,10.32,13.29,18.41,31.92,0.05,4,0,0,2,2,3
2021-03-03,19.2185,72.6374,17.78,71.11,1003.65,95.33,752.4,13.4,3.19,7.14,14.65,17.36,20.98,48.96,94.81,0.754,0,1,1,1,0,0
2021-03-04,35.8531,140.1493,29.77,66.28,966.68,38.07,2137.3,31.3,1.3,2.42,4.44,4.96,8.65,17.82,28.37,0.208,0,0,1,1,0,2
2021-03-04,22.5364,88.4852,17.08,44.25,957.0,21.28,1980.5,36.2,2.05,2.7,4.33,5.78,9.51,12.51,20.66,0.175,0,0,1,1,0,2
2021-03-04,13.7297,-86.8054,37.81,39.01,991.25,95.09,497.8,14.7,0.4,0.48,0.68,1.03,1.65,3.55,4.51,0.05,6,0,0,1,2,3
2021-03-05,25.1913,83.0379,29.99,41.67,1014.29,16.95,2193.8,40.4,4.7,7.12,13.13,19.05,29.41,46.32,94.3,0.506,0,1,2,0,0,1
2021-03-05,14.1132,100.36,18.12,72.72,966.21,113.5,2390.1,38.4,1.46,3.33,4.15,6.97,7.78,10.97,24.0,0.316,0,0,1,2,0,1
2021-03-06,22.5081,88.1475,31.84,37.71,1025.07,9.15,2314.4,24.0,3.27,6.21,11.66,13.67,23.53,50.57,103.68,0.53,0,1,1,0,0,1
2021-03-06,14.7394,121.1489,19.45,37.08,972.62,87.28,1697.4,32.0,5.77,13.06,25.26,28.17,45.5,65.98,87.95,0.541,0,1,2,2,0,0
2021-03-06,29.8356,-90.1574,18.39,66.61,966.47,36.44,52.9,27.9,0.57,0.69,0.89,1.2,1.88,2.71,5.66,0.171,0,0,0,1,0,2
2021-03-06,35.3053,139.5224,12.64,25.11,1013.27,75.79,2028.4,19.1,2.1,3.36,6.91,10.17,16.56,33.7,48.36,0.301,0,0,1,1,0,1
2021-03-06,14.2042,100.7781,29.81,28.37,960.53,68.75,1062.1,13.5,0.5,1.17,1.54,2.13,2.8,6.27,10.1,0.05,0,0,0,1,0,2
2021-03-06,10.4252,-66.6605,46.31,30.72,969.38,95.25,1947.6,11.6,1.85,3.13,5.93,7.67,13.64,24.72,36.64,0.05,7,0,0,2,3,3
2021-03-07,18.7722,-65.6907,34.85,19.6,951.06,29.49,658.6,36.6,2.0,2.59,5.1,9.66,13.7,24.85,31.77,0.05,0,0,1,1,0,2
2021-03-07,-6.2033,106.7336,13.67,53.5,1009.31,53.61,1520.2,2.9,3.28,4.54,8.84,12.24,15.88,35.08,43.86,0.393,0,0,0,0,0,1
2021-03-08,14.2454,-86.9413,42.91,42.58,993.02,38.73,1914.1,37.3,1.23,2.48,4.55,7.05,10.72,20.25,25.96,0.05,8,0,1,1,3,3
2021-03-08,17.0132,81.5513,25.33,71.21,1009.54,6.61,367.7,35.2,5.87,8.71,12.25,14.34,17.28,20.9,37.41,0.327,0,0,1,0,0,1
2021-03-09,22.2764,88.0479,36.5,81.51,1012.86,69.31,2168.6,47.1,13.37,25.44,43.34,63.53,83.22,133.19,188.56,0.95,9,2,3,1,2,0
2021-03-09,17.9692,-65.8379,43.13,17.58,967.53,113.88,1621.0,12.0,3.17,6.82,8.39,14.05,17.93,41.91,72.85,0.143,5,0,0,2,2,2
2021-03-09,-5.7924,106.8519,10.2,17.61,990.52,131.53,831.8,17.1,0.38,0.46,0.95,1.39,2.25,5.04,6.61,0.05,0,0,0,2,0,2
2021-03-10,15.4993,75.2797,38.33,35.35,1008.75,3.93,523.0,3.6,5.3,11.17,21.58,23.82,34.56,70.7,95.83,0.411,6,1,1,0,2,1
2021-03-10,16.9289,82.0164,45.74,34.58,1002.48,46.75,1253.3,24.7,1.57,3.24,5.64,8.5,15.2,35.39,76.28,0.218,2,0,1,0,2,2
2021-03-11,19.4278,72.4282,29.04,86.44,953.1,38.79,976.9,41.6,9.78,23.39,48.26,53.32,60.43,83.22,128.9,0.935,0,2,3,2,0,0
2021-03-11,14.3987,121.4607,34.38,67.92,976.48,78.16,2220.8,18.1,0.74,0.94,1.35,1.63,2.54,3.77,5.78,0.05,0,0,0,1,1,3
2021-03-11,15.4003,75.84,25.93,30.94,963.66,43.55,1079.3,31.5,6.79,10.49,14.32,20.09,34.68,42.03,78.93,0.398,0,1,1,1,0,1
2021-03-12,25.6955,-79.9785,40.9,31.72,979.72,96.77,1911.5,30.3,0.35,0.65,1.3,2.33,3.52,8.43,11.0,0.05,5,0,0,1,2,3
2021-03-12,14.2827,121.4625,32.59,97.2,999.49,143.27,1264.3,32.8,9.09,11.85,20.59,32.13,36.09,50.07,87.74,0.694,0,1,2,2,1,1
2021-03-13,19.0934,72.9599,20.63,61.29,945.29,131.63,888.0,34.9,5.13,9.53,18.21,29.97,40.52,88.31,162.14,0.95,0,1,2,3,0,0
2021-03-14,28.1929,76.8245,21.51,51.31,997.75,25.63,1590.5,39.4,0.01,0.02,0.03,0.04,0.06,0.09,0.12,0.05,0,0,1,0,0,2
2021-03-14,20.013,86.2263,9.43,93.25,954.34,101.9,1324.5,2.7,1.22,2.6,3.84,5.7,9.05,11.64,23.66,0.486,0,0,0,2,0,1
2021-03-14,22.5547,88.3664,45.56,77.32,973.26,57.78,730.1,30.4,0.36,0.56,0.92,1.41,2.15,4.64,6.33,0.05,9,0,0,1,3,3
2021-03-14,14.996,75.4546,31.4,90.6,1005.85,91.88,502.3,45.3,7.78,12.33,20.32,23.68,36.52,46.21,97.32,0.735,0,1,2,1,0,0
2021-03-14,13.76,-87.3116,10.58,30.99,1019.09,65.59,1145.2,8.5,18.47,42.62,51.22,78.91,134.98,231.71,379.27,0.95,0,3,3,1,0,0
2021-03-16,18.0014,-65.8703,24.52,40.13,971.62,115.38,1750.5,39.4,5.03,10.61,15.14,17.88,29.2,38.5,84.01,0.485,0,1,1,2,0,1
2021-03-16,18.202,-65.615,23.26,55.46,957.16,134.76,683.4,37.7,3.89,7.46,10.24,13.07,14.81,22.05,34.08,0.254,0,0,1,3,0,1
2021-03-16,11.1653,92.9431,9.31,58.76,969.15,126.53,523.7,1.0,1.87,2.39,3.49,5.64,7.37,11.02,14.94,0.276,0,0,0,2,0,2
2021-03-17,18.8496,73.0877,41.41,31.51,968.22,10.33,1160.9,19.8,2.76,4.83,8.99,14.71,20.59,25.64,39.58,0.05,8,0,0,1,2,3
2021-03-18,16.9795,81.3143,39.2,56.06,949.28,95.04,1026.4,22.3,5.34,7.83,9.58,12.73,15.39,24.82,34.95,0.117,4,0,0,2,2,2
2021-03-18,30.3847,-89.6573,33.49,73.39,971.03,74.15,443.4,33.0,1.48,3.1,4.31,6.13,8.76,12.26,15.57,0.126,0,0,1,1,0,2
2021-03-19,29.6898,-90.4486,8.51,87.23,952.67,123.09,461.2,41.0,3.15,5.29,9.48,12.5,17.41,38.1,46.06,0.607,0,0,2,3,0,1
2021-03-19,25.0342,82.773,12.77,40.04,970.55,2.63,851.3,6.0,1.97,2.83,5.49,6.39,10.9,20.67,34.28,0.28,0,0,0,0,0,1
2021-03-20,13.1781,80.0966,18.11,84.87,1024.11,78.35,1825.8,25.4,0.25,0.4,0.51,0.96,1.21,2.38,3.53,0.243,0,0,0,1,0,2
2021-03-20,14.6383,120.947,20.03,60.77,945.03,64.66,395.0,34.3,0.87,1.83,2.71,4.99,7.04,15.54,28.41,0.272,0,0,1,2,0,1
2021-03-20,25.4445,82.7548,32.04,64.95,1013.08,86.68,802.4,46.6,0.17,0.34,0.59,0.95,1.47,1.98,2.64,0.05,0,0,1,1,0,2
2021-03-20,18.1116,-66.0917,8.72,93.94,992.04,113.32,596.5,31.7,2.16,2.88,5.61,9.94,11.38,18.99,28.13,0.524,0,0,1,2,0,1
2021-03-21,30.4456,-90.2801,20.5,15.97,975.48,154.62,1525.1,33.5,0.95,1.31,2.62,3.75,4.14,6.43,8.97,0.05,0,0,1,2,0,2
2021-03-21,13.0804,80.2774,40.22,25.41,1010.76,5.42,776.7,9.8,2.62,4.79,7.93,10.56,15.47,31.67,50.47,0.065,1,0,0,0,1,2
2021-03-21,35.295,139.3992,23.51,72.39,1025.77,110.58,1305.8,22.5,3.62,7.33,15.35,21.17,26.44,45.22,65.4,0.524,0,1,1,1,0,1
2021-03-21,10.4923,-67.1561,25.02,65.53,986.83,77.45,2136.2,4.9,1.48,2.28,3.4,6.22,7.15,11.01,21.33,0.204,0,0,0,1,0,2
2021-03-22,12.7335,80.5793,44.49,32.76,983.59,141.46,1538.6,22.5,0.4,0.65,1.17,2.01,2.84,3.6,6.6,0.05,2,0,0,2,2,3
2021-03-23,13.9727,100.2608,12.86,63.98,1022.11,6.74,1275.9,12.2,0.75,1.11,2.23,3.21,4.06,9.39,14.29,0.263,0,0,0,0,0,2
2021-03-23,10.0899,-66.6541,20.87,29.26,957.3,30.65,1075.2,25.3,8.58,14.22,19.85,33.65,40.19,91.26,146.87,0.861,0,1,2,1,0,0
2021-03-23,25.8854,-79.9161,20.54,59.71,1025.93,8.9,1269.7,16.1,0.39,0.67,1.19,1.81,2.03,3.85,5.51,0.119,0,0,0,0,0,2
2021-03-23,20.2692,85.3456,12.25,27.37,988.71,39.65,1145.1,19.2,2.79,5.85,10.79,16.37,27.43,47.1,98.76,0.63,0,1,1,1,0,0
2021-03-23,22.5364,88.8312,31.97,92.55,959.78,26.97,2182.0,31.2,2.85,5.95,8.65,13.63,19.07,29.91,62.1,0.518,0,0,1,1,0,1
2021-03-23,13.9335,-87.5572,10.66,51.11,977.49,29.17,322.4,43.1,0.25,0.33,0.47,0.88,1.02,2.22,4.64,0.164,0,0,1,1,0,2
2021-03-24,11.7723,92.6683,20.63,67.83,1018.17,83.53,1822.3,36.7,3.82,5.71,11.31,16.39,18.54,27.69,54.43,0.461,0,0,1,1,0,1
2021-03-25,22.9096,88.2204,17.32,24.84,1017.28,2.9,932.7,13.7,2.96,4.44,6.57,11.69,17.79,24.46,47.12,0.25,0,0,0,0,0,1
2021-03-25,18.8856,-65.6308,37.79,64.13,990.55,73.26,1740.9,41.3,1.26,1.85,3.34,6.12,8.22,12.55,17.9,0.06,5,0,1,1,2,3
2021-03-26,13.0065,80.1474,19.86,22.28,988.59,53.3,309.4,22.3,2.61,5.56,10.72,15.81,27.58,59.2,96.64,0.525,0,1,1,1,0,0
2021-03-27,14.5369,-87.4708,8.64,66.95,971.75,81.74,157.1,19.1,3.49,4.54,7.38,10.7,14.11,33.62,73.1,0.683,0,1,1,1,0,0
2021-03-27,29.4715,-89.6165,36.39,62.38,949.83,5.87,1279.3,31.4,6.06,10.75,19.45,32.81,50.17,81.41,108.43,0.63,8,1,2,1,2,1
2021-03-27,12.7616,79.8465,32.61,18.85,956.44,144.64,537.0,36.6,4.82,7.64,10.57,13.69,20.48,33.94,57.55,0.149,0,0,1,3,0,2
2021-03-27,16.8632,81.805,29.95,44.22,995.3,15.64,25.0,1.3,1.83,2.7,3.62,5.76,10.35,14.63,25.55,0.088,0,1,0,0,0,2
2021-03-28,-6.1251,106.8063,12.35,48.48,1016.44,129.64,1254.7,43.4,0.54,1.07,1.52,2.46,2.86,6.67,13.25,0.191,0,0,1,1,0,2
2021-03-28,25.3486,82.9721,18.52,42.32,971.57,113.13,1334.4,35.2,3.13,5.81,8.65,12.25,21.08,39.86,68.74,0.454,0,0,1,2,0,1
2021-03-28,14.9317,120.553,36.59,52.78,1003.3,88.56,173.4,27.9,2.11,2.82,4.26,7.74,12.87,29.56,56.67,0.261,1,1,1,1,1,2
2021-03-28,30.1002,-89.8311,28.7,62.6,989.44,73.83,1410.7,47.8,3.41,7.17,9.84,15.0,16.58,20.52,31.24,0.219,0,0,1,1,0,2
2021-03-29,14.302,120.9474,29.43,20.83,951.18,87.8,2207.7,43.9,0.04,0.05,0.09,0.16,0.28,0.63,1.18,0.05,0,0,1,2,0,2
2021-03-29,22.5464,88.1772,37.27,29.73,983.64,147.91,1395.6,25.4,0.22,0.34,0.41,0.74,1.15,1.54,2.41,0.05,4,0,0,2,1,3
2021-03-29,23.3463,90.2973,8.55,37.74,972.53,121.77,1349.1,16.1,0.65,0.95,1.17,2.07,2.45,5.36,7.18,0.139,0,0,0,2,0,2
2021-03-29,13.2102,79.7965,32.66,84.4,1001.08,73.15,1531.5,15.8,0.54,0.86,1.38,2.0,3.23,7.51,11.93,0.161,0,0,0,1,0,2
2021-03-29,19.4324,72.8494,37.87,40.38,978.9,48.15,194.4,45.1,2.78,5.96,10.68,16.14,18.77,37.0,50.15,0.153,6,1,1,1,2,2
2021-03-30,10.4762,-66.6315,45.12,87.01,973.55,113.12,659.8,8.8,7.45,12.07,16.69,31.24,35.04,57.48,71.18,0.43,4,1,1,2,3,2
2021-03-30,19.2141,72.7814,14.43,94.64,957.84,53.45,2349.2,10.6,3.49,8.28,15.07,24.57,37.72,70.41,151.32,0.95,0,1,1,1,0,0
2021-03-31,25.4919,82.6544,22.71,34.75,1017.73,105.86,673.3,12.0,0.06,0.1,0.17,0.22,0.35,0.59,0.89,0.05,0,0,0,1,0,2
2021-03-31,14.2022,100.4426,39.96,37.9,974.11,35.16,1406.1,17.0,3.75,4.57,5.75,6.78,9.45,20.58,42.97,0.078,9,0,0,1,2,2
2021-03-31,23.5437,90.1757,27.35,86.74,960.43,94.46,2089.0,21.0,2.33,3.03,3.75,5.53,9.35,21.67,40.28,0.397,0,0,1,2,0,1
2021-04-01,18.7153,-65.6672,36.33,62.62,950.21,78.02,1259.1,33.8,0.04,0.07,0.14,0.16,0.25,0.37,0.59,0.05,7,0,0,2,2,3
2021-04-01,10.498,-66.9259,28.41,53.89,963.55,129.53,770.7,28.1,2.1,4.73,7.81,10.33,16.58,35.16,75.05,0.456,0,0,1,2,0,1
2021-04-01,19.059,73.1199,27.84,20.29,1009.98,94.41,1602.7,36.9,2.88,5.21,9.36,17.04,26.36,56.57,95.05,0.433,0,1,1,1,0,1
2021-04-01,25.5695,-79.905,33.58,69.76,1022.28,69.5,1192.2,28.9,0.48,0.84,1.12,1.94,2.58,4.45,6.6,0.053,0,0,0,0,0,3
2021-04-02,9.7786,76.9658,13.0,50.3,965.52,116.5,630.4,42.4,7.78,11.17,19.57,22.9,31.47,64.7,120.3,0.862,0,1,2,2,0,0
2021-04-03,15.7295,75.5031,40.56,29.74,958.21,102.59,2088.6,42.9,3.61,6.61,9.9,18.65,24.69,51.68,89.51,0.326,3,0,1,2,1,2
2021-04-03,35.3365,139.4767,20.3,55.19,1021.35,78.52,1994.7,15.6,12.44,16.32,28.19,48.82,81.52,117.22,187.74,0.95,0,2,2,1,0,0
2021-04-03,11.2881,92.2422,27.32,90.76,995.52,8.07,274.5,36.3,4.4,6.09,7.63,11.93,18.43,25.11,42.02,0.427,0,1,1,0,0,1
2021-04-04,13.5116,80.744,33.14,35.03,975.59,123.23,1203.8,40.9,3.47,6.78,8.34,14.18,25.3,44.72,60.76,0.238,0,0,1,2,0,2
2021-04-04,13.528,100.3986,21.23,41.78,998.53,132.28,1462.9,41.0,1.08,1.97,3.16,3.51,5.23,10.43,18.69,0.114,0,0,1,2,0,2
2021-04-04,22.1206,88.543,36.2,19.46,962.71,51.66,136.1,39.8,0.28,0.41,0.61,0.83,1.07,2.54,5.49,0.05,7,0,1,1,1,3
2021-04-04,36.1661,139.4389,9.08,38.8,995.07,36.77,1826.3,32.6,16.44,31.26,59.12,68.56,77.48,147.06,321.38,0.95,0,3,3,1,0,0
2021-04-05,14.6274,121.2986,15.03,52.32,1001.33,139.95,294.8,0.9,0.63,1.5,2.84,4.52,5.39,9.16,17.54,0.211,0,0,0,2,0,2
2021-04-06,14.1669,100.9834,39.31,82.87,993.09,111.38,2173.0,47.7,0.14,0.21,0.43,0.59,0.69,1.09,1.87,0.05,4,0,1,1,2,3
2021-04-06,19.5126,73.2406,43.64,58.48,979.68,113.46,1095.3,32.4,5.71,12.62,18.03,28.08,31.38,67.7,89.71,0.43,8,1,1,2,3,2
2021-04-06,22.1688,88.84,14.39,65.97,991.92,28.2,709.0,11.0,5.59,9.16,14.34,23.4,31.07,51.37,102.63,0.81,0,1,1,1,0,0
2021-04-06,13.3202,100.4433,30.96,36.57,952.47,33.45,2193.0,1.0,0.5,1.05,2.19,3.61,6.3,14.03,23.57,0.05,0,0,0,1,0,2
2021-04-06,14.9751,121.0788,30.14,21.75,1003.4,86.6,760.2,8.9,0.3,0.54,1.06,1.25,1.47,2.25,3.56,0.05,0,0,0,1,0,2
2021-04-07,29.8999,-89.9186,39.88,34.5,1001.17,67.89,277.0,34.4,0.86,1.21,1.84,2.99,3.78,5.37,6.5,0.05,6,0,1,1,2,3
2021-04-07,20.3616,86.1452,30.56,55.34,989.62,9.24,2193.7,45.8,4.04,6.1,11.64,19.61,29.46,41.37,57.97,0.336,0,0,2,0,0,1
2021-04-07,25.3473,82.662,13.12,40.7,961.75,141.05,1825.4,32.6,1.25,1.78,3.35,4.96,6.24,12.11,15.02,0.16,0,0,1,2,0,2
2021-04-08,15.6726,75.3647,26.65,89.6,945.16,115.02,1485.5,44.3,2.14,4.26,8.84,14.98,17.18,24.07,48.66,0.469,0,0,1,3,0,1
2021-04-08,35.3471,139.7105,33.69,27.49,1021.62,88.45,791.6,7.2,1.62,3.31,5.12,6.64,9.99,17.0,23.22,0.05,0,0,0,1,0,2
2021-04-08,25.5151,-80.137,32.61,25.23,985.78,102.24,1390.7,7.2,0.62,1.24,2.39,4.37,7.3,17.29,27.81,0.05,0,0,0,1,0,2
2021-04-09,18.3579,-65.7724,9.19,31.97,973.25,80.12,1477.1,43.8,2.5,4.5,5.6,6.32,9.39,16.21,33.06,0.268,0,0,1,1,0,1
2021-04-09,14.9549,121.1393,10.71,84.3,965.09,7.61,1246.7,30.5,3.79,7.59,13.57,23.7,38.83,84.47,140.24,0.95,0,1,2,1,0,0
2021-04-10,10.955,-67.191,14.1,25.22,953.06,13.35,36.8,8.1,0.75,1.14,1.5,1.76,2.6,5.36,9.81,0.05,0,0,0,1,0,2
2021-04-10,35.386,140.0081,40.68,70.41,970.25,55.48,417.0,22.5,0.41,0.81,1.1,1.97,3.13,7.1,9.14,0.05,1,0,0,1,1,3
2021-04-11,11.5628,93.1246,12.62,38.98,978.02,142.69,2383.8,2.6,5.01,8.25,12.81,21.82,38.03,89.03,158.22,0.95,0,1,1,2,0,0
2021-04-11,13.112,80.7601,9.52,61.97,986.68,54.12,411.3,6.1,7.69,13.24,27.24,37.05,56.64,106.54,145.17,0.95,0,2,2,1,0,0
2021-04-11,10.1899,77.3887,32.18,86.46,955.26,38.12,200.2,47.6,3.04,5.43,8.17,11.92,19.59,45.06,58.8,0.468,0,1,2,1,0,1
2021-04-13,30.148,-90.4461,44.79,84.16,1001.5,141.58,335.8,8.9,1.02,1.52,2.25,3.51,3.93,6.52,9.43,0.05,5,0,0,2,3,3
2021-04-13,13.6525,-87.5407,39.47,20.92,994.37,75.42,1932.9,6.6,0.84,1.57,3.22,3.76,6.09,8.81,11.5,0.05,9,0,0,1,2,3
2021-04-13,16.0541,81.1463,41.8,16.85,989.17,120.83,572.6,34.1,4.47,8.79,13.43,23.21,35.74,68.21,137.73,0.557,4,1,2,2,2,1
2021-04-14,10.3717,-67.2967,22.74,82.48,1020.56,50.21,122.9,26.2,4.4,8.38,15.25,24.67,43.65,97.74,130.17,0.95,0,2,2,0,0,0
2021-04-14,18.5536,-65.6687,26.69,68.54,967.96,56.87,1493.3,31.9,0.31,0.68,1.21,1.65,2.08,4.0,7.58,0.116,0,0,0,1,0,2
2021-04-14,-5.8527,106.5858,36.69,72.13,1007.66,51.34,1750.7,11.6,1.96,4.45,5.42,7.76,9.99,14.37,29.29,0.177,1,0,0,0,1,2
2021-04-17,12.0717,92.7252,11.8,53.04,1008.88,111.73,1192.8,34.7,1.51,3.14,4.01,5.05,8.66,13.44,18.9,0.252,0,0,1,1,0,2
2021-04-17,10.2673,-66.6952,32.25,89.53,961.46,14.91,975.0,12.2,3.0,6.12,9.06,14.93,20.01,39.26,71.97,0.564,0,1,1,1,0,1
2021-04-17,14.3681,120.973,34.49,41.67,975.02,101.19,957.0,11.2,0.68,1.41,2.64,3.32,4.39,10.31,22.52,0.05,0,0,0,2,0,2
2021-04-18,22.1459,87.9785,10.39,23.31,1022.22,18.43,2087.7,38.0,0.14,0.17,0.29,0.55,0.94,1.48,2.35,0.05,0,0,1,0,0,2
2021-04-18,14.2985,121.2765,27.4,60.95,996.4,106.36,856.1,25.1,1.12,2.67,3.65,4.45,5.73,13.2,24.54,0.181,0,0,0,1,0,2
2021-04-19,13.7407,100.566,17.92,41.29,986.7,43.44,314.1,40.2,1.37,2.33,3.94,6.99,8.38,16.35,25.36,0.183,0,0,1,1,0,2
2021-04-19,12.0594,92.8206,11.05,81.21,1023.81,98.3,344.4,36.1,7.37,12.09,20.1,23.13,34.31,43.13,66.94,0.687,0,1,2,1,0,0
2021-04-19,30.121,-90.3109,12.82,27.24,951.84,60.14,2330.6,47.4,3.17,5.57,8.2,9.02,11.58,15.93,19.15,0.127,0,0,1,2,0,2
2021-04-20,14.3186,121.1978,26.67,27.47,989.02,85.61,2091.9,36.6,0.86,1.88,3.9,6.53,10.78,16.38,35.9,0.107,0,0,1,1,0,2
2021-04-20,30.2085,-90.1122,24.74,38.41,968.36,42.25,503.6,3.7,4.95,7.81,10.47,16.58,29.08,58.92,82.0,0.462,0,1,1,1,0,1
2021-04-20,24.9569,83.1873,37.36,60.88,948.34,106.67,1934.2,26.8,1.29,1.57,3.17,5.28,5.97,13.19,16.53,0.05,9,0,0,2,2,3
2021-04-21,35.9924,139.556,11.76,79.49,953.34,133.81,257.6,42.8,1.58,3.08,6.04,6.69,8.6,19.69,31.27,0.45,0,0,1,3,0,1
2021-04-21,23.5315,90.338,20.67,29.67,968.83,87.99,272.6,10.1,2.89,5.91,12.05,18.18,21.44,40.95,89.9,0.509,0,1,1,2,0,0
2021-04-21,29.489,-90.0022,42.89,95.18,999.04,30.33,1257.5,0.6,5.11,6.38,12.29,16.12,20.55,26.87,50.67,0.359,4,0,0,0,2,2
2021-04-22,16.2303,81.0705,37.26,97.44,978.31,25.23,1330.8,16.9,5.54,10.2,20.58,36.44,63.4,98.83,207.82,0.95,8,2,2,1,2,0
2021-04-22,10.3956,-66.7567,45.98,43.43,988.25,41.64,1621.8,17.9,2.3,4.33,7.87,9.04,13.46,23.12,30.84,0.05,8,0,0,1,3,3
2021-04-22,22.7896,88.2601,9.33,59.44,998.97,5.92,2134.0,45.7,3.32,4.45,9.07,15.82,17.72,33.58,44.14,0.461,0,0,2,0,0,1
2021-04-22,9.911,76.665,43.03,18.9,1010.06,71.5,904.9,21.7,1.9,4.01,8.16,12.18,20.5,42.61,65.22,0.102,5,0,1,1,2,2
2021-04-22,28.5767,76.8003,38.61,55.3,972.84,14.6,1321.6,13.4,3.34,7.92,10.3,13.08,18.72,44.22,87.19,0.445,6,0,1,1,2,1
2021-04-22,15.4937,75.4384,42.66,42.06,956.09,76.86,1792.6,5.7,1.93,2.36,2.9,4.31,5.64,12.49,22.51,0.05,7,0,0,2,2,3
2021-04-22,18.0343,-66.4846,45.7,93.41,972.79,89.34,2183.2,0.8,5.83,13.63,17.48,21.49,38.09,70.28,85.33,0.542,2,1,1,2,2,2
2021-04-23,24.0083,90.4718,39.64,53.88,972.02,53.48,1435.2,22.7,0.0,0.0,0.0,0.0,0.0,0.0,0.0,0.05,5,0,0,1,2,3
2021-04-23,30.0879,-90.0931,41.6,22.18,987.97,26.39,2147.8,40.0,9.51,21.4,39.87,49.75,65.26,117.22,209.69,0.95,7,2,3,1,2,0
2021-04-23,13.0903,80.2038,17.1,93.12,993.87,49.61,1080.3,38.8,0.62,0.96,1.74,2.35,3.89,5.28,10.36,0.333,0,0,1,1,0,2
2021-04-24,11.3414,92.5056,38.89,35.06,949.79,8.19,72.0,35.5,1.47,3.22,6.4,8.6,11.2,17.58,29.45,0.05,9,0,1,1,2,3
2021-04-24,18.2272,-65.9791,34.06,96.86,957.74,7.18,1789.7,21.3,1.96,2.88,4.77,6.93,9.3,16.1,25.5,0.29,0,0,0,1,1,2
2021-04-24,20.2546,85.4722,12.37,46.63,1009.29,65.85,2333.7,35.4,0.05,0.11,0.14,0.17,0.27,0.6,1.04,0.106,0,0,1,1,0,2
2021-04-25,9.9084,77.0734,27.45,34.89,978.81,46.42,1041.7,4.4,0.64,0.87,1.51,2.45,4.26,6.45,10.28,0.05,0,0,0,1,0,2
2021-04-25,20.2573,86.2211,44.05,93.03,998.2,36.45,1289.0,39.3,1.55,3.54,4.52,6.08,10.92,20.76,37.17,0.255,4,0,1,0,3,3
2021-04-26,14.1737,120.5327,35.62,59.54,950.86,62.43,268.1,31.4,6.13,8.21,10.35,14.75,19.36,29.29,41.34,0.205,3,0,1,2,1,2
2021-04-26,35.4442,139.4959,39.17,90.09,977.52,88.17,1695.1,45.8,8.54,10.83,15.41,17.56,26.89,55.19,83.24,0.574,3,1,2,2,2,1
2021-04-26,15.2213,76.0837,40.51,56.45,989.41,24.09,1882.0,20.4,2.43,5.21,9.06,11.42,17.28,29.19,48.73,0.193,8,0,1,0,3,2
2021-04-26,25.0236,83.0652,42.62,83.84,951.37,152.82,553.5,10.7,10.08,17.48,33.65,44.77,76.61,168.45,289.65,0.95,2,3,2,3,2,0
2021-04-26,18.9476,72.6008,42.16,68.6,998.72,122.55,806.9,46.0,0.88,1.98,4.0,4.52,6.97,14.63,31.51,0.125,5,0,1,2,2,3
2021-04-26,16.61,81.1337,11.93,40.81,1018.21,80.11,1980.6,0.9,3.84,5.99,11.83,21.95,34.71,47.74,79.64,0.575,0,1,1,1,0,0
2021-04-27,-5.9918,106.7755,16.47,46.01,972.63,28.95,1458.2,23.1,7.03,8.71,15.5,26.51,43.25,97.89,188.83,0.95,0,2,2,1,0,0
2021-04-29,17.0254,81.329,16.99,87.45,1009.81,119.79,1985.2,9.4,13.53,20.01,26.71,35.68,52.5,70.84,137.33,0.95,0,2,1,2,0,0
2021-04-29,18.8542,-66.3718,41.49,73.14,978.35,13.67,1759.0,29.8,0.01,0.01,0.02,0.03,0.05,0.09,0.19,0.05,2,0,0,0,2,3
2021-04-29,10.5476,77.4189,33.44,28.61,983.58,100.94,314.5,12.7,11.98,25.81,46.7,83.35,92.5,111.67,151.2,0.771,0,2,2,2,0,0
2021-04-30,13.3501,79.7753,38.45,38.46,991.81,63.86,1176.9,17.4,1.15,2.31,4.39,7.9,9.55,20.89,30.39,0.05,9,0,0,1,2,3
2021-04-30,15.0642,121.1783,17.81,62.92,994.64,9.01,1559.9,22.7,2.77,6.29,8.59,12.23,17.61,33.62,63.13,0.519,0,0,1,0,0,1
2021-04-30,25.7945,82.5745,9.76,33.0,993.07,79.35,841.5,4.7,0.93,1.32,2.47,4.26,7.0,16.54,34.47,0.277,0,0,0,1,0,1
2021-04-30,28.9417,77.148,36.33,65.63,997.02,14.81,1598.5,31.0,4.74,9.54,19.0,36.06,44.49,100.82,150.43,0.908,5,1,2,0,2,0
2021-05-01,14.0831,100.0322,19.38,69.49,1013.52,51.1,1917.7,32.7,1.5,3.38,5.61,9.08,13.14,22.91,46.92,0.433,0,0,1,0,0,1
2021-05-01,-5.8428,107.1604,23.61,80.01,967.07,153.52,63.8,29.2,3.77,7.64,10.0,18.51,22.71,44.22,62.91,0.542,0,1,1,3,0,1
2021-05-01,-6.2376,106.5556,29.23,88.39,1000.64,22.7,2032.6,15.6,4.76,8.62,16.01,24.37,42.64,77.27,97.41,0.745,0,1,1,0,0,0
2021-05-01,23.6672,90.2149,46.97,97.53,998.35,72.82,20.8,29.1,0.33,0.75,0.98,1.16,1.86,2.57,4.59,0.05,7,0,0,1,3,3
2021-05-01,18.0132,-66.0148,30.03,31.15,986.37,100.2,601.8,45.6,1.04,1.45,2.34,3.4,5.78,7.26,10.69,0.05,0,0,1,1,0,2
2021-05-01,20.7399,85.6588,12.19,61.59,999.86,136.87,170.1,14.5,4.13,5.13,7.1,9.05,14.2,21.91,39.43,0.416,0,1,0,2,0,1
2021-05-02,14.5435,-87.5921,20.69,37.78,976.93,148.92,1835.5,10.1,4.89,10.36,21.29,38.6,45.03,78.6,149.58,0.919,0,1,1,3,0,0
2021-05-02,14.4129,-87.3321,26.84,48.56,959.99,44.65,814.2,39.1,2.82,4.06,5.22,7.82,12.25,26.74,53.41,0.311,0,0,1,1,0,1
2021-05-03,28.3899,77.4942,32.79,49.91,980.02,89.88,1292.2,30.9,2.45,3.11,5.13,5.74,7.04,11.72,20.53,0.057,0,0,0,1,0,2
2021-05-04,14.6578,121.457,37.8,97.33,973.67,64.89,399.2,10.2,4.14,9.52,14.8,18.41,23.93,41.78,62.28,0.488,3,1,1,1,2,2
2021-05-04,35.5447,139.3326,29.14,70.69,1014.56,152.56,207.5,33.1,11.16,18.4,27.61,45.39,62.7,91.38,124.41,0.834,0,2,2,2,0,0
2021-05-05,11.9892,92.83,20.82,25.08,983.7,2.52,965.5,5.5,0.09,0.2,0.4,0.51,0.75,1.15,1.95,0.05,0,0,0,0,0,2
2021-05-06,10.5745,77.3727,41.2,36.12,989.67,22.69,564.9,15.0,4.36,6.0,10.96,12.88,20.3,43.43,91.29,0.36,7,0,1,0,2,2
2021-05-06,22.6916,87.9882,30.19,76.38,1010.04,48.18,1230.8,30.0,5.99,12.66,26.45,29.27,41.16,62.04,81.89,0.585,0,1,2,1,0,1
2021-05-07,10.1971,-67.2934,10.43,22.27,980.86,51.09,1696.3,41.8,5.38,9.88,12.77,21.3,28.84,37.57,76.74,0.486,0,1,2,1,0,1
2021-05-07,30.3468,-90.0804,25.23,91.61,983.29,76.61,2262.0,35.4,2.81,4.58,9.27,10.26,13.59,31.74,53.9,0.524,0,0,1,1,0,1
2021-05-07,30.3185,-90.0979,34.51,96.18,1013.88,102.83,1766.9,45.0,11.24,26.56,46.83,65.93,78.67,130.8,280.3,0.95,0,3,3,2,1,0
2021-05-08,16.8758,81.1043,43.98,26.68,1024.36,68.75,827.4,38.3,6.71,14.79,26.05,34.83,45.06,66.44,89.46,0.281,8,1,2,1,3,2
2021-05-08,18.7296,72.9958,11.59,47.1,1017.14,153.36,886.7,3.1,0.49,1.05,1.88,2.5,3.43,7.45,12.02,0.184,0,0,0,2,0,2
2021-05-09,28.1501,76.933,40.06,76.54,970.55,20.48,1721.8,43.5,13.44,16.92,30.0,47.82,64.96,121.03,200.4,0.95,1,2,3,1,1,0
2021-05-09,9.7888,76.6353,25.88,16.99,986.05,14.94,2364.9,28.4,1.04,1.95,2.47,4.3,7.52,16.91,26.07,0.05,0,0,0,0,0,2
2021-05-09,18.2206,-66.2297,31.79,72.74,1021.2,122.21,528.7,39.7,0.46,0.9,1.8,2.13,3.61,7.79,13.27,0.125,0,0,1,1,0,2
2021-05-10,18.9337,-66.4262,26.48,43.19,1020.88,145.4,393.6,34.1,5.21,12.02,15.22,28.09,35.74,79.69,161.63,0.95,0,2,2,2,0,0
2021-05-10,28.5145,77.5238,29.67,93.24,1023.02,28.64,1233.5,0.8,0.33,0.77,1.21,1.48,2.28,3.21,7.0,0.198,0,0,0,0,0,2
2021-05-10,35.5257,139.8883,24.72,82.55,1018.96,92.36,445.9,22.6,2.46,4.23,6.08,8.99,12.7,18.43,38.77,0.393,0,0,1,1,0,1
2021-05-10,14.1861,100.5256,11.28,87.97,953.37,7.52,2075.8,3.6,16.68,21.67,42.17,78.91,118.44,166.18,226.3,0.95,0,3,2,1,0,0
2021-05-11,18.3177,-66.4877,25.19,50.04,945.93,10.02,1611.7,45.0,0.89,1.17,1.63,2.07,2.7,3.55,5.1,0.05,0,0,1,1,0,2
2021-05-11,14.1189,-87.2003,30.73,46.67,986.99,16.9,2159.9,14.3,0.67,1.15,1.67,2.25,3.77,7.0,14.92,0.05,0,0,0,0,0,2
2021-05-11,-6.6993,106.842,34.8,44.97,1013.6,24.65,2178.4,14.8,0.58,1.29,1.83,3.25,4.25,9.86,13.99,0.05,0,0,0,0,0,3
2021-05-12,12.7222,80.4676,23.51,73.0,987.06,123.38,110.6,15.9,0.17,0.4,0.54,0.78,1.21,2.12,3.68,0.141,0,0,0,2,0,2
2021-05-13,16.8171,81.3304,16.31,64.98,957.32,2.62,35.7,18.0,4.44,8.54,12.17,14.38,19.46,44.29,68.51,0.575,0,1,1,1,0,1
2021-05-13,22.7551,88.5105,28.29,97.01,1022.06,71.66,269.0,42.0,8.96,12.59,25.12,36.6,40.56,94.58,117.54,0.918,0,2,2,1,0,0
2021-05-13,13.0218,80.4243,28.12,39.38,950.07,23.32,699.0,46.9,11.8,25.88,36.47,53.0,74.62,124.2,154.61,0.89,0,2,3,2,0,0
2021-05-13,19.8331,85.8317,24.41,92.62,1006.88,111.3,1356.3,31.2,4.2,7.82,15.33,17.32,30.47,64.85,112.12,0.9,0,1,2,1,0,0
2021-05-14,10.0844,77.1071,18.21,56.06,976.94,127.38,1972.4,16.5,2.1,4.98,9.68,12.32,15.97,20.76,38.98,0.333,0,0,0,2,0,1
2021-05-14,20.6777,85.9758,43.65,92.81,970.07,32.73,1954.1,30.4,1.87,2.33,3.44,4.09,5.91,12.96,19.6,0.148,2,0,1,1,2,3
2021-05-14,18.739,73.1952,20.85,42.43,1000.07,84.72,1123.4,21.7,0.54,1.18,2.4,4.18,5.92,14.01,25.48,0.163,0,0,0,1,0,2
2021-05-15,12.0478,92.3347,23.37,41.28,978.21,25.03,1209.6,38.6,2.04,3.65,7.17,11.94,17.23,26.0,54.21,0.314,0,0,1,1,0,1
2021-05-15,14.2576,120.5891,10.82,34.8,953.09,49.29,2255.0,17.6,0.71,1.42,2.85,3.21,5.03,7.78,12.25,0.136,0,0,0,1,0,2
2021-05-15,14.9224,121.4555,29.23,34.4,997.94,127.47,101.7,24.2,4.09,6.15,9.08,14.45,24.98,54.25,96.73,0.495,0,1,1,2,0,1
2021-05-15,13.8618,100.1679,46.09,78.98,1002.66,13.86,444.8,17.4,9.49,15.16,29.3,34.66,54.19,115.69,201.64,0.95,5,2,2,0,3,1
2021-05-16,28.4786,76.7658,46.97,97.19,1006.78,115.16,595.8,40.1,1.82,4.28,5.45,7.9,11.76,19.83,27.97,0.19,3,0,1,1,3,3
2021-05-16,18.1367,-66.1185,21.59,88.37,998.4,3.51,2320.3,37.7,21.02,44.47,83.98,139.37,194.6,307.07,529.75,0.95,0,3,3,1,0,0
2021-05-17,10.5511,77.2043,45.0,93.07,988.56,152.44,1574.9,6.6,7.67,13.52,18.08,31.34,48.17,108.79,220.55,0.95,2,2,2,2,2,0
2021-05-18,16.3357,81.909,41.33,31.54,1011.71,29.29,1784.2,7.8,1.47,2.6,5.27,8.88,11.52,20.0,31.0,0.05,2,0,0,0,1,3
2021-05-18,28.2503,76.9303,22.93,96.52,990.14,109.33,1592.5,10.6,6.55,8.82,17.9,22.78,40.28,86.91,119.15,0.95,0,1,1,2,0,0
2021-05-19,28.6239,76.7913,46.84,27.97,1004.81,112.94,1639.8,11.3,0.85,1.7,2.32,3.78,5.46,9.09,13.64,0.05,5,0,0,1,3,3
2021-05-19,13.0924,80.3661,32.96,43.69,954.07,139.74,2293.4,34.6,4.11,7.58,15.72,26.02,30.02,39.33,85.09,0.431,0,1,1,3,0,1
2021-05-19,22.4483,88.1916,38.96,58.11,998.63,140.22,158.3,5.2,2.14,4.13,4.97,7.27,8.88,17.53,25.73,0.071,5,0,0,2,2,3
2021-05-19,11.1973,92.4041,17.97,96.03,999.21,132.93,2154.9,6.3,9.2,20.61,25.57,48.12,68.37,161.99,327.84,0.95,0,3,2,2,0,0
2021-05-20,13.8382,-87.6493,43.6,75.31,1023.22,96.51,2110.5,37.2,0.98,2.06,3.6,4.45,5.19,8.51,15.2,0.05,9,0,1,1,3,3
2021-05-20,10.3521,-66.6218,29.96,73.48,955.39,26.78,60.4,35.9,0.79,1.8,3.0,5.59,7.65,17.95,39.09,0.306,0,1,1,1,0,2
2021-05-20,35.6502,139.7306,33.37,17.96,1007.13,26.98,547.7,0.5,1.31,2.18,3.08,3.96,6.83,10.87,20.9,0.05,0,0,0,0,0,2
2021-05-20,15.2338,75.876,17.41,33.05,970.1,134.23,1841.5,32.8,2.14,3.87,5.57,6.46,8.6,15.43,19.4,0.113,0,0,1,2,0,2
2021-05-21,13.3405,80.5297,39.47,63.97,1007.75,27.92,292.3,9.0,6.55,12.23,19.69,33.66,39.95,48.24,72.89,0.388,5,1,1,0,2,2
2021-05-22,22.5282,88.0985,33.0,20.81,982.85,44.68,717.1,18.1,1.35,2.69,3.25,4.53,7.98,12.05,21.95,0.05,0,0,0,1,0,2
2021-05-23,29.472,-90.1654,10.44,80.2,955.47,128.17,1614.0,34.9,13.25,30.84,45.46,63.65,88.16,124.9,197.48,0.95,0,2,3,3,0,0
2021-05-23,-6.3148,106.9263,37.62,80.49,988.59,109.41,1866.7,33.0,0.75,1.54,2.75,3.24,5.03,11.32,18.26,0.138,8,0,1,1,2,3
2021-05-23,17.0356,81.1922,20.96,83.22,1024.54,134.19,1638.3,17.6,3.41,4.51,7.58,13.08,16.69,30.07,38.29,0.427,0,0,1,1,0,1
2021-05-23,15.4058,75.5245,19.68,97.19,997.52,39.04,1049.4,35.7,2.07,2.65,3.58,6.2,9.63,18.14,24.81,0.418,0,0,1,0,0,1
2021-05-24,22.08,88.7308,43.8,42.35,1016.62,55.94,1215.0,18.2,1.71,3.32,6.05,10.87,16.29,23.79,52.09,0.12,1,0,0,0,2,3
2021-05-24,10.4439,-67.321,26.63,94.12,960.24,3.74,472.3,5.2,4.63,7.03,12.48,20.4,32.27,70.97,95.74,0.784,0,1,1,1,0,0
2021-05-24,26.2528,-80.0116,13.1,42.04,992.91,105.49,1832.9,15.6,0.55,1.29,1.64,1.93,2.79,6.09,12.02,0.147,0,0,0,1,0,2
2021-05-25,9.8722,77.218,44.34,41.03,1008.44,73.76,323.5,31.9,0.92,1.42,1.75,1.95,2.85,3.62,5.1,0.05,4,0,0,1,2,3
2021-05-25,36.1358,139.7636,37.88,96.64,1015.02,106.68,2197.2,14.0,0.03,0.05,0.1,0.18,0.2,0.36,0.46,0.098,6,0,0,1,2,3
2021-05-25,12.9677,79.9959,28.48,32.17,1024.81,72.47,1663.1,17.6,0.76,1.19,1.73,3.08,3.42,7.77,12.38,0.05,0,0,0,0,0,2
2021-05-26,25.4832,-80.5936,42.0,85.25,1018.19,71.35,1262.1,20.6,4.72,9.02,11.39,13.77,17.0,34.08,44.64,0.285,3,0,1,1,2,2
2021-05-26,25.3038,83.4316,31.77,83.11,968.68,38.6,1889.2,3.2,1.61,2.91,4.96,8.35,11.26,21.79,38.9,0.332,0,0,0,1,0,2
2021-05-26,23.3863,89.9793,45.18,72.71,1005.64,52.38,1407.3,15.5,8.12,11.04,19.53,32.9,52.28,78.88,132.99,0.751,1,1,1,1,2,1
2021-05-26,14.3465,120.8643,45.58,69.71,1012.11,36.9,152.5,30.3,5.96,13.12,22.03,35.2,47.79,104.99,199.23,0.95,9,2,2,0,3,1
2021-05-26,12.6795,80.0764,17.04,59.98,963.24,101.47,2170.6,4.6,0.85,1.88,3.32,3.86,5.56,8.07,11.29,0.188,0,0,0,2,0,2
2021-05-27,-5.7041,106.9398,11.18,54.97,978.71,94.75,1054.4,44.9,2.68,5.45,10.94,13.32,16.79,22.31,29.89,0.335,0,0,1,2,0,1
2021-05-27,20.7341,86.1691,8.83,72.47,1010.0,127.5,178.8,45.3,3.37,4.4,5.62,8.47,10.77,16.01,19.4,0.37,0,1,1,1,0,1
2021-05-27,13.7525,-87.2227,14.95,52.34,980.01,22.1,316.6,31.3,4.29,9.99,12.77,15.25,17.33,31.86,58.07,0.465,0,1,1,1,0,1
2021-05-27,13.844,-87.2076,17.53,18.7,996.62,66.28,2362.5,37.5,5.78,7.02,13.34,16.75,25.29,43.93,77.83,0.412,0,0,1,1,0,1
2021-05-27,14.1499,-87.2079,22.48,53.34,973.15,7.17,379.5,6.0,1.97,2.87,4.2,6.2,7.84,11.72,23.83,0.187,0,0,0,0,0,2
2021-05-28,14.5123,121.1991,39.08,29.57,949.87,78.26,698.4,27.3,13.39,26.86,55.42,93.42,107.73,244.24,341.67,0.95,2,3,3,3,1,0
2021-05-28,28.3994,77.1007,10.24,59.73,1001.68,146.71,344.8,21.1,1.04,1.52,2.53,3.07,3.41,4.76,7.31,0.224,0,0,0,2,0,2
2021-05-28,23.948,90.4252,16.9,32.6,995.71,64.89,2016.0,43.3,1.53,2.27,4.32,5.7,9.55,16.32,30.48,0.185,0,0,1,1,0,2
2021-05-28,20.7442,86.0338,32.92,50.68,981.12,101.03,2283.3,41.5,3.57,6.26,9.9,17.12,21.45,40.87,69.68,0.367,0,0,1,2,0,1
2021-05-29,12.1381,92.3318,43.63,16.26,1001.71,61.42,1721.9,32.0,3.18,7.12,8.58,10.44,17.23,33.81,71.87,0.126,7,0,1,1,2,2
2021-05-29,25.3517,-80.2679,33.09,60.49,957.89,85.89,2338.8,30.5,2.09,4.58,6.37,9.12,13.4,24.19,51.31,0.295,0,0,1,2,0,2
2021-05-29,15.3488,75.4676,11.04,81.4,999.32,118.53,1367.1,28.0,3.21,6.87,9.64,15.86,23.58,42.31,73.66,0.73,0,1,1,2,0,0
2021-05-29,12.5902,80.5096,18.22,85.06,990.07,132.08,1788.9,17.1,0.72,1.35,2.76,4.89,7.99,16.91,29.22,0.404,0,0,0,2,0,1
2021-05-30,30.1901,-90.2091,33.35,94.79,997.35,116.09,956.7,2.1,1.9,3.44,5.65,7.27,10.41,21.46,32.44,0.33,0,0,0,1,1,2
2021-05-30,14.4319,121.1126,37.39,80.47,959.42,119.94,2273.6,8.4,5.16,10.58,17.21,19.73,22.73,50.53,110.67,0.718,4,1,1,2,2,1
2021-05-30,18.614,73.3481,21.72,83.1,963.54,65.85,1744.0,26.7,6.02,14.3,17.28,31.79,44.17,74.63,89.61,0.74,0,1,2,2,0,0
2021-05-31,10.9324,-66.5738,8.32,23.94,1026.61,7.83,679.6,26.6,0.71,1.05,1.59,2.09,3.47,6.25,9.24,0.091,0,0,0,0,0,2
2021-05-31,13.5007,80.4119,34.13,34.46,989.65,44.99,252.7,12.4,2.02,3.62,4.83,6.55,11.15,25.56,44.35,0.124,0,0,0,1,0,2
2021-05-31,18.369,-65.602,15.12,82.02,987.33,54.78,592.7,39.5,2.91,5.67,9.16,11.65,15.57,21.09,32.5,0.438,0,0,1,1,0,1
2021-05-31,9.9012,76.876,46.17,50.97,982.83,24.06,1142.3,14.9,18.14,25.79,39.74,63.31,84.94,150.29,326.65,0.95,8,3,2,1,3,1
2021-06-01,25.7143,82.7277,46.41,77.65,945.62,38.72,643.1,26.3,0.6,0.78,1.06,1.44,1.63,2.34,3.2,0.05,4,0,0,1,3,3
2021-06-02,22.5087,88.4375,23.27,59.14,950.53,37.04,1303.8,21.0,1.42,2.95,5.38,6.64,11.39,20.44,39.68,0.305,0,0,1,1,0,1
2021-06-02,13.9805,100.6573,35.84,17.64,1015.73,146.06,2133.4,43.9,0.05,0.12,0.18,0.32,0.39,0.68,0.85,0.05,6,0,1,1,1,3
2021-06-02,18.2716,-66.5152,33.71,76.13,1010.55,13.87,1922.1,41.5,0.16,0.2,0.34,0.51,0.91,1.41,2.52,0.055,0,0,1,0,1,3
2021-06-02,22.6404,88.2416,15.8,78.44,956.2,107.34,79.7,16.5,3.8,7.78,13.75,19.98,25.54,49.44,68.47,0.641,0,1,1,2,0,1
2021-06-03,23.0387,88.0455,31.1,83.35,969.81,41.19,1910.3,34.6,0.89,1.07,1.93,2.37,4.19,8.07,16.54,0.2,0,0,1,1,0,2
2021-06-03,9.7949,76.5249,31.09,32.45,1015.6,134.77,1930.4,45.0,2.47,5.05,10.17,14.9,22.84,41.46,90.52,0.431,0,1,2,1,0,1
2021-06-04,26.1673,-79.8616,18.28,61.11,1001.91,151.88,519.4,10.2,0.44,1.02,1.57,2.89,4.98,6.24,9.23,0.169,0,0,0,2,0,2
2021-06-04,29.5991,-89.6122,43.9,75.09,999.94,69.51,1611.3,2.0,3.09,5.76,8.71,10.99,18.3,23.14,29.38,0.126,5,0,0,1,3,3
2021-06-04,10.799,-67.0369,29.46,80.25,968.46,30.14,131.3,27.7,4.08,6.49,11.37,12.98,15.18,31.0,48.61,0.401,0,1,1,1,0,1
2021-06-04,19.4473,73.3298,43.33,37.41,973.68,99.84,1364.4,42.2,3.31,5.91,7.49,14.08,19.65,37.08,63.11,0.171,3,0,1,2,2,2
2021-06-05,29.6143,-90.1728,15.0,18.88,1006.82,21.12,63.7,28.4,0.05,0.09,0.13,0.18,0.2,0.47,0.81,0.05,0,0,0,0,0,2
2021-06-05,13.7674,-87.2518,37.08,32.04,969.31,54.95,1792.6,40.7,1.65,2.57,5.14,9.76,15.32,36.58,68.04,0.234,8,0,1,1,2,2
2021-06-05,14.6782,121.411,17.31,95.1,948.3,74.42,878.4,8.1,4.37,9.95,14.12,21.15,31.83,53.11,112.67,0.95,0,1,1,2,0,0
2021-06-05,30.1777,-90.1107,41.14,33.16,955.17,91.05,1378.6,14.4,1.99,2.6,3.43,6.05,8.62,11.38,24.6,0.05,7,0,0,2,2,3
2021-06-06,11.2034,93.1546,17.87,72.72,951.26,27.43,521.9,14.5,19.18,39.06,60.38,102.02,177.58,417.39,525.02,0.95,0,3,3,2,0,0
2021-06-06,-6.6471,107.0574,33.88,81.75,977.79,5.33,1946.9,21.6,6.57,14.0,23.08,43.84,62.4,127.03,237.52,0.95,0,2,2,1,1,0
2021-06-06,28.5045,77.6486,41.19,91.88,964.39,78.38,1411.5,38.6,1.79,2.6,4.86,7.65,13.23,26.28,31.98,0.243,4,0,1,2,2,3
2021-06-06,16.3721,81.4906,28.66,88.55,960.85,33.98,2098.9,44.6,6.37,7.96,14.22,20.77,34.59,48.07,101.92,0.779,0,1,2,1,0,0
2021-06-07,28.4301,77.0236,12.21,72.75,1005.94,3.75,650.7,4.9,22.18,42.41,68.67,100.97,179.26,357.05,488.68,0.95,0,3,3,1,0,0
2021-06-07,28.2502,77.5369,35.91,97.77,1017.73,17.14,1458.2,32.1,3.49,6.57,9.61,15.71,25.29,47.82,81.16,0.625,4,1,1,0,2,1
2021-06-07,35.441,139.7713,20.82,51.53,951.99,37.67,236.2,11.4,4.25,8.03,12.05,15.77,28.36,60.16,121.65,0.805,0,1,1,1,0,0
2021-06-08,-5.8588,107.1325,14.6,94.02,971.22,119.98,1112.4,37.6,2.3,5.31,10.2,13.34,18.69,24.68,51.91,0.619,0,0,1,2,0,1
2021-06-08,14.5701,121.3392,42.59,51.84,1027.12,45.11,1270.1,8.7,2.03,2.87,4.24,5.58,7.24,17.11,21.19,0.05,2,0,0,0,2,3
2021-06-09,20.4101,85.7223,43.88,52.54,987.84,148.59,1620.4,7.6,3.19,4.69,6.94,12.29,19.39,29.94,36.07,0.065,1,0,0,2,2,3
2021-06-09,20.3934,85.9981,38.87,54.11,1005.36,154.84,919.2,34.7,0.56,1.1,1.64,2.94,3.97,6.88,15.0,0.05,9,0,1,2,2,3
2021-06-09,28.2288,76.9795,46.31,15.86,949.25,129.49,576.9,43.8,1.3,1.67,2.02,2.68,3.84,4.61,8.21,0.05,9,0,1,3,3,3
2021-06-09,13.0031,80.2951,12.04,53.0,976.19,90.38,1053.9,1.3,17.9,33.16,53.93,100.51,121.53,173.43,348.25,0.95,0,3,2,2,0,0
2021-06-09,15.3959,75.8842,23.52,57.63,1011.65,59.17,932.7,5.0,8.61,11.27,20.1,28.75,39.79,80.2,101.62,0.683,0,1,1,1,0,0
2021-06-10,19.9516,85.35,16.22,27.4,957.09,147.85,1665.0,28.3,1.36,2.34,3.0,5.7,9.28,18.06,32.29,0.179,0,0,1,3,0,1
2021-06-10,14.5674,-86.7808,28.83,39.46,1022.37,109.97,213.3,31.6,7.29,17.12,25.36,36.78,57.07,130.77,245.33,0.95,0,3,3,1,0,0
2021-06-11,29.8749,-90.3731,12.52,91.51,1025.51,134.38,832.6,3.1,0.71,1.51,2.2,3.99,6.72,9.97,18.88,0.42,0,0,0,1,0,1
2021-06-12,20.1017,85.647,28.31,81.39,1002.14,85.31,2346.3,36.6,7.05,8.57,11.95,20.03,25.94,42.15,75.48,0.584,0,1,1,1,0,1
2021-06-13,35.3555,139.6121,17.65,61.35,963.72,26.61,1564.3,16.0,3.12,5.37,11.2,13.66,19.47,39.26,62.64,0.51,0,0,1,1,0,1
2021-06-13,24.8333,83.3075,43.3,46.09,993.34,33.69,886.6,41.9,0.82,1.19,1.71,2.67,3.91,5.51,10.42,0.05,9,0,1,0,3,3
2021-06-14,10.546,-66.8192,10.37,66.17,1004.51,49.54,2348.6,7.4,8.45,17.0,30.56,55.03,92.57,149.46,284.78,0.95,0,3,2,1,0,0
2021-06-14,22.8487,88.6116,8.15,43.06,957.03,61.8,1382.4,43.7,6.41,11.53,14.08,18.88,22.18,43.93,83.27,0.642,0,1,2,2,0,0
2021-06-14,13.5294,100.1519,14.19,28.32,967.07,125.78,2252.0,47.8,0.14,0.26,0.37,0.7,1.25,2.9,3.52,0.05,0,0,1,2,0,2
2021-06-15,14.5766,-87.1485,11.51,93.16,997.96,132.7,2395.9,9.2,4.15,9.4,16.15,26.03,36.06,72.47,115.63,0.95,0,1,1,2,0,0
2021-06-15,13.9422,100.7112,21.15,17.08,949.12,7.79,1148.0,21.9,0.22,0.33,0.47,0.63,0.98,2.0,3.08,0.05,0,0,0,1,0,2
2021-06-16,10.6141,77.3492,8.87,84.18,949.62,33.46,1307.6,9.0,6.28,13.39,25.18,44.14,55.34,114.81,178.56,0.95,0,2,2,1,0,0
2021-06-16,9.745,76.5432,24.23,35.79,990.25,152.99,2045.2,13.3,1.61,3.71,7.45,9.15,15.38,23.95,41.76,0.203,0,0,0,2,0,1
2021-06-17,35.2046,139.5055,21.18,40.81,945.95,96.4,1838.0,0.7,0.02,0.04,0.06,0.09,0.14,0.28,0.49,0.05,0,0,0,2,0,2
2021-06-17,35.7852,139.6059,43.59,75.63,1013.78,116.13,1514.4,20.8,8.13,16.11,25.11,29.3,38.19,70.75,104.4,0.6,8,1,1,1,3,1
2021-06-17,18.3737,-65.9528,12.51,79.41,1012.48,92.64,1396.9,36.1,8.28,14.12,18.4,32.59,43.64,59.37,107.73,0.921,0,1,2,1,0,0
2021-06-17,18.6452,72.9121,35.35,70.28,1001.61,135.97,1824.7,43.8,1.69,3.17,6.62,10.41,14.53,25.58,49.59,0.308,2,0,1,2,1,2
2021-06-17,12.9994,80.2742,42.39,69.84,955.09,115.91,1249.5,11.2,1.2,2.24,3.9,7.31,12.41,17.96,35.45,0.154,6,0,0,2,3,3
2021-06-17,14.2661,-87.626,21.82,72.68,968.55,115.79,1446.2,38.0,14.56,33.35,57.83,104.96,126.7,158.58,274.84,0.95,0,3,3,3,0,0
2021-06-17,16.5674,81.3445,12.45,25.79,1002.61,142.37,1742.2,4.0,1.8,2.17,3.6,4.52,7.72,10.23,12.29,0.081,0,0,0,2,0,2
2021-06-19,10.3553,-66.4894,21.62,97.36,997.83,135.56,1939.0,31.5,6.43,9.93,17.61,27.69,42.52,59.63,88.09,0.797,0,1,2,2,0,0
2021-06-19,14.919,75.4607,33.89,49.38,948.7,122.02,1629.6,23.0,8.05,12.91,18.91,34.0,56.37,102.48,136.37,0.769,0,1,2,3,0,0
2021-06-19,26.1213,-80.6264,31.17,16.03,973.41,150.25,1334.0,44.8,3.94,4.86,6.17,10.35,15.4,20.83,37.79,0.05,0,0,1,2,0,2
2021-06-19,13.8337,100.4612,13.8,50.76,1027.84,137.54,2352.6,22.1,3.99,7.27,8.92,10.82,14.06,22.15,41.97,0.368,0,0,1,1,0,1
2021-06-19,10.2063,-66.9314,41.97,95.52,1021.91,124.0,1545.0,37.6,1.98,3.79,5.74,7.81,12.73,22.21,31.36,0.249,2,0,1,1,2,3
2021-06-20,28.7947,77.1487,35.56,45.89,1013.16,57.67,897.2,37.5,2.35,5.32,9.21,11.9,17.82,21.47,32.47,0.088,6,0,1,0,1,2
2021-06-20,20.0144,86.0045,20.53,92.77,980.52,107.64,1446.7,7.2,9.82,15.86,19.67,26.36,35.19,46.14,83.97,0.76,0,1,1,2,0,0
2021-06-21,18.4473,-66.1781,17.88,16.15,1002.59,141.1,1914.4,30.1,13.29,22.86,38.23,42.43,74.77,142.06,225.99,0.95,0,2,3,2,0,0
2021-06-21,11.3238,92.4552,36.54,69.39,964.07,43.34,240.1,20.2,1.67,2.3,4.49,8.0,9.41,14.3,27.69,0.156,3,0,0,1,1,2
2021-06-21,22.3773,88.8336,30.98,69.42,978.01,151.78,2335.9,37.0,0.83,1.87,2.41,3.87,5.5,6.86,14.43,0.124,0,0,1,2,0,2
2021-06-22,20.6774,85.931,29.75,56.54,961.37,121.16,1661.6,22.4,0.32,0.43,0.56,0.78,0.94,2.1,4.41,0.05,0,0,0,2,0,2
2021-06-22,11.9219,93.0115,15.97,16.39,1001.37,13.71,1011.0,29.1,9.68,15.24,21.71,35.24,54.04,86.38,183.83,0.95,0,2,2,0,0,0
2021-06-22,23.5204,90.5161,31.73,43.71,961.73,71.68,1578.6,47.9,5.95,10.24,19.14,22.71,31.58,54.0,118.74,0.652,0,1,2,2,0,0
2021-06-23,16.719,81.4317,8.65,48.93,960.51,149.97,1399.4,41.7,0.76,1.65,2.6,3.23,5.27,11.14,24.46,0.297,0,0,1,3,0,1
2021-06-24,14.4048,121.203,39.51,58.47,1026.91,123.91,1749.2,28.5,1.86,2.35,2.86,3.25,5.76,9.15,17.39,0.05,2,0,0,1,1,3
2021-06-24,13.8231,100.3481,32.22,97.88,987.76,50.68,1181.9,9.8,2.02,4.54,6.0,9.14,14.03,22.11,42.8,0.419,0,0,0,1,1,2
2021-06-25,28.7222,77.0854,41.92,91.61,979.25,108.13,1703.0,30.5,1.38,3.03,5.73,8.34,11.63,14.11,28.83,0.216,4,0,1,2,2,3
2021-06-25,16.0717,81.353,33.42,91.22,993.81,99.64,1692.5,9.3,4.9,7.64,12.09,13.43,22.7,53.21,67.05,0.53,0,1,1,1,1,1
2021-06-25,20.4265,85.9084,33.26,23.31,948.48,133.82,1824.5,32.1,0.11,0.16,0.31,0.38,0.63,1.2,2.33,0.05,0,0,0,3,0,3
2021-06-25,-5.92,107.2067,13.43,30.14,963.66,134.38,1154.6,33.5,2.17,3.84,7.45,12.79,16.15,31.51,59.24,0.385,0,0,1,2,0,1
2021-06-25,23.5109,90.8798,38.63,15.53,968.04,18.52,1018.9,30.8,0.66,0.98,1.52,2.44,3.21,6.17,9.56,0.05,4,0,0,1,1,3
2021-06-25,24.1482,90.9097,39.28,85.33,958.17,23.15,1476.2,36.5,1.11,2.03,3.85,6.6,10.28,13.31,16.65,0.135,8,0,1,1,3,3
2021-06-26,28.5773,77.4429,38.41,52.42,1026.62,46.81,222.9,20.9,2.73,4.42,6.27,10.27,14.01,27.43,54.29,0.228,7,1,1,0,2,2
2021-06-26,10.0809,77.2835,35.22,93.64,984.13,14.51,1941.0,34.8,1.23,2.34,2.96,4.39,6.06,9.1,12.32,0.182,2,0,1,0,1,2
2021-06-26,25.9426,-79.8615,25.71,34.57,962.94,142.68,1249.4,32.5,1.78,2.49,4.59,6.68,11.28,14.64,23.18,0.068,0,0,1,3,0,2
2021-06-26,35.8736,139.6576,14.27,18.74,950.26,12.27,35.8,38.1,2.28,4.79,6.47,11.47,13.37,21.21,33.31,0.164,0,1,1,1,0,2
2021-06-27,16.9274,81.2552,29.93,93.69,960.42,41.17,2383.2,42.9,2.79,5.67,9.06,12.89,18.18,30.86,57.88,0.516,0,0,1,1,0,1
2021-06-27,30.0963,-90.4591,15.09,77.72,1025.11,34.3,262.5,13.4,0.41,0.49,0.79,1.34,1.77,2.83,4.04,0.241,0,0,0,0,0,2
2021-06-27,28.4533,77.552,37.32,90.22,1006.71,83.52,2065.9,33.5,0.04,0.07,0.14,0.19,0.21,0.44,0.88,0.076,5,0,0,1,2,3
2021-06-28,14.2617,120.5453,43.91,43.55,1020.37,146.57,16.7,22.5,0.09,0.21,0.35,0.41,0.48,0.8,1.71,0.05,8,0,0,1,3,3
2021-06-29,14.4692,-86.9804,44.61,31.16,950.5,100.59,2038.7,45.8,5.1,7.34,15.27,28.03,34.03,63.65,111.74,0.434,9,1,2,2,3,1
2021-06-30,14.0461,100.1053,12.54,23.57,1019.75,48.47,786.0,37.4,1.88,4.14,6.46,11.04,16.2,37.63,57.48,0.352,0,0,1,0,0,1
2021-07-01,20.2937,85.4236,19.47,33.39,996.24,67.75,1644.6,18.9,1.12,2.08,2.68,5.07,7.9,10.64,19.39,0.096,0,0,0,1,0,2
2021-07-01,12.6072,79.8352,21.4,38.44,977.43,124.15,893.9,22.0,1.77,2.32,3.7,4.65,5.72,7.51,11.69,0.053,0,0,0,2,0,2
2021-07-01,23.5495,89.9102,10.61,79.0,963.24,96.29,1930.7,7.1,3.19,6.47,12.11,14.75,24.74,32.48,55.85,0.612,0,1,1,2,0,1
2021-07-01,15.5088,75.3131,22.74,62.19,980.42,119.5,1287.2,42.4,3.14,6.0,10.76,17.03,26.03,45.28,58.44,0.441,0,0,2,2,0,1
2021-07-02,11.6762,92.4863,20.15,16.94,989.79,150.54,191.7,14.1,2.22,4.88,7.04,9.68,13.25,21.94,30.72,0.086,0,0,0,2,0,2
2021-07-02,14.8321,75.7445,20.91,73.12,996.94,93.85,808.3,16.0,7.23,13.4,19.36,29.71,38.23,54.38,80.6,0.646,0,1,1,1,0,0
2021-07-04,12.6986,80.6419,33.79,46.73,950.8,120.7,2223.4,25.6,0.52,1.03,1.3,1.6,2.29,3.43,7.31,0.05,0,0,0,2,0,3
2021-07-04,13.7841,-87.0557,44.94,52.01,987.69,19.77,782.8,24.9,0.79,1.49,2.71,4.39,6.19,13.14,19.97,0.05,7,0,0,0,3,3
2021-07-04,9.8144,77.3241,9.03,36.67,989.66,140.87,2031.8,23.8,0.13,0.24,0.44,0.6,0.71,1.09,2.15,0.098,0,0,0,2,0,2
2021-07-04,-6.3569,107.0069,8.46,26.59,1004.41,150.84,2359.4,24.0,7.12,14.84,24.5,38.18,45.67,106.19,164.8,0.95,0,2,2,2,0,0
2021-07-05,29.8318,-90.0672,30.12,35.66,1026.59,131.49,51.2,20.6,1.56,3.52,5.06,9.61,11.92,17.79,33.2,0.096,0,1,0,1,0,2
2021-07-06,28.6857,77.0858,36.71,85.16,958.3,31.49,815.9,13.8,2.65,5.57,10.66,13.5,16.51,27.02,36.42,0.281,3,0,0,1,1,2
2021-07-07,18.8853,72.5659,33.3,65.78,1000.44,38.23,1068.3,30.6,3.54,7.61,11.1,19.05,26.82,53.75,88.99,0.552,0,1,1,0,0,1
2021-07-07,25.3338,83.3685,26.48,29.31,1019.45,96.86,307.2,12.6,5.06,10.79,20.0,34.65,52.62,81.38,126.76,0.685,0,2,1,1,0,0
2021-07-07,-5.7717,106.5779,25.09,81.95,993.64,94.77,483.0,16.8,6.53,8.52,16.8,24.98,42.12,66.62,102.52,0.785,0,1,1,1,0,0
2021-07-07,18.9043,72.5969,23.64,80.46,957.86,33.11,1486.1,34.3,3.61,6.54,8.66,12.11,18.45,27.15,49.9,0.463,0,0,1,1,0,1
2021-07-08,22.1174,87.9244,39.27,45.08,998.08,21.1,2239.0,24.5,0.09,0.17,0.23,0.29,0.44,0.65,0.92,0.05,8,0,0,0,2,3
2021-07-08,28.743,76.9395,26.66,81.81,990.93,117.01,1568.1,33.6,2.03,4.47,7.16,11.92,20.37,40.47,69.19,0.562,0,1,1,2,0,1
2021-07-08,23.5965,90.1888,21.92,76.12,998.27,118.11,1968.5,44.3,1.97,4.69,6.54,10.93,16.11,35.12,58.89,0.515,0,0,2,1,0,1
2021-07-08,20.7154,85.3609,14.19,47.44,969.69,93.67,869.0,34.0,2.51,5.78,7.41,12.23,19.21,44.97,70.67,0.528,0,0,1,2,0,1
2021-07-09,13.762,-87.0586,16.0,90.92,948.76,75.05,437.0,37.5,2.57,5.3,10.32,17.55,24.33,42.48,78.8,0.76,0,1,2,2,0,0
2021-07-10,18.8203,72.9591,38.4,84.78,1000.4,46.74,1703.3,32.5,3.3,5.14,7.39,10.12,13.35,17.27,34.58,0.252,8,0,1,1,3,2
2021-07-10,10.4761,77.4661,24.57,58.72,968.75,72.83,350.6,34.2,1.62,3.0,5.23,9.25,10.7,19.04,39.87,0.293,0,0,1,1,0,1
2021-07-10,30.3692,-90.394,18.36,61.34,979.24,120.46,1458.2,27.1,1.37,2.55,4.47,5.56,8.98,15.01,29.15,0.294,0,0,1,2,0,1
2021-07-11,13.4191,100.3281,44.92,20.98,994.03,77.45,2004.5,24.4,2.22,5.01,10.36,15.95,22.62,49.7,100.95,0.318,3,0,1,1,2,2
2021-07-11,13.8689,100.0187,38.85,96.6,983.61,114.73,2056.4,11.0,3.39,6.3,11.77,19.5,32.54,51.2,72.52,0.539,7,1,1,2,3,1
2021-07-11,30.0717,-90.1725,21.06,59.23,949.6,51.37,1268.4,33.9,0.37,0.8,1.61,2.13,3.48,4.93,8.5,0.131,0,0,1,1,0,2
2021-07-11,10.1434,76.685,19.42,33.98,998.51,21.92,2066.0,32.1,4.34,10.08,20.65,31.83,46.05,73.79,141.35,0.861,0,1,2,0,0,0
2021-07-11,11.2217,93.0167,33.64,36.11,968.96,5.03,1339.3,14.2,14.14,29.68,45.17,60.33,96.56,145.33,239.5,0.95,0,3,2,1,0,0
2021-07-11,25.607,-80.1703,41.13,33.65,954.27,29.17,2264.3,6.8,1.34,1.92,2.5,3.8,5.19,10.75,17.12,0.05,8,0,0,1,2,3
2021-07-12,35.5852,139.4997,14.2,51.34,1012.29,3.86,1380.6,8.7,4.77,6.53,8.8,9.98,14.07,27.82,41.42,0.363,0,0,0,0,0,1
2021-07-12,14.376,-86.9463,21.1,53.65,1009.19,141.99,455.6,44.3,4.16,8.04,11.09,12.69,19.01,37.67,53.14,0.384,0,0,1,2,0,1
2021-07-12,22.9358,88.5833,36.25,70.62,986.18,73.78,1106.8,7.4,2.87,4.53,7.96,12.16,21.38,36.81,68.63,0.42,5,0,0,1,2,1
2021-07-13,35.3379,139.3175,13.85,92.44,1009.48,46.07,1125.5,3.7,3.77,5.09,9.09,14.88,19.75,46.18,91.39,0.865,0,1,1,0,0,0
2021-07-13,15.1505,75.5875,28.53,29.51,988.15,114.79,2276.8,18.0,13.04,31.12,53.81,72.21,122.55,154.89,254.12,0.95,0,3,3,2,0,0
2021-07-14,13.8933,-86.7936,20.46,26.65,1011.65,113.36,1414.7,42.7,3.49,6.39,10.56,16.83,24.6,37.57,80.92,0.441,0,1,1,1,0,1
2021-07-14,16.6351,81.6968,32.79,37.37,999.09,71.92,278.1,12.2,0.87,1.22,1.98,3.69,5.76,12.69,27.68,0.05,0,0,0,1,0,2
2021-07-15,13.938,-86.8121,25.65,56.3,973.89,13.17,1185.7,37.3,10.7,13.82,26.5,34.81,58.34,93.95,123.49,0.795,0,1,2,1,0,0
2021-07-15,13.3551,100.1852,8.44,15.57,1027.62,5.23,374.0,42.4,3.35,6.53,10.63,12.97,17.6,36.28,61.14,0.376,0,0,1,0,0,1
2021-07-15,14.507,-87.6219,36.22,17.78,1007.48,57.26,600.0,27.9,2.75,6.18,11.18,16.07,24.99,52.48,112.17,0.453,2,1,1,1,1,1
2021-07-16,19.381,73.1896,38.11,37.67,1017.14,14.53,609.2,35.1,1.76,3.27,4.74,6.58,10.03,21.57,45.12,0.107,6,0,1,0,2,2
2021-07-16,13.0623,80.2586,15.97,69.15,1026.33,78.26,1456.1,8.2,0.61,1.07,2.1,3.84,5.95,9.71,18.93,0.287,0,0,0,1,0,2
2021-07-16,18.3082,-66.2434,10.27,66.96,999.6,72.0,1987.2,0.9,12.09,19.96,34.65,39.07,62.36,115.52,249.57,0.95,0,2,2,1,0,0
2021-07-16,10.8598,-66.9553,25.19,69.79,1026.22,147.63,950.9,29.8,7.75,17.03,27.78,36.36,43.49,77.65,149.31,0.95,0,1,2,2,0,0
2021-07-16,14.1937,120.6529,33.1,39.55,1000.76,89.1,1733.8,29.0,4.97,11.91,19.31,30.48,35.7,83.56,150.1,0.817,0,1,2,1,0,0
2021-07-16,10.0493,-66.476,16.05,96.27,1012.23,55.81,972.5,14.7,0.89,1.13,1.39,2.09,3.07,6.49,8.41,0.344,0,0,0,0,0,2
2021-07-17,13.8187,100.6888,44.47,49.39,996.83,141.45,1388.9,33.0,3.51,5.26,10.87,16.07,18.78,45.03,83.31,0.341,6,0,1,2,3,2
2021-07-17,15.496,75.9007,43.88,45.29,986.53,89.29,684.4,33.3,0.84,1.2,1.66,2.46,3.14,5.4,8.52,0.05,8,0,0,1,3,3
2021-07-18,13.7777,100.0085,35.76,92.78,1019.21,10.81,407.4,36.3,4.09,5.56,9.18,15.83,19.84,44.55,55.82,0.446,4,1,1,0,2,2
2021-07-18,36.0204,139.5643,15.76,64.94,950.04,65.24,1312.8,21.2,4.83,10.59,20.06,22.69,28.04,51.7,110.37,0.842,0,1,1,2,0,0
2021-07-19,14.0222,100.114,32.88,78.22,1025.06,78.14,1724.7,25.4,1.55,2.24,4.48,7.02,10.87,21.09,30.31,0.246,0,0,1,1,0,2
2021-07-19,-5.9607,106.9247,17.53,92.2,950.57,9.06,1901.1,20.2,8.68,13.55,19.76,36.87,54.85,106.21,222.84,0.95,0,2,2,1,0,0
2021-07-19,28.8655,77.3745,10.91,55.08,985.18,49.43,2233.2,13.9,1.19,1.76,2.34,3.26,5.14,10.75,21.64,0.286,0,0,0,1,0,2
2021-07-20,15.8094,75.9216,14.13,16.26,971.22,51.64,565.5,26.8,0.86,2.0,3.72,4.45,5.73,13.63,19.08,0.065,0,0,0,1,0,2
2021-07-20,13.9675,-87.0912,40.64,94.06,969.71,83.92,715.8,18.5,2.27,4.88,6.5,7.97,9.89,12.5,23.04,0.202,5,0,0,2,2,3
2021-07-20,-5.7574,107.158,25.89,68.31,1001.42,87.49,1500.6,5.1,10.61,22.8,35.03,54.31,61.54,76.89,111.55,0.772,0,1,1,1,0,0
2021-07-20,16.3591,81.8489,33.36,45.27,991.54,75.6,2124.2,25.7,2.04,3.44,5.9,10.28,15.18,30.27,58.66,0.269,0,0,1,1,0,2
2021-07-21,35.9928,139.3659,36.05,61.37,985.23,66.79,1247.7,8.2,0.4,0.62,1.14,1.79,2.57,4.85,8.53,0.05,9,0,0,1,2,3
2021-07-22,18.5922,-65.6415,15.25,19.81,971.02,125.31,1008.0,12.5,0.07,0.13,0.24,0.3,0.44,0.75,1.43,0.05,0,0,0,2,0,2
2021-07-23,18.3264,-66.2559,39.44,30.86,983.02,109.5,2237.4,3.5,1.75,3.39,6.45,11.85,13.04,25.47,30.74,0.05,3,0,0,2,1,3
2021-07-24,22.711,88.6136,22.89,15.19,946.14,98.57,1073.0,0.5,1.02,2.0,2.76,4.77,6.18,14.4,24.77,0.05,0,0,0,2,0,2
2021-07-25,16.9571,81.8604,37.35,38.96,1020.47,15.65,2132.8,0.6,2.58,4.13,6.54,9.46,14.73,18.08,34.2,0.051,5,0,0,0,1,2
2021-07-25,13.3013,80.4471,33.35,69.25,1024.37,2.46,596.5,44.6,9.42,19.45,36.74,43.1,62.91,92.97,128.41,0.814,0,2,3,0,0,0
2021-07-25,10.3275,77.2461,10.92,26.4,994.9,81.3,406.2,6.6,2.91,3.66,7.27,12.69,20.94,25.53,31.85,0.22,0,0,0,1,0,1
2021-07-25,-6.0074,107.2475,40.64,59.91,960.57,78.62,256.0,36.8,1.3,2.05,4.2,6.04,9.98,19.61,29.73,0.089,7,0,1,2,2,3
2021-07-25,14.8243,120.8511,8.05,24.97,989.37,105.29,1003.0,35.2,2.58,3.33,4.57,8.1,13.02,29.6,39.0,0.284,0,0,1,1,0,1
2021-07-26,-6.4296,106.4413,32.68,30.64,991.26,108.56,83.9,32.0,1.31,1.78,3.45,5.47,8.11,17.87,26.18,0.05,0,0,1,1,0,2
2021-07-26,22.5446,88.7955,22.98,33.51,1005.47,112.97,2136.6,2.9,1.52,1.89,2.63,3.73,4.42,9.67,13.57,0.05,0,0,0,1,0,2
2021-07-27,25.1883,83.2197,26.57,97.31,1008.95,34.21,1204.5,11.6,1.84,3.93,7.44,9.54,16.65,31.82,50.27,0.515,0,0,1,0,0,1
2021-07-27,20.1332,85.4677,45.65,60.38,972.27,16.61,1305.9,41.4,7.05,13.57,21.09,34.17,55.82,94.56,158.51,0.85,3,2,2,1,2,1
2021-07-27,18.7714,73.234,22.59,37.45,969.65,57.14,2373.2,37.7,0.26,0.58,1.03,1.87,2.5,4.39,9.2,0.05,0,0,1,1,0,2
2021-07-28,29.6676,-90.3971,13.35,21.09,948.05,8.14,1312.9,5.0,0.88,1.94,4.02,7.19,12.74,25.54,55.86,0.324,0,0,0,1,0,1
2021-07-28,13.3548,80.7404,12.4,34.77,984.39,81.28,2243.1,4.8,1.55,2.8,3.65,6.02,8.79,15.39,28.57,0.224,0,0,0,1,0,1
2021-07-28,23.7242,90.6682,17.09,35.01,977.98,19.05,428.3,24.3,10.77,20.39,31.96,41.36,51.17,101.83,208.58,0.95,0,2,2,1,0,0
2021-07-28,14.4502,121.466,28.56,32.93,967.81,33.09,1767.9,46.3,0.98,2.19,4.07,5.47,8.03,15.51,30.58,0.081,0,0,1,1,0,2
2021-07-28,15.7088,76.1518,21.83,45.41,1026.06,20.18,2021.1,38.0,0.19,0.39,0.5,0.63,1.12,1.83,2.3,0.05,0,0,1,0,0,2
2021-07-28,19.8079,85.966,14.85,46.56,951.89,120.88,1788.2,23.8,2.11,3.71,4.58,6.39,7.6,10.81,23.37,0.223,0,0,0,2,0,2
2021-07-29,10.6353,-67.2109,46.23,96.16,993.15,76.99,449.1,18.5,5.39,12.7,22.1,35.22,61.98,83.82,151.87,0.95,8,2,2,1,3,1
2021-07-30,18.8481,72.5544,37.62,32.1,1003.87,5.24,1006.6,37.4,1.45,2.72,3.77,6.38,7.25,16.12,22.54,0.05,6,0,1,0,2,3
2021-07-30,16.0751,81.6714,40.38,41.94,979.78,106.42,849.4,30.4,7.58,16.35,25.24,33.58,43.65,70.64,119.63,0.571,2,1,2,2,1,1
2021-07-30,14.2519,-87.2312,44.34,32.85,990.8,83.32,1069.5,39.9,2.93,6.4,12.63,14.61,25.66,54.29,91.44,0.318,8,0,1,1,3,2
2021-07-30,25.6521,82.9074,34.61,61.65,954.72,89.93,1428.0,36.5,4.44,8.15,14.13,24.27,32.67,44.5,92.31,0.543,0,1,1,2,1,1
2021-07-31,15.0684,75.7692,9.06,48.82,973.47,111.26,32.2,31.9,1.49,1.96,4.08,5.18,6.96,10.08,18.77,0.257,0,1,1,2,0,2
2021-07-31,30.2228,-90.5095,22.78,18.45,1015.84,76.62,1439.2,35.3,3.73,7.75,14.62,22.97,31.15,46.47,97.72,0.488,0,1,1,1,0,0
2021-07-31,14.2531,120.8786,25.68,88.84,1002.8,139.49,1702.5,46.6,3.53,8.32,11.17,12.76,19.21,45.72,73.96,0.633,0,1,2,2,0,1
2021-08-01,23.3281,89.9141,28.44,20.92,985.84,117.9,1299.8,25.1,4.43,6.23,10.04,12.23,17.94,34.27,45.29,0.12,0,0,1,2,0,2
2021-08-01,10.5506,77.4011,24.03,93.64,965.01,20.73,343.1,25.2,1.74,3.66,5.46,6.56,8.99,20.31,32.61,0.411,0,0,1,1,0,1
2021-08-01,14.2385,100.4585,20.06,95.18,981.07,87.68,1830.0,27.0,3.74,8.44,12.96,15.41,17.97,38.44,71.3,0.696,0,1,1,1,0,0
2021-08-01,14.5145,121.447,31.9,78.66,967.85,2.34,1107.5,30.9,6.39,8.06,10.0,18.49,22.94,46.47,62.59,0.459,0,0,1,1,0,1
2021-08-02,12.7495,80.0219,13.88,39.32,977.99,115.87,2293.4,44.2,2.26,3.96,5.2,9.76,15.93,35.32,50.65,0.369,0,0,1,2,0,1
2021-08-02,11.4972,92.9479,9.98,33.35,967.76,85.78,348.5,6.9,10.08,21.82,29.73,42.37,57.15,122.83,210.07,0.95,0,2,2,2,0,0
2021-08-02,10.4729,-66.7228,8.85,16.42,1020.17,44.21,563.8,13.2,5.68,8.94,15.5,27.69,36.64,50.38,63.86,0.393,0,1,1,0,0,1
2021-08-02,-6.4499,106.757,12.94,61.95,956.79,109.83,2172.4,21.1,2.34,5.41,9.03,13.46,20.26,41.07,53.67,0.499,0,0,1,2,0,1
2021-08-03,15.4617,75.8857,30.44,45.53,995.27,62.35,2050.6,36.5,6.52,9.56,12.75,19.71,33.72,44.94,64.44,0.333,0,0,1,1,0,1
2021-08-03,24.9361,82.7031,40.97,19.24,987.13,40.88,869.1,36.5,4.03,6.96,8.64,9.78,15.57,36.41,74.54,0.181,1,0,1,1,1,2
2021-08-03,-5.9376,106.6837,27.8,90.28,953.52,21.81,140.2,17.7,1.75,4.16,8.07,11.24,15.36,26.1,46.73,0.45,0,1,1,1,0,1
2021-08-03,10.4408,77.3938,38.1,94.15,950.59,98.47,1451.8,41.8,1.32,2.4,4.91,9.31,13.94,20.21,40.29,0.333,4,0,1,2,2,2
2021-08-04,12.8101,80.1433,30.92,53.12,1008.14,33.58,1049.5,9.1,3.33,7.38,13.94,25.86,46.04,97.9,145.56,0.87,0,1,1,0,0,0
2021-08-04,18.372,-66.5715,44.5,60.25,982.84,125.65,1634.9,42.4,4.59,10.75,21.47,38.31,52.64,87.56,169.97,0.932,6,2,3,2,3,0
2021-08-05,28.3729,76.8601,26.64,27.49,953.04,79.82,835.7,21.7,16.23,26.33,45.9,68.26,110.31,262.74,452.81,0.95,0,3,3,2,0,0
2021-08-05,30.3422,-89.87,46.85,44.52,980.57,125.8,214.5,18.9,0.31,0.42,0.51,0.56,0.77,1.67,2.98,0.05,7,0,0,2,3,3
2021-08-08,20.2934,85.6138,18.53,19.25,987.58,120.49,352.3,43.0,2.84,6.18,11.13,13.44,23.31,48.06,59.38,0.29,0,1,1,2,0,1
2021-08-08,19.2938,73.3007,17.3,75.88,1010.15,67.87,1656.6,27.7,0.75,1.58,3.22,4.8,8.62,14.77,24.81,0.343,0,0,1,1,0,1
2021-08-08,25.3396,83.2323,12.01,19.4,1016.02,143.87,219.2,5.9,0.12,0.16,0.22,0.41,0.64,1.37,2.71,0.05,0,0,0,1,0,2
2021-08-08,18.1118,-65.7251,18.0,16.33,1000.08,13.08,7.4,32.9,2.11,4.57,6.16,9.29,10.97,18.56,28.89,0.091,0,1,1,0,0,2
2021-08-09,26.2445,-80.595,19.88,19.4,976.01,112.38,786.0,30.4,3.78,7.86,15.78,22.82,27.76,43.94,71.72,0.356,0,0,1,2,0,1
2021-08-09,16.7441,81.519,37.35,83.7,958.9,146.09,130.8,21.1,0.36,0.47,0.95,1.73,2.65,6.25,10.57,0.107,8,0,0,3,2,3
2021-08-09,13.7606,100.013,10.69,72.83,975.04,13.98,2244.2,28.5,4.9,7.29,13.74,24.22,33.95,64.04,139.09,0.95,0,1,2,1,0,0
2021-08-10,20.0525,85.5653,32.72,33.45,949.43,96.11,115.7,29.6,0.89,2.03,3.3,4.22,7.16,10.77,16.23,0.05,0,0,0,2,0,2
2021-08-10,12.6991,79.9632,11.18,18.35,972.39,113.68,1253.2,20.3,5.87,12.44,23.73,34.83,38.79,54.56,105.92,0.644,0,1,1,2,0,0
2021-08-10,25.337,83.3198,16.87,36.53,977.1,124.84,929.0,10.2,0.24,0.31,0.58,0.84,1.35,2.73,3.65,0.05,0,0,0,2,0,2
2021-08-10,14.5772,-87.579,8.54,21.93,1015.97,34.84,750.6,16.5,7.03,9.81,18.95,27.94,46.05,93.28,180.23,0.95,0,2,2,0,0,0
2021-08-10,25.5153,-80.2931,27.41,93.49,955.99,3.45,331.4,8.6,1.01,2.2,3.39,6.01,7.76,17.33,20.94,0.307,0,0,0,1,0,2
2021-08-11,10.742,-67.3668,26.26,68.49,956.68,34.85,1916.4,27.9,0.1,0.22,0.39,0.49,0.63,1.17,2.06,0.085,0,0,0,1,0,2
2021-08-11,14.8212,75.4949,11.01,50.99,974.82,24.68,1973.2,37.3,2.18,3.98,6.34,9.77,15.76,35.48,63.59,0.529,0,0,1,1,0,1
2021-08-12,25.4867,82.4865,14.34,77.72,981.53,85.46,1854.9,16.7,4.84,8.38,12.9,17.63,31.3,66.56,81.22,0.731,0,1,1,1,0,0
2021-08-12,30.4233,-90.0574,37.32,33.04,978.66,42.21,1732.8,36.9,4.03,7.47,11.67,22.03,24.67,33.27,59.84,0.185,6,0,1,1,2,2
2021-08-13,29.6069,-90.1322,11.72,38.36,952.71,134.52,160.4,41.4,6.06,8.0,9.78,11.15,16.87,33.81,61.56,0.453,0,1,1,3,0,1
2021-08-13,25.6669,83.1329,40.3,25.35,987.12,140.2,2265.6,18.6,4.53,7.67,10.06,18.19,31.88,57.57,70.14,0.187,9,0,1,2,2,2
2021-08-14,25.8097,-80.1503,30.19,53.02,985.64,117.57,1263.3,15.9,3.05,6.01,10.79,17.21,26.94,42.35,69.71,0.402,0,0,1,2,0,1
2021-08-14,30.3886,-90.2279,40.91,49.69,973.97,127.55,905.7,19.7,0.51,0.94,1.4,2.2,3.11,6.52,9.64,0.05,5,0,0,2,2,3
2021-08-14,18.9176,-66.1095,36.31,46.39,1005.74,110.24,2383.8,17.9,4.02,8.17,16.71,25.05,39.21,82.56,180.76,0.95,1,2,2,1,1,0
2021-08-15,20.4622,85.4537,11.94,54.8,963.47,130.58,1713.6,32.0,5.32,8.26,13.28,15.53,17.82,28.42,57.49,0.5,0,0,1,2,0,1
2021-08-15,35.5004,139.4197,34.31,46.41,961.6,135.4,2213.3,30.3,5.83,13.9,24.37,44.52,60.17,122.78,154.19,0.863,0,2,2,3,0,0
2021-08-15,35.5738,139.3244,26.86,19.6,989.54,72.94,1872.8,33.3,6.5,12.05,23.38,39.17,64.46,123.82,237.68,0.95,0,2,3,1,0,0
2021-08-16,36.1071,139.7513,9.62,15.3,1007.71,87.69,517.6,46.4,3.55,5.28,8.31,15.21,18.9,43.7,61.91,0.369,0,0,2,1,0,1
2021-08-16,12.6115,79.8924,18.02,88.68,1011.92,152.6,288.0,37.7,0.47,0.65,0.8,1.18,1.4,2.27,3.35,0.26,0,0,1,2,0,2
2021-08-16,35.3708,139.7685,40.78,72.78,982.83,6.5,640.4,35.1,2.51,4.32,6.4,10.15,18.03,41.13,50.61,0.276,6,0,1,0,2,2
2021-08-16,-6.0712,106.4113,10.07,60.22,974.9,92.36,1232.6,13.6,2.72,4.5,9.13,12.79,14.43,30.54,66.08,0.595,0,0,1,2,0,1
2021-08-16,11.4824,93.1561,23.71,92.62,945.98,91.95,1204.3,42.0,0.31,0.63,1.14,1.86,3.27,7.15,8.88,0.261,0,0,1,2,0,2
2021-08-16,14.4921,120.7624,22.07,43.74,967.54,124.63,1551.0,34.7,1.75,3.86,6.08,7.55,11.0,19.07,24.63,0.152,0,0,1,2,0,2
2021-08-16,14.3038,120.8367,37.41,19.74,986.02,16.09,768.3,20.6,0.68,1.2,2.2,3.19,4.03,6.84,12.26,0.05,5,0,0,0,1,3
2021-08-17,24.952,82.5178,27.42,53.36,1024.33,79.21,1243.6,47.2,0.41,0.98,1.32,1.95,2.61,6.12,10.32,0.058,0,0,1,1,0,2
2021-08-18,23.8844,90.6784,28.43,26.19,947.16,25.38,1505.2,4.0,0.74,1.19,1.51,1.89,3.28,4.01,7.43,0.05,0,0,0,1,0,2
2021-08-18,25.257,83.3903,43.98,48.3,953.44,48.28,1655.9,38.3,0.18,0.32,0.4,0.72,1.03,2.37,3.03,0.05,9,0,1,1,3,3
2021-08-19,25.3544,-80.0699,12.44,68.88,982.06,35.22,849.4,23.9,0.34,0.8,1.44,1.7,2.85,4.52,8.12,0.251,0,0,0,1,0,2
2021-08-20,18.0082,-66.2399,23.02,86.86,984.51,18.98,1523.3,37.1,0.01,0.02,0.03,0.05,0.07,0.14,0.22,0.187,0,0,1,0,0,2
2021-08-20,11.3045,92.4285,30.26,76.79,1023.16,105.06,1788.4,29.4,5.59,13.03,22.73,28.29,46.37,91.86,195.99,0.95,0,2,2,1,0,0
2021-08-21,25.0151,82.976,37.15,65.3,986.73,142.69,1488.8,17.9,4.37,10.28,20.83,39.25,45.79,79.31,129.49,0.768,8,1,2,2,2,0
2021-08-21,36.113,139.8684,39.5,63.46,997.37,35.82,2184.3,31.3,1.89,4.27,8.44,9.29,16.23,26.55,43.07,0.199,3,0,1,0,2,2
2021-08-21,36.0112,139.7987,12.63,38.51,1005.89,125.58,850.8,8.1,3.66,7.48,12.37,15.04,25.43,50.21,103.89,0.71,0,1,1,2,0,0
2021-08-21,36.1617,139.4625,19.07,38.67,948.14,83.32,742.4,9.4,0.45,0.73,1.47,2.22,3.31,4.19,7.21,0.05,0,0,0,2,0,2
2021-08-21,19.0976,73.3207,33.58,18.15,968.88,49.16,834.7,19.0,9.81,20.51,37.38,53.87,71.99,96.72,159.93,0.777,0,2,2,2,0,0
2021-08-22,14.1973,120.686,33.1,22.3,1019.16,61.56,753.5,22.5,1.73,3.87,7.88,10.58,18.04,38.57,82.19,0.314,0,0,1,0,0,1
2021-08-22,15.5264,76.2083,41.02,21.58,990.14,52.99,1256.4,5.9,1.6,2.07,3.33,4.84,6.44,15.06,19.32,0.05,1,0,0,1,1,3
2021-08-23,14.8304,120.5663,17.87,33.22,946.75,151.18,614.4,40.2,2.32,5.49,7.33,8.71,9.6,19.8,29.83,0.175,0,0,1,3,0,2
2021-08-23,16.7171,81.7633,8.04,57.74,976.63,95.83,520.8,40.0,1.69,3.01,5.6,6.9,8.86,12.28,24.17,0.34,0,0,1,2,0,1
2021-08-23,13.3205,100.5276,29.02,46.0,1018.26,143.92,835.3,24.2,14.24,20.13,29.56,42.65,49.93,76.22,132.98,0.776,0,1,2,2,0,0
2021-08-24,28.8597,76.9023,24.91,61.19,956.25,57.27,1601.2,27.0,2.79,5.06,10.37,19.16,25.91,42.03,73.76,0.513,0,1,1,1,0,1
2021-08-24,13.8087,100.5423,25.17,82.4,971.16,69.91,1186.2,41.5,3.73,4.92,9.73,17.18,27.96,49.19,96.29,0.748,0,1,2,1,0,0
2021-08-24,29.1027,77.2042,15.08,92.82,953.01,35.96,693.5,7.8,1.83,3.2,5.33,6.04,7.57,16.42,33.01,0.491,0,0,0,1,0,1
2021-08-25,16.5515,81.2755,45.11,63.28,984.11,56.41,903.2,24.0,0.83,1.13,1.93,2.82,4.44,7.95,12.66,0.05,6,0,0,1,3,3
2021-08-25,13.6508,-86.9356,24.92,15.02,1012.83,84.91,1085.3,39.9,2.56,4.9,9.47,15.88,24.79,50.69,74.16,0.305,0,0,1,1,0,1
2021-08-25,10.4912,76.7184,30.95,73.75,995.12,16.83,1653.7,1.5,1.73,2.94,3.84,4.25,4.89,8.49,12.23,0.13,0,0,0,0,0,2
2021-08-25,11.3773,92.9852,30.33,76.38,993.08,141.54,2062.8,20.7,2.97,5.87,11.31,13.12,21.85,27.97,53.69,0.407,0,0,1,2,0,1
2021-08-25,35.5991,139.1676,40.15,75.19,1015.78,28.59,535.7,23.7,6.69,9.61,19.93,23.96,29.29,41.03,73.28,0.435,2,1,1,0,2,2
2021-08-25,19.8047,85.7995,41.81,85.1,1025.1,75.85,1325.7,39.6,4.21,5.98,9.32,17.18,20.66,29.98,47.99,0.307,9,0,1,1,3,2
2021-08-26,25.9057,-80.5048,17.93,17.41,988.27,74.08,737.9,42.0,4.84,10.79,14.52,24.02,42.82,82.83,113.59,0.626,0,1,2,1,0,0
2021-08-26,-6.2621,107.1825,36.25,30.38,1025.04,63.82,1569.4,1.4,0.48,1.03,2.13,2.89,3.25,5.31,6.46,0.05,6,0,0,0,1,3
2021-08-26,25.9614,-79.7524,9.61,52.39,973.87,89.32,1029.1,13.8,3.79,5.96,11.71,15.91,23.24,50.92,103.01,0.795,0,1,1,2,0,0
2021-08-26,19.2118,73.2928,29.04,61.77,974.84,58.35,1846.2,44.7,3.52,6.29,11.8,22.4,25.93,51.39,90.25,0.581,0,1,2,1,0,1
2021-08-26,24.9196,83.3127,22.89,65.42,992.51,120.58,2375.9,46.9,0.46,0.8,1.26,1.58,2.56,6.05,8.18,0.14,0,0,1,2,0,2
2021-08-26,22.5307,87.9861,39.8,92.81,961.06,118.19,753.7,32.6,1.28,2.86,4.33,7.7,12.6,18.09,24.55,0.213,3,0,1,2,2,3
2021-08-27,10.1405,77.2016,23.77,56.07,1025.16,150.51,2043.2,15.5,11.64,23.6,36.67,60.92,67.72,93.14,189.04,0.95,0,2,2,2,0,0
2021-08-27,25.4467,82.984,23.63,95.08,946.11,49.19,2365.4,44.4,6.27,8.69,16.74,19.65,22.69,29.43,52.46,0.545,0,0,2,2,0,1
2021-08-27,14.5206,-87.1287,10.18,74.55,972.64,144.83,2366.6,16.4,3.13,6.66,8.73,14.56,25.25,35.71,72.8,0.701,0,1,1,2,0,0
2021-08-28,20.7362,85.6899,19.64,92.73,977.09,54.23,2019.3,27.2,2.04,3.78,6.97,8.13,10.84,24.2,46.77,0.535,0,0,1,1,0,1
2021-08-28,18.303,-66.3761,46.05,50.24,979.1,71.11,1108.5,40.5,1.97,4.45,8.12,15.2,23.9,40.5,85.78,0.346,9,0,1,1,3,2
2021-08-28,30.2741,-89.6219,31.61,63.85,995.6,88.33,242.2,20.1,14.87,19.42,35.01,63.56,78.84,170.52,245.85,0.95,0,3,3,2,0,0
2021-08-28,14.0152,-87.6302,22.59,40.32,978.01,117.33,31.7,2.3,1.03,2.34,3.16,6.0,9.98,17.44,33.97,0.19,0,1,0,2,0,1
2021-08-28,11.8923,93.1372,45.25,75.87,987.98,115.73,1468.3,9.0,3.51,7.08,10.01,13.57,18.57,35.71,47.38,0.23,8,0,0,2,3,3
2021-08-28,16.7308,81.6713,25.06,34.01,964.92,48.32,981.0,43.0,1.55,2.91,3.72,5.24,7.33,13.22,21.97,0.064,0,0,1,1,0,2
2021-08-29,-5.8779,106.8129,11.89,76.7,1018.56,101.58,347.7,44.9,15.82,27.21,47.22,81.3,131.34,310.14,407.8,0.95,0,3,3,1,0,0
2021-08-29,17.0226,81.0738,41.76,95.41,946.85,6.26,1427.4,45.8,2.33,5.14,9.72,14.57,21.26,36.64,53.21,0.387,5,0,1,1,3,2
2021-08-29,26.2081,-79.9839,17.86,51.1,946.69,153.74,1441.2,46.6,5.77,7.85,10.9,12.29,20.69,39.56,55.98,0.42,0,0,2,3,0,1
2021-08-30,14.1456,121.1676,41.33,76.74,1021.06,116.49,2246.7,9.7,2.43,5.81,10.54,19.0,21.3,47.84,90.79,0.541,3,1,1,1,2,1
2021-08-30,10.2762,-66.5028,24.5,66.72,978.35,130.22,1158.6,43.3,2.5,4.98,10.45,12.72,20.55,28.08,57.25,0.438,0,0,1,2,0,1
2021-08-30,18.9936,73.2131,20.44,28.03,1027.18,5.94,749.7,37.0,2.57,4.05,8.48,13.53,17.68,39.21,52.94,0.272,0,0,1,0,0,1
2021-08-30,28.1499,77.0776,33.16,58.07,965.16,119.39,317.3,11.3,3.95,5.67,10.27,19.32,32.5,45.24,77.84,0.449,0,1,1,2,0,1
2021-08-30,18.9452,-66.0823,32.87,96.34,1007.53,18.14,2045.6,7.5,4.12,7.42,13.63,23.33,38.79,85.41,174.85,0.95,0,2,1,0,1,0
2021-08-30,18.2354,-65.671,38.45,86.38,1004.86,66.04,619.4,19.0,2.89,3.49,7.05,9.69,16.06,29.57,55.06,0.387,8,0,1,1,3,2
2021-08-31,10.2562,-66.5307,45.16,66.88,1004.53,67.98,49.8,31.2,3.5,4.66,7.53,13.8,17.16,30.09,49.98,0.206,1,1,1,1,2,3
2021-08-31,-5.8575,106.4511,15.14,82.07,995.8,31.57,1137.1,32.9,3.52,6.03,12.12,18.37,26.71,34.05,72.26,0.687,0,1,1,0,0,0
2021-08-31,10.4189,76.8742,18.02,59.09,1023.17,89.61,2217.4,19.2,3.51,7.98,13.8,21.97,35.18,79.46,102.36,0.745,0,1,1,1,0,0
2021-08-31,19.3038,72.8392,33.79,56.24,945.18,95.86,855.6,6.1,2.06,4.29,8.86,12.4,18.35,40.76,62.53,0.339,0,0,0,2,0,2
2021-08-31,25.5691,82.5453,31.03,80.12,966.36,115.69,1613.5,25.5,1.38,3.1,4.84,6.77,10.49,24.17,41.28,0.34,0,0,1,2,0,2
2021-08-31,18.5712,-66.1223,45.95,83.7,1023.0,62.78,1671.8,12.4,7.03,16.31,23.5,27.82,34.51,67.62,99.55,0.585,6,1,1,1,3,2
2021-08-31,15.4707,75.3417,39.44,62.43,993.9,54.94,681.3,22.5,4.96,6.95,13.45,19.96,28.27,34.49,45.67,0.211,4,0,1,1,2,2
2021-08-31,18.4911,-66.153,19.91,30.2,965.79,108.37,742.7,8.7,1.87,2.51,3.91,7.0,9.53,17.32,34.45,0.172,0,0,0,2,0,1
2021-09-01,13.9793,-87.1853,25.92,97.78,956.33,133.17,873.4,38.3,2.42,4.42,7.42,9.6,10.92,21.67,26.56,0.375,0,0,1,3,0,1
2021-09-02,25.8029,-79.9879,25.84,78.54,976.38,153.04,2274.8,34.1,7.5,12.54,21.61,28.48,48.98,86.46,150.11,0.95,0,2,2,3,0,0
2021-09-02,14.8403,121.3873,33.37,64.17,1017.84,134.56,139.4,17.6,3.89,9.11,17.53,21.76,28.19,59.66,99.72,0.612,0,1,1,2,0,1
2021-09-02,14.5697,120.7634,30.8,21.7,958.42,147.88,2387.3,38.4,2.53,5.77,7.51,13.93,18.75,41.88,78.25,0.308,0,0,1,3,0,1
2021-09-03,20.0427,85.8675,40.53,61.98,999.09,32.74,1340.4,25.7,3.38,7.49,14.14,21.74,37.51,61.15,103.5,0.56,6,1,1,0,2,1
2021-09-03,35.7178,139.2812,12.78,29.65,967.47,126.47,490.1,10.9,3.69,8.1,14.82,22.67,35.25,65.44,101.88,0.655,0,1,1,2,0,0
2021-09-03,19.8624,86.0158,34.57,51.75,997.35,36.55,1463.2,12.1,4.29,5.95,8.69,10.99,12.28,28.18,35.95,0.146,0,0,0,0,0,2
2021-09-03,15.5219,75.7527,10.35,72.24,1011.74,137.95,51.0,42.1,7.31,14.59,21.17,38.4,51.58,97.86,160.58,0.95,0,2,3,2,0,0
2021-09-04,18.198,-66.4303,46.83,29.74,976.38,24.36,1007.3,23.5,4.76,5.72,8.05,10.59,16.1,24.68,41.63,0.05,4,0,0,1,2,3
2021-09-04,10.0044,77.0902,32.52,95.29,978.14,34.97,2397.1,3.3,5.82,8.12,14.6,21.59,36.43,75.68,103.86,0.787,0,1,1,1,1,0
2021-09-04,14.5308,120.8414,15.51,26.48,960.12,107.34,333.8,46.9,4.97,8.31,14.41,15.94,26.96,41.13,52.31,0.306,0,1,2,2,0,1
2021-09-05,28.9766,77.3455,22.65,61.26,995.23,90.46,1663.7,46.4,1.73,3.23,5.91,9.3,12.75,24.85,45.98,0.36,0,0,1,1,0,1
2021-09-05,11.2037,92.3896,12.01,17.48,1014.44,22.07,373.2,29.3,5.94,8.48,11.05,12.84,14.35,19.23,41.2,0.228,0,0,1,0,0,1
2021-09-05,30.0938,-90.2101,32.52,22.52,983.66,41.88,1122.2,37.4,0.6,0.81,1.17,2.18,3.54,4.33,6.93,0.05,0,0,1,1,0,2
2021-09-05,14.9632,75.3769,35.42,57.04,970.4,72.46,1528.3,42.3,2.84,4.35,5.39,6.69,10.4,14.48,24.35,0.089,1,0,1,1,1,2
2021-09-06,14.5237,120.8042,15.92,31.76,1002.8,134.61,580.4,9.6,3.88,7.55,12.1,14.24,16.58,35.36,58.41,0.365,0,0,0,2,0,1
2021-09-06,11.4194,92.9733,25.41,71.32,1015.74,83.97,807.6,37.1,1.08,2.45,3.1,5.48,6.38,8.09,12.65,0.172,0,0,1,1,0,2
2021-09-06,18.274,-65.8046,13.55,25.59,1024.6,59.61,1266.0,35.4,0.17,0.25,0.49,0.88,1.2,1.98,3.87,0.05,0,0,1,0,0,2
2021-09-06,25.5302,-79.8555,40.1,29.19,948.77,32.06,1052.1,24.0,0.23,0.4,0.7,1.29,1.62,2.35,3.74,0.05,8,0,0,1,2,3
2021-09-08,13.6435,100.624,43.72,70.46,1021.32,70.26,2248.0,22.5,0.8,1.11,2.32,3.17,3.84,4.65,6.91,0.05,6,0,0,0,3,3
2021-09-08,22.7492,88.84,13.69,88.44,1010.99,122.3,216.4,42.3,3.18,5.61,11.34,18.52,22.1,40.3,74.02,0.74,0,1,2,1,0,0
2021-09-10,20.3445,85.7747,24.37,75.82,979.42,79.53,1146.4,26.9,1.2,2.17,2.87,4.86,5.72,12.25,24.81,0.278,0,0,1,1,0,1
2021-09-10,25.1545,82.9842,39.96,81.49,968.46,48.06,2356.0,19.1,0.54,1.07,1.52,2.41,4.04,5.69,9.4,0.066,1,0,0,1,1,3
2021-09-10,14.2141,-87.443,39.14,95.05,957.55,4.8,2085.8,9.8,0.15,0.21,0.32,0.41,0.54,1.28,2.44,0.091,9,0,0,1,3,3
2021-09-10,11.4042,92.9059,46.8,16.55,1002.77,142.13,1287.3,47.5,4.31,7.39,12.3,22.16,39.23,73.24,110.38,0.34,2,1,2,2,2,2
2021-09-10,24.899,82.9815,14.1,45.43,996.39,26.39,2323.3,44.0,0.64,0.86,1.1,2.01,2.48,4.21,6.94,0.122,0,0,1,0,0,2
2021-09-11,18.0235,-65.7295,44.36,91.98,1004.06,138.48,1727.1,30.3,1.91,2.92,3.66,6.37,7.55,12.78,18.33,0.129,5,0,1,2,3,3
2021-09-12,23.646,90.2392,14.87,95.69,996.07,27.14,51.2,37.7,0.29,0.4,0.69,1.09,1.72,2.88,5.68,0.335,0,1,1,0,0,2
2021-09-12,35.8076,139.6791,11.53,65.6,994.33,53.23,326.7,38.5,2.17,4.49,5.45,6.32,7.73,10.33,14.38,0.283,0,0,1,1,0,2
2021-09-13,13.7629,-87.6767,30.5,18.31,979.1,88.2,510.6,5.1,5.66,13.07,20.95,25.29,35.28,54.15,91.54,0.378,0,1,1,2,0,1
2021-09-13,10.2241,-66.6089,35.09,79.73,1002.17,108.65,818.6,46.4,3.56,6.78,13.31,19.12,22.32,33.21,66.69,0.46,8,0,2,1,2,1
2021-09-14,36.0884,139.9391,40.97,24.69,948.0,95.11,821.5,16.1,4.07,9.04,13.47,18.32,27.0,53.56,75.14,0.209,5,0,1,2,2,2
2021-09-14,-6.6149,106.6758,16.25,51.16,1007.08,17.2,1612.6,12.9,3.6,7.27,13.49,24.14,41.76,88.15,148.19,0.95,0,1,2,0,0,0
2021-09-14,15.4719,75.4817,10.09,59.0,981.51,114.98,725.7,30.0,0.3,0.66,0.93,1.26,1.72,2.49,5.0,0.208,0,0,0,2,0,2
2021-09-14,13.726,100.2165,14.61,25.84,975.08,142.67,75.0,10.4,6.08,9.09,14.52,17.12,28.36,59.1,78.49,0.475,0,1,1,2,0,1
2021-09-14,16.3485,81.3836,16.39,15.78,969.57,75.04,947.5,6.9,3.03,6.22,11.25,15.92,19.05,34.28,71.66,0.371,0,0,0,1,0,1
2021-09-15,14.1842,-87.4991,14.87,34.08,989.04,10.06,2268.8,17.7,2.35,3.12,3.84,5.66,6.71,13.13,26.19,0.183,0,0,0,0,0,2
2021-09-15,35.5312,139.8711,21.57,81.0,1006.04,64.52,2036.8,44.2,2.11,2.63,4.36,7.38,9.25,12.2,18.12,0.285,0,0,1,1,0,2
2021-09-16,13.1119,80.7459,15.54,72.65,989.52,94.41,1812.8,35.0,0.16,0.35,0.59,0.83,1.23,2.38,3.21,0.209,0,0,1,1,0,2
2021-09-16,13.351,80.3047,45.08,36.47,1016.29,49.27,1032.8,10.6,6.97,10.0,19.73,28.89,48.67,73.85,98.42,0.371,4,1,1,0,2,2
2021-09-16,13.781,-87.6186,28.55,72.01,985.75,103.07,877.1,1.8,12.78,27.9,35.32,51.54,79.6,113.73,202.21,0.95,0,2,2,2,0,0
2021-09-16,14.5155,120.8935,17.55,31.03,963.26,142.87,1718.5,35.5,5.53,9.0,17.01,32.03,50.89,86.52,165.8,0.95,0,2,2,3,0,0
2021-09-16,13.8383,100.4431,18.61,26.51,992.94,104.7,1246.0,29.7,3.26,4.4,6.13,6.79,12.14,17.65,35.56,0.174,0,0,1,1,0,1
2021-09-17,25.6953,-79.8477,19.03,71.38,984.24,138.2,893.7,12.6,2.03,4.5,8.74,15.86,26.88,42.9,76.89,0.632,0,1,1,2,0,0
2021-09-18,36.1603,139.4998,25.36,26.39,996.04,5.69,1346.1,33.1,0.29,0.4,0.76,1.09,1.27,2.84,5.5,0.05,0,0,0,0,0,2
2021-09-18,28.5875,77.4415,31.55,73.91,977.02,127.26,1296.7,19.9,4.45,10.29,19.87,36.65,47.14,63.27,109.73,0.735,0,1,1,2,0,0
2021-09-19,22.828,88.5287,24.61,80.55,964.64,147.17,1379.8,36.6,0.33,0.59,1.19,2.14,2.42,3.79,6.23,0.181,0,0,1,2,0,2
2021-09-19,12.8489,79.791,31.22,59.75,1025.41,76.08,154.5,26.7,6.44,15.43,24.49,33.21,57.61,82.35,149.5,0.922,0,2,2,1,0,0
2021-09-19,24.8734,82.8068,8.51,57.56,1027.39,152.52,245.0,39.3,0.67,1.45,2.85,3.15,3.99,5.06,8.6,0.238,0,0,1,1,0,2
2021-09-20,12.8692,80.4581,12.64,68.06,976.28,51.22,433.7,42.7,1.59,2.75,3.81,6.04,8.51,12.18,18.4,0.309,0,0,1,1,0,2
2021-09-20,30.2108,-90.1687,18.58,68.82,1024.13,62.55,1914.5,10.0,6.68,14.15,22.69,41.2,46.41,99.46,122.85,0.912,0,1,2,1,0,0
2021-09-21,14.9227,75.7491,46.79,32.33,955.83,93.03,2047.6,31.3,1.49,3.53,7.4,12.7,21.1,44.58,64.98,0.128,9,0,1,2,3,3
2021-09-22,14.2299,100.0379,43.95,33.48,1006.5,67.09,916.8,3.3,4.28,6.04,9.76,11.84,18.03,26.64,47.8,0.051,2,0,0,1,2,3
2021-09-22,13.6364,100.3303,9.86,46.99,958.13,108.39,255.5,32.1,1.18,1.7,3.47,3.87,5.44,6.67,11.23,0.194,0,0,1,2,0,2
2021-09-22,28.7062,77.6159,15.24,69.09,1004.15,107.27,767.7,12.5,10.93,25.23,40.66,72.25,102.35,174.94,237.35,0.95,0,3,3,2,0,0
2021-09-22,14.4229,-87.1252,33.57,36.46,1024.46,84.93,534.5,10.5,5.91,8.87,10.97,15.83,26.47,44.93,90.02,0.423,0,1,1,1,0,1
2021-09-22,18.4265,-65.7049,43.23,97.89,1021.3,121.02,1950.1,27.8,0.74,1.49,2.74,5.17,7.65,11.67,21.98,0.189,7,0,1,1,3,3
2021-09-22,13.7094,100.8251,19.77,69.85,971.49,67.97,127.6,47.6,2.48,3.05,5.15,9.25,15.18,30.98,41.5,0.397,0,1,1,1,0,1
2021-09-23,24.1447,90.4037,39.11,46.21,982.95,150.28,79.4,16.4,2.33,2.8,5.63,7.48,9.58,20.93,30.93,0.05,6,0,0,2,2,3
2021-09-23,19.2992,73.2372,22.09,85.04,947.42,103.93,2113.0,8.8,1.81,3.93,6.61,9.16,14.09,22.4,40.91,0.441,0,0,0,2,0,1
2021-09-23,16.4042,81.5207,40.86,90.43,969.44,89.78,772.8,12.7,3.27,7.13,9.16,12.1,15.05,32.48,69.29,0.473,1,0,1,2,2,2
2021-09-24,29.7028,-90.5023,45.79,69.39,963.62,56.35,2344.0,11.1,2.89,4.86,9.19,16.49,22.07,43.97,76.91,0.38,6,0,1,1,3,2
2021-09-24,18.7134,72.7734,15.11,15.14,1022.17,116.02,242.5,44.2,7.15,16.39,21.1,24.56,28.18,66.51,123.74,0.705,0,1,2,1,0,0
2021-09-24,14.7071,120.5026,8.85,60.38,997.36,36.81,1305.3,48.0,7.63,9.69,12.74,19.05,24.22,31.42,45.7,0.48,0,0,2,1,0,1
2021-09-24,10.2278,77.3861,46.42,78.74,981.05,70.31,1485.8,32.1,2.43,4.8,5.86,8.46,10.96,14.85,19.3,0.057,7,0,1,1,3,3
2021-09-24,19.0868,73.2247,11.09,32.36,970.89,19.81,1097.6,47.3,2.53,5.29,9.6,17.09,21.38,45.0,93.66,0.632,0,1,2,1,0,0
2021-09-24,18.4222,-66.1942,20.47,82.39,979.53,100.6,1998.3,41.1,6.81,12.21,21.92,29.63,50.47,73.48,146.06,0.95,0,2,2,2,0,0
2021-09-25,11.77,92.6091,9.07,52.84,1005.37,7.54,1448.6,28.4,0.74,1.39,2.18,3.23,4.29,9.32,14.59,0.249,0,0,1,0,0,2
2021-09-25,14.098,120.9221,44.97,16.34,1019.59,149.9,2078.1,45.6,0.44,1.05,1.98,2.29,3.61,7.38,13.5,0.05,2,0,1,1,2,3
2021-09-26,12.0001,93.1105,34.93,96.41,981.18,34.5,57.2,41.1,0.56,0.7,1.15,1.62,2.87,5.04,10.26,0.185,0,0,1,1,1,2
2021-09-27,18.5535,-66.087,24.68,84.4,947.49,7.14,2230.2,39.5,0.01,0.02,0.03,0.04,0.05,0.07,0.09,0.16,0,0,1,1,0,2
2021-09-27,11.2945,92.7003,40.8,69.36,955.25,84.87,1521.4,12.9,3.49,6.56,8.0,14.45,21.29,40.48,54.7,0.286,8,0,0,2,3,2
2021-09-27,30.2264,-90.5697,20.88,69.72,1012.95,60.44,490.9,43.0,0.38,0.62,1.05,1.83,3.13,5.68,10.07,0.19,0,0,1,0,0,2
2021-09-27,18.6604,-66.5248,9.53,59.07,991.92,14.06,1202.6,34.4,0.19,0.4,0.69,1.22,1.53,3.37,4.36,0.209,0,0,1,0,0,2
2021-09-27,22.4895,88.3366,32.66,77.72,965.24,42.09,1148.3,47.1,2.8,6.09,12.34,19.86,29.06,61.53,93.46,0.64,0,1,2,1,0,1
2021-09-27,10.3759,-67.0467,45.82,21.02,954.17,10.37,931.6,40.9,5.63,9.15,17.16,32.32,39.94,94.13,185.51,0.838,1,1,2,1,2,1
2021-09-29,11.1757,92.5901,13.29,27.09,1002.89,100.35,1879.0,45.0,4.12,5.71,8.1,14.37,17.91,23.05,43.87,0.277,0,0,1,1,0,1
2021-09-29,16.4675,81.4524,24.45,61.63,998.39,22.37,91.0,20.8,0.61,1.13,1.82,2.18,3.41,4.18,5.54,0.092,0,0,0,0,0,2
2021-09-29,10.3165,76.7861,44.68,34.96,952.89,12.6,1212.1,31.0,1.39,2.82,3.54,6.32,10.56,25.16,53.75,0.089,7,0,1,1,3,3
2021-09-29,22.3663,88.0253,23.4,39.36,946.17,32.42,1707.8,38.0,3.26,7.54,13.47,24.68,41.83,72.76,94.25,0.555,0,1,2,1,0,0
2021-09-29,30.2925,-90.2211,11.29,62.65,1022.18,12.9,1654.5,27.3,3.7,5.4,6.82,7.91,10.07,14.67,19.46,0.304,0,0,1,0,0,2
2021-09-30,15.2464,76.1532,9.35,57.94,971.62,8.77,1823.8,27.7,1.5,2.55,3.24,3.88,5.41,7.47,10.38,0.243,0,0,1,1,0,2
2021-09-30,25.851,-80.5833,9.4,50.22,1027.08,135.7,1519.7,41.4,3.16,5.19,7.04,11.42,14.11,24.0,48.62,0.447,0,0,1,1,0,1
2021-09-30,29.7923,-90.445,36.29,54.92,991.19,130.73,498.1,47.5,8.06,12.44,24.93,42.46,74.37,150.92,282.9,0.95,3,3,3,2,1,0
2021-10-01,26.0775,-79.9306,8.38,21.45,983.73,138.0,439.1,23.1,0.15,0.18,0.22,0.37,0.41,0.63,1.16,0.05,0,0,0,2,0,2
2021-10-01,19.1431,73.3475,21.86,36.3,967.12,63.84,1685.0,2.3,11.02,13.84,27.58,50.07,73.46,100.23,176.92,0.95,0,2,2,2,0,0
2021-10-02,19.0401,72.9535,42.65,60.91,1002.04,63.55,1789.0,14.2,0.92,2.2,2.95,5.56,9.72,20.0,35.64,0.112,5,0,0,1,2,3
2021-10-02,16.0534,81.6535,13.67,97.96,999.01,124.47,933.9,25.1,3.39,7.35,11.06,18.11,29.75,64.44,109.5,0.95,0,1,2,2,0,0
2021-10-02,13.915,100.1773,32.4,45.3,976.61,131.07,743.6,31.6,6.62,9.16,11.37,20.02,29.75,65.25,92.2,0.488,0,1,1,2,0,1
2021-10-02,20.0541,85.5494,45.9,38.73,968.87,33.6,1025.0,18.3,7.57,16.26,32.4,59.47,93.69,184.76,307.84,0.95,5,3,3,1,3,1
2021-10-03,11.4298,92.9452,25.67,79.05,1014.97,110.76,1219.6,30.2,4.22,6.35,12.25,22.79,32.49,66.32,128.46,0.929,0,1,2,1,0,0
2021-10-03,16.6624,81.4182,34.81,58.97,996.82,108.14,2204.2,45.3,6.42,8.21,17.09,28.42,45.06,55.32,92.9,0.532,0,1,2,2,1,1
2021-10-03,16.0562,81.8384,15.61,69.12,1009.82,123.09,1446.7,24.8,0.22,0.34,0.44,0.82,0.98,1.35,2.82,0.19,0,0,0,1,0,2
2021-10-04,13.43,100.0714,32.7,67.31,1018.17,105.15,1610.2,28.8,0.37,0.58,0.94,1.22,1.48,2.68,5.45,0.05,0,0,0,1,0,3
2021-10-04,9.7877,77.2137,32.48,42.11,997.6,132.78,1193.0,26.2,6.38,8.59,14.96,22.13,30.81,52.04,95.38,0.492,0,1,1,2,0,1
2021-10-04,25.4491,-79.8967,42.94,47.57,978.35,4.82,1918.0,2.1,1.07,2.08,3.63,5.39,8.26,13.11,18.4,0.05,8,0,0,0,3,3
2021-10-05,12.0698,92.6779,18.98,22.99,983.76,92.29,114.5,19.6,1.04,1.29,1.69,2.05,2.52,5.45,8.94,0.05,0,0,0,1,0,2
2021-10-05,14.8275,75.4232,43.81,70.98,960.88,92.24,2188.4,17.2,10.73,14.13,26.21,31.35,52.02,68.52,104.54,0.578,2,1,1,2,2,1
2021-10-07,10.6266,-66.5855,28.71,36.22,1010.08,123.44,1327.9,43.5,0.43,0.92,1.57,2.02,2.41,3.76,7.73,0.05,0,0,1,1,0,2
2021-10-07,15.4802,75.8458,20.91,73.85,1024.54,152.06,1532.2,9.7,0.44,1.03,1.64,2.06,3.61,4.78,9.22,0.203,0,0,0,1,0,2
2021-10-07,26.258,-80.5513,18.9,95.66,959.84,80.22,576.7,44.8,13.97,30.42,45.12,64.2,81.51,184.94,391.07,0.95,0,3,3,2,0,0
2021-10-08,13.3921,80.3799,13.74,54.02,969.98,68.09,1590.1,7.6,0.06,0.1,0.15,0.22,0.39,0.8,1.22,0.128,0,0,0,1,0,2
2021-10-09,35.5272,139.6996,28.75,53.81,966.64,115.69,591.6,21.9,2.67,5.8,9.16,11.59,12.87,19.34,37.72,0.219,0,0,0,2,0,2
2021-10-09,24.0313,90.8793,42.94,76.17,949.54,89.79,597.2,1.1,1.09,2.32,3.62,4.75,8.55,16.18,23.01,0.1,2,0,0,2,2,3
2021-10-09,13.8277,-86.9172,14.34,66.91,963.16,66.78,1492.1,40.0,2.79,3.94,8.1,9.49,12.88,29.7,53.53,0.508,0,0,1,1,0,1
2021-10-09,22.7281,87.9765,32.1,29.26,957.31,56.8,557.0,35.9,3.67,8.64,13.49,15.13,25.61,34.5,50.67,0.158,0,0,1,2,0,2
2021-10-10,25.4999,-79.9981,32.91,52.95,950.52,112.33,1832.3,42.4,2.72,5.46,8.7,11.79,16.37,37.55,51.22,0.262,0,0,1,2,0,2
2021-10-11,12.7697,80.487,13.83,51.1,957.37,148.85,1608.9,21.1,0.42,0.7,1.25,2.34,3.35,6.8,9.49,0.166,0,0,0,3,0,2
2021-10-11,26.1924,-80.5142,40.6,94.95,1018.91,77.19,1946.4,10.1,1.34,3.21,4.37,5.66,9.09,18.21,34.93,0.281,7,0,0,1,3,2
2021-10-12,9.7344,76.9194,12.8,61.37,973.48,113.56,1566.2,40.7,4.13,7.09,12.8,16.9,22.21,47.68,78.5,0.653,0,1,2,2,0,0
2021-10-12,-5.8319,106.3837,16.11,97.84,1026.81,21.02,469.1,1.6,2.92,5.91,10.57,13.83,17.18,21.77,39.9,0.548,0,0,0,0,0,1
2021-10-12,-6.1078,106.4461,17.99,60.8,951.23,96.08,1613.4,46.6,8.04,15.12,28.94,40.25,60.78,102.36,157.33,0.95,0,2,3,2,0,0
2021-10-12,28.8311,77.292,44.84,16.93,1010.93,40.53,445.7,11.5,0.22,0.53,1.05,1.59,2.54,4.74,9.53,0.05,6,0,0,0,2,3
2021-10-13,-6.389,106.6515,20.36,32.72,1020.19,139.55,247.1,7.3,6.93,11.63,15.73,23.73,33.02,48.31,92.79,0.544,0,1,1,2,0,0
2021-10-13,18.2153,-66.3905,46.58,52.66,965.77,11.67,292.5,31.7,1.06,1.98,3.36,4.67,7.47,9.26,14.97,0.05,2,0,0,1,2,3
2021-10-14,20.4179,86.1172,19.91,91.76,972.36,13.09,2385.7,41.8,2.2,4.4,7.94,9.97,12.36,21.8,46.03,0.524,0,0,1,1,0,1
2021-10-14,28.214,77.2713,37.95,86.19,988.94,132.07,2217.4,25.8,2.6,4.7,7.77,13.36,15.33,26.72,46.06,0.335,1,0,1,2,1,2
2021-10-15,18.8929,72.8513,23.79,31.46,1024.82,80.25,1761.9,20.0,1.54,2.6,4.08,6.26,9.27,16.65,22.22,0.066,0,0,0,1,0,2
2021-10-15,15.6286,75.582,12.99,40.29,1000.19,68.76,839.0,35.0,5.88,13.19,21.11,35.34,60.77,139.21,235.56,0.95,0,2,3,1,0,0
2021-10-15,-5.7743,107.0005,25.72,79.87,947.78,121.92,1599.9,12.0,2.6,3.27,5.04,6.25,6.97,11.35,21.86,0.266,0,0,0,3,0,2
2021-10-16,14.0823,-86.9149,38.76,20.43,977.57,150.34,132.9,13.0,3.9,5.15,8.67,14.48,23.61,44.23,75.22,0.211,6,1,0,2,2,2
2021-10-16,29.842,-89.7333,31.76,66.96,986.44,115.95,1717.3,0.6,0.41,0.5,0.68,0.79,0.98,1.81,3.38,0.05,0,0,0,2,0,2
2021-10-16,30.3154,-89.9199,30.03,77.42,1010.62,141.46,551.3,35.6,6.14,13.53,21.25,34.02,50.56,96.92,143.64,0.95,0,2,2,2,0,0
2021-10-17,14.0274,-87.0701,16.15,38.5,951.25,41.44,1306.4,45.8,0.47,0.81,1.52,2.64,3.26,4.61,8.35,0.08,0,0,1,1,0,2
2021-10-18,22.345,88.1618,32.64,87.96,959.8,114.87,62.9,44.5,14.24,23.14,30.0,48.81,54.71,97.33,143.25,0.95,0,2,3,3,0,0
2021-10-18,20.7585,85.7207,14.17,36.88,965.58,116.85,1274.6,26.5,0.05,0.12,0.23,0.33,0.38,0.77,1.34,0.05,0,0,0,2,0,2
2021-10-19,26.1943,-80.6694,13.96,78.78,981.2,29.09,1821.7,44.0,9.48,18.16,29.63,35.96,59.51,138.92,290.27,0.95,0,2,3,1,0,0
2021-10-19,11.5025,92.8994,15.66,64.85,1009.3,117.08,1358.3,30.8,2.9,6.52,10.1,12.11,17.01,38.19,80.23,0.654,0,1,1,1,0,0
2021-10-19,13.4824,79.8382,36.42,78.9,950.37,30.73,2220.8,6.4,3.49,7.47,10.52,17.45,20.0,35.97,55.19,0.372,7,0,0,1,2,2
2021-10-19,25.4913,-80.5198,17.91,55.95,949.13,83.35,240.5,38.2,0.2,0.24,0.47,0.87,1.01,1.55,3.01,0.11,0,0,1,2,0,2
2021-10-20,13.562,100.0117,25.86,41.56,1009.93,132.76,668.8,39.1,1.74,3.11,4.38,7.01,8.21,15.68,34.33,0.168,0,0,1,1,0,2
2021-10-22,28.9503,76.7101,19.37,54.64,978.59,144.59,100.7,33.0,6.66,15.66,21.3,32.48,36.72,66.06,87.56,0.62,0,1,2,2,0,0
2021-10-23,30.3794,-89.8168,44.37,46.4,948.48,118.7,1376.4,39.2,0.27,0.53,0.75,1.37,1.61,3.56,4.59,0.05,8,0,1,2,3,3
2021-10-23,15.568,75.5373,23.94,61.07,987.7,64.09,1891.4,24.3,3.54,5.03,9.94,13.82,19.87,32.24,67.44,0.481,0,0,1,1,0,1
2021-10-23,20.4907,85.5886,39.52,31.94,994.29,35.05,1762.6,20.5,6.06,14.17,24.09,43.86,49.28,86.5,147.35,0.707,1,1,2,1,1,0
2021-10-23,9.9267,76.9235,36.33,40.96,959.1,20.24,2312.3,5.0,2.03,2.68,5.13,7.91,9.67,22.74,46.58,0.147,8,0,0,1,2,2
2021-10-24,11.4883,92.9445,36.16,52.56,1013.41,109.88,2272.6,26.1,3.76,4.78,9.06,14.48,20.8,49.22,78.53,0.401,9,0,1,1,2,1
2021-10-25,10.2888,-67.1728,33.19,29.73,984.5,28.4,288.4,16.2,0.78,1.81,2.26,4.23,7.14,10.81,13.97,0.05,0,0,0,1,0,2
2021-10-25,12.9368,80.3149,40.02,28.53,1009.76,105.28,784.8,26.5,2.06,2.79,5.63,8.76,15.03,32.89,42.09,0.05,7,0,1,1,2,3
2021-10-26,9.8697,77.2614,32.01,87.26,983.01,112.82,1969.3,7.0,4.28,9.86,16.95,21.17,25.17,38.05,49.6,0.416,0,0,0,2,0,1
2021-10-26,11.9655,93.1763,36.55,89.32,1022.72,77.17,265.3,22.7,2.84,5.56,11.62,21.31,29.35,39.22,55.49,0.421,4,1,1,1,2,2
2021-10-26,13.8375,100.294,25.68,58.52,981.58,63.32,1344.0,7.9,0.7,1.56,3.2,4.48,5.78,11.4,18.34,0.147,0,0,0,1,0,2
2021-10-26,25.3952,-79.9663,17.39,28.87,994.99,56.91,316.7,38.4,1.51,2.62,4.59,6.53,11.14,26.5,42.01,0.236,0,0,1,1,0,1
2021-10-26,13.3212,80.4778,18.89,49.42,1017.71,70.57,2123.8,26.6,1.07,1.91,2.44,3.62,5.98,7.67,10.99,0.122,0,0,0,0,0,2
2021-10-27,26.0866,-80.4189,39.24,93.27,964.28,9.45,699.6,19.5,3.43,7.4,11.21,16.58,27.35,40.22,57.0,0.423,2,0,1,1,2,2
2021-10-27,10.6717,-67.3348,9.86,36.11,1004.78,110.39,2168.0,32.6,2.03,3.07,5.78,8.26,13.8,30.66,47.57,0.372,0,0,1,1,0,1
2021-10-28,16.4464,81.6883,20.77,77.98,980.55,70.43,1895.3,36.7,0.73,1.24,2.44,3.58,5.6,8.78,11.06,0.235,0,0,1,1,0,2
2021-10-28,10.2688,-66.583,36.89,51.58,1007.38,111.95,643.1,8.9,6.33,13.76,28.86,32.19,47.59,97.16,173.19,0.95,1,2,2,2,1,0
2021-10-28,10.7951,-66.6111,29.7,51.87,992.39,111.63,667.1,5.1,8.31,19.45,34.28,51.71,58.83,99.95,153.95,0.928,0,2,2,2,0,0
2021-10-28,19.8954,86.023,39.88,28.46,973.79,10.56,480.7,29.1,5.02,11.51,15.05,18.25,32.07,67.96,118.23,0.506,7,1,1,1,2,1
2021-10-28,11.8554,93.1748,36.23,50.05,989.48,38.69,1119.0,15.3,2.78,5.57,9.76,16.8,18.97,24.55,34.5,0.114,3,0,0,1,1,2
2021-10-29,14.34,-87.5262,8.37,53.99,989.26,150.77,1769.8,34.0,2.66,4.83,10.11,11.29,14.82,20.16,30.54,0.36,0,0,1,2,0,1
2021-10-30,16.2408,81.1276,25.95,18.27,946.2,20.24,1558.5,27.4,2.82,3.49,5.66,10.41,14.35,27.98,55.4,0.193,0,0,1,1,0,1
2021-10-30,-6.4844,107.2617,24.95,68.58,1005.0,131.58,1803.9,32.3,2.89,4.54,6.51,11.55,18.5,36.97,53.93,0.422,0,0,1,2,0,1
2021-10-31,10.8068,-67.2561,25.16,78.19,950.22,58.1,1382.6,22.4,0.7,1.09,1.6,3.03,4.02,5.81,11.75,0.2,0,0,0,1,0,2
2021-10-31,10.4058,76.9649,27.05,83.07,956.51,48.01,2280.7,26.8,9.27,18.79,38.21,51.75,60.2,130.19,260.96,0.95,0,2,2,2,0,0
2021-10-31,25.2249,83.0957,20.06,22.84,976.78,74.06,958.1,32.8,1.19,2.45,4.89,7.69,10.55,14.93,31.84,0.12,0,0,1,1,0,2
2021-10-31,11.1938,92.2721,23.65,49.96,958.35,16.78,1288.8,29.1,1.6,3.08,4.79,8.6,15.2,29.07,59.37,0.383,0,0,1,1,0,1
2021-10-31,13.9908,-86.7211,23.49,96.73,1027.08,94.17,1702.8,45.7,2.09,2.85,5.14,9.6,15.25,33.0,53.55,0.561,0,0,2,1,0,1
2021-11-01,14.8395,121.0829,32.11,56.01,985.33,51.24,20.3,20.6,1.79,3.06,5.36,7.18,9.25,16.63,29.81,0.149,0,1,0,1,0,2
2021-11-01,11.7419,93.0636,12.0,35.69,973.65,99.33,593.5,11.6,1.18,2.26,3.71,6.58,10.45,20.9,28.31,0.23,0,0,0,2,0,1
2021-11-02,-5.7511,106.4693,27.33,31.24,983.25,132.64,2007.0,16.5,0.17,0.31,0.5,0.58,0.96,1.48,2.73,0.05,0,0,0,2,0,2
2021-11-02,30.2453,-89.6963,9.66,72.74,948.22,86.58,335.6,32.4,7.81,18.33,30.7,46.85,52.79,112.12,241.75,0.95,0,2,2,2,0,0
2021-11-04,18.7084,72.5727,39.31,80.56,976.96,92.74,572.9,18.0,0.13,0.2,0.24,0.35,0.51,0.92,1.42,0.05,3,0,0,1,2,3
2021-11-04,-6.3649,106.8288,39.41,49.79,968.86,37.93,317.8,2.2,0.19,0.29,0.42,0.59,0.89,1.88,2.63,0.05,4,0,0,1,2,3
2021-11-04,22.9549,88.6152,12.5,41.4,947.59,43.51,525.3,2.9,2.37,4.18,5.31,6.95,12.28,16.37,24.64,0.229,0,0,0,1,0,2
2021-11-04,29.9947,-90.2433,16.23,88.23,1000.12,148.36,38.2,3.3,2.43,5.58,10.37,16.57,18.59,30.21,46.7,0.545,0,1,0,2,0,1
2021-11-04,13.6969,100.4699,24.04,44.98,1003.61,16.05,1146.2,38.9,4.02,7.87,11.14,15.76,19.33,35.0,62.45,0.376,0,0,1,0,0,1
2021-11-04,28.2774,77.6785,23.41,42.67,973.1,32.08,2065.9,7.5,8.37,12.89,25.9,44.88,67.65,135.53,206.8,0.95,0,2,2,1,0,0
2021-11-04,14.0009,100.3952,22.65,91.24,950.63,56.91,1935.6,16.9,0.2,0.39,0.8,1.25,2.09,2.54,4.73,0.238,0,0,0,1,0,2
2021-11-04,-6.1257,107.233,46.44,30.75,997.29,83.93,372.2,8.5,15.87,27.67,36.34,46.22,59.52,107.92,165.72,0.753,3,2,2,1,2,1
2021-11-05,-6.3855,106.6979,29.31,34.96,956.61,137.36,325.4,4.6,3.39,5.1,9.13,13.62,17.0,21.82,27.73,0.066,0,0,0,3,0,2
2021-11-05,25.228,83.0356,34.98,67.9,1004.46,36.31,238.0,44.0,2.87,3.97,7.6,13.92,16.96,36.99,78.91,0.484,0,1,2,0,1,1
2021-11-05,20.1487,85.8091,26.16,93.65,994.55,84.85,1862.0,10.3,2.48,3.03,4.84,5.92,9.82,16.23,27.07,0.357,0,0,0,1,0,1
2021-11-05,13.736,-86.99,28.37,48.14,980.85,40.65,1579.2,13.0,0.41,0.65,1.06,1.78,2.57,3.19,6.07,0.05,0,0,0,1,0,2
2021-11-05,16.8579,81.573,32.34,49.93,965.8,138.39,1147.1,47.4,3.53,5.64,8.29,13.72,18.44,34.91,61.65,0.318,0,0,1,2,0,1
2021-11-06,9.9106,76.8388,11.05,67.09,1021.03,40.11,869.9,11.5,5.98,8.38,12.67,20.03,27.71,35.43,76.09,0.68,0,1,1,0,0,0
2021-11-06,20.2897,85.6268,19.02,19.41,1019.71,112.96,2390.7,14.9,7.38,14.2,22.83,29.18,47.18,107.8,154.73,0.882,0,1,2,1,0,0
2021-11-07,10.3072,-66.416,30.67,96.0,1013.71,154.77,1412.8,10.2,2.45,5.03,9.54,10.5,15.26,22.62,46.93,0.451,0,0,0,2,0,1
2021-11-07,16.8789,81.5423,42.35,91.4,1013.41,12.0,1065.5,16.8,0.84,1.92,3.84,5.65,6.75,8.21,13.45,0.115,4,0,0,0,2,3
2021-11-08,10.547,-66.5147,34.29,77.84,972.43,27.14,1208.0,17.4,1.08,2.56,4.23,7.55,9.34,21.74,43.36,0.313,0,0,0,1,1,2
2021-11-08,-6.5631,106.963,42.54,43.2,1026.17,4.39,576.4,22.2,1.04,2.17,4.19,6.95,12.37,21.61,47.1,0.104,3,0,0,0,2,3
2021-11-08,18.5742,-66.2332,33.24,29.35,1013.71,145.62,237.0,1.6,0.54,1.14,1.48,2.07,2.37,4.07,7.34,0.05,0,0,0,2,0,3
2021-11-09,14.9692,75.5639,11.58,89.87,1006.85,10.12,192.8,33.0,1.62,3.35,5.24,9.82,15.58,19.57,29.95,0.49,0,1,1,0,0,1
2021-11-09,-5.7381,106.8267,46.11,26.09,994.76,116.6,2258.0,40.1,1.2,1.81,2.33,2.88,4.64,7.18,11.79,0.05,6,0,1,1,3,3
2021-11-09,15.7245,75.4863,31.69,92.22,957.53,101.96,915.1,19.5,2.44,3.61,5.83,9.62,13.66,17.09,24.91,0.287,0,0,0,2,0,2
2021-11-13,13.6093,-87.1976,9.11,88.14,982.54,31.21,1806.3,15.8,1.02,1.42,2.33,2.74,4.52,7.98,13.14,0.4,0,0,0,1,0,1
2021-11-13,18.9055,73.1659,20.99,50.63,993.38,66.5,1067.3,13.4,1.19,2.43,2.93,3.45,6.09,8.67,14.03,0.127,0,0,0,1,0,2
2021-11-13,14.5953,121.1827,17.65,94.69,950.6,67.6,2091.3,37.0,6.05,14.32,22.18,29.89,33.52,46.26,81.51,0.779,0,1,2,2,0,0
2021-11-13,14.4572,121.4636,25.62,24.9,1025.01,51.22,2203.2,43.6,0.35,0.47,0.82,0.93,1.3,2.38,3.32,0.05,0,0,1,0,0,2
2021-11-13,11.6858,93.1092,41.37,42.55,997.09,153.3,2044.6,37.5,2.02,3.52,5.76,9.52,11.43,25.53,31.1,0.05,8,0,1,2,3,3
2021-11-13,25.0448,82.7722,39.69,26.46,976.75,29.54,148.7,45.9,4.54,7.22,10.26,12.96,14.65,19.38,25.25,0.05,5,0,1,1,2,3
2021-11-13,13.6315,100.9506,40.92,79.4,972.96,134.91,934.5,24.3,3.32,4.27,7.42,11.59,19.84,32.23,46.48,0.279,5,0,1,2,2,2
2021-11-14,28.1429,77.238,9.84,88.03,961.72,24.59,434.1,20.5,0.3,0.66,1.2,1.77,2.57,4.34,8.31,0.363,0,0,0,1,0,2
2021-11-15,-5.8176,106.9931,12.42,63.57,957.59,12.46,223.2,10.5,2.19,3.8,6.19,8.67,14.88,33.65,62.52,0.567,0,1,1,1,0,1
2021-11-15,15.1597,75.9847,38.57,44.45,979.21,86.09,1993.6,3.8,1.93,2.51,4.17,7.59,12.51,18.43,40.1,0.102,2,0,0,1,1,2
2021-11-15,23.6942,90.1008,9.58,59.5,974.32,5.51,1461.7,21.6,13.2,29.03,53.91,79.97,115.11,267.98,517.63,0.95,0,3,3,1,0,0
2021-11-16,-6.5212,106.7065,41.12,69.58,992.17,16.33,883.8,13.1,0.98,2.32,3.6,6.53,10.07,21.69,36.93,0.173,1,0,0,0,2,3
2021-11-17,35.561,139.2045,34.24,80.73,983.82,132.34,2095.6,17.4,1.66,3.0,3.71,7.04,9.51,16.79,32.82,0.261,0,0,0,2,1,2
2021-11-17,19.0462,73.1989,10.62,43.26,970.01,124.26,376.7,34.9,0.49,0.88,1.64,2.6,4.04,5.85,11.86,0.174,0,0,1,2,0,2
2021-11-17,10.6863,-67.245,34.7,52.85,960.92,141.17,1777.0,27.1,2.08,3.74,7.26,8.06,13.75,17.27,31.36,0.121,0,0,1,3,0,2
2021-11-18,29.5654,-90.3619,24.7,59.27,1014.02,145.17,936.9,17.3,2.1,3.16,6.24,8.45,11.95,18.93,24.97,0.201,0,0,0,2,0,2
2021-11-18,14.9795,75.211,46.9,95.45,1009.53,65.97,810.8,3.8,1.88,2.61,3.73,6.76,12.02,28.11,39.17,0.252,7,0,0,1,3,3
2021-11-18,14.1429,100.6028,25.28,95.04,1018.58,35.87,2110.2,14.4,6.69,13.88,21.05,38.49,55.41,87.62,129.65,0.95,0,2,2,0,0,0
2021-11-18,14.0903,100.8377,40.56,47.05,982.43,28.65,1446.3,6.2,3.48,7.29,14.48,22.68,30.22,67.15,120.64,0.599,8,1,1,1,2,1
2021-11-18,25.3384,82.5927,46.91,95.94,1025.21,55.3,2379.1,22.1,6.68,9.75,16.14,30.23,53.29,107.67,215.1,0.95,5,2,2,0,3,1
2021-11-20,24.0193,90.1897,35.55,29.53,1016.25,36.1,844.1,13.2,0.99,2.35,3.36,5.25,8.51,10.64,22.15,0.05,5,0,0,0,1,2
2021-11-20,15.729,76.0976,30.43,31.62,986.19,139.21,877.7,35.5,3.42,5.18,8.7,15.5,23.07,46.98,92.8,0.447,0,1,1,2,0,1
2021-11-20,14.1289,120.9995,24.38,31.33,956.17,93.94,1184.6,18.3,0.31,0.65,0.78,1.14,1.76,3.02,4.01,0.05,0,0,0,2,0,2
2021-11-21,19.1587,73.1484,14.73,16.02,994.27,137.67,1610.3,47.1,0.23,0.53,1.02,1.38,2.46,3.8,7.94,0.05,0,0,1,2,0,2
2021-11-21,13.7409,100.4347,44.38,74.74,951.43,36.3,1617.4,43.0,0.12,0.26,0.44,0.68,1.2,2.52,5.17,0.05,2,0,1,1,2,3
2021-11-22,24.1348,90.6289,23.17,40.33,962.64,137.39,937.1,34.3,3.93,4.99,9.94,14.8,18.6,44.17,86.27,0.512,0,1,1,3,0,0
2021-11-22,11.4731,92.7838,16.44,20.11,1013.23,106.74,675.7,19.0,2.78,4.41,6.04,7.66,12.99,23.14,38.68,0.184,0,0,0,1,0,1
2021-11-22,22.5723,88.8552,22.59,81.97,947.48,87.21,78.2,10.1,1.63,2.32,4.56,8.19,9.89,22.46,32.12,0.368,0,1,0,2,0,1
2021-11-22,25.7654,-80.3733,46.44,64.73,948.92,109.45,1292.4,34.3,0.73,1.41,2.38,3.77,6.07,11.25,17.12,0.05,9,0,1,2,3,3
2021-11-22,-6.5188,106.3732,24.89,69.85,960.02,83.69,781.3,6.2,0.48,0.93,1.21,1.87,2.31,5.17,6.46,0.132,0,0,0,2,0,2
2021-11-23,20.1722,85.94,35.64,34.22,991.02,18.74,718.5,34.6,1.25,1.72,2.08,3.24,5.76,10.26,14.49,0.05,7,0,1,0,2,3
2021-11-23,25.6744,-80.6457,39.64,28.57,991.36,85.19,1858.4,16.1,0.23,0.33,0.46,0.68,0.99,1.43,2.17,0.05,3,0,0,1,1,3
2021-11-24,29.6269,-90.2597,20.16,19.55,985.03,127.74,686.4,40.8,4.27,5.77,10.27,12.54,19.54,26.79,42.66,0.172,0,0,1,2,0,1
2021-11-24,14.2235,-87.0255,19.79,52.45,992.62,7.4,1462.1,16.9,2.64,3.56,5.35,8.38,12.57,17.47,28.21,0.235,0,0,0,0,0,1
2021-11-24,20.4546,85.6729,44.87,48.96,1003.58,129.54,1995.7,2.1,1.54,1.87,3.18,5.7,9.52,20.69,32.11,0.05,3,0,0,1,2,3
2021-11-25,13.5998,100.2753,40.58,57.67,982.03,107.11,1595.7,4.4,1.14,1.97,3.36,4.21,5.57,10.05,21.11,0.05,9,0,0,2,3,3
2021-11-25,35.8526,139.5069,42.44,41.35,1023.41,7.96,1261.7,15.8,1.22,1.58,2.86,4.04,7.13,14.65,24.07,0.05,4,0,0,0,2,3
2021-11-26,-6.6865,107.2168,42.23,96.1,966.07,44.05,954.7,26.0,1.6,3.34,4.03,4.49,7.19,16.25,32.12,0.254,5,0,1,1,3,3
2021-11-26,18.0911,-66.4273,40.93,53.33,950.91,94.42,1716.8,6.4,2.6,4.05,8.37,10.63,16.77,26.33,42.56,0.136,2,0,0,2,2,2
2021-11-28,13.3745,80.4059,8.66,51.01,975.46,31.54,1226.8,33.3,5.87,10.3,14.58,18.49,27.84,46.41,70.43,0.593,0,1,1,1,0,1
2021-11-29,11.9888,92.6406,30.38,45.96,1004.26,105.1,1391.6,41.4,0.38,0.59,0.97,1.81,2.08,3.34,7.1,0.05,0,0,1,1,0,2
2021-11-29,23.8637,90.2664,16.21,39.89,945.18,36.47,1005.4,22.4,1.08,1.49,2.54,3.63,5.08,11.55,20.34,0.161,0,0,0,1,0,2
2021-11-30,25.5846,-79.8674,16.18,79.22,1012.71,78.52,1668.3,4.2,6.63,14.58,26.59,48.74,55.24,81.6,127.5,0.95,0,2,1,1,0,0
2021-11-30,15.2856,75.7203,38.03,93.6,994.91,25.66,394.9,28.2,1.42,3.26,5.71,9.37,10.35,18.62,30.37,0.27,5,0,1,0,2,2
2021-11-30,18.9884,72.9212,14.75,82.36,966.47,42.45,2230.6,31.7,0.42,0.58,0.84,1.32,2.15,3.29,6.81,0.283,0,0,1,1,0,2
2021-11-30,19.1127,73.1629,17.07,87.31,998.05,60.3,1555.2,44.6,15.53,23.88,48.19,54.5,60.23,115.76,194.67,0.95,0,2,3,1,0,0
2021-12-01,22.945,88.7168,14.46,42.12,1010.69,68.44,1163.7,29.9,4.55,7.03,13.9,19.34,24.81,50.6,78.93,0.553,0,1,1,1,0,1
2021-12-01,14.5928,120.749,15.87,21.17,946.74,147.58,1739.6,38.5,13.86,32.13,59.87,99.1,132.38,175.38,311.08,0.95,0,3,3,3,0,0
2021-12-01,-6.4077,106.6085,14.82,28.12,991.1,129.75,645.8,40.5,5.78,10.95,19.51,22.09,29.98,45.45,61.36,0.377,0,0,1,2,0,1
2021-12-02,14.237,-86.7434,10.23,38.42,966.72,39.79,2175.2,12.4,1.11,2.34,3.76,6.47,7.41,13.23,16.32,0.184,0,0,0,1,0,2
2021-12-02,18.7547,-65.6283,17.89,39.92,977.97,73.08,2154.0,42.7,3.75,5.55,7.86,12.62,18.33,27.68,37.87,0.256,0,0,1,1,0,1
2021-12-02,9.9567,77.4123,33.04,56.57,1019.96,145.8,394.1,41.0,2.3,4.01,7.64,8.97,15.41,30.9,64.13,0.358,0,0,1,1,0,1
2021-12-03,15.2478,75.6002,16.52,22.84,966.64,104.09,176.9,18.7,2.53,5.96,11.68,21.41,35.84,68.34,140.83,0.834,0,2,1,2,0,0
2021-12-03,14.521,-86.9825,36.77,16.88,947.36,111.57,2233.8,30.5,4.54,9.94,15.16,17.99,31.54,73.37,120.46,0.495,8,1,1,3,2,1
2021-12-03,23.3478,89.953,34.46,69.82,996.02,131.93,1153.7,41.8,1.56,3.61,6.6,8.62,12.89,23.71,31.72,0.202,0,0,1,2,1,2
2021-12-03,12.7798,80.7396,23.29,69.35,965.63,117.67,2113.2,36.7,2.36,3.21,6.37,11.16,17.73,39.39,68.26,0.53,0,0,1,2,0,1
2021-12-03,28.7626,77.1751,45.84,80.97,966.12,64.56,2069.8,17.5,2.93,5.4,8.43,13.59,19.45,23.84,48.02,0.251,3,0,0,1,3,3
2021-12-04,25.6534,-79.8434,29.53,34.17,1006.71,83.39,1942.1,37.6,0.85,1.75,3.36,4.63,5.65,6.8,11.23,0.05,0,0,1,1,0,2
2021-12-04,25.4388,-80.5343,9.24,93.05,1005.98,134.4,1339.9,3.6,2.02,3.31,5.51,6.99,9.9,12.23,16.5,0.442,0,0,0,2,0,1
2021-12-04,25.9664,-80.3747,45.86,76.39,990.49,119.32,2392.9,42.7,0.33,0.62,1.18,1.93,2.69,4.27,7.8,0.05,6,0,1,2,3,3
2021-12-04,14.8375,120.628,14.16,49.77,979.78,17.86,1064.4,38.8,1.25,2.15,4.44,5.0,7.57,15.84,31.06,0.292,0,0,1,0,0,1
2021-12-05,24.1749,90.2257,17.4,56.96,953.86,143.09,2159.9,7.6,4.68,8.2,17.09,19.56,27.97,43.15,83.12,0.62,0,1,1,3,0,0
2021-12-05,18.1918,-65.8054,29.55,31.27,1025.22,30.13,401.3,27.7,0.7,1.4,2.76,4.0,5.38,10.91,21.88,0.05,0,0,0,0,0,2
2021-12-05,13.3904,100.7784,20.48,39.42,947.37,88.88,2155.5,26.1,0.23,0.44,0.72,1.31,1.77,3.72,4.61,0.05,0,0,0,2,0,2
2021-12-05,14.1396,100.1101,22.66,70.29,974.74,5.11,1054.8,11.1,0.1,0.18,0.25,0.37,0.48,0.92,2.02,0.126,0,0,0,0,0,2
2021-12-05,9.9011,76.6648,30.54,45.88,1013.87,77.21,2373.9,12.1,0.88,1.14,1.78,2.31,3.89,7.1,8.95,0.05,0,0,0,1,0,2
2021-12-05,13.1957,80.461,19.23,24.98,1003.39,100.66,898.7,45.7,0.08,0.13,0.26,0.35,0.45,0.83,1.68,0.05,0,0,1,1,0,2
2021-12-05,18.2408,-66.4771,35.68,33.27,969.93,146.79,633.0,32.5,0.69,0.91,1.37,2.19,2.79,4.35,8.3,0.05,6,0,0,2,1,3
2021-12-05,14.4193,120.9251,10.33,51.2,981.17,66.36,284.0,23.6,5.02,7.97,15.44,24.22,38.92,88.63,149.1,0.95,0,2,2,1,0,0
2021-12-06,13.1418,80.0956,41.19,87.91,981.97,5.98,73.3,17.2,4.41,7.04,8.5,15.12,26.89,43.44,55.3,0.371,5,1,1,0,2,2
2021-12-06,24.8603,82.5329,34.52,31.84,1006.89,154.33,1598.2,23.9,8.98,10.95,20.33,36.82,42.09,73.24,102.88,0.474,0,1,1,2,0,1
2021-12-06,26.013,-79.9055,14.81,67.55,951.87,107.31,229.4,11.4,3.64,5.6,9.41,11.29,14.02,29.17,36.03,0.398,0,1,0,2,0,1
2021-12-07,13.8543,-87.5149,28.55,75.95,1007.78,13.27,1932.0,31.0,0.14,0.22,0.37,0.46,0.56,0.68,1.44,0.095,0,0,0,0,0,2
2021-12-07,35.6291,139.7449,26.83,42.76,976.61,68.01,2378.5,0.6,1.94,2.48,4.48,5.11,8.36,18.74,40.68,0.205,0,0,0,1,0,1
2021-12-07,10.9428,-67.3668,18.16,95.77,964.19,22.35,2057.2,6.1,0.36,0.57,1.01,1.69,2.9,5.36,8.54,0.324,0,0,0,1,0,2
2021-12-08,15.3548,75.7934,33.81,52.07,960.88,5.85,1565.1,23.2,11.79,15.54,19.66,24.48,33.39,47.09,78.35,0.419,0,1,1,1,0,1
2021-12-09,19.1465,73.0391,15.96,49.15,988.92,16.16,1870.9,45.2,0.56,1.26,2.06,2.49,3.8,8.8,18.99,0.197,0,0,1,0,0,2
2021-12-09,35.2544,139.3214,37.85,20.59,997.35,144.19,552.7,32.8,1.47,2.42,4.03,5.41,9.61,12.04,23.28,0.05,4,0,1,2,1,3
2021-12-10,16.5022,81.7807,10.06,93.49,1027.89,141.17,261.9,40.4,3.57,4.32,9.01,11.0,15.16,18.74,28.29,0.51,0,1,1,1,0,1
2021-12-10,18.7954,-65.8718,43.19,36.92,992.95,6.79,2141.0,21.8,0.69,1.03,2.02,2.4,4.19,6.91,10.03,0.05,4,0,0,0,2,3
2021-12-10,13.5445,80.649,35.04,30.09,953.14,117.85,2134.8,34.5,5.73,13.69,18.09,33.87,51.51,112.08,207.37,0.95,4,2,2,3,1,0
2021-12-10,10.5833,-66.4394,39.62,83.51,960.06,74.89,2278.5,28.2,0.38,0.79,0.98,1.66,2.85,4.87,7.86,0.069,8,0,0,2,3,3
2021-12-10,16.5562,81.6974,15.38,62.12,1024.46,8.86,1266.0,7.0,2.07,4.11,6.63,12.4,18.71,44.09,66.77,0.56,0,0,1,0,0,1
2021-12-11,22.775,88.151,23.72,74.97,1001.77,149.4,517.9,26.7,3.22,7.72,10.66,16.19,21.73,39.79,56.98,0.481,0,0,1,2,0,1
2021-12-11,23.8541,90.0483,28.44,53.88,981.05,98.57,1581.3,33.6,5.02,11.04,18.95,21.95,29.75,35.84,64.34,0.388,0,0,1,2,0,1
2021-12-12,25.3671,82.6185,20.36,60.67,1001.44,34.1,2219.7,35.5,0.19,0.43,0.88,1.53,2.14,5.12,6.78,0.133,0,0,1,0,0,2
2021-12-12,10.4526,77.5192,14.8,73.88,1027.49,46.99,94.5,40.9,0.8,1.71,2.68,4.89,8.6,14.41,31.43,0.398,0,1,1,0,0,1
2021-12-12,24.0419,90.8881,8.87,83.5,997.96,22.4,1482.7,39.3,3.23,7.75,12.84,21.04,24.18,52.61,95.97,0.899,0,1,2,0,0,0
2021-12-12,11.7248,92.9775,28.77,24.48,990.59,2.2,778.6,10.9,12.42,25.74,38.99,45.79,66.93,97.46,169.23,0.907,0,2,2,1,0,0
2021-12-12,28.3836,77.0904,31.87,16.81,1027.47,30.06,1706.3,7.9,2.72,3.53,6.67,10.46,12.14,26.93,47.05,0.081,0,0,0,0,0,2
2021-12-12,18.1828,-65.7694,41.93,42.31,1015.92,78.64,143.9,9.7,0.86,1.82,2.52,3.9,6.07,12.92,25.63,0.05,7,0,0,1,2,3
2021-12-12,25.9477,-80.1791,37.37,52.59,992.57,120.74,922.9,44.7,2.5,5.11,9.6,13.36,17.11,39.49,59.77,0.273,4,0,1,2,1,2
2021-12-13,15.0012,121.4131,21.95,39.13,996.03,140.12,2309.6,31.5,6.37,11.66,16.18,24.59,36.6,76.53,108.66,0.657,0,1,2,2,0,0
2021-12-13,14.1651,-87.4851,9.93,60.15,987.75,107.8,187.9,38.8,0.53,0.9,1.79,2.77,3.78,4.75,8.89,0.239,0,0,1,1,0,2
2021-12-13,16.1598,81.9645,21.01,15.09,980.62,95.79,296.2,31.7,1.59,3.19,4.55,7.82,11.61,21.36,36.06,0.103,0,0,1,1,0,2
2021-12-14,12.8743,79.8564,20.25,53.15,964.66,97.98,725.0,46.5,4.25,5.8,9.14,12.87,18.97,41.93,74.78,0.525,0,0,2,2,0,1
2021-12-14,29.6063,-90.38,45.56,22.12,945.7,85.91,635.6,22.8,0.26,0.47,0.62,1.1,1.79,2.31,4.7,0.05,5,0,0,2,2,3
2021-12-14,24.1609,90.8456,43.04,65.33,945.76,17.53,1593.1,0.7,0.61,1.13,2.06,3.34,4.2,8.63,12.4,0.05,5,0,0,1,2,3
2021-12-15,29.4777,-90.4165,37.05,53.83,1019.6,56.5,1692.0,35.7,0.78,1.08,1.39,2.31,3.43,4.47,6.74,0.05,8,0,1,0,2,3
2021-12-15,35.5826,139.3264,28.78,51.42,994.54,96.79,1403.5,34.4,3.54,6.3,12.26,23.04,35.22,72.36,123.62,0.745,0,1,2,1,0,0
2021-12-16,14.8692,75.7053,19.84,45.95,992.78,19.53,1676.4,21.6,0.61,1.1,1.89,2.6,4.5,9.17,17.07,0.135,0,0,0,0,0,2
2021-12-16,29.6841,-90.3909,9.23,87.31,989.69,32.02,1717.1,25.9,0.73,1.45,2.58,4.81,6.18,11.48,17.46,0.422,0,0,1,0,0,1
2021-12-16,10.1868,-66.574,30.76,62.24,984.04,37.4,922.4,47.5,0.55,1.02,2.02,2.95,4.5,9.87,17.25,0.111,0,0,1,1,0,2
2021-12-16,16.5424,81.3479,40.62,86.59,971.23,132.39,100.2,2.9,3.42,4.36,6.51,10.66,14.24,20.16,29.86,0.211,7,1,0,2,3,3
2021-12-16,16.7823,81.1878,36.58,87.72,1004.99,37.47,1693.9,15.1,0.97,1.25,2.34,3.9,4.93,10.35,21.92,0.203,2,0,0,0,1,2
2021-12-16,14.1437,100.647,34.2,49.69,1022.42,141.9,1159.1,37.5,14.72,23.51,41.43,64.45,95.29,221.05,293.24,0.95,0,3,3,2,0,0
2021-12-17,22.841,88.4512,42.14,61.91,1018.17,34.16,1239.7,2.1,5.69,12.14,20.46,28.98,39.39,56.77,92.42,0.476,1,1,1,0,2,2
2021-12-17,28.869,77.2098,21.13,16.09,1021.54,50.15,1265.5,22.8,3.06,6.92,13.71,25.84,37.98,87.62,147.42,0.802,0,1,2,0,0,0
2021-12-17,12.7491,80.0091,28.86,44.72,969.65,32.71,83.3,46.9,4.9,11.34,17.82,32.0,40.94,74.18,104.04,0.591,0,2,2,1,0,0
2021-12-18,10.6303,-67.1831,14.29,49.52,996.82,126.8,2172.4,47.6,6.53,7.91,12.29,21.92,39.09,49.7,76.53,0.573,0,1,2,2,0,1
2021-12-19,18.6645,-66.3063,15.93,24.56,963.31,90.59,616.7,16.8,0.19,0.43,0.57,0.79,1.08,2.3,3.87,0.05,0,0,0,2,0,2
2021-12-19,35.2244,139.7781,41.79,60.8,1020.05,2.4,1512.7,20.1,2.46,5.15,7.23,9.14,14.55,26.56,38.08,0.134,3,0,0,0,2,3
2021-12-19,25.6611,-79.7422,40.77,16.45,949.07,89.63,1967.2,16.0,1.51,2.89,4.18,4.69,7.57,14.77,26.3,0.05,7,0,0,2,2,3
2021-12-21,22.4728,88.3892,9.18,48.13,989.99,49.77,413.0,10.1,2.2,2.83,3.99,6.69,8.36,11.21,14.39,0.225,0,0,0,1,0,2
2021-12-21,14.4377,-87.4338,28.17,45.71,1006.48,121.98,1832.4,34.8,0.8,1.28,2.08,2.84,4.62,7.37,9.86,0.05,0,0,1,1,0,2
2021-12-21,25.8102,-80.182,33.38,95.0,1004.97,50.9,1577.3,24.4,3.84,9.2,16.09,17.95,22.93,39.17,49.74,0.439,0,0,1,1,1,2
2021-12-21,25.8164,-79.9409,33.77,88.1,980.11,88.62,2326.6,18.2,4.86,8.12,13.18,18.04,21.78,51.55,84.92,0.624,0,1,1,2,1,1
2021-12-21,14.8402,75.9562,21.38,92.5,1024.59,69.39,1457.8,38.8,4.24,9.51,16.62,26.03,35.48,45.7,57.38,0.585,0,1,2,1,0,1
2021-12-22,29.9877,-89.6069,27.14,48.5,1023.65,81.77,195.3,13.5,2.17,5.09,8.71,14.43,16.77,37.78,65.7,0.384,0,1,1,1,0,1
2021-12-22,22.7336,88.8019,12.25,30.88,980.38,101.41,1241.3,18.4,2.89,6.38,12.47,20.96,37.03,70.66,85.33,0.562,0,1,1,2,0,0
2021-12-22,25.262,-80.2395,19.76,67.67,951.42,148.21,1237.2,1.0,2.26,4.85,9.6,14.1,16.75,38.31,83.56,0.65,0,1,0,3,0,0
2021-12-23,-6.1394,106.6584,42.56,31.86,953.61,122.07,1492.8,41.8,1.32,2.47,3.06,5.44,6.71,8.97,15.11,0.05,3,0,1,2,2,3
2021-12-23,20.4288,85.9135,43.58,33.97,984.27,117.06,1254.5,0.7,10.42,12.76,16.34,20.9,31.75,75.1,159.41,0.755,3,1,1,2,2,1
2021-12-23,18.3614,-66.3124,26.0,57.15,1020.33,76.19,1571.7,11.0,0.3,0.49,0.94,1.37,1.67,3.1,4.54,0.052,0,0,0,0,0,2
2021-12-24,10.6085,-66.7161,45.4,35.96,1010.29,122.32,1283.6,1.0,1.22,1.52,2.38,3.7,5.2,10.57,15.17,0.05,7,0,0,1,3,3
2021-12-25,29.6523,-90.4147,20.17,79.15,948.44,95.04,765.1,9.4,5.94,10.07,17.26,19.44,32.16,49.66,94.03,0.764,0,1,1,2,0,0
2021-12-25,20.6664,85.8606,41.87,22.97,946.09,73.82,1755.6,22.2,0.18,0.37,0.66,1.09,1.36,2.93,4.92,0.05,2,0,0,2,1,3
2021-12-26,16.1934,81.8902,36.51,40.26,970.73,99.9,1599.7,23.0,2.85,6.32,8.19,9.44,14.72,28.33,39.26,0.096,3,0,0,2,1,2
2021-12-26,-6.2564,107.3379,23.6,74.49,1018.55,7.32,1903.5,4.1,3.04,4.9,5.96,7.02,9.46,22.18,30.05,0.312,0,0,0,0,0,1
2021-12-27,20.1051,85.8789,26.42,41.12,993.82,93.82,1636.2,27.9,1.68,2.06,4.15,5.65,8.22,15.36,23.27,0.092,0,0,0,1,0,2
2021-12-27,25.714,83.0153,34.26,16.72,1009.31,109.58,1362.7,24.6,4.39,5.57,10.86,13.69,19.64,35.04,69.28,0.198,0,0,1,1,0,2
2021-12-27,10.0336,-66.5549,26.11,57.08,1000.12,71.08,1038.9,46.8,5.86,11.97,19.54,26.91,40.75,70.72,117.86,0.759,0,1,2,1,0,0
2021-12-28,-6.6838,106.4195,45.0,15.18,1008.78,8.61,1740.4,45.6,7.58,10.18,12.88,23.64,30.55,43.11,61.79,0.05,8,0,1,0,3,3
2021-12-28,29.7073,-90.3477,26.66,40.18,985.85,136.92,1891.3,29.8,3.45,7.85,12.81,19.62,33.4,70.33,114.85,0.658,0,1,2,2,0,0
2021-12-28,11.4524,92.6184,14.76,47.66,977.0,45.76,2396.4,4.0,3.6,5.07,9.91,18.15,25.07,54.86,79.54,0.58,0,1,1,1,0,0
2021-12-28,24.9887,83.1644,36.21,33.49,1012.95,7.15,1066.8,30.6,1.2,2.42,4.79,5.61,8.18,10.0,14.8,0.05,5,0,0,0,1,3
2021-12-29,24.0973,90.6455,29.09,34.82,969.64,73.59,1831.3,47.9,0.72,1.52,2.67,4.07,7.23,11.48,15.81,0.05,0,0,1,1,0,2
2021-12-29,13.8386,100.9347,36.47,76.86,984.19,146.88,488.1,43.9,4.93,8.09,15.58,18.8,22.4,51.88,67.17,0.438,8,0,2,2,2,2
2021-12-29,-6.4898,106.4649,14.59,35.13,1021.16,142.18,610.0,10.1,2.12,4.23,5.6,9.82,11.31,15.11,27.75,0.2,0,0,0,1,0,2
2021-12-30,24.0782,89.9812,23.29,95.17,969.94,73.95,1014.9,38.6,3.9,7.71,14.21,26.53,38.06,75.44,142.12,0.95,0,1,2,2,0,0
2021-12-30,12.0555,93.0962,13.93,29.46,953.34,114.94,1695.3,47.4,2.58,5.65,9.71,17.47,28.03,55.26,97.54,0.617,0,1,2,2,0,0
2021-12-30,23.0549,88.4681,27.62,72.95,983.78,31.22,1250.3,17.4,1.2,1.91,3.05,5.52,8.91,17.83,29.8,0.267,0,0,0,1,0,2
2021-12-30,28.9284,76.75,8.54,35.62,962.8,43.43,595.6,3.5,2.15,4.47,7.8,12.78,14.78,34.61,70.55,0.525,0,0,0,1,0,1
2021-12-31,16.8665,81.7477,39.71,43.7,986.77,95.01,1172.5,27.7,0.41,0.7,1.02,1.19,1.47,2.83,3.95,0.05,1,0,0,1,1,3
2021-12-31,20.047,85.942,22.28,23.76,994.16,102.26,1819.6,43.4,5.08,7.53,10.63,19.47,32.19,68.84,132.15,0.731,0,1,2,1,0,0
2021-12-31,35.8201,139.892,32.28,40.64,975.6,119.77,1946.6,19.5,10.29,17.37,32.91,48.94,84.58,193.63,249.28,0.95,0,3,3,2,0,0
2022-01-01,-6.1939,106.3997,10.17,16.38,1023.29,103.79,288.5,26.9,1.05,2.22,4.29,6.46,8.96,14.16,17.46,0.091,0,0,0,1,0,2
2022-01-01,35.7148,139.4276,29.02,27.6,1001.0,152.27,595.4,15.9,1.82,3.24,5.98,7.23,9.48,17.5,31.32,0.057,0,0,0,2,0,2
2022-01-01,25.1064,83.4083,24.52,80.87,947.64,121.65,577.7,7.4,0.43,0.53,0.89,1.13,2.03,3.84,5.14,0.177,0,0,0,2,0,2
2022-01-01,10.6917,-66.5952,20.58,35.06,1000.12,99.69,2189.7,33.7,0.63,1.32,1.8,2.78,3.21,4.03,6.71,0.05,0,0,0,1,0,2
2022-01-01,23.7642,90.3223,29.47,80.57,971.39,90.7,830.8,39.2,2.2,2.84,3.83,4.4,6.38,8.47,11.13,0.168,0,0,1,2,0,2
2022-01-02,25.0519,82.8807,27.97,90.59,948.36,61.2,2366.0,12.3,5.97,9.97,20.13,32.4,55.9,109.66,229.22,0.95,0,2,2,2,0,0
2022-01-02,20.0588,85.5186,23.0,51.19,994.31,92.22,163.6,40.0,0.68,1.41,2.67,4.46,6.71,8.17,12.75,0.103,0,0,1,1,0,2
2022-01-02,16.8968,81.1639,25.16,54.33,991.93,109.96,115.3,4.3,0.22,0.38,0.47,0.8,1.0,2.33,3.93,0.05,0,0,0,1,0,2
2022-01-02,28.8961,76.9427,11.48,83.85,962.76,129.7,2366.1,12.0,2.16,3.98,8.15,10.13,17.07,40.1,70.35,0.716,0,1,1,2,0,0
2022-01-02,24.8922,82.9044,38.42,50.41,992.54,66.61,583.1,9.5,0.53,0.64,0.93,1.15,1.47,1.9,2.93,0.05,5,0,0,1,2,3
2022-01-02,-5.9333,106.4897,30.88,28.95,1006.16,134.01,521.7,5.0,0.08,0.16,0.28,0.43,0.54,0.9,1.62,0.05,0,0,0,1,0,2
2022-01-02,22.5175,88.8539,38.56,57.25,957.23,142.98,256.4,25.4,3.3,7.92,10.51,16.72,23.97,36.16,77.46,0.394,7,1,1,3,2,2
2022-01-03,20.6737,85.8763,14.9,24.16,1011.48,54.96,191.1,13.1,4.02,8.42,11.01,18.97,25.79,51.97,97.26,0.582,0,1,1,1,0,0
2022-01-03,25.6048,-80.5001,14.48,86.84,950.7,19.62,1676.2,12.6,2.15,3.97,6.4,7.47,12.07,17.96,34.82,0.481,0,0,0,1,0,1
2022-01-03,18.7818,-65.6118,32.96,74.31,952.68,6.25,2327.0,20.8,1.76,2.19,2.86,5.3,8.41,14.22,29.93,0.225,0,0,0,1,0,2
2022-01-03,18.3718,-65.6934,45.36,17.83,1025.85,102.45,978.5,26.1,1.85,3.49,4.67,5.59,8.22,10.57,15.78,0.05,8,0,0,1,3,3
2022-01-04,11.6543,93.0834,45.79,86.22,986.22,78.5,1618.6,5.9,31.92,58.18,117.46,220.11,331.74,439.23,778.91,0.95,2,3,3,3,2,1
2022-01-04,22.1768,88.3707,27.91,77.86,1010.2,121.56,1766.6,38.9,5.65,12.64,20.48,37.07,42.71,69.56,147.74,0.95,0,1,2,2,0,0
2022-01-04,30.145,-90.4845,18.3,91.14,1024.88,113.46,138.4,1.6,2.29,5.5,10.9,20.13,30.93,69.0,104.86,0.903,0,2,1,1,0,0
2022-01-04,29.7208,-90.2561,11.6,62.02,976.8,9.11,1690.1,35.1,6.3,11.23,23.27,42.61,63.32,109.79,132.08,0.95,0,2,3,1,0,0
2022-01-04,23.5042,90.1995,23.72,60.27,964.82,87.17,921.4,42.7,1.28,2.87,4.45,6.95,9.04,19.62,40.1,0.309,0,0,1,2,0,1
2022-01-05,23.3635,90.3557,30.2,46.77,1007.85,48.76,1424.0,26.0,0.02,0.03,0.04,0.07,0.08,0.16,0.35,0.05,0,0,0,0,0,2
2022-01-05,14.4475,-86.7245,11.42,33.27,1008.15,16.82,1998.9,0.5,7.72,9.88,20.05,35.92,53.08,113.25,144.38,0.95,0,2,1,0,0,0
2022-01-05,25.2223,83.3588,8.87,95.17,946.53,130.7,2307.1,47.7,2.15,4.82,6.31,9.09,11.96,20.02,38.08,0.59,0,0,2,3,0,1
2022-01-06,30.2959,-90.3104,8.18,95.88,969.59,94.95,667.6,35.2,2.54,3.85,6.36,8.79,11.21,21.43,39.39,0.608,0,0,1,2,0,1
2022-01-06,22.4952,88.6371,36.44,34.41,1000.02,58.03,295.3,4.9,0.06,0.13,0.26,0.39,0.57,1.16,2.21,0.05,4,0,0,1,1,3
2022-01-06,13.5828,100.6618,13.33,70.26,1002.48,105.58,1326.0,45.7,2.48,4.31,6.13,7.23,10.73,16.93,29.19,0.381,0,0,1,1,0,1
2022-01-06,19.928,85.9683,16.02,88.44,962.41,141.51,763.7,12.2,2.27,3.73,5.15,7.06,11.29,24.82,50.16,0.57,0,0,1,3,0,1
2022-01-07,17.0142,82.0096,36.72,38.31,999.61,29.07,1305.8,46.0,3.46,4.36,9.11,11.16,17.89,32.9,49.16,0.148,1,0,1,0,1,2
2022-01-08,16.0811,81.2877,33.28,82.6,1014.47,11.52,810.5,32.6,6.71,14.51,22.92,42.3,55.43,91.51,126.41,0.863,0,1,2,0,1,0
2022-01-09,20.1819,85.7229,39.95,90.62,1012.49,48.68,1408.8,44.0,1.35,2.95,3.57,3.94,6.43,13.59,27.03,0.218,3,0,1,0,2,3
2022-01-10,14.0787,100.133,13.63,56.92,1020.09,94.69,511.2,26.8,1.39,1.71,3.46,6.01,10.5,21.2,34.97,0.353,0,0,1,1,0,1
2022-01-10,24.0775,89.9813,41.43,37.49,1007.7,89.91,118.1,19.8,0.71,1.16,1.79,2.65,4.03,7.6,9.42,0.05,2,0,0,1,1,3
2022-01-10,26.0876,-80.1028,8.02,54.19,967.05,53.44,1437.7,42.0,0.7,1.49,1.85,2.52,3.16,7.26,10.0,0.236,0,0,1,1,0,2
2022-01-11,26.2083,-80.3854,18.92,38.05,947.98,143.82,514.4,20.5,0.03,0.07,0.13,0.24,0.4,0.63,0.91,0.05,0,0,0,3,0,2
2022-01-11,22.9535,88.1557,16.67,35.9,957.37,45.39,1901.3,30.0,15.31,28.0,46.74,58.57,88.47,170.75,240.17,0.95,0,3,3,2,0,0
2022-01-11,18.6685,-66.141,25.76,88.9,991.38,143.26,1226.4,14.4,1.54,2.81,4.71,7.77,9.77,19.45,38.48,0.41,0,0,0,2,0,1
2022-01-11,19.8377,85.6523,44.69,29.15,975.71,32.55,689.5,36.6,2.26,3.15,3.91,5.02,8.84,19.58,32.11,0.05,2,0,1,1,2,3
2022-01-11,14.5696,121.3292,15.35,53.94,964.28,21.03,2147.3,17.9,4.04,6.67,11.27,15.53,25.16,53.94,87.95,0.655,0,1,1,1,0,0
2022-01-12,11.2859,92.9431,17.78,85.86,982.03,83.9,2315.6,40.2,5.46,7.48,9.13,10.96,17.74,30.03,39.56,0.476,0,0,1,1,0,1
2022-01-12,14.5686,-87.5424,20.95,97.31,954.03,71.04,613.4,2.0,11.6,21.83,39.96,63.78,76.79,107.86,197.0,0.95,0,2,2,2,0,0
2022-01-12,25.2954,82.6711,45.38,75.16,1018.36,142.61,1228.7,30.4,1.9,3.23,3.99,5.77,9.07,15.48,32.08,0.13,5,0,1,1,3,3
2022-01-12,18.9598,-65.7115,32.84,85.39,1000.56,18.73,1456.8,30.9,4.1,5.26,9.62,15.24,26.03,36.39,45.93,0.377,0,0,1,0,0,2
2022-01-13,14.3924,-87.3319,36.63,37.8,1021.38,44.93,2391.9,22.5,0.09,0.12,0.15,0.17,0.22,0.35,0.46,0.05,7,0,0,0,2,3
2022-01-13,14.9397,121.3041,15.6,67.67,971.6,64.82,1982.9,27.6,1.78,3.13,6.15,9.15,15.67,23.45,40.66,0.42,0,0,1,1,0,1
2022-01-14,11.7464,92.5431,42.64,88.93,1010.24,126.65,1219.5,41.7,2.2,3.19,6.41,9.41,14.31,27.93,35.81,0.24,8,0,1,1,3,3
2022-01-14,14.353,-87.4589,42.74,17.97,975.29,13.31,572.2,44.5,7.92,10.04,12.37,20.0,25.3,30.43,61.86,0.08,5,0,1,1,2,2
2022-01-15,28.7744,77.012,24.81,96.37,1021.97,91.51,607.7,31.0,1.36,2.7,3.65,5.77,9.14,18.8,40.93,0.468,0,0,1,1,0,1
2022-01-15,15.8082,75.8451,9.53,57.87,972.24,19.28,824.5,31.1,0.92,1.59,2.49,2.84,4.37,8.49,18.39,0.291,0,0,1,1,0,2
2022-01-15,10.1583,76.9584,21.22,44.45,993.11,114.22,153.4,28.7,10.69,16.19,32.67,60.77,78.3,164.82,237.14,0.95,0,3,3,2,0,0
2022-01-16,18.3123,-66.3221,43.57,39.5,998.79,122.43,54.7,2.1,1.42,2.89,4.15,4.57,5.95,7.78,11.04,0.05,4,0,0,2,2,3
2022-01-17,25.2705,-79.9548,13.41,81.99,956.72,91.49,651.6,11.9,2.42,5.1,9.08,17.17,20.32,41.98,52.7,0.58,0,0,1,2,0,1
2022-01-17,35.4534,139.6553,22.2,91.46,954.02,144.54,2195.5,26.1,4.97,8.57,16.19,20.96,36.31,77.93,150.61,0.95,0,1,2,3,0,0
2022-01-17,23.9711,90.1236,12.78,94.26,1016.24,28.37,1583.5,44.0,8.67,16.28,30.14,42.66,49.08,90.04,136.7,0.95,0,1,3,0,0,0
2022-01-18,15.3441,75.9115,28.81,34.14,962.58,135.77,291.4,27.1,2.44,5.27,6.97,11.5,17.53,35.79,65.18,0.301,0,1,1,2,0,1
2022-01-19,16.6332,81.5653,42.75,24.12,948.28,94.21,297.9,24.5,10.61,21.63,37.98,59.24,72.61,124.83,192.55,0.924,2,2,2,3,1,0
2022-01-19,13.3022,100.3822,12.11,51.96,966.82,64.09,283.6,6.7,5.64,11.91,15.41,25.18,38.44,79.03,132.33,0.95,0,2,1,1,0,0
2022-01-19,13.4068,100.4975,37.61,63.63,967.66,54.63,2270.8,10.8,0.58,0.75,1.49,2.44,2.88,6.1,11.16,0.05,5,0,0,1,2,3
2022-01-19,13.584,-87.69,25.74,34.57,946.71,143.05,132.3,11.8,6.8,15.82,28.46,37.2,47.9,86.53,184.67,0.95,0,2,2,3,0,0
2022-01-19,35.9757,139.7671,18.33,41.2,1021.39,150.36,685.9,7.0,4.98,11.53,20.07,32.26,52.71,72.93,158.51,0.95,0,2,1,2,0,0
2022-01-19,13.2864,80.0554,8.65,84.57,962.17,142.74,859.8,40.2,1.73,2.39,3.95,5.17,6.86,10.83,16.74,0.41,0,0,1,3,0,1
2022-01-20,9.8875,76.8661,41.82,57.7,993.99,84.25,722.4,40.6,7.55,16.75,21.72,35.47,50.04,65.92,83.18,0.402,8,1,2,1,3,2
2022-01-20,11.4,92.9591,23.42,96.6,965.32,59.58,724.0,5.7,2.36,3.9,7.12,12.49,18.5,22.91,41.67,0.487,0,0,0,1,0,1
2022-01-21,16.67,81.5264,36.58,59.17,990.42,64.8,351.7,10.7,0.72,1.48,2.9,3.74,4.57,6.86,14.67,0.05,5,0,0,1,2,3
2022-01-21,28.6918,77.0188,45.33,22.02,961.68,100.52,1628.9,8.3,5.74,13.28,16.89,31.74,41.16,64.65,80.48,0.191,8,1,1,2,3,2
2022-01-21,29.0988,77.6095,20.99,94.33,953.83,91.25,1166.3,7.7,7.62,10.37,17.98,24.35,33.91,49.29,89.94,0.8,0,1,1,2,0,0
2022-01-22,18.0398,-66.5829,46.47,75.12,968.1,109.03,1694.4,33.7,6.74,8.79,11.41,18.4,32.53,57.22,123.63,0.692,7,1,2,2,3,1
2022-01-22,35.8711,139.4182,9.2,42.16,1024.7,123.49,450.8,1.1,3.87,7.33,9.34,17.49,26.8,53.11,109.07,0.79,0,1,1,1,0,0
2022-01-23,25.3934,83.22,22.75,73.93,946.66,89.21,804.2,0.9,0.74,1.72,2.87,5.45,8.0,14.82,23.59,0.277,0,0,0,2,0,1
2022-01-23,16.7119,81.283,35.14,32.81,948.65,69.15,2147.6,21.9,2.97,4.31,6.97,10.35,13.09,18.28,28.34,0.05,7,0,0,2,1,2
2022-01-24,15.3548,75.5415,34.53,65.26,1026.73,46.19,1887.2,11.6,2.0,4.74,8.96,12.12,18.59,23.42,34.34,0.197,0,0,0,0,1,2
2022-01-24,30.0676,-89.8837,41.91,90.53,995.37,138.81,1835.6,10.1,0.13,0.16,0.28,0.42,0.67,1.48,2.02,0.05,3,0,0,2,2,3
2022-01-26,10.0897,77.0689,25.74,19.8,992.12,62.82,481.3,43.1,4.66,7.18,12.1,22.63,28.78,67.25,126.66,0.648,0,1,2,1,0,0
2022-01-27,16.1449,81.7237,44.91,25.18,960.91,88.84,2252.5,22.0,3.52,5.46,10.54,16.7,22.83,42.26,80.07,0.207,5,0,1,2,2,2
2022-01-27,-5.7377,106.9887,34.87,15.46,1023.89,54.7,2352.3,32.6,1.19,2.31,3.56,5.75,9.51,16.78,23.86,0.05,0,0,1,0,0,2
2022-01-28,15.0983,75.9895,26.62,58.65,973.31,49.88,1036.4,33.3,0.31,0.64,1.3,2.22,2.74,3.58,6.05,0.062,0,0,0,1,0,2
2022-01-28,15.7215,75.4129,22.8,53.33,1027.18,27.65,1755.0,31.2,3.81,6.15,8.58,13.91,24.19,57.36,96.42,0.638,0,1,1,0,0,0
2022-01-29,12.6513,80.0152,13.54,37.13,973.66,60.3,416.7,23.7,7.88,13.79,16.89,23.49,32.47,50.0,74.8,0.513,0,1,1,1,0,1
2022-01-30,14.5277,-87.0594,34.56,37.8,981.77,140.52,498.1,25.6,1.36,2.88,4.64,6.38,9.67,12.83,22.58,0.05,0,0,0,2,0,2
2022-01-30,28.6424,76.7373,17.08,69.39,983.91,72.14,1844.7,22.2,1.5,3.53,4.26,5.73,8.75,18.72,37.75,0.396,0,0,1,1,0,1
2022-01-30,12.1413,92.4801,25.0,16.32,972.91,56.17,7.6,37.5,8.54,20.48,33.95,45.67,73.17,152.47,240.78,0.95,0,3,3,1,0,0
2022-01-31,18.0994,-65.6214,26.11,64.38,1015.23,56.52,1194.2,26.9,1.15,1.76,2.95,3.85,6.56,15.7,22.15,0.194,0,0,1,0,0,2
2022-01-31,29.5449,-90.2551,27.79,85.82,951.94,10.58,1929.8,24.1,2.23,3.95,6.09,11.02,16.14,38.23,78.24,0.626,0,1,1,1,0,1
2022-01-31,35.8257,139.2914,16.17,22.75,974.2,22.77,1358.6,20.6,2.17,4.02,8.38,14.53,22.39,36.64,44.96,0.237,0,0,1,1,0,1
2022-01-31,23.8072,90.3204,8.95,63.83,1026.72,146.92,1998.2,5.5,17.93,34.63,48.5,79.51,135.13,180.37,381.74,0.95,0,3,3,2,0,0
2022-02-01,19.9375,85.5429,31.69,28.3,1009.62,47.8,508.0,27.0,1.85,4.26,8.49,12.62,17.06,27.14,39.83,0.089,0,0,1,0,0,2
2022-02-01,28.6617,76.7746,20.62,63.58,1004.08,120.96,1039.1,37.2,0.44,0.81,0.99,1.41,1.91,4.53,7.24,0.147,0,0,1,1,0,2
2022-02-01,11.9172,92.9846,27.4,38.65,946.34,35.97,2351.9,38.8,2.28,3.68,4.63,5.13,8.35,19.9,28.93,0.107,0,0,1,1,0,2
2022-02-02,29.9576,-90.3185,36.08,83.85,1009.01,8.06,133.9,5.4,6.09,11.77,20.37,25.88,29.85,64.34,130.51,0.869,4,2,1,0,2,0
2022-02-02,10.8715,-66.8718,41.38,87.77,1011.02,84.9,1055.1,13.2,2.78,5.61,9.76,12.5,21.65,36.12,75.31,0.493,5,0,1,1,2,2
2022-02-02,14.2328,100.2952,13.97,97.04,945.36,120.83,2028.8,32.0,12.89,20.63,26.39,34.11,39.89,71.18,154.09,0.95,0,1,2,3,0,0
2022-02-02,28.1749,76.8216,41.13,25.67,961.02,27.19,1884.7,29.6,1.44,3.08,4.9,7.8,13.25,22.66,44.24,0.05,3,0,1,1,1,3
2022-02-03,25.6892,82.6552,43.92,47.3,956.33,67.42,815.0,24.0,3.32,5.3,9.75,13.09,22.08,51.99,63.1,0.21,9,0,1,2,3,2
2022-02-03,13.4869,80.6291,25.56,41.72,951.42,71.78,1964.5,1.3,3.05,6.88,9.6,11.97,19.64,29.58,41.17,0.215,0,0,0,2,0,1
2022-02-03,25.9779,-79.7791,33.26,91.1,998.35,7.08,2392.2,5.2,4.02,6.04,9.38,15.17,21.32,31.99,49.09,0.419,0,0,0,0,1,2
2022-02-03,14.3166,-86.8788,26.41,36.88,984.67,134.85,1740.5,22.1,1.31,2.49,2.99,5.04,8.38,11.28,18.08,0.05,0,0,0,2,0,2
2022-02-04,12.9573,80.4338,35.72,38.85,977.59,113.92,284.7,37.9,4.36,7.58,12.08,22.05,35.31,68.65,141.71,0.738,7,1,2,2,2,0
2022-02-05,30.332,-90.2444,32.15,40.16,1018.63,47.86,2283.7,2.4,0.43,0.89,1.56,2.61,4.04,7.4,9.11,0.05,0,0,0,0,0,2
2022-02-05,25.7559,82.5542,29.66,80.68,992.63,42.59,1602.8,17.7,2.76,4.93,7.61,12.75,21.91,26.43,56.39,0.45,0,0,1,1,0,1
2022-02-06,28.7662,76.7432,42.37,22.88,1002.44,135.2,1690.4,44.5,1.39,1.89,2.86,4.51,7.95,12.36,23.3,0.05,6,0,1,2,2,3
2022-02-06,20.1901,85.3898,40.34,91.56,959.68,120.95,1171.0,12.7,4.94,8.73,17.55,29.28,35.06,52.62,77.06,0.531,7,1,1,2,3,2
2022-02-06,25.623,82.6545,33.34,85.62,967.56,86.95,809.4,15.6,0.07,0.13,0.27,0.46,0.58,1.19,1.78,0.097,0,0,0,2,1,3
2022-02-07,-5.8728,107.2568,19.65,71.42,980.77,150.88,1947.5,39.2,3.11,3.76,7.33,8.21,9.73,21.47,30.46,0.336,0,0,1,2,0,1
2022-02-07,11.6745,92.9133,38.06,41.8,984.2,104.39,2302.0,25.2,19.98,31.77,53.18,63.42,94.46,174.14,356.78,0.95,3,3,3,2,1,0
2022-02-08,22.5441,88.5046,30.09,81.38,1026.4,109.95,1376.8,2.3,1.64,3.08,5.91,8.57,15.19,23.18,45.08,0.378,0,0,0,1,0,1
2022-02-08,22.5107,88.158,40.52,78.28,1001.75,141.42,1175.2,6.6,0.22,0.35,0.45,0.69,0.77,1.33,1.83,0.05,8,0,0,2,3,3
2022-02-08,18.1889,-65.6311,40.79,94.22,950.26,24.75,1939.6,42.5,0.02,0.05,0.08,0.12,0.21,0.32,0.57,0.061,3,0,1,1,2,3
2022-02-08,14.0618,-86.7083,26.83,24.55,972.75,74.97,26.3,2.0,0.2,0.37,0.56,1.02,1.52,3.21,6.06,0.05,0,0,0,1,0,2
2022-02-09,18.8225,72.8246,28.83,77.2,972.52,24.48,942.6,22.2,4.74,6.82,13.19,19.81,34.33,64.5,106.22,0.753,0,1,1,1,0,0
2022-02-09,30.147,-89.8675,19.56,49.84,966.27,95.56,197.7,0.7,3.46,4.96,6.27,8.89,10.09,22.84,28.04,0.224,0,0,0,2,0,1
2022-02-09,13.4253,100.3962,25.9,70.12,1012.42,122.46,890.7,44.9,0.06,0.1,0.2,0.33,0.53,0.74,1.32,0.092,0,0,1,1,0,2
2022-02-10,18.7287,-66.4102,35.22,15.38,981.49,97.32,464.5,43.3,2.79,4.5,5.48,8.15,10.88,25.71,40.59,0.05,5,0,1,1,1,2
2022-02-10,13.9538,-87.5621,26.01,62.0,1007.34,12.47,2052.3,38.4,5.21,6.39,10.7,12.23,18.17,37.47,49.53,0.355,0,0,1,0,0,1
2022-02-10,11.2337,92.7422,44.93,23.85,997.39,88.96,2137.0,36.2,11.76,27.66,38.81,65.21,95.95,139.85,195.07,0.919,6,2,3,2,2,0
2022-02-11,25.5364,83.3035,39.16,74.11,1014.02,105.51,1802.9,18.5,3.12,6.76,9.16,13.17,21.31,39.19,73.74,0.442,3,0,1,1,2,2
2022-02-11,18.1295,-66.1268,28.75,49.11,994.97,99.15,104.6,48.0,1.58,2.01,3.95,7.48,12.5,27.78,50.72,0.279,0,1,1,1,0,1
2022-02-11,-6.4063,107.0388,40.89,91.16,1019.74,84.64,447.3,11.1,3.12,7.18,12.04,22.26,28.57,37.24,74.34,0.507,2,1,1,1,2,2
2022-02-11,29.5093,-90.1408,28.46,87.7,953.01,112.81,590.3,25.4,1.21,2.49,3.89,5.72,7.27,11.18,15.42,0.236,0,0,0,2,0,2
2022-02-12,26.1355,-80.3225,43.26,90.86,953.99,130.34,1685.1,19.2,6.3,14.39,23.7,35.72,56.9,84.96,108.48,0.698,9,1,2,3,3,1
2022-02-12,-6.4937,106.5561,37.5,92.54,1013.86,63.52,294.3,30.4,1.52,2.6,4.12,7.62,8.75,12.53,22.65,0.221,5,0,1,0,2,2
2022-02-13,25.8951,-80.4766,33.29,78.27,983.36,53.27,2184.8,7.0,4.46,9.05,16.48,30.46,49.03,76.58,118.96,0.797,0,1,1,1,0,0
2022-02-13,26.1513,-80.2124,41.79,41.4,948.68,44.63,432.3,15.7,3.33,6.0,11.04,15.09,17.86,24.87,49.67,0.119,6,0,0,1,2,2
2022-02-14,19.2336,72.602,32.35,86.76,993.5,3.68,1887.5,46.3,0.17,0.37,0.68,0.96,1.48,2.06,3.96,0.125,0,0,1,0,0,2
2022-02-15,28.7097,77.05,12.83,56.43,972.97,47.26,162.7,43.0,4.12,5.55,6.98,13.12,20.69,35.19,66.92,0.558,0,1,2,1,0,1
2022-02-15,19.3399,73.0053,40.5,28.2,1008.78,88.7,1830.2,44.1,1.43,2.7,5.15,9.73,14.88,30.73,62.88,0.153,2,0,1,1,1,2
2022-02-15,14.2299,-87.0423,22.05,82.33,1010.58,107.45,924.7,30.5,3.57,5.71,11.37,21.47,28.34,61.26,104.2,0.825,0,1,2,1,0,0
2022-02-16,22.3854,88.228,38.65,95.45,1008.87,81.29,1986.4,41.2,2.75,6.39,7.84,8.69,10.05,12.76,20.73,0.212,5,0,1,1,2,3
2022-02-16,35.967,139.3763,32.07,54.49,991.64,46.16,381.8,29.3,0.17,0.22,0.31,0.39,0.53,0.87,1.15,0.05,0,0,0,1,0,3
2022-02-16,35.3257,139.8746,17.51,88.5,969.54,46.71,1516.6,6.3,0.87,1.49,2.03,2.65,4.21,6.47,11.89,0.317,0,0,0,1,0,2
2022-02-17,18.4687,-65.9332,40.99,81.03,1018.38,26.35,540.7,28.4,4.5,5.98,8.12,14.93,16.69,28.08,39.62,0.243,7,0,1,0,3,2
2022-02-17,28.395,77.5619,27.43,80.73,976.92,77.33,2130.5,10.4,17.82,31.14,44.61,80.92,93.35,183.97,232.11,0.95,0,3,3,2,0,0
2022-02-18,-5.9638,106.6975,29.43,38.7,959.84,6.12,1496.5,27.0,2.17,3.11,4.39,8.2,9.14,14.95,18.52,0.05,0,0,0,1,0,2
2022-02-18,15.3482,76.0022,19.7,28.31,998.75,144.2,370.4,9.1,1.99,4.31,6.31,8.22,12.61,23.24,29.29,0.133,0,0,0,2,0,2
2022-02-19,14.5791,120.7518,9.29,55.91,982.2,135.08,414.8,1.6,2.64,3.73,4.64,5.19,6.23,10.29,21.44,0.304,0,0,0,2,0,1
2022-02-19,18.9374,-66.4472,45.39,82.44,974.12,23.97,1430.1,31.2,1.93,3.92,7.34,12.67,18.39,39.54,48.46,0.265,3,0,1,1,3,3
2022-02-19,25.6292,-80.3556,28.72,54.89,1011.97,66.79,1925.3,5.3,3.54,7.23,14.53,18.59,28.31,48.69,77.07,0.47,0,1,1,1,0,1
2022-02-20,20.3283,85.9075,23.02,15.48,994.1,54.29,1210.5,38.2,2.8,5.6,9.1,15.45,23.51,52.64,102.96,0.505,0,1,2,1,0,0
2022-02-20,26.1219,-80.327,43.45,56.45,948.23,9.93,645.8,29.7,1.43,2.0,3.93,7.42,8.25,10.79,18.34,0.05,1,0,0,1,2,3
2022-02-21,10.2436,-67.2807,13.38,19.84,967.81,4.91,2238.4,14.9,2.81,4.44,6.31,7.71,10.21,19.79,42.98,0.237,0,0,0,1,0,1
2022-02-22,25.0082,82.7625,36.2,80.38,976.53,39.78,59.9,30.2,5.55,12.58,20.49,37.74,46.86,85.16,120.4,0.789,6,2,2,1,2,0
2022-02-22,25.715,-80.5833,18.99,77.46,966.66,126.59,1967.5,22.2,1.25,2.4,4.63,5.33,9.42,18.61,29.74,0.365,0,0,1,2,0,1
2022-02-22,-6.6643,106.6219,44.98,73.16,985.86,66.16,1323.3,31.4,0.47,1.01,1.22,2.17,3.15,5.42,7.16,0.05,9,0,0,1,3,3
2022-02-22,16.1532,81.6168,11.37,34.1,1008.6,103.21,401.3,21.3,0.54,1.2,1.56,2.53,3.86,6.82,10.08,0.115,0,0,0,1,0,2
2022-02-23,16.8525,81.7638,37.51,37.68,968.54,102.12,2092.7,46.6,1.46,3.15,6.19,9.89,13.29,25.82,46.07,0.118,2,0,1,2,1,2
2022-02-23,14.9858,121.2349,30.86,97.0,959.43,85.51,265.5,25.4,7.72,10.28,14.83,24.41,28.15,49.12,75.3,0.631,0,1,1,2,0,1
2022-02-23,29.9019,-89.6929,21.95,80.04,1002.07,101.39,1332.2,18.0,4.73,7.72,14.37,18.0,27.24,44.37,90.01,0.727,0,1,1,1,0,0
2022-02-23,10.1039,-66.5906,30.91,79.88,991.76,90.56,1159.9,7.1,1.11,2.58,3.96,4.53,7.51,15.44,23.28,0.228,0,0,0,1,0,2
2022-02-23,13.6392,-87.0698,15.61,15.91,959.14,145.79,1399.4,1.3,0.85,1.44,1.95,2.39,4.23,10.11,18.44,0.05,0,0,0,3,0,2
2022-02-23,18.7367,-65.7844,21.77,52.03,953.34,61.26,18.5,24.4,6.59,12.27,21.44,24.11,41.03,68.19,148.3,0.95,0,2,2,2,0,0
2022-02-23,16.6856,81.0656,30.98,52.71,982.48,145.35,2361.7,38.3,4.95,9.98,13.47,15.45,24.47,50.76,63.3,0.354,0,0,1,2,0,1
2022-02-23,35.5478,139.5602,8.02,52.47,969.38,19.12,2012.9,32.5,24.56,44.16,66.14,86.71,121.81,191.47,419.46,0.95,0,3,3,2,0,0
2022-02-24,25.5992,82.8143,39.19,73.62,945.38,2.32,2345.9,13.0,1.16,2.41,4.15,6.1,7.21,9.36,17.82,0.09,5,0,0,1,2,3
2022-02-25,13.2304,80.4635,15.04,78.12,960.23,8.31,1486.9,11.9,0.66,1.57,2.3,4.19,5.13,11.2,19.06,0.337,0,0,0,1,0,1
2022-02-25,14.1075,100.0002,31.39,29.74,970.21,53.53,1363.7,40.0,9.43,19.8,38.78,57.24,78.58,131.33,238.5,0.95,0,2,3,2,0,0
2022-02-25,17.9722,-66.0641,42.88,71.37,1012.32,119.8,514.1,33.8,3.55,5.3,6.97,11.86,21.11,44.04,85.85,0.471,2,1,1,1,2,2
2022-02-25,10.4005,-67.3114,35.79,38.3,998.97,20.01,25.9,33.5,4.4,8.56,12.27,22.6,38.71,70.4,154.12,0.812,1,2,2,0,1,0
2022-02-26,35.2942,139.3249,25.17,72.37,1024.46,130.54,57.7,12.1,2.79,3.53,6.13,8.85,13.88,20.33,28.2,0.276,0,1,0,1,0,1
2022-02-27,14.1543,121.2908,30.13,17.78,968.13,128.94,1091.5,31.8,5.76,10.58,18.27,31.3,37.07,47.67,86.85,0.35,0,1,1,2,0,1
2022-02-28,25.1955,82.597,17.7,52.36,974.33,23.91,2300.2,44.8,0.31,0.68,1.11,1.91,2.3,3.13,6.54,0.118,0,0,1,1,0,2
2022-02-28,11.9482,92.708,8.9,89.74,1019.08,22.96,1055.7,25.0,1.8,4.09,7.53,9.03,15.79,19.82,35.59,0.549,0,0,1,0,0,1
2022-02-28,25.4686,82.6353,18.41,96.55,1014.45,147.48,1604.6,31.8,6.44,13.26,23.15,32.1,40.32,86.23,136.77,0.95,0,1,2,2,0,0
2022-02-28,13.0343,80.6399,36.52,53.38,967.35,99.35,1956.7,13.0,3.44,6.7,13.58,23.19,38.68,72.92,140.57,0.789,4,1,1,2,1,0
2022-02-28,29.9667,-89.7676,41.34,16.9,991.97,7.52,206.4,34.0,4.66,10.14,16.5,29.5,35.9,53.84,71.85,0.15,8,1,1,0,2,2
2022-03-01,16.4226,81.3698,35.35,97.16,1022.64,83.57,1800.3,27.6,3.16,4.18,5.02,5.72,10.16,13.73,17.09,0.227,2,0,1,1,1,2
2022-03-01,13.6121,100.4663,44.45,83.51,977.77,72.16,2083.7,38.3,4.12,7.6,13.28,18.79,27.62,51.03,105.37,0.634,1,1,2,1,2,1
2022-03-01,15.774,75.662,25.35,48.75,945.84,114.1,395.5,33.7,1.5,1.88,2.81,4.57,7.48,14.68,28.05,0.166,0,0,1,2,0,2
2022-03-02,19.881,86.1722,13.34,38.57,1023.98,104.08,756.5,45.8,4.71,10.78,21.93,37.29,47.37,113.49,173.08,0.95,0,2,3,1,0,0
2022-03-02,18.9732,72.5592,40.73,64.65,951.92,61.24,1336.1,12.4,0.14,0.23,0.37,0.67,1.16,2.09,3.49,0.05,5,0,0,1,2,3
2022-03-02,13.6867,100.2964,34.0,70.53,966.94,90.31,2308.1,26.0,1.32,2.07,4.03,6.01,7.72,15.11,31.2,0.207,0,0,1,2,1,2
2022-03-03,19.2859,73.3414,22.93,58.32,995.09,131.7,948.0,2.9,3.49,8.32,16.38,27.95,34.2,71.76,91.96,0.631,0,1,1,2,0,0
2022-03-04,23.8659,90.1362,35.0,48.93,1006.39,139.72,434.0,9.8,1.84,2.58,3.93,6.35,10.6,16.56,24.54,0.058,0,0,0,2,0,2
2022-03-04,22.5766,87.8927,12.47,93.25,969.15,143.22,783.4,37.6,0.99,1.98,2.95,4.45,6.99,13.33,23.68,0.458,0,0,1,2,0,1
2022-03-04,19.4039,72.9174,24.32,22.88,954.29,31.79,1156.2,28.6,4.15,7.4,13.31,23.82,32.44,65.72,122.14,0.646,0,1,2,1,0,0
2022-03-04,18.3465,-66.5737,40.94,23.99,947.46,125.78,642.6,17.8,0.32,0.42,0.74,1.14,1.49,2.6,4.13,0.05,4,0,0,3,2,3
2022-03-04,10.3738,-67.0552,29.67,52.48,973.62,74.29,1607.7,10.0,2.7,5.87,8.22,12.43,22.08,47.71,85.54,0.503,0,1,1,1,0,1
2022-03-05,28.3977,77.1415,16.32,75.97,950.95,42.18,1045.3,21.5,0.6,0.75,1.22,1.69,2.2,3.35,5.71,0.233,0,0,0,1,0,2
2022-03-06,10.0344,76.6131,10.09,63.21,1012.28,7.53,1360.8,18.2,7.81,10.73,18.32,34.38,46.12,96.4,200.75,0.95,0,2,2,0,0,0
2022-03-07,9.7736,76.9047,29.56,37.78,973.52,34.16,1106.1,47.6,1.58,3.13,5.55,9.6,15.34,18.62,28.1,0.079,0,0,1,1,0,2
2022-03-07,14.8349,120.7427,44.04,21.25,990.7,89.54,1831.8,39.8,1.93,4.04,8.16,14.76,21.42,41.31,77.37,0.18,2,0,1,1,2,2
2022-03-07,24.2292,90.5933,17.97,66.66,950.03,110.2,2327.8,41.4,2.68,5.75,11.78,14.99,24.81,37.81,78.53,0.63,0,1,2,2,0,0
2022-03-08,14.7286,121.1048,27.65,37.59,951.0,75.88,2081.6,6.2,9.27,14.18,23.81,27.46,38.38,51.85,64.71,0.324,0,1,1,2,0,1
2022-03-08,11.6064,92.9853,45.81,32.7,1019.26,140.65,1099.7,45.8,0.79,1.27,2.39,4.44,5.13,10.3,22.07,0.05,2,0,1,1,2,3
2022-03-08,15.3227,75.5721,26.87,80.7,1008.96,108.61,1970.0,8.8,3.69,7.11,9.51,13.61,23.09,54.63,101.91,0.759,0,1,1,1,0,0
2022-03-09,18.6895,-66.3929,37.44,33.85,1018.73,61.3,1383.8,40.0,0.73,1.56,2.71,4.92,6.0,10.23,20.8,0.05,7,0,1,0,2,3
2022-03-09,14.4096,120.8611,32.32,54.98,978.25,152.89,1971.1,21.2,4.55,6.93,8.94,12.35,17.07,20.82,41.95,0.218,0,0,0,2,0,2
2022-03-10,15.7026,75.7493,12.76,44.57,1020.27,43.64,1555.2,0.5,1.52,2.38,3.21,4.9,7.05,14.32,21.04,0.218,0,0,0,0,0,2
2022-03-11,10.0749,77.4166,19.82,20.21,959.32,2.42,1998.0,30.3,2.96,5.9,10.55,16.38,27.68,47.86,95.95,0.511,0,1,1,1,0,0
2022-03-11,14.5028,121.2824,24.48,18.49,1006.41,142.47,673.5,41.3,1.21,2.77,5.2,9.07,10.09,23.77,45.8,0.148,0,0,1,2,0,1
2022-03-11,10.8041,-66.6887,45.42,48.96,1018.23,92.48,285.7,47.0,3.32,4.41,7.56,12.68,16.05,32.4,70.18,0.248,2,1,1,1,2,2
2022-03-11,14.1344,100.2522,25.79,53.42,1023.4,50.99,2153.1,46.8,0.97,1.76,2.96,5.31,6.97,15.04,32.65,0.212,0,0,1,0,0,2
2022-03-13,30.0594,-90.4544,26.08,37.01,1013.88,36.92,1325.4,23.4,1.98,2.46,4.49,4.98,8.34,12.67,16.72,0.05,0,0,0,0,0,2
2022-03-13,13.0678,80.3235,40.84,46.04,990.88,54.5,1739.0,28.1,2.22,2.72,4.75,7.59,9.31,14.88,30.93,0.05,9,0,0,1,3,3
2022-03-13,23.5204,90.8167,27.61,29.44,1000.91,137.62,385.2,0.8,4.72,9.07,14.99,21.96,31.81,52.47,67.28,0.303,0,1,0,2,0,1
2022-03-13,22.4931,88.6996,17.05,61.44,974.61,38.75,2149.5,18.7,1.16,2.69,3.71,6.29,9.79,22.56,45.84,0.411,0,0,1,1,0,1
2022-03-14,25.475,-80.1264,18.9,85.52,1018.71,52.96,2157.7,28.3,0.9,1.89,3.84,6.25,7.76,10.11,14.45,0.307,0,0,1,0,0,2
2022-03-14,13.8318,-87.1371,19.11,68.42,1012.42,49.79,1554.6,13.1,4.1,8.35,11.0,17.95,23.94,33.69,57.29,0.495,0,0,1,0,0,1
2022-03-14,16.0921,81.456,41.27,81.89,955.97,111.23,1046.2,14.5,0.18,0.32,0.49,0.64,1.02,2.17,3.14,0.05,1,0,0,2,2,3
2022-03-15,-5.9707,107.3068,32.98,49.52,1008.0,95.27,2150.7,39.4,1.02,1.56,2.05,2.81,5.06,8.54,12.13,0.05,0,0,1,1,0,2
2022-03-15,30.0087,-89.7933,18.34,48.66,980.61,10.19,1228.6,14.1,0.74,1.48,1.89,3.39,5.86,9.32,20.38,0.182,0,0,0,0,0,2
2022-03-16,11.9499,92.6123,28.45,67.48,952.71,103.77,1481.9,45.1,6.43,14.99,31.02,45.06,64.96,99.9,170.67,0.95,0,2,3,3,0,0
2022-03-16,10.0886,77.2453,31.64,64.61,1010.82,102.22,2381.1,14.0,1.56,2.59,4.19,7.41,9.37,19.97,32.06,0.206,0,0,0,1,0,2
2022-03-16,14.8661,120.5433,26.19,33.19,969.81,140.12,16.4,38.6,9.02,13.53,26.25,32.26,35.85,69.03,127.44,0.709,0,2,2,3,0,0
2022-03-17,24.887,83.081,44.23,65.26,980.37,80.44,1991.4,44.6,4.58,9.67,14.39,21.21,36.47,78.16,147.27,0.815,5,1,2,1,3,1
2022-03-17,35.4526,139.1725,8.43,54.47,972.89,105.26,1532.8,18.6,0.03,0.05,0.09,0.1,0.12,0.24,0.47,0.174,0,0,0,2,0,2
2022-03-17,19.9857,85.6879,15.77,91.77,964.85,49.55,1306.0,43.2,5.32,6.66,12.15,18.26,26.16,53.1,74.14,0.737,0,1,2,1,0,0
2022-03-18,10.4607,-66.4684,37.17,31.35,1009.52,129.31,868.3,10.6,1.7,3.55,5.59,9.44,11.13,24.12,35.05,0.05,4,0,0,1,1,2
2022-03-18,11.803,92.6951,31.2,41.96,947.11,116.77,517.0,40.1,1.91,3.61,7.17,12.84,17.46,25.33,50.03,0.22,0,0,1,2,0,2
2022-03-18,11.3784,92.8775,40.57,57.61,1005.68,4.91,1115.9,43.3,0.89,1.1,1.75,2.91,4.13,7.24,13.54,0.05,8,0,1,0,3,3
2022-03-19,35.6738,139.6769,20.23,56.69,993.36,95.4,1105.7,28.7,4.88,11.43,20.47,30.09,42.46,87.12,159.17,0.95,0,1,2,1,0,0
2022-03-19,16.1907,81.8986,38.57,79.82,1021.96,153.46,1395.9,5.7,2.15,4.61,5.65,6.47,7.42,15.41,26.21,0.176,3,0,0,2,2,2
2022-03-19,36.017,139.5331,10.94,32.91,1026.31,28.05,208.6,37.8,3.34,6.15,9.86,16.38,26.03,44.49,63.81,0.449,0,1,1,0,0,1
2022-03-19,22.2096,88.6435,45.29,88.1,1008.72,73.52,1409.5,40.3,2.75,5.74,10.97,16.57,24.45,35.14,50.77,0.306,1,0,1,1,2,2
2022-03-20,24.8131,83.141,29.44,38.48,961.43,148.49,1156.9,22.3,6.56,10.88,20.95,32.56,40.62,65.84,80.52,0.411,0,1,1,3,0,1
2022-03-20,10.569,-67.1457,27.05,69.17,955.07,28.85,594.7,46.8,1.77,3.4,4.82,7.19,8.28,10.28,17.15,0.176,0,0,1,1,0,2
2022-03-20,11.5093,92.6596,39.99,91.51,1014.51,125.15,1317.0,16.3,0.66,1.44,1.78,2.22,3.07,4.4,7.85,0.101,7,0,0,1,3,3
2022-03-21,25.6319,83.1762,28.02,34.36,993.25,134.06,2113.1,11.7,8.34,15.93,24.14,40.23,57.82,95.61,182.15,0.95,0,2,2,2,0,0
2022-03-21,24.0831,90.517,21.6,17.53,998.7,93.8,2291.1,19.6,9.46,19.98,29.15,32.45,52.2,93.73,202.63,0.95,0,2,2,1,0,0
2022-03-21,13.5141,79.9545,10.71,90.47,1009.1,141.82,880.0,45.2,5.97,9.52,14.33,19.86,30.03,42.59,69.57,0.749,0,1,2,2,0,0
2022-03-22,29.9561,-90.3128,27.7,54.13,973.54,18.35,1005.1,47.3,3.71,6.41,8.17,10.38,15.59,28.02,34.16,0.208,0,0,1,1,0,2
2022-03-22,28.3014,77.5043,14.89,62.04,974.58,113.75,1419.8,39.9,0.21,0.31,0.53,0.96,1.6,3.22,5.71,0.182,0,0,1,2,0,2
2022-03-23,16.0825,81.5226,37.08,74.8,962.9,96.44,2198.7,36.1,3.25,4.91,8.89,12.25,14.03,20.87,33.17,0.21,3,0,1,2,1,2
2022-03-23,14.5703,120.6318,34.24,32.56,995.03,86.07,803.3,24.5,9.26,11.17,17.6,24.06,42.66,101.05,180.44,0.95,0,2,2,1,0,0
2022-03-23,35.4887,139.7946,15.89,35.22,1010.04,69.68,983.3,42.6,3.3,7.14,13.77,16.47,25.65,60.1,100.97,0.647,0,1,2,1,0,0
2022-03-24,18.9589,72.5432,24.17,41.38,1013.81,2.46,1547.8,32.1,3.78,6.9,12.07,21.1,34.79,43.19,53.14,0.3,0,0,1,0,0,1
2022-03-24,10.5922,-67.2541,42.77,34.54,968.13,147.03,65.8,23.6,2.63,5.29,7.27,11.32,13.32,20.25,24.61,0.05,8,1,0,3,3,3
2022-03-24,25.7097,82.6648,13.95,17.23,1001.26,6.67,2210.2,28.7,1.53,1.91,3.0,5.38,9.57,12.46,24.64,0.106,0,0,0,0,0,2
2022-03-25,16.598,81.2035,45.91,18.62,952.79,20.92,1034.5,14.3,5.76,10.19,16.67,27.9,37.76,61.32,120.0,0.417,4,1,1,1,2,1
2022-03-25,-5.7359,107.1054,37.36,44.71,945.69,8.72,2046.7,20.0,1.58,3.06,4.06,6.23,10.5,17.96,30.86,0.056,6,0,0,1,2,2
2022-03-26,-5.7489,107.0631,27.94,89.6,1009.21,51.75,525.2,3.7,0.56,1.0,1.38,1.86,2.22,5.12,6.32,0.193,0,0,0,0,0,2
2022-03-28,-6.064,106.5344,20.05,82.36,1008.14,62.61,379.3,18.8,5.82,10.14,13.23,14.96,19.95,27.49,53.47,0.526,0,1,1,1,0,1
2022-03-28,16.8603,81.2567,9.06,36.23,980.14,111.69,660.9,28.1,4.6,9.38,16.24,25.4,40.76,65.32,107.79,0.756,0,1,2,2,0,0
2022-03-28,18.8436,73.285,37.98,38.43,947.48,78.23,2174.7,10.5,0.58,0.82,1.49,2.08,2.66,4.27,6.44,0.05,2,0,0,2,1,3
2022-03-29,28.6457,77.296,18.83,94.08,952.17,145.65,748.3,24.9,0.4,0.51,0.81,1.37,1.77,3.32,4.91,0.287,0,0,0,3,0,2
2022-03-29,10.2187,-66.7981,25.82,17.97,1008.6,65.03,1959.7,7.3,2.18,3.99,6.12,11.58,18.92,41.55,59.88,0.221,0,0,0,1,0,1
2022-03-29,18.0875,-66.5724,46.56,69.13,974.95,32.86,545.8,2.9,18.31,43.55,52.7,69.39,77.32,120.78,253.79,0.95,4,2,2,1,3,1
2022-03-29,15.3519,76.0807,15.1,85.5,967.74,131.7,1025.8,28.8,5.45,6.8,13.19,15.97,21.57,38.12,79.88,0.751,0,1,1,2,0,0
2022-03-29,10.7086,-66.5082,26.53,79.43,969.87,128.66,1561.2,20.2,2.46,3.28,6.57,11.93,16.32,32.49,63.83,0.519,0,0,1,2,0,1
2022-03-30,29.9306,-89.921,43.28,37.44,952.81,151.63,1565.4,31.8,5.95,10.15,15.71,29.21,40.04,51.82,78.14,0.265,7,1,1,3,3,2
2022-03-30,12.9478,80.1841,14.9,47.13,1025.0,40.03,322.9,20.4,5.47,10.39,18.84,23.58,36.15,57.41,116.79,0.809,0,1,1,0,0,0
2022-03-30,18.1745,-65.8923,39.93,26.9,987.32,25.09,1052.4,27.2,5.84,13.04,15.97,26.37,36.58,65.62,93.3,0.342,2,1,1,1,1,2
2022-03-30,-6.1917,107.1822,29.17,45.26,962.17,101.14,928.8,36.9,3.09,4.09,6.2,8.16,9.83,21.24,33.53,0.15,0,0,1,2,0,2
2022-03-31,36.0984,139.913,31.12,32.51,1016.53,98.21,1666.7,11.1,1.06,2.43,3.96,6.11,7.19,12.03,25.11,0.05,0,0,0,1,0,2
2022-04-01,19.4594,72.7909,9.79,76.82,1025.45,30.35,1001.8,11.8,2.97,6.67,8.79,11.77,14.3,21.08,28.03,0.435,0,0,0,0,0,1
2022-04-01,16.3881,81.3917,30.16,70.03,990.52,136.53,1622.0,26.5,6.2,11.95,17.47,22.11,26.68,60.81,116.16,0.77,0,1,1,2,0,0
2022-04-01,26.2461,-79.941,21.52,20.61,1006.04,93.3,1281.5,41.2,2.98,6.99,12.31,17.03,19.17,39.69,62.46,0.288,0,0,1,1,0,1
2022-04-02,22.6902,88.4048,18.57,78.11,1004.96,3.13,1222.9,7.1,7.04,15.81,24.92,36.27,47.6,98.05,152.83,0.95,0,2,2,0,0,0
2022-04-02,14.0299,-87.0071,16.31,86.98,1024.33,38.22,2118.5,5.1,0.2,0.27,0.34,0.6,0.68,1.04,1.36,0.256,0,0,0,0,0,2
2022-04-02,22.8812,88.0344,15.59,38.84,1001.48,113.28,1023.1,5.9,8.73,14.11,29.21,51.97,67.91,142.45,209.87,0.95,0,2,2,2,0,0
2022-04-03,35.6306,140.0206,18.67,60.07,991.29,20.79,1885.2,18.3,0.47,0.62,1.06,1.48,1.96,3.43,6.83,0.146,0,0,0,0,0,2
2022-04-03,20.137,86.3134,30.77,90.72,1025.51,127.17,1816.3,3.4,4.28,6.86,13.97,22.2,30.18,48.49,85.09,0.664,0,1,1,1,0,1
2022-04-03,19.0893,73.228,14.92,54.63,986.05,76.96,1294.0,12.7,1.6,2.75,3.62,5.3,8.84,19.39,31.25,0.308,0,0,0,1,0,1
2022-04-03,14.9095,120.9479,43.04,34.15,947.95,143.41,1941.8,33.4,0.12,0.22,0.39,0.67,0.96,2.25,3.25,0.05,5,0,0,3,2,3
2022-04-03,-5.9169,106.5856,25.39,64.3,990.94,34.92,1055.0,32.0,0.18,0.35,0.7,1.28,2.17,3.18,6.55,0.102,0,0,0,0,0,2
2022-04-04,14.631,120.7726,26.5,38.94,982.64,118.08,1010.7,9.9,1.55,3.24,5.12,6.65,9.3,16.24,24.3,0.088,0,0,0,2,0,2
2022-04-05,35.5331,139.1842,32.34,48.98,990.82,68.73,708.1,45.6,5.05,6.91,13.69,20.4,35.21,76.05,123.6,0.701,0,1,2,1,0,0
2022-04-05,16.7077,81.8331,12.37,59.06,974.88,128.85,1352.4,5.2,2.28,4.98,9.84,12.13,14.19,23.62,29.89,0.343,0,0,0,2,0,1
2022-04-05,22.0869,88.7696,39.97,97.95,962.55,42.57,1591.5,46.4,8.66,15.62,29.92,36.16,64.52,152.09,207.41,0.95,3,2,3,1,2,0
2022-04-05,-6.0077,106.5345,14.63,72.1,1002.71,111.99,244.1,14.2,1.44,2.29,4.14,4.74,7.64,14.0,19.22,0.315,0,0,0,1,0,1
2022-04-05,18.6843,73.2538,44.31,71.96,947.84,127.28,482.2,28.0,2.2,3.75,7.5,10.87,12.53,29.27,62.07,0.312,9,0,1,3,3,2
2022-04-05,14.7683,121.2211,15.57,70.95,996.37,76.35,1856.4,33.4,0.21,0.42,0.65,0.96,1.41,2.26,3.72,0.204,0,0,1,1,0,2
2022-04-06,10.0967,76.7741,34.83,86.71,969.81,31.53,280.6,29.8,2.05,2.92,5.22,6.36,9.46,17.34,33.54,0.287,0,0,1,1,1,2
2022-04-06,18.9686,72.6407,20.03,88.41,1001.13,54.16,1305.4,40.4,7.52,10.47,15.76,21.56,24.35,46.7,95.96,0.82,0,1,2,1,0,0
2022-04-06,25.7648,82.631,34.33,24.35,951.21,79.53,771.8,19.0,1.12,2.45,4.81,5.35,8.93,17.93,29.66,0.05,0,0,0,2,0,2
2022-04-07,35.8754,139.5,38.22,81.1,1008.12,100.11,1622.1,41.3,4.11,5.43,9.67,11.95,13.26,19.32,26.17,0.185,5,0,1,1,2,2
2022-04-07,25.795,82.6572,21.45,33.88,979.63,53.71,1669.5,19.6,0.97,1.89,3.5,4.15,5.29,7.67,10.75,0.05,0,0,0,1,0,2
2022-04-08,15.5815,76.1251,21.61,91.62,962.15,135.74,75.0,4.8,6.75,13.21,24.74,31.36,46.29,96.5,176.34,0.95,0,2,1,3,0,0
2022-04-08,12.9419,80.7113,14.68,86.82,966.05,36.8,2147.3,9.0,7.39,15.99,23.65,26.67,30.88,41.11,85.95,0.798,0,1,1,1,0,0
2022-04-08,25.3275,-79.9979,40.07,78.82,1012.89,34.68,338.4,43.0,11.01,18.82,30.16,51.05,73.84,116.39,161.79,0.95,2,2,3,0,2,0
2022-04-09,10.9056,-66.8912,34.86,55.91,946.57,11.03,2202.8,6.4,4.96,7.42,11.05,12.37,18.42,32.43,63.07,0.331,0,0,0,1,0,2
2022-04-09,13.5946,-86.7789,27.52,90.68,957.17,100.83,560.4,7.9,4.03,7.71,14.49,19.53,27.61,46.57,101.71,0.798,0,1,1,2,0,0
2022-04-10,18.101,-65.7789,20.14,63.38,1005.79,54.69,1594.9,43.2,4.54,9.32,14.39,26.32,34.06,49.26,77.05,0.587,0,1,2,1,0,0
2022-04-10,12.8333,80.5321,10.61,70.8,1027.89,27.66,1639.6,39.7,6.5,13.32,26.89,30.27,34.66,47.19,58.67,0.592,0,1,2,0,0,1
2022-04-10,13.6404,-87.4529,42.0,33.19,1026.0,53.55,438.7,38.0,3.76,6.76,11.49,19.25,24.25,58.09,126.33,0.559,3,1,2,0,2,1
2022-04-10,16.4803,81.9511,41.72,34.6,1006.17,40.15,1918.3,21.3,15.92,31.88,59.54,67.53,107.52,183.06,278.82,0.95,8,3,3,1,2,0
2022-04-10,14.6678,120.5866,32.88,23.31,956.23,80.12,1497.1,9.4,0.12,0.28,0.34,0.37,0.49,0.72,1.28,0.05,0,0,0,2,0,3
2022-04-11,22.8333,88.4827,38.58,31.91,970.5,22.17,1478.4,27.3,6.13,14.49,30.22,35.83,53.29,114.44,212.74,0.95,2,2,2,1,1,0
2022-04-11,16.5698,81.7113,35.82,68.84,962.94,104.41,509.2,28.7,3.87,7.86,15.86,29.47,49.13,110.76,135.05,0.831,7,1,2,2,2,0
2022-04-11,25.1331,82.8236,26.34,62.0,960.49,24.44,1515.8,12.6,1.71,3.04,4.28,7.43,13.06,22.44,47.52,0.339,0,0,0,1,0,1
2022-04-12,24.1499,90.6828,41.85,94.95,947.6,113.88,2183.0,41.2,11.69,24.69,39.46,53.25,70.53,145.95,283.99,0.95,3,3,3,3,2,0
2022-04-12,19.282,72.911,35.86,23.43,958.3,92.51,590.5,26.7,2.88,5.48,9.39,13.18,16.44,29.96,50.79,0.098,5,0,1,2,1,2
2022-04-13,16.4041,81.953,14.39,94.47,987.78,81.34,927.2,40.2,1.19,1.45,2.39,4.4,5.68,8.63,16.73,0.403,0,0,1,1,0,1
2022-04-13,11.8895,92.483,19.64,33.46,962.81,24.71,1025.5,12.9,7.85,15.91,29.74,42.32,64.33,115.86,158.43,0.95,0,2,2,1,0,0
2022-04-13,18.9321,73.3054,14.63,45.49,993.64,45.35,2347.6,13.0,2.22,5.0,6.36,11.17,16.75,20.74,43.61,0.346,0,0,0,1,0,1
2022-04-14,18.8339,-66.5871,18.93,25.97,981.51,100.53,915.5,3.1,3.2,7.31,11.29,14.37,20.26,25.49,51.5,0.268,0,0,0,2,0,1
2022-04-14,36.131,139.1631,14.92,35.93,1012.29,146.92,328.0,24.1,0.84,1.07,1.6,1.94,3.1,5.71,7.67,0.076,0,0,0,2,0,2
2022-04-14,14.0146,100.9868,40.73,70.62,1017.08,26.66,1836.3,28.4,2.72,5.64,8.15,9.45,13.72,21.44,31.23,0.146,8,0,1,0,3,3
2022-04-14,23.4707,90.9002,45.17,58.32,965.38,57.91,135.5,5.7,7.49,9.94,12.43,19.62,26.84,45.28,59.78,0.228,4,1,0,1,2,2
2022-04-14,10.4164,77.5139,36.57,73.72,1001.75,84.37,910.0,45.3,0.57,0.8,0.97,1.64,2.83,4.03,4.97,0.05,3,0,1,1,1,3
2022-04-15,18.6544,72.5326,13.62,92.41,968.63,102.44,1457.0,30.7,7.39,11.49,21.53,33.99,39.2,66.52,135.56,0.95,0,1,2,2,0,0
2022-04-15,15.0938,75.5338,37.27,56.36,1019.15,18.32,1810.4,26.3,5.94,9.38,15.33,26.96,45.35,74.88,151.42,0.864,3,1,2,0,1,0
2022-04-16,29.8035,-89.8505,21.9,47.51,1011.71,137.61,598.3,40.2,2.15,3.29,6.87,12.09,21.71,30.43,40.89,0.272,0,0,1,2,0,1
2022-04-16,23.7761,90.221,23.14,64.05,992.32,5.32,456.0,40.7,2.54,4.31,8.66,10.05,17.54,21.63,38.13,0.319,0,0,1,0,0,1
2022-04-16,35.334,139.6001,31.37,19.87,982.7,29.43,1509.0,9.5,2.3,3.33,4.54,5.89,6.6,13.59,20.48,0.05,0,0,0,1,0,2
2022-04-16,30.0369,-89.6663,14.23,28.92,945.68,107.24,43.9,7.1,3.52,4.86,6.5,8.37,11.46,13.86,26.97,0.171,0,1,0,2,0,2
2022-04-16,11.2684,92.4376,36.55,69.81,984.44,10.02,2301.7,8.5,3.86,8.86,16.2,20.65,27.28,33.72,61.13,0.367,5,0,0,0,2,2
2022-04-17,25.5804,82.7011,20.7,34.61,1020.4,78.91,1575.4,20.2,3.49,5.8,8.73,14.03,21.24,32.97,44.49,0.247,0,0,1,1,0,1
2022-04-17,15.5489,75.6116,30.43,45.56,970.75,38.66,1099.8,8.6,6.69,12.78,16.06,23.54,36.27,81.02,99.13,0.55,0,1,1,1,0,1
2022-04-18,18.7027,-65.7534,9.23,36.46,1019.76,128.02,1639.2,33.8,4.54,10.58,20.62,32.97,51.63,75.2,139.67,0.95,0,2,2,1,0,0
2022-04-18,24.1699,90.3562,33.18,37.08,1023.29,152.91,1263.3,27.2,2.83,5.05,10.36,13.42,15.78,36.54,51.63,0.19,0,0,1,2,0,2
2022-04-18,30.2262,-89.8368,34.21,69.28,1020.23,130.32,134.8,23.6,1.83,4.39,6.96,11.46,14.89,28.85,40.58,0.258,0,1,1,1,1,2
2022-04-18,-6.0609,106.3696,11.74,38.5,973.91,129.67,649.6,2.0,5.31,11.91,19.57,25.99,42.64,51.62,109.64,0.754,0,1,1,2,0,0
2022-04-18,14.7611,121.4379,31.56,97.22,967.02,11.54,79.0,34.3,6.21,12.18,24.54,40.7,55.34,78.45,166.68,0.95,0,2,2,1,0,0
2022-04-19,35.394,139.7255,42.79,84.05,948.6,127.59,2158.0,3.2,1.88,3.47,4.89,7.4,12.73,28.52,61.03,0.374,3,0,0,3,2,2
2022-04-19,14.2017,120.5685,14.31,36.03,1007.27,88.62,1404.8,10.5,3.47,7.37,14.72,24.87,37.39,75.08,126.52,0.824,0,1,1,1,0,0
2022-04-19,19.3835,72.4639,31.6,85.86,950.53,61.59,1607.8,5.6,2.35,4.07,5.68,7.61,13.52,20.91,29.55,0.288,0,0,0,2,0,2
2022-04-19,15.2333,75.5053,25.75,52.88,1012.6,38.88,771.6,44.7,1.77,4.24,6.76,9.72,14.73,32.64,62.65,0.398,0,0,1,0,0,1
2022-04-21,28.6569,76.8856,14.59,33.46,966.68,88.37,787.3,45.8,0.44,0.66,1.31,2.05,3.04,5.82,8.45,0.072,0,0,1,2,0,2
2022-04-21,19.8461,85.9114,8.79,66.65,999.92,49.59,769.4,16.6,3.99,5.07,10.32,13.19,23.74,33.37,65.79,0.634,0,1,1,1,0,1
2022-04-21,16.6105,81.1124,43.47,30.64,1011.89,21.99,582.9,12.1,7.35,10.58,20.19,29.67,53.39,117.83,228.56,0.95,7,2,2,0,2,0
2022-04-21,14.0257,100.9577,35.08,75.72,985.77,49.95,2184.8,2.7,1.54,3.08,6.17,7.15,11.16,19.91,37.56,0.26,3,0,0,1,1,2
2022-04-22,25.4222,-79.9738,11.99,61.72,996.2,145.87,324.8,25.8,0.85,1.79,2.72,4.38,5.35,10.15,12.33,0.249,0,0,0,2,0,2
2022-04-22,25.3828,-80.3674,20.24,65.74,1022.63,41.77,317.0,5.1,2.03,2.69,4.33,7.75,12.74,24.18,49.58,0.425,0,1,0,0,0,1
2022-04-22,10.4831,76.8499,29.11,53.9,1024.46,45.57,1054.4,9.2,7.19,9.21,11.18,13.66,21.08,28.27,59.95,0.355,0,0,0,0,0,1
2022-04-22,13.394,80.7319,24.73,39.83,955.76,98.04,1224.7,32.7,0.95,1.51,2.21,3.84,4.68,9.03,11.3,0.05,0,0,1,2,0,2
2022-04-23,18.819,72.9467,11.7,97.91,972.11,116.47,1936.4,41.3,21.15,31.51,38.96,55.67,66.31,81.36,126.96,0.95,0,2,3,2,0,0
2022-04-23,11.4817,92.305,16.77,87.86,985.0,88.15,1425.7,30.9,2.4,2.93,4.4,5.49,8.65,10.97,19.35,0.368,0,0,1,1,0,1
2022-04-23,10.2437,77.2684,13.74,94.91,997.37,93.27,30.1,33.7,0.2,0.28,0.36,0.5,0.83,1.7,2.22,0.32,0,1,1,1,0,2
2022-04-23,10.3285,76.8375,44.94,88.44,1006.34,44.45,677.3,46.3,0.04,0.08,0.15,0.24,0.43,0.68,1.05,0.05,8,0,1,0,3,3
2022-04-24,22.1475,88.3985,21.25,52.98,1015.52,18.09,1257.6,9.8,0.84,1.27,2.05,3.07,5.25,11.92,21.3,0.181,0,0,0,0,0,2
2022-04-25,13.5383,100.9915,27.82,55.34,1015.08,24.81,1085.4,30.7,10.17,23.18,38.95,61.75,104.77,219.31,456.02,0.95,0,3,3,0,0,0
2022-04-25,25.3968,82.9978,13.95,21.47,965.07,24.39,1917.1,11.9,2.54,5.35,9.68,12.23,14.11,32.37,58.98,0.339,0,0,0,1,0,1
2022-04-25,14.2271,-87.3498,13.11,97.2,946.03,71.11,605.8,27.4,0.36,0.81,1.07,1.68,1.89,2.97,4.01,0.348,0,0,1,2,0,2
2022-04-27,12.6918,80.3981,43.4,32.19,991.91,82.0,1995.5,19.4,0.54,1.11,1.94,3.42,5.58,12.69,25.88,0.05,1,0,0,1,1,3
2022-04-27,18.6935,73.2805,37.95,69.05,983.86,15.37,2142.4,25.7,0.42,0.74,0.96,1.34,1.58,2.39,4.81,0.05,2,0,0,0,1,3
2022-04-27,10.0396,-66.7956,19.05,84.49,990.07,59.19,1501.5,1.1,0.54,1.13,1.6,2.53,3.47,7.72,16.62,0.315,0,0,0,1,0,2
2022-04-27,36.1578,139.2864,24.7,74.56,1002.47,153.66,309.9,5.4,4.51,8.54,12.36,14.38,16.68,37.91,52.77,0.444,0,1,0,2,0,1
2022-04-28,16.884,81.6439,18.19,63.46,951.19,140.11,578.6,39.4,3.78,6.91,14.07,17.24,20.4,32.36,65.7,0.534,0,0,1,3,0,1
2022-04-28,14.5462,121.2846,24.48,23.94,1020.15,104.9,1128.4,27.6,0.84,1.54,2.88,4.4,6.32,11.09,21.75,0.05,0,0,0,1,0,2
2022-04-28,35.8368,139.6296,25.84,76.23,958.09,43.56,558.4,19.5,0.89,1.44,2.67,4.24,4.9,9.63,16.15,0.213,0,0,0,1,0,2
2022-04-28,11.3579,92.4468,35.93,48.17,946.88,58.61,2173.1,24.8,15.13,27.96,57.78,72.89,94.97,193.74,423.67,0.95,6,3,3,2,2,0
2022-04-29,12.7649,80.7396,44.64,89.27,994.63,143.05,214.2,9.8,0.16,0.25,0.39,0.51,0.86,1.4,2.07,0.05,9,0,0,2,3,3
2022-04-29,12.1193,92.8111,43.16,84.96,958.91,58.02,747.3,7.5,3.41,6.37,10.09,18.0,27.61,41.72,65.65,0.404,1,0,0,1,2,2
2022-04-30,18.8303,-65.6696,31.59,24.74,1021.56,110.44,1391.2,7.4,0.51,0.79,1.6,1.95,3.04,6.0,7.75,0.05,0,0,0,1,0,2
2022-04-30,9.8417,77.402,32.77,81.03,1016.64,147.14,1497.2,4.8,1.53,2.08,2.72,5.14,6.32,13.18,26.12,0.234,0,0,0,1,0,2
2022-04-30,25.6041,82.5304,27.1,71.21,1014.28,54.23,1298.7,24.2,1.64,3.57,4.32,5.82,9.79,21.99,41.64,0.338,0,0,1,0,0,1
2022-04-30,16.9564,81.3854,38.32,90.33,946.05,41.36,62.9,41.4,0.78,1.66,2.04,2.89,3.9,6.22,11.01,0.131,4,0,1,1,2,3
2022-04-30,28.3672,77.0534,30.3,72.88,1000.92,40.99,1871.6,12.7,0.57,0.92,1.6,1.94,3.01,6.73,10.05,0.119,0,0,0,0,0,2
2022-05-01,25.3879,82.8802,44.88,86.29,978.44,99.42,1116.5,17.9,1.01,1.75,3.37,5.98,10.59,16.4,30.35,0.174,5,0,0,2,3,3
2022-05-01,17.0129,81.6619,18.85,43.19,1007.32,53.56,248.4,31.1,0.88,1.06,1.46,2.56,4.5,8.97,13.55,0.11,0,0,1,0,0,2
2022-05-02,14.1089,-87.5331,45.48,30.41,954.21,94.02,918.3,16.6,4.64,6.4,12.16,16.87,30.21,65.57,121.06,0.481,6,1,1,2,3,1
2022-05-02,16.2583,81.0747,18.38,18.24,982.81,138.32,1367.7,40.0,16.74,23.37,42.59,69.82,124.7,297.13,560.59,0.95,0,3,3,3,0,0
2022-05-03,35.2682,139.5541,19.18,86.65,993.67,23.5,895.8,4.2,2.39,3.89,5.79,10.27,17.41,35.09,74.37,0.684,0,1,1,0,0,0
2022-05-04,22.9197,88.776,30.18,91.23,956.18,65.17,215.6,5.9,8.21,14.25,25.93,31.4,35.02,79.45,140.99,0.95,0,2,1,2,0,0
2022-05-04,18.1368,-66.5617,14.97,69.1,984.21,21.85,2198.9,18.0,1.16,2.36,3.67,4.46,6.72,8.31,15.18,0.273,0,0,0,0,0,2
2022-05-04,25.7332,82.732,45.53,33.57,993.48,150.51,120.6,13.3,3.29,6.96,13.41,24.23,29.51,48.52,92.88,0.319,8,1,1,2,3,2
2022-05-04,9.7988,76.6635,13.73,17.16,1021.07,108.92,1937.6,14.6,0.01,0.02,0.04,0.07,0.08,0.11,0.17,0.05,0,0,0,1,0,2
2022-05-05,29.8855,-90.2994,16.91,62.55,1017.33,153.08,1402.6,7.9,5.17,12.39,20.15,28.35,42.15,58.91,127.91,0.93,0,1,1,2,0,0
2022-05-06,24.1452,90.2132,10.05,50.83,950.64,3.72,1892.2,19.7,5.9,9.47,16.88,19.84,24.47,43.2,70.87,0.583,0,1,1,1,0,1
2022-05-06,22.4031,88.0406,20.11,61.91,967.38,152.67,174.1,21.7,3.4,6.59,12.29,20.64,34.16,50.6,79.47,0.595,0,1,1,3,0,0
2022-05-08,11.6138,92.3705,41.29,69.59,1016.75,108.47,835.6,6.0,4.12,5.95,7.49,9.99,13.21,31.59,55.71,0.289,4,0,0,1,2,2
2022-05-08,13.4946,80.0122,20.36,24.92,954.71,44.27,1316.3,43.6,1.26,1.81,2.95,3.61,4.66,11.11,19.53,0.05,0,0,1,1,0,2
2022-05-08,15.5666,75.3073,10.83,86.15,1010.87,17.67,1872.0,30.9,1.72,2.24,3.9,6.91,9.64,16.48,33.4,0.502,0,0,1,0,0,1
2022-05-08,22.7937,88.0858,25.87,18.31,1014.26,59.74,176.3,22.3,0.62,1.27,2.18,2.87,5.07,7.86,13.79,0.05,0,0,0,0,0,2
2022-05-08,-5.7963,107.2398,46.82,43.77,966.96,140.74,379.4,44.1,2.94,4.32,6.16,10.28,11.59,23.86,36.03,0.05,3,0,1,2,2,3
2022-05-09,10.1113,-66.6963,39.86,60.32,964.71,139.51,342.0,29.1,3.36,4.18,7.31,12.1,21.02,43.11,72.62,0.366,9,1,1,2,3,2
2022-05-09,22.5673,88.0903,24.21,40.06,1008.17,56.2,2277.9,46.2,3.39,7.85,14.8,22.75,27.9,48.83,85.98,0.499,0,1,2,1,0,0
2022-05-09,18.061,-65.9559,46.64,82.28,967.24,152.2,39.2,21.3,2.95,3.67,4.94,6.45,10.35,24.09,43.95,0.225,8,1,0,3,3,3
2022-05-10,28.6913,77.2772,31.53,68.89,992.77,64.11,1295.7,41.9,6.99,14.87,23.39,40.44,55.46,110.75,195.74,0.95,0,2,3,1,0,0
2022-05-10,11.2109,92.917,38.15,92.34,967.14,7.66,1095.3,46.3,2.76,4.56,7.74,9.54,15.51,31.28,60.19,0.449,6,0,1,1,2,2
2022-05-11,14.1218,-87.2248,8.21,89.43,995.66,94.49,935.1,33.8,6.26,11.23,18.99,24.05,32.4,57.08,106.24,0.95,0,1,2,1,0,0
2022-05-11,12.0646,92.6862,27.6,70.16,1003.0,141.58,2004.2,39.6,0.08,0.12,0.16,0.3,0.45,0.63,1.12,0.075,0,0,1,2,0,2
2022-05-11,16.7397,81.114,10.89,97.35,999.41,84.94,1837.7,40.4,5.75,7.01,9.59,15.57,21.22,50.48,94.17,0.932,0,1,2,1,0,0
2022-05-11,25.1927,83.393,12.9,59.23,1024.64,93.6,1924.4,18.2,1.66,2.64,3.22,5.92,7.96,13.06,25.59,0.312,0,0,0,1,0,1
2022-05-11,18.9427,72.9417,31.07,42.23,962.19,40.51,2369.5,29.7,2.03,3.0,5.69,8.02,10.51,15.42,21.37,0.05,0,0,1,1,0,2
2022-05-11,10.1896,77.2087,8.47,67.07,991.08,91.63,5.7,22.8,7.28,11.64,18.63,22.32,31.59,52.91,110.21,0.917,0,2,1,1,0,0
2022-05-11,16.4308,81.2797,38.37,62.74,980.75,20.34,290.1,30.9,7.44,12.63,21.19,33.33,47.8,60.78,108.74,0.616,2,1,2,1,1,1
2022-05-12,-6.2887,106.4583,41.29,46.93,988.56,12.07,925.7,7.1,0.23,0.32,0.63,1.19,2.04,4.82,9.31,0.05,8,0,0,0,3,3
2022-05-13,25.4533,-80.2563,26.29,27.09,964.43,122.26,359.3,25.5,0.81,1.45,2.07,2.86,4.75,5.91,12.55,0.05,0,0,0,2,0,2
2022-05-13,25.6447,-80.6754,18.36,95.89,953.78,49.84,2166.0,45.3,3.62,4.41,7.05,13.02,22.43,50.97,76.14,0.745,0,1,2,1,0,0
2022-05-13,14.2019,120.9604,44.06,70.21,983.06,103.89,292.0,45.3,2.59,4.15,5.03,8.26,14.69,27.47,42.1,0.182,6,0,1,2,3,3
2022-05-13,-6.5752,106.4205,35.22,90.61,999.94,146.77,588.4,16.7,6.4,13.91,25.02,37.65,41.88,64.35,87.41,0.638,3,1,1,2,1,1
2022-05-13,29.4798,-90.0067,22.32,60.25,987.86,16.5,773.2,1.4,0.41,0.89,1.73,3.01,4.84,10.42,19.5,0.193,0,0,0,0,0,2
2022-05-14,30.4492,-89.9175,32.63,46.99,974.68,2.15,1930.7,42.7,12.21,25.19,42.67,56.13,101.01,192.7,362.5,0.95,0,3,3,1,0,0
2022-05-15,23.6724,90.7943,11.5,40.91,984.34,24.58,1987.4,3.6,10.17,13.11,26.29,34.4,61.6,112.46,137.01,0.938,0,2,2,1,0,0
2022-05-15,-5.8325,106.7978,33.17,94.45,953.82,77.72,596.5,13.9,0.89,1.65,2.06,3.49,5.32,8.84,12.53,0.206,0,0,0,2,1,2
2022-05-15,22.9869,88.4967,28.43,45.91,966.61,21.09,57.7,9.7,0.99,1.76,2.49,4.37,6.26,12.2,17.18,0.058,0,0,0,1,0,2
2022-05-15,25.2748,82.682,45.64,15.48,992.29,15.52,979.4,30.7,4.09,8.76,15.19,19.76,34.04,73.98,100.62,0.284,1,1,1,0,2,2
2022-05-16,22.887,88.7565,20.33,73.38,1013.36,82.56,2160.9,17.7,0.28,0.65,1.02,1.14,1.83,2.75,3.55,0.171,0,0,0,1,0,2
2022-05-16,-6.0802,107.2425,17.02,76.43,998.66,43.27,470.0,42.0,0.79,1.02,1.52,2.77,4.18,8.62,12.23,0.269,0,0,1,0,0,2
2022-05-16,10.052,-66.7172,18.14,82.16,988.2,26.91,2227.3,46.2,4.08,9.65,17.43,27.86,46.75,59.9,98.41,0.824,0,1,2,1,0,0
2022-05-16,13.2045,80.2381,28.28,48.26,988.28,121.19,817.6,9.0,3.08,6.15,11.32,20.44,27.79,35.86,77.4,0.446,0,1,1,2,0,1
2022-05-16,19.8939,85.6987,29.81,53.77,971.2,146.29,1175.7,44.7,16.5,36.77,49.59,56.07,82.93,153.07,276.27,0.95,0,3,3,3,0,0
2022-05-17,20.4138,86.2352,12.76,53.35,1017.13,123.11,1395.1,10.3,1.37,2.72,5.18,8.24,11.34,21.45,25.82,0.288,0,0,0,1,0,1
2022-05-17,35.9177,139.8056,12.59,50.36,959.83,121.21,2091.8,19.0,2.51,5.88,9.89,18.75,22.49,50.26,85.3,0.648,0,1,1,2,0,0
2022-05-17,14.1288,120.4909,18.72,69.52,1014.19,128.82,2265.0,17.7,2.34,3.48,4.38,8.25,14.08,22.22,44.22,0.422,0,0,1,1,0,1
2022-05-17,13.3288,79.827,37.3,58.86,987.77,118.88,753.3,4.8,1.49,2.07,4.28,6.69,9.45,21.68,45.54,0.213,8,0,0,2,2,2
2022-05-17,28.7512,77.6371,12.84,78.29,972.49,117.05,893.3,47.5,0.66,0.79,1.37,2.55,3.96,5.16,8.98,0.295,0,0,1,2,0,2
2022-05-18,23.4744,90.7094,37.15,46.77,1001.05,10.06,2209.8,37.0,0.53,0.78,1.39,2.55,3.6,6.42,9.23,0.05,6,0,1,0,2,3
2022-05-18,29.8065,-89.5902,42.88,20.45,989.09,22.83,1590.2,38.1,3.59,7.73,13.5,16.9,23.12,54.29,80.79,0.208,9,0,1,1,3,2
2022-05-18,14.5768,-87.5463,33.88,80.07,977.77,100.85,363.2,44.8,1.69,3.51,4.28,5.41,7.8,17.58,30.37,0.246,0,0,1,2,1,2
2022-05-19,25.2741,83.0499,32.83,78.34,1023.31,133.67,1005.6,10.8,1.31,2.5,4.93,8.19,12.12,23.3,40.27,0.309,0,0,0,1,0,2
2022-05-19,11.3848,92.8198,25.61,71.13,1009.4,43.26,145.9,19.8,0.55,0.84,1.72,3.06,4.64,7.8,11.42,0.162,0,0,0,0,0,2
2022-05-19,9.8654,76.6243,45.15,41.34,1015.55,83.08,549.3,9.7,4.16,9.81,13.39,15.97,21.89,36.61,73.45,0.237,1,0,0,1,2,2
2022-05-19,13.0087,80.3894,20.93,60.25,1014.02,41.73,298.8,45.5,4.27,6.03,11.68,20.2,34.06,52.16,85.99,0.621,0,1,2,0,0,0
2022-05-20,13.6148,100.6507,20.25,65.38,1017.82,138.28,1638.3,27.8,0.98,2.28,4.11,6.28,7.36,16.13,24.99,0.269,0,0,1,1,0,1
2022-05-20,15.769,75.9064,18.35,22.68,954.16,92.74,174.9,32.8,1.5,1.9,2.77,3.93,5.33,9.66,16.45,0.05,0,0,1,2,0,2
2022-05-21,20.2447,85.4087,16.43,50.86,957.29,101.17,1373.8,40.9,2.56,5.47,8.13,13.46,15.18,20.98,34.55,0.298,0,0,1,2,0,1
2022-05-21,35.5263,139.3674,31.81,42.57,960.07,148.0,1813.4,24.8,1.65,2.94,3.62,4.7,5.99,10.39,14.92,0.05,0,0,0,3,0,2
2022-05-21,13.8831,-87.4369,22.86,43.74,964.84,79.99,1981.0,13.8,9.99,22.46,30.22,52.25,78.49,147.55,234.76,0.95,0,2,2,2,0,0
2022-05-21,13.4443,100.703,13.07,55.11,947.06,65.04,2267.9,39.6,9.31,12.41,19.03,29.38,47.13,78.75,119.62,0.879,0,1,2,2,0,0
2022-05-22,19.3555,73.347,29.68,97.41,957.04,17.24,1053.1,27.3,1.22,1.91,3.02,4.08,7.1,8.88,12.74,0.253,0,0,1,1,0,2
2022-05-22,19.2672,73.2962,28.05,83.91,964.21,59.74,1901.4,25.6,1.8,2.22,4.17,7.83,12.01,26.76,45.94,0.414,0,0,1,1,0,1
2022-05-23,14.1353,100.0795,20.97,75.23,993.12,24.29,746.0,11.0,1.73,3.15,5.22,8.89,10.96,25.6,39.5,0.398,0,0,0,0,0,1
2022-05-23,24.2251,90.4361,21.22,39.79,998.72,33.39,1161.9,7.2,1.27,1.98,3.61,4.79,8.28,19.7,25.24,0.146,0,0,0,0,0,2
2022-05-23,18.4586,-66.2536,20.34,66.39,954.19,14.88,1205.3,2.9,7.28,16.84,21.23,24.16,30.32,70.22,138.26,0.95,0,1,1,1,0,0
2022-05-24,25.6261,83.4539,35.02,96.95,963.69,103.33,1464.0,44.0,0.6,1.26,2.16,2.85,4.08,6.53,11.62,0.195,7,0,1,2,2,2
2022-05-24,25.7868,82.507,17.46,67.93,958.58,45.43,1876.7,22.4,17.72,29.48,47.67,63.89,80.85,186.5,363.46,0.95,0,3,3,2,0,0
2022-05-24,25.1063,82.9284,11.39,83.06,958.97,63.03,998.3,15.5,6.88,14.63,27.35,35.01,43.16,64.56,102.4,0.914,0,1,1,2,0,0
2022-05-24,25.0537,82.7759,25.39,73.81,1005.75,28.62,868.2,30.8,0.26,0.42,0.71,1.35,1.93,4.21,6.87,0.148,0,0,0,0,0,2
2022-05-24,16.4026,81.5548,35.92,70.28,961.52,130.98,2038.3,19.7,0.49,0.95,1.45,2.46,3.25,4.93,10.19,0.057,4,0,0,2,1,3
2022-05-25,24.0047,90.2857,22.33,21.07,1006.26,149.68,1556.6,13.6,1.1,2.55,3.76,6.45,10.0,19.11,26.39,0.058,0,0,0,2,0,2
2022-05-25,-5.8948,106.9728,39.06,96.82,946.37,125.91,1157.6,6.3,4.96,6.34,12.56,20.17,24.85,50.12,68.53,0.513,9,1,1,3,3,2
2022-05-26,18.7749,-66.235,23.61,41.1,957.22,127.6,1078.1,27.7,2.77,5.24,9.61,15.41,19.91,37.12,53.62,0.307,0,0,1,2,0,1
2022-05-27,13.3903,100.5874,38.81,80.05,954.35,141.55,468.7,29.6,14.85,33.54,69.12,94.98,111.5,159.0,270.38,0.95,7,3,3,3,2,0
2022-05-27,18.5724,72.7216,28.52,72.63,967.24,118.73,1847.3,24.3,1.88,3.7,4.49,8.01,13.66,24.67,30.02,0.258,0,0,1,2,0,2
2022-05-27,23.5456,90.2439,9.58,86.27,971.72,56.66,124.7,0.6,3.51,6.41,11.89,15.24,25.8,39.08,64.4,0.708,0,1,1,1,0,1
2022-05-27,11.3735,92.5276,42.0,28.66,986.28,93.62,2233.3,25.0,1.46,2.26,3.15,5.89,8.96,14.02,27.27,0.05,8,0,0,1,2,3
2022-05-27,13.3561,100.2331,46.26,78.0,987.45,100.54,247.1,40.6,3.06,7.29,12.92,22.83,37.89,61.18,89.3,0.492,8,1,2,2,3,2
2022-05-27,18.6831,73.1983,11.24,39.35,1017.86,119.03,55.1,24.3,1.12,2.22,4.11,7.36,10.55,25.25,55.04,0.421,0,1,1,1,0,1
2022-05-28,10.2708,76.8672,17.36,42.33,970.62,102.86,1350.8,22.9,3.86,6.87,13.29,18.98,32.71,43.95,56.87,0.39,0,0,1,2,0,1
2022-05-29,10.7844,-67.0156,42.21,82.8,993.3,103.8,2286.3,3.5,0.85,1.76,2.53,3.2,4.51,9.33,13.16,0.075,5,0,0,1,2,3
2022-05-30,19.8526,85.86,37.12,78.72,978.17,150.54,1876.7,6.3,13.67,30.27,55.5,90.06,137.19,327.65,549.96,0.95,4,3,3,3,2,0
2022-05-30,19.5122,72.8023,18.12,67.84,989.67,94.85,1639.0,8.7,1.25,2.6,3.5,4.81,7.54,17.53,22.36,0.283,0,0,0,1,0,1
2022-05-30,15.3826,75.487,31.12,44.46,949.32,6.86,1017.2,4.5,3.27,7.38,14.72,23.95,29.89,66.82,139.39,0.79,0,1,1,1,0,0
2022-05-30,29.4581,-89.9934,14.36,36.31,949.99,154.61,249.2,4.8,3.33,5.32,10.63,18.76,32.04,66.71,88.84,0.59,0,1,1,3,0,0
2022-05-31,25.4381,-79.9935,35.94,65.47,994.85,20.99,1484.6,43.3,0.31,0.5,0.83,1.37,1.59,3.57,4.43,0.05,4,0,1,0,1,3
2022-06-01,11.9895,92.9255,15.38,65.08,947.6,20.18,749.9,21.6,0.45,0.6,1.11,1.73,2.55,4.44,9.66,0.216,0,0,0,1,0,2
2022-06-02,22.1286,88.3974,30.36,67.59,960.11,2.91,206.9,33.3,1.67,2.75,5.01,7.5,11.59,26.69,45.56,0.316,0,1,1,1,0,2
2022-06-02,11.1704,92.4854,10.7,94.67,984.7,139.06,774.7,6.4,2.25,3.01,4.93,9.05,13.25,25.7,34.87,0.551,0,0,0,2,0,1
2022-06-03,14.2454,100.9455,44.61,33.27,1016.7,41.51,2329.6,28.9,0.02,0.02,0.03,0.04,0.07,0.1,0.22,0.05,7,0,0,0,3,3
2022-06-03,10.1669,76.9968,11.99,73.38,992.27,125.85,566.8,38.1,1.21,1.62,2.14,2.73,4.31,6.43,11.6,0.297,0,0,1,2,0,2
2022-06-03,15.7803,75.3873,36.46,85.62,955.57,44.53,955.4,32.1,1.76,2.62,3.22,5.71,7.96,12.7,21.98,0.195,1,0,1,1,1,2
2022-06-03,9.7442,77.4807,38.01,42.61,986.03,120.21,493.3,38.7,6.24,14.89,23.82,33.27,52.95,67.23,83.35,0.369,7,1,2,2,2,1
2022-06-03,14.2117,121.217,21.99,55.79,1005.24,26.96,52.1,4.1,3.84,8.52,13.34,18.28,20.36,25.92,50.67,0.37,0,1,0,0,0,1
2022-06-04,9.9857,77.0946,24.49,81.03,956.73,21.94,1544.9,9.9,0.36,0.5,1.02,1.79,2.41,4.79,8.32,0.198,0,0,0,1,0,2
2022-06-04,25.691,82.8418,40.06,85.49,956.99,98.62,417.2,21.7,7.4,15.89,27.22,47.55,57.39,82.29,115.94,0.749,3,1,2,2,2,1
2022-06-04,25.0525,82.5893,34.3,29.12,991.66,108.08,718.9,37.6,1.98,2.76,3.8,5.03,6.09,11.42,24.54,0.05,0,0,1,1,0,2
2022-06-04,10.4593,76.7864,24.06,29.56,983.28,88.17,1832.6,17.1,0.56,0.74,0.96,1.79,3.16,7.47,11.22,0.05,0,0,0,1,0,2
2022-06-05,16.1946,81.0446,41.95,64.42,1017.09,119.22,824.9,20.1,6.94,14.2,24.19,44.94,50.9,113.42,172.25,0.95,8,2,2,1,3,0
2022-06-06,11.8037,92.5379,22.98,35.76,956.21,68.71,2154.3,35.8,14.66,21.02,34.69,60.17,85.58,139.16,280.53,0.95,0,3,3,2,0,0
2022-06-06,16.7753,81.2918,28.12,97.49,985.71,129.9,1953.1,3.9,0.32,0.64,0.92,1.5,1.8,3.02,3.93,0.212,0,0,0,2,0,2
2022-06-06,13.0131,79.8294,18.82,87.42,975.83,86.33,957.2,11.0,4.11,9.7,19.43,36.69,58.11,72.14,126.54,0.95,0,2,1,2,0,0
2022-06-06,12.6863,80.5323,14.62,76.05,965.16,115.67,2142.2,24.9,0.04,0.08,0.12,0.18,0.25,0.5,0.76,0.218,0,0,0,2,0,2
2022-06-06,19.8977,85.4004,43.91,48.24,1007.81,93.5,2130.0,16.3,0.5,0.68,0.93,1.62,2.43,4.51,5.97,0.05,3,0,0,1,2,3
2022-06-06,23.9006,90.7082,28.24,77.04,964.74,5.25,822.3,7.7,13.89,32.06,42.63,58.62,85.38,143.31,272.29,0.95,0,3,2,1,0,0
2022-06-07,11.8096,93.0606,43.35,33.84,948.1,55.01,2284.6,15.0,7.01,15.28,31.32,46.9,81.86,171.1,353.83,0.95,6,3,3,2,2,0
2022-06-08,23.7757,90.6511,28.32,79.8,990.94,2.54,1204.7,28.9,1.08,1.56,2.26,3.61,4.34,8.96,14.54,0.196,0,0,1,0,0,2
2022-06-08,18.6016,-65.8682,38.3,20.62,997.62,87.48,813.9,40.5,5.49,10.86,20.31,25.48,44.44,88.95,148.35,0.673,8,1,2,1,2,0
2022-06-09,22.6378,87.9868,42.5,15.79,960.55,66.79,2035.1,40.3,0.72,0.99,1.93,2.96,4.55,9.88,13.95,0.05,8,0,1,1,2,3
2022-06-09,14.0956,100.0592,30.35,31.9,990.66,57.96,871.1,30.7,1.02,1.72,3.5,5.97,8.17,12.06,22.42,0.05,0,0,0,1,0,2
2022-06-10,10.5133,76.6349,27.79,95.63,1018.32,88.17,1339.6,13.7,8.85,20.13,37.6,45.21,72.0,108.27,150.37,0.95,0,2,2,1,0,0
2022-06-10,-5.7022,106.4082,8.71,68.41,991.97,151.67,1220.1,25.9,1.16,1.53,2.81,4.91,8.39,14.14,26.92,0.4,0,0,1,2,0,1
2022-06-10,13.2633,100.9989,32.4,49.13,964.45,80.68,1914.3,40.0,6.56,10.54,20.17,25.61,41.41,96.82,117.51,0.663,0,1,2,2,0,0
2022-06-10,24.1873,90.2404,42.8,30.38,951.55,38.65,1907.4,2.1,3.06,7.33,14.44,21.91,25.08,55.12,99.16,0.369,1,1,0,1,1,2
2022-06-10,23.464,90.8634,41.96,50.08,1014.9,98.09,494.5,37.3,1.82,2.82,5.61,10.04,17.12,38.2,67.01,0.265,1,0,1,1,1,2
2022-06-11,20.2631,85.9724,15.79,27.46,987.47,135.49,1416.5,42.0,11.22,18.62,36.35,41.51,59.64,97.93,137.58,0.841,0,2,3,2,0,0
2022-06-11,30.1014,-89.7403,12.16,26.62,966.89,42.77,1757.8,12.4,3.51,6.29,10.79,19.1,26.42,56.14,91.06,0.58,0,1,1,1,0,0
2022-06-11,30.3263,-90.5623,16.94,60.54,972.17,64.0,2260.6,7.9,1.72,2.59,4.39,7.42,12.41,22.57,46.38,0.411,0,0,0,1,0,1
2022-06-11,35.309,140.1387,40.66,30.81,1023.9,128.47,863.8,20.5,0.01,0.02,0.03,0.04,0.05,0.09,0.17,0.05,6,0,0,1,2,3
2022-06-12,23.774,90.5501,36.22,69.38,946.49,53.04,884.6,14.0,1.23,2.12,3.88,6.37,8.84,17.2,21.84,0.123,7,0,0,2,2,2
2022-06-12,18.5306,-65.804,19.94,60.97,983.68,154.84,1941.8,19.4,2.27,3.39,6.37,11.31,20.08,37.73,70.58,0.537,0,0,1,2,0,1
2022-06-12,24.0628,90.7335,17.9,47.96,1021.35,134.05,870.8,20.6,1.22,2.37,3.61,6.29,9.02,13.21,21.74,0.191,0,0,0,1,0,2
2022-06-13,10.8638,-66.8913,36.45,37.65,1016.85,126.5,1018.0,23.0,1.08,1.67,3.48,6.3,7.78,11.91,15.59,0.05,1,0,0,1,1,3
2022-06-13,22.5866,88.1446,19.12,67.35,982.82,75.75,1819.1,13.9,1.34,3.09,3.86,5.75,10.0,19.32,33.74,0.343,0,0,0,1,0,1
2022-06-13,11.2435,92.6753,21.87,79.06,996.07,57.51,461.9,30.5,7.65,15.11,29.19,44.29,70.98,161.51,318.69,0.95,0,3,3,1,0,0
2022-06-13,26.2292,-80.4927,29.0,70.77,953.26,60.23,1847.0,34.1,0.14,0.26,0.33,0.63,1.09,1.34,2.76,0.075,0,0,0,1,0,2
2022-06-14,14.6768,120.8571,26.32,77.42,974.9,38.02,2235.4,39.5,3.56,4.86,6.47,7.65,11.72,15.69,32.05,0.313,0,0,1,1,0,1
2022-06-14,15.0698,75.9334,28.77,94.86,954.09,138.86,2379.6,3.4,7.51,13.66,27.54,42.88,67.04,124.19,256.39,0.95,0,2,2,3,0,0
2022-06-14,23.7816,89.9204,19.14,32.4,989.86,72.54,794.0,37.8,0.35,0.83,1.08,1.86,2.53,5.66,7.21,0.05,0,0,1,1,0,2
2022-06-14,14.1168,-87.3493,45.89,92.73,1022.56,136.53,1585.5,11.0,0.18,0.24,0.36,0.54,0.97,1.67,2.88,0.05,1,0,0,1,2,3
2022-06-16,20.595,86.2873,28.24,96.28,1002.8,104.81,579.2,35.8,4.86,7.68,12.56,16.78,21.5,26.47,39.31,0.427,0,0,1,1,0,1
2022-06-16,-5.9987,106.4333,15.86,80.94,950.58,52.04,1521.2,31.8,4.2,6.81,12.25,17.67,26.44,49.09,67.16,0.643,0,1,1,2,0,1
2022-06-16,15.4201,75.6982,31.37,57.64,968.92,2.99,1192.0,14.1,4.64,5.7,9.84,18.24,22.29,39.36,50.83,0.295,0,0,1,1,0,2
2022-06-17,12.7701,80.6644,39.04,31.62,977.74,88.73,865.4,9.0,1.82,2.5,4.62,5.72,8.22,15.39,33.01,0.05,4,0,0,1,1,3
2022-06-18,19.9895,85.3808,30.14,95.59,1018.32,146.67,274.4,41.7,0.48,0.94,1.74,2.14,3.3,4.17,6.23,0.199,0,0,1,1,0,2
2022-06-18,10.2215,-67.1851,41.88,75.12,1006.9,87.36,1404.0,6.8,2.05,3.57,7.36,10.63,15.78,29.03,53.32,0.294,3,0,0,1,2,2
2022-06-18,25.5582,-80.6281,8.41,32.42,1010.3,144.17,552.7,8.5,6.32,10.46,21.76,40.66,54.24,101.53,190.85,0.95,0,2,2,2,0,0
2022-06-18,22.4866,88.3297,22.8,76.49,999.66,104.89,1316.9,22.6,9.22,18.59,32.59,46.75,58.79,70.68,154.13,0.95,0,2,2,2,0,0
2022-06-18,20.029,86.0623,39.26,62.58,1014.35,22.97,2217.0,38.8,3.2,6.07,7.89,13.73,19.89,43.48,65.9,0.339,5,0,1,0,2,2
2022-06-18,24.0051,90.5262,23.22,90.45,947.42,119.67,2164.8,21.7,2.8,6.53,9.08,13.77,19.72,29.78,60.11,0.576,0,0,1,3,0,1
2022-06-19,19.2271,72.8157,35.83,77.02,1013.79,129.64,1871.4,3.6,3.42,4.19,7.83,9.0,16.09,31.16,43.06,0.293,2,0,0,1,1,2
2022-06-19,14.4744,121.2357,45.81,50.99,961.51,20.73,360.6,16.4,6.85,16.2,26.83,36.35,44.45,68.67,124.91,0.596,3,1,1,1,2,1
2022-06-20,18.3503,-65.9201,30.39,96.28,982.61,145.46,2194.6,12.6,1.8,3.55,5.92,6.97,12.52,26.33,43.12,0.431,0,0,0,2,0,1
2022-06-20,35.2422,140.0442,21.12,80.68,973.35,118.42,436.6,25.6,5.12,8.91,11.27,19.04,27.53,43.49,95.36,0.771,0,1,1,2,0,0
2022-06-20,30.2308,-90.229,12.21,73.84,984.58,108.91,1276.3,6.9,2.27,5.35,10.05,13.47,23.72,50.64,79.22,0.72,0,1,1,2,0,0
2022-06-20,14.2172,100.95,37.84,16.05,947.39,28.13,507.8,36.8,4.29,8.32,16.61,21.56,37.37,85.63,139.94,0.604,4,1,2,1,1,1
2022-06-20,12.1029,92.5532,29.77,48.52,950.39,40.85,594.0,33.6,4.36,6.01,12.61,16.56,29.54,50.02,61.68,0.335,0,0,1,1,0,1
2022-06-21,15.3091,76.1008,10.74,70.74,967.71,32.47,1154.6,29.9,3.38,6.32,13.23,23.66,29.98,63.27,111.94,0.924,0,1,2,1,0,0
2022-06-21,14.2794,120.5975,38.72,53.36,979.98,116.55,1287.4,19.7,1.01,1.36,2.36,4.16,6.75,13.74,29.25,0.073,4,0,0,2,2,3
2022-06-21,20.5857,85.9963,32.71,48.6,983.57,124.62,799.3,7.5,7.23,10.52,15.41,25.66,40.5,87.5,121.09,0.68,0,1,1,2,0,0
2022-06-22,16.8317,81.5688,11.19,53.04,985.23,27.36,2269.8,40.9,3.87,6.79,10.66,17.28,25.61,32.65,55.91,0.489,0,0,1,1,0,1
2022-06-22,25.4003,-80.2224,26.05,83.33,1011.5,87.93,1265.3,31.4,4.48,9.79,16.81,28.53,35.09,73.53,92.51,0.72,0,1,2,1,0,0
2022-06-23,13.0796,80.7304,20.28,44.77,1025.11,108.79,1275.0,46.5,8.17,14.82,29.86,42.5,53.61,79.3,147.68,0.942,0,2,3,1,0,0
2022-06-23,19.4166,73.279,19.52,89.3,959.74,83.86,1713.0,19.3,0.14,0.21,0.42,0.64,1.07,2.0,4.29,0.255,0,0,0,2,0,2
2022-06-23,18.7765,72.7703,31.64,15.81,1009.76,127.44,2317.3,9.1,3.16,5.41,8.12,12.61,20.78,25.51,55.34,0.13,0,0,0,1,0,2
2022-06-24,22.3676,87.96,8.42,90.15,952.58,50.85,2280.2,45.7,2.98,5.84,9.37,12.5,16.63,33.38,65.17,0.741,0,1,2,1,0,0
2022-06-24,10.0779,-66.9212,9.13,60.92,1001.48,115.33,965.8,5.1,3.07,4.9,10.06,15.11,21.62,33.97,52.27,0.521,0,0,0,1,0,1
2022-06-25,-6.3847,107.2411,35.68,39.11,977.39,107.53,446.3,24.0,4.68,9.31,17.2,31.19,55.45,97.04,122.27,0.618,9,1,2,2,2,1
2022-06-26,25.7568,82.471,32.46,40.59,999.48,111.39,1496.6,22.3,4.18,8.93,16.31,28.54,50.32,66.57,140.22,0.766,0,1,2,2,0,0
2022-06-26,11.9646,92.9256,31.33,22.06,947.97,23.03,953.7,23.7,0.37,0.64,1.29,2.03,2.67,3.81,6.52,0.05,0,0,0,1,0,2
2022-06-27,18.6868,-66.2927,35.74,26.16,959.06,111.79,673.1,5.6,2.57,5.57,8.22,10.76,13.4,23.75,42.1,0.057,1,0,0,2,0,2
2022-06-27,16.7229,81.9926,43.07,66.19,983.2,5.52,412.6,44.2,13.46,24.1,48.41,71.78,86.96,113.27,230.26,0.95,8,3,3,1,3,0
2022-06-27,14.913,121.2153,13.48,59.3,946.68,128.3,881.1,3.8,1.37,2.12,4.01,4.82,7.18,15.46,29.99,0.334,0,0,0,3,0,1
2022-06-27,28.3455,76.8105,32.18,34.42,954.16,13.29,261.0,16.9,1.53,3.63,4.43,7.11,10.37,14.26,30.64,0.055,0,0,0,1,0,2
2022-06-27,-6.6966,107.0978,32.41,84.1,1021.13,87.31,1892.3,22.1,2.36,4.38,7.9,12.92,21.31,41.35,86.12,0.626,0,1,1,1,0,1
2022-06-28,10.2517,-67.1737,35.76,26.89,993.14,73.83,865.2,35.6,0.44,0.81,1.59,2.01,2.58,5.14,10.14,0.05,6,0,1,1,1,3
2022-06-28,15.3601,75.8784,38.69,41.59,996.45,19.55,772.8,31.3,1.12,2.53,4.54,8.15,11.22,13.92,24.72,0.05,8,0,1,0,2,3
2022-06-29,18.717,-66.0817,8.48,42.56,950.17,81.85,1962.2,10.3,2.62,3.79,4.96,7.48,8.64,16.46,20.27,0.243,0,0,0,2,0,2
2022-06-29,15.5342,75.5957,39.7,63.11,964.57,138.89,110.5,10.1,4.88,10.01,14.62,16.81,28.59,45.07,62.9,0.319,9,1,1,3,3,2
2022-06-30,13.5443,100.4146,35.71,67.08,960.73,39.04,1691.5,32.6,1.31,2.32,3.76,4.51,6.92,10.5,17.43,0.089,1,0,1,1,1,3
2022-06-30,14.116,120.7451,34.07,30.39,983.7,32.37,2216.7,27.0,1.73,3.98,8.01,12.04,19.03,30.12,45.41,0.112,0,0,1,1,0,2
2022-06-30,24.0781,90.4105,40.92,55.17,987.67,49.2,1376.2,15.9,0.14,0.21,0.25,0.47,0.83,1.39,2.68,0.05,5,0,0,1,2,3
2022-07-01,14.0895,100.1234,25.64,25.67,1018.05,67.54,179.5,25.6,3.65,5.59,10.73,17.55,27.29,46.53,100.59,0.512,0,1,1,1,0,0
2022-07-01,24.1997,90.6854,34.33,79.77,1015.9,13.72,444.6,19.6,1.68,2.53,5.17,7.9,12.32,25.87,45.11,0.332,0,0,1,0,1,2
2022-07-01,29.067,76.9562,9.35,90.01,987.46,31.38,387.6,33.1,0.3,0.52,0.88,1.13,1.35,2.41,3.71,0.347,0,0,1,0,0,2
2022-07-01,10.281,-66.4794,9.19,82.9,1025.58,64.84,1805.7,34.9,1.8,3.14,5.52,6.84,9.95,15.95,20.48,0.421,0,0,1,0,0,1
2022-07-01,24.0418,90.0747,18.48,43.85,1004.16,86.92,2170.3,29.1,2.38,5.1,10.47,14.5,18.49,35.86,60.92,0.412,0,0,1,1,0,1
2022-07-01,10.0728,76.7383,11.86,42.8,970.61,120.98,2368.2,48.0,1.71,3.68,5.34,6.48,10.03,17.78,31.89,0.286,0,0,1,2,0,1
2022-07-02,10.4358,77.195,32.39,28.28,1005.59,2.85,1539.8,2.8,8.1,16.95,34.39,51.17,56.39,130.9,192.23,0.95,0,2,2,0,0,0
2022-07-02,25.781,-80.1353,15.83,70.84,1003.82,118.41,2147.9,31.6,2.37,5.27,10.59,18.27,32.15,76.37,110.84,0.871,0,1,2,1,0,0
2022-07-03,26.1547,-80.4223,43.05,89.39,1001.91,133.42,214.9,41.6,1.35,1.91,2.7,3.87,4.94,7.83,10.45,0.08,1,0,1,2,2,3
2022-07-04,14.5767,120.8011,18.11,44.44,1019.2,10.56,1420.4,18.2,1.71,3.87,7.62,12.03,15.53,27.5,44.23,0.314,0,0,1,0,0,1
2022-07-04,11.3624,92.3065,27.84,73.49,983.26,19.77,438.7,12.2,0.23,0.47,0.72,0.85,1.42,2.87,4.74,0.111,0,0,0,0,0,2
2022-07-04,11.2732,93.2148,15.27,84.51,972.57,49.65,547.3,29.4,1.67,3.5,4.85,8.39,12.77,17.08,27.58,0.418,0,0,1,1,0,1
2022-07-05,36.155,139.6848,41.99,46.93,948.64,57.05,878.2,38.8,1.3,2.95,5.0,7.84,13.05,17.77,21.64,0.05,8,0,1,2,3,3
2022-07-05,16.9222,81.4539,46.72,48.86,968.85,87.36,731.7,4.6,0.01,0.02,0.04,0.06,0.11,0.17,0.25,0.05,3,0,0,2,2,3
2022-07-05,22.9435,88.5002,42.6,27.08,957.93,104.35,433.9,20.2,2.71,4.09,7.45,13.31,14.75,22.82,43.64,0.05,7,0,0,2,2,3
2022-07-05,14.8118,75.8357,23.53,33.38,978.85,128.68,1678.8,5.0,0.2,0.36,0.67,1.09,1.86,2.53,4.57,0.05,0,0,0,2,0,2
2022-07-05,13.3538,80.5335,14.22,60.23,961.1,149.64,1701.7,28.8,5.88,10.81,13.56,17.73,31.69,70.38,149.73,0.95,0,1,2,3,0,0
2022-07-06,10.1489,-66.7357,27.19,61.94,970.23,35.73,195.3,1.7,0.39,0.82,1.24,1.39,2.02,3.72,6.06,0.072,0,0,0,1,0,2
2022-07-06,17.9915,-65.9375,25.66,57.79,956.07,151.85,620.1,22.3,0.85,1.52,2.86,4.34,5.64,8.45,16.55,0.133,0,0,0,3,0,2
2022-07-06,13.1979,80.0594,44.71,94.68,972.78,21.98,276.2,40.4,2.15,2.6,5.29,8.33,13.19,28.86,58.26,0.388,1,1,1,1,2,2
2022-07-07,29.6727,-89.7654,43.21,29.17,963.46,77.26,794.6,17.6,1.93,2.65,3.41,4.28,6.31,10.61,19.78,0.05,8,0,0,2,3,3
2022-07-07,20.0452,86.1785,44.95,50.14,945.77,69.69,112.5,26.3,1.45,2.56,4.48,8.04,12.57,21.63,43.68,0.092,7,1,1,2,3,3
2022-07-08,14.3563,-87.5005,12.01,86.07,961.83,51.93,428.2,44.5,4.97,10.28,12.74,19.34,29.06,48.21,73.36,0.741,0,1,2,1,0,0
2022-07-08,16.878,81.1893,12.29,86.18,953.99,23.13,591.6,27.7,7.43,12.64,21.38,26.37,33.92,46.16,74.31,0.744,0,1,1,1,0,0
2022-07-08,14.3904,-86.8241,23.83,49.8,1018.58,31.99,160.7,18.6,3.32,7.4,10.67,13.88,18.44,24.74,53.86,0.346,0,1,1,0,0,1
2022-07-09,15.0831,121.2628,45.89,38.1,953.99,6.11,1880.8,15.7,14.55,28.25,38.08,52.13,76.04,157.1,281.43,0.95,4,3,2,1,2,1
2022-07-09,10.5464,77.2686,12.65,20.25,985.35,47.86,1047.9,5.8,2.11,3.65,7.56,12.69,22.14,47.32,94.06,0.565,0,1,1,1,0,0
2022-07-10,29.5963,-89.6927,25.47,15.34,981.81,107.25,440.4,26.8,2.25,3.6,6.49,12.31,21.62,51.11,62.37,0.228,0,0,1,2,0,1
2022-07-10,17.9647,-66.5155,14.39,47.5,1018.44,95.81,357.2,35.0,6.59,9.22,17.24,26.54,40.42,94.05,116.3,0.812,0,1,2,1,0,0
2022-07-11,12.0005,92.4136,10.62,26.73,970.65,8.66,743.7,3.3,0.94,1.43,3.0,3.87,4.9,9.92,20.43,0.153,0,0,0,1,0,2
2022-07-11,12.9839,80.5442,27.29,90.78,976.3,35.66,1460.2,30.1,2.02,3.6,7.43,12.53,14.75,21.45,46.67,0.456,0,0,1,1,0,1
2022-07-11,-5.8488,106.5599,36.7,48.66,982.14,93.32,81.6,2.0,0.22,0.32,0.67,0.79,1.36,1.83,3.54,0.05,5,0,0,1,1,3
2022-07-11,35.8843,139.9761,8.09,38.07,987.71,103.65,551.0,7.1,0.79,1.28,1.71,2.1,2.37,5.28,7.5,0.146,0,0,0,1,0,2
2022-07-13,25.2791,-80.56,20.93,47.97,1021.12,95.51,1977.5,33.0,11.27,21.25,30.28,50.13,83.93,198.17,360.22,0.95,0,3,3,1,0,0
2022-07-13,14.1486,100.7204,14.51,82.39,953.01,15.1,1212.3,11.8,3.79,7.66,13.23,23.39,37.15,52.94,67.68,0.666,0,1,1,1,0,1
2022-07-14,30.1542,-89.6153,23.07,33.16,971.88,80.12,2029.3,19.5,2.86,6.22,12.66,17.47,21.39,40.61,85.11,0.473,0,1,1,2,0,1
2022-07-14,-5.7768,106.8871,18.42,84.07,962.79,78.85,1669.1,47.8,1.11,2.18,2.92,5.13,8.74,19.8,42.48,0.48,0,0,1,2,0,1
2022-07-14,14.1804,120.5288,10.23,97.68,986.64,139.87,1171.8,7.0,6.43,9.55,11.81,14.8,22.49,38.72,52.72,0.681,0,1,1,2,0,1
2022-07-14,11.3096,92.6702,15.9,57.15,959.0,90.85,1122.6,19.7,3.66,6.22,9.7,15.72,17.92,30.8,42.98,0.384,0,0,1,2,0,1
2022-07-17,15.1454,75.8182,21.47,18.07,945.08,133.55,1312.6,31.4,3.18,4.46,5.51,7.13,12.79,21.76,46.24,0.176,0,0,1,3,0,1
2022-07-17,13.7215,100.3545,31.85,15.89,995.08,21.75,761.4,11.9,2.45,5.25,6.48,7.43,13.16,22.73,44.1,0.058,0,0,0,0,0,2
2022-07-17,13.8013,-86.952,9.68,15.96,984.6,133.89,1259.5,42.1,0.49,1.0,1.79,2.75,3.8,7.51,13.14,0.067,0,0,1,2,0,2
2022-07-17,22.514,88.4807,25.56,50.13,971.88,75.47,2114.0,46.7,0.01,0.02,0.04,0.08,0.09,0.2,0.43,0.05,0,0,1,1,0,2
2022-07-18,12.1198,92.9062,40.57,45.33,1014.85,86.86,2164.1,44.5,0.03,0.04,0.06,0.1,0.17,0.3,0.54,0.05,6,0,1,1,2,3
2022-07-18,14.3954,-86.8876,13.68,69.65,1011.36,27.21,1904.8,4.9,3.13,6.76,9.0,14.01,19.58,37.76,61.33,0.576,0,0,0,0,0,1
2022-07-19,22.0705,88.5342,13.19,70.46,978.33,152.9,1569.9,44.1,0.96,1.52,2.32,4.11,5.13,11.98,14.9,0.293,0,0,1,2,0,2
2022-07-19,13.2209,80.0804,44.37,65.21,999.74,63.47,2181.7,30.8,5.13,8.42,17.38,30.53,51.83,72.91,107.25,0.563,5,1,2,1,3,1
2022-07-19,13.7069,100.7512,20.47,24.03,954.86,49.48,92.3,24.8,0.84,1.53,2.03,2.93,4.45,5.67,9.06,0.05,0,0,0,1,0,2
2022-07-20,25.9722,-80.034,30.55,70.34,950.14,65.89,1260.2,34.9,1.68,2.36,3.02,5.28,7.58,11.18,22.41,0.182,0,0,1,2,0,2
2022-07-21,35.9634,139.6935,39.56,86.96,953.49,65.38,1323.2,38.8,3.5,5.93,9.59,13.84,16.45,35.26,44.57,0.314,5,0,1,2,2,2
2022-07-21,13.2904,100.6693,24.53,62.99,1021.77,97.35,747.2,27.6,6.9,9.55,18.54,21.88,38.73,53.89,89.79,0.625,0,1,1,1,0,0
2022-07-22,13.7127,-87.3935,11.68,60.63,997.57,115.56,1195.0,13.3,1.21,2.4,3.8,4.66,5.14,7.77,15.19,0.264,0,0,0,1,0,2
2022-07-22,35.3798,139.3835,41.4,68.52,1011.24,76.64,1363.9,3.8,0.53,1.16,2.43,4.19,5.19,6.38,7.91,0.05,1,0,0,1,2,3
2022-07-22,14.5303,-87.289,46.15,93.15,996.66,151.83,962.9,25.3,1.04,2.37,3.23,5.13,8.51,16.29,20.83,0.134,1,0,0,2,2,3
2022-07-23,9.7782,76.6918,41.49,61.49,976.8,64.7,1113.1,4.0,1.12,2.49,4.65,7.21,10.36,15.65,26.16,0.066,1,0,0,1,1,3
2022-07-23,28.6681,77.4434,23.18,91.97,1015.03,124.14,96.6,8.4,1.28,2.0,2.63,3.5,4.9,6.17,9.89,0.269,0,0,0,1,0,2
2022-07-23,13.7701,-86.7572,9.5,88.85,1011.13,128.84,1056.7,36.3,3.05,5.03,9.85,18.71,32.36,68.97,134.32,0.95,0,1,2,1,0,0
2022-07-23,16.7892,81.5935,29.98,20.8,947.57,130.14,1675.9,27.1,4.09,7.56,13.01,16.66,23.64,28.68,53.6,0.157,0,0,1,3,0,2
2022-07-23,25.3294,83.4497,20.34,28.75,1006.19,44.55,2306.6,47.4,9.13,21.31,37.38,61.82,72.08,152.5,213.81,0.95,0,2,3,1,0,0
2022-07-23,14.2772,120.5126,23.74,73.3,991.24,132.5,757.5,25.4,2.33,3.79,7.59,9.36,11.28,21.35,39.66,0.365,0,0,1,2,0,1
2022-07-23,20.1585,85.3818,17.19,32.27,1022.84,24.17,2138.1,6.4,3.68,5.83,8.65,16.42,20.66,29.81,53.34,0.324,0,0,0,0,0,1
2022-07-23,29.9275,-90.1671,39.96,97.06,998.27,6.82,371.0,39.5,3.57,5.13,6.21,8.14,9.74,21.93,45.68,0.363,1,0,1,0,2,2
2022-07-23,-6.0215,106.692,20.75,78.81,965.84,123.91,366.9,10.8,4.9,7.43,14.23,24.58,31.47,40.52,55.36,0.516,0,1,1,2,0,1
2022-07-23,30.114,-90.3293,41.66,63.51,962.7,15.85,1679.6,34.8,0.66,0.81,1.27,1.99,3.17,6.89,12.47,0.05,9,0,1,1,3,3
2022-07-23,19.8118,85.6531,27.54,68.63,994.77,111.22,138.1,20.8,0.95,2.01,3.99,5.29,6.17,9.28,12.1,0.137,0,0,0,1,0,2
2022-07-24,23.3512,90.0787,25.44,18.44,984.63,144.13,29.7,17.8,5.01,6.94,8.81,14.14,15.65,33.84,42.87,0.12,0,1,0,2,0,1
2022-07-24,23.69,90.7733,37.37,39.43,1008.35,116.06,591.5,35.1,4.82,8.08,11.23,17.04,29.73,58.49,80.3,0.341,3,1,1,1,1,2
2022-07-24,11.4788,92.2916,12.97,74.21,981.9,58.1,2230.7,3.1,0.76,1.25,1.86,2.81,3.88,8.33,16.39,0.322,0,0,0,1,0,2
2022-07-25,11.6309,92.9815,28.0,26.98,989.75,119.48,570.2,40.9,1.43,2.04,3.3,5.94,6.82,10.86,20.13,0.05,0,0,1,2,0,2
2022-07-25,18.1388,-66.5707,12.22,33.73,983.32,37.54,1404.9,47.9,2.41,5.08,7.43,13.9,17.71,33.93,74.08,0.505,0,0,2,1,0,1
2022-07-25,24.0337,90.387,21.32,50.31,989.81,22.0,1237.7,15.9,1.04,1.97,2.95,5.26,7.3,12.38,27.01,0.204,0,0,0,0,0,2
2022-07-26,14.3795,120.9771,44.92,95.14,1018.84,40.3,1538.9,13.5,10.53,19.03,37.02,52.36,71.58,88.79,147.35,0.945,4,2,2,1,3,0
2022-07-27,20.4268,85.5226,28.14,80.75,991.01,12.3,843.3,16.2,5.77,8.93,17.96,24.57,30.37,56.12,89.03,0.668,0,1,1,0,0,0
2022-07-27,22.2575,88.1278,28.77,41.6,992.34,14.52,904.0,11.8,2.02,3.39,5.99,9.6,13.34,18.92,33.71,0.138,0,0,0,0,0,2
2022-07-27,25.7755,-80.1616,21.88,40.13,953.33,32.39,2354.2,13.8,2.56,4.76,8.11,9.23,15.14,31.44,68.45,0.411,0,0,1,1,0,1
2022-07-28,35.5998,139.2131,16.09,36.76,980.9,20.67,190.8,32.8,1.83,3.79,4.92,7.81,11.01,13.98,24.39,0.173,0,0,1,1,0,2
2022-07-28,25.2044,83.2964,39.6,71.82,1004.79,9.29,1365.0,45.2,0.14,0.22,0.27,0.42,0.5,0.89,1.71,0.05,2,0,1,0,2,3
2022-07-28,14.5231,-86.895,38.23,60.62,1012.42,15.06,1113.3,7.7,5.47,7.57,9.14,16.85,24.25,57.77,95.49,0.525,7,1,1,0,2,1
2022-07-29,14.2942,120.7272,31.93,80.86,952.1,30.07,1820.7,1.5,5.94,7.23,12.95,18.03,27.55,56.07,86.49,0.618,0,1,1,1,0,1
2022-07-29,16.5853,81.4496,44.1,20.78,1010.49,100.29,1758.5,14.4,4.8,7.39,13.36,23.11,38.09,70.59,113.9,0.405,3,1,1,1,2,1
2022-07-29,13.3921,79.835,20.69,24.3,998.15,57.7,770.7,45.6,1.11,2.5,5.19,9.13,10.17,22.8,32.23,0.124,0,0,1,1,0,2
2022-07-29,13.9551,100.6586,36.51,69.87,973.7,153.83,747.3,12.2,1.46,3.07,3.94,5.24,7.99,17.88,29.26,0.169,9,0,0,2,2,2
2022-07-30,29.9126,-89.6972,33.57,81.06,1024.16,135.0,1861.2,20.1,14.22,21.58,38.74,46.66,71.12,144.22,186.09,0.95,0,2,2,2,1,0
2022-07-31,10.7022,-67.1063,39.65,82.54,1002.39,143.36,376.6,13.3,1.22,1.91,2.86,4.74,6.11,9.43,16.7,0.119,6,0,0,2,2,3
2022-07-31,23.9952,90.7155,23.03,26.12,960.31,119.22,1438.2,24.3,3.41,4.65,6.92,9.68,12.78,28.59,50.93,0.228,0,0,1,2,0,1
2022-07-31,-6.2331,106.5353,45.9,87.08,996.98,127.32,2130.4,12.8,6.63,9.51,14.95,23.12,36.99,45.73,68.16,0.405,2,1,1,2,2,2
2022-07-31,20.1347,86.1518,46.63,22.07,973.87,136.59,64.2,16.5,12.8,23.76,35.1,64.73,86.93,118.24,210.37,0.95,8,3,2,3,3,1
2022-08-01,13.6678,-87.2207,45.39,32.1,999.35,8.64,161.3,26.7,0.39,0.48,0.65,1.01,1.61,2.32,4.33,0.05,8,0,0,0,3,3
2022-08-01,10.2148,-67.3269,22.22,68.76,964.21,87.45,1888.7,41.7,0.39,0.63,1.12,1.26,2.0,3.67,5.46,0.145,0,0,1,2,0,2
2022-08-01,10.6469,-66.5767,29.21,23.29,1002.11,39.01,2186.7,40.3,4.33,10.13,12.44,21.01,27.97,63.98,93.84,0.427,0,1,2,0,0,1
2022-08-02,25.2165,82.7005,33.09,31.16,990.84,60.86,1340.1,44.8,2.33,2.89,4.98,6.78,11.15,19.67,38.19,0.08,0,0,1,1,0,2
2022-08-02,10.2525,77.0098,13.32,75.43,1012.49,41.39,1859.1,18.8,2.47,5.5,10.31,17.98,21.5,27.6,57.78,0.583,0,0,1,0,0,1
2022-08-02,16.3611,81.9888,25.72,87.68,1015.95,136.34,1587.2,15.0,2.3,4.72,6.56,11.09,16.45,21.64,38.03,0.402,0,0,0,1,0,1
2022-08-02,23.3203,90.6319,22.49,63.96,1003.43,13.97,1336.0,13.6,3.36,6.65,13.43,19.18,28.32,43.1,64.07,0.487,0,1,1,0,0,1
2022-08-03,20.5077,86.2956,21.77,44.89,960.12,78.02,1898.2,38.6,2.2,3.47,4.92,8.23,9.54,17.69,30.81,0.199,0,0,1,2,0,1
2022-08-03,22.7673,88.4216,31.76,22.01,960.43,133.57,220.9,12.0,0.01,0.02,0.04,0.07,0.12,0.2,0.35,0.05,0,0,0,2,0,3
2022-08-03,15.3398,75.9603,17.77,18.14,1012.0,151.37,185.6,45.1,1.56,3.63,6.48,11.74,19.37,23.89,30.23,0.11,0,0,1,2,0,2
2022-08-03,14.2988,120.7209,36.46,44.47,966.23,137.55,84.4,35.4,11.32,22.08,37.39,42.97,62.4,101.94,201.65,0.95,4,3,2,3,1,0
2022-08-03,29.6917,-89.9084,32.25,51.46,971.95,8.6,85.4,8.8,2.09,3.56,4.88,8.58,13.54,21.82,43.57,0.213,0,1,0,1,0,2
2022-08-04,18.5685,-65.8972,17.49,87.82,1006.66,139.68,1964.5,47.5,0.75,0.98,1.47,1.77,2.6,5.1,9.07,0.297,0,0,1,2,0,2
2022-08-04,30.1647,-90.186,13.57,32.01,1001.93,87.72,490.9,43.4,1.13,1.93,2.67,3.77,5.44,8.46,16.66,0.126,0,0,1,1,0,2
2022-08-04,11.7942,92.6377,24.13,94.54,1015.36,143.03,1538.4,10.9,2.56,5.42,6.82,12.21,18.83,38.95,73.78,0.671,0,1,1,2,0,0
2022-08-05,-6.1727,107.2264,42.43,91.53,953.68,21.7,1337.7,43.0,12.82,16.1,24.48,31.1,50.67,99.73,131.63,0.853,1,1,3,1,2,1
2022-08-05,15.2801,76.0173,19.37,76.26,952.19,71.29,697.6,20.1,6.32,15.01,20.45,23.49,29.08,65.34,135.87,0.95,0,1,2,2,0,0
2022-08-06,18.9717,72.7235,8.69,29.69,986.58,44.75,1256.9,5.6,5.68,12.16,21.92,33.43,45.9,92.68,183.67,0.95,0,2,1,1,0,0
2022-08-06,13.5005,80.6465,31.47,86.8,1005.39,103.62,1894.8,5.4,0.8,1.0,1.33,2.43,3.05,6.08,11.5,0.18,0,0,0,1,0,2
2022-08-06,9.9901,-67.2052,13.1,52.56,1010.8,78.62,2248.5,43.2,2.24,2.91,5.34,7.4,12.21,19.18,29.36,0.303,0,0,1,1,0,1
2022-08-07,16.7013,81.2961,24.15,48.07,1006.97,67.07,1714.2,41.1,0.52,0.92,1.89,3.31,5.9,13.17,19.89,0.123,0,0,1,1,0,2
2022-08-07,14.1143,100.835,38.38,61.64,1009.66,132.72,419.0,15.1,3.22,4.98,10.2,12.8,17.28,41.35,57.44,0.29,9,0,1,2,2,2
2022-08-08,25.6603,-80.3262,10.87,56.37,986.03,92.03,872.0,29.6,7.37,17.29,29.83,33.83,60.17,123.17,189.18,0.95,0,2,2,2,0,0
2022-08-08,10.1251,-66.7195,34.63,18.86,987.0,113.12,105.7,36.7,1.16,2.21,4.57,8.66,13.37,23.93,32.97,0.05,0,0,1,2,0,2
2022-08-09,12.0549,92.6305,25.83,24.07,960.59,39.18,2202.7,47.0,0.9,1.52,3.17,5.64,7.95,13.86,28.81,0.055,0,0,1,1,0,2
2022-08-09,13.6206,-86.8284,12.47,46.86,982.87,58.47,292.2,20.4,4.87,6.26,7.96,11.02,19.39,38.82,72.93,0.555,0,1,1,1,0,1
2022-08-09,29.526,-89.813,18.43,63.34,966.19,100.1,2181.4,19.7,10.06,23.45,32.52,47.01,84.29,114.14,191.22,0.95,0,2,2,2,0,0
2022-08-10,15.656,75.6375,40.6,27.34,982.86,77.33,89.8,9.8,6.14,13.49,19.74,35.53,58.28,99.16,193.2,0.95,6,3,2,1,2,0
2022-08-10,-5.8673,107.0205,21.41,43.96,950.15,30.45,711.6,42.7,9.14,14.1,25.73,45.81,66.62,140.35,305.38,0.95,0,3,3,1,0,0
2022-08-10,19.1307,73.0288,20.65,40.75,998.77,11.37,1175.6,6.9,6.0,9.94,16.65,18.71,21.34,42.89,84.35,0.525,0,1,1,0,0,0
2022-08-11,18.9797,72.4969,21.38,55.44,1027.44,105.74,1732.6,13.9,1.04,1.61,2.8,5.18,8.18,12.64,23.28,0.203,0,0,0,1,0,2
2022-08-12,28.2959,77.5157,8.78,75.21,957.4,152.64,1228.4,1.0,6.37,13.95,26.32,40.28,50.47,99.32,203.41,0.95,0,2,1,3,0,0
2022-08-12,13.7384,-87.2797,28.52,75.83,987.31,151.78,506.4,10.5,4.27,6.73,9.12,15.81,19.89,41.74,58.72,0.452,0,0,1,2,0,1
2022-08-12,12.1245,92.3663,31.08,49.23,1003.57,132.4,2178.8,2.7,2.82,3.52,7.08,10.22,17.68,25.2,34.33,0.156,0,0,0,2,0,2
2022-08-13,16.9963,81.4537,36.37,40.66,976.1,73.77,1025.4,25.0,3.06,5.38,9.85,16.5,23.24,31.86,58.64,0.221,1,0,1,1,1,2
2022-08-13,35.3019,139.6455,29.72,69.87,972.62,60.46,1427.4,3.8,1.03,1.48,1.8,2.75,4.11,6.83,10.03,0.11,0,0,0,1,0,2
2022-08-13,30.2326,-90.2954,41.54,57.41,1017.94,115.12,1166.4,14.7,12.83,18.61,35.37,58.27,80.84,166.69,221.64,0.95,2,2,3,1,2,0
2022-08-13,24.2309,90.1105,16.95,72.31,966.91,145.54,555.2,38.5,4.97,8.97,12.89,14.53,24.41,40.36,62.16,0.563,0,1,1,3,0,1
2022-08-13,13.8407,100.539,39.48,24.43,1008.65,61.2,1129.0,8.4,0.07,0.14,0.24,0.38,0.49,0.73,1.48,0.05,2,0,0,0,1,3
2022-08-14,20.6151,86.0381,23.38,45.5,1003.37,153.5,974.0,44.1,3.09,6.93,9.67,16.53,27.84,61.21,121.48,0.754,0,1,2,2,0,0
2022-08-14,25.592,-79.962,21.78,30.06,1008.15,142.7,275.4,43.4,1.11,1.63,2.04,2.38,2.73,4.74,8.81,0.05,0,0,1,2,0,2
2022-08-15,-6.0985,106.8588,18.18,68.0,1013.76,47.94,1525.8,5.6,12.26,15.57,24.82,37.96,62.76,84.43,138.53,0.95,0,2,1,1,0,0
2022-08-16,15.3613,75.3753,35.64,46.07,971.39,38.51,1888.1,21.1,1.4,3.2,4.27,5.6,7.51,11.35,20.26,0.05,5,0,0,1,1,3
2022-08-16,20.7181,85.5446,22.66,60.66,977.26,27.04,658.6,44.6,3.94,7.07,8.56,16.21,25.45,40.22,83.63,0.592,0,1,2,1,0,0
2022-08-17,15.2996,75.6009,32.4,56.1,967.84,74.47,1861.2,38.6,3.67,6.46,11.1,15.63,18.58,30.89,53.45,0.295,0,0,1,2,0,2
2022-08-17,10.2586,-67.0066,27.8,72.47,997.31,124.97,1085.9,25.2,5.82,9.97,18.26,26.43,36.8,77.73,106.87,0.745,0,1,2,2,0,0
2022-08-18,15.172,76.0936,37.95,81.77,985.62,35.72,1824.7,38.5,2.93,5.97,11.32,15.09,19.59,40.15,68.75,0.456,4,0,1,1,2,2
2022-08-18,22.2361,88.259,36.76,57.48,960.43,143.77,1906.4,11.6,4.66,6.16,8.05,11.72,18.65,42.91,93.16,0.509,8,1,1,3,2,1
2022-08-18,-6.6198,107.1749,26.35,97.84,987.38,4.98,500.2,17.3,2.13,4.28,7.41,11.17,18.84,27.04,34.55,0.421,0,0,1,0,0,1
2022-08-18,9.7436,76.9199,26.97,75.92,1009.24,122.06,549.1,9.6,3.12,6.52,9.7,11.48,18.39,28.68,39.19,0.345,0,0,0,1,0,1
2022-08-19,25.6174,-80.5154,25.98,59.53,989.38,33.15,1631.9,1.4,0.07,0.12,0.2,0.26,0.39,0.71,1.1,0.05,0,0,0,0,0,2
2022-08-20,14.3026,-87.3786,19.11,77.46,947.54,45.35,1197.7,2.6,0.72,1.67,3.47,5.87,7.49,11.33,20.91,0.309,0,0,0,1,0,1
2022-08-20,20.7796,85.8838,16.36,93.87,997.04,10.82,144.6,45.1,4.33,5.73,10.09,14.48,23.92,36.56,57.87,0.64,0,1,2,0,0,1
2022-08-20,14.5375,-86.7045,42.33,20.79,978.9,115.58,617.7,46.5,3.55,5.19,9.93,18.74,23.88,52.23,113.72,0.42,5,1,2,2,2,1
2022-08-21,13.7784,-86.9674,37.73,54.95,1001.45,139.28,328.5,12.4,2.74,5.92,7.3,13.78,19.55,31.89,47.6,0.204,1,0,0,2,1,2
2022-08-21,15.2899,75.359,29.54,86.94,1009.25,102.63,641.8,20.0,5.42,10.59,21.82,39.24,54.9,85.24,112.86,0.832,0,1,2,1,0,0
2022-08-21,10.4738,76.7292,29.61,72.33,996.42,129.17,2006.4,28.5,3.5,8.07,16.44,26.82,29.65,39.29,80.86,0.565,0,1,1,2,0,1
2022-08-21,13.8898,-87.4044,34.46,36.72,983.58,126.26,1901.0,41.1,0.61,1.16,2.35,2.66,4.41,6.6,12.34,0.05,0,0,1,2,0,3
2022-08-21,-5.8049,107.3227,8.74,17.98,1020.93,55.86,987.1,1.4,1.1,2.38,4.17,7.1,10.03,15.76,26.52,0.168,0,0,0,0,0,2
2022-08-22,28.8465,77.6253,14.75,18.97,965.46,23.91,1340.0,9.3,0.14,0.17,0.33,0.52,0.7,1.59,2.02,0.05,0,0,0,1,0,2
2022-08-22,28.5138,77.2834,18.63,54.5,1021.37,4.7,1826.0,17.2,5.81,10.0,18.5,32.75,46.81,97.3,123.41,0.85,0,1,2,0,0,0
2022-08-22,15.1193,75.5365,43.8,15.83,977.63,132.02,986.3,34.7,4.12,5.96,9.56,14.85,23.77,51.98,101.88,0.311,9,0,1,2,3,2
2022-08-22,18.4248,-66.5778,27.55,81.93,982.1,89.45,471.8,29.9,5.6,12.35,23.37,25.91,45.41,57.67,110.11,0.81,0,1,2,2,0,0
2022-08-23,14.545,-87.6566,8.71,31.93,983.51,26.22,2373.2,37.2,6.66,15.82,28.59,37.55,61.2,116.35,170.74,0.95,0,2,3,1,0,0
2022-08-23,-5.9897,107.0443,34.5,22.37,1007.16,98.15,40.3,29.0,0.55,0.75,1.0,1.49,1.76,2.38,3.47,0.05,0,0,0,1,0,3
2022-08-24,25.0201,82.7653,22.84,38.79,1011.89,6.88,1426.3,42.0,1.85,2.82,4.63,7.75,11.33,13.7,17.51,0.078,0,0,1,0,0,2
2022-08-24,14.3743,-87.2064,15.23,32.51,969.19,58.67,1696.3,4.0,2.33,4.19,7.35,9.91,12.7,22.61,42.05,0.272,0,0,0,1,0,1
2022-08-24,35.9571,140.0277,20.74,35.9,996.84,17.41,580.7,26.8,5.29,11.86,18.78,35.32,57.98,97.58,155.3,0.945,0,2,2,0,0,0
2022-08-25,28.4144,77.1493,22.22,95.33,1007.36,58.94,630.5,13.9,6.17,10.38,20.33,37.14,52.92,123.53,185.29,0.95,0,2,2,1,0,0
2022-08-25,9.9725,77.4929,8.41,40.81,987.91,52.98,1666.2,25.3,11.24,18.31,33.87,59.9,76.52,161.07,256.64,0.95,0,2,3,1,0,0
2022-08-26,14.3296,120.9705,39.32,56.16,1010.21,119.16,1390.5,11.0,1.5,2.1,2.53,2.95,4.81,5.97,9.55,0.05,3,0,0,1,2,3
2022-08-26,18.6583,73.3463,18.97,56.38,973.08,47.33,1074.3,29.7,3.03,4.03,5.63,6.22,8.75,18.59,30.01,0.271,0,0,1,1,0,1
2022-08-26,-6.6297,107.3324,13.53,91.52,990.65,144.2,2323.4,33.4,1.21,2.79,4.79,6.58,9.36,15.79,33.72,0.504,0,0,1,2,0,1
2022-08-27,13.444,100.0137,45.49,30.2,984.29,59.13,744.3,35.2,4.48,9.57,14.41,19.99,29.65,35.71,76.91,0.204,9,0,1,1,3,2
2022-08-28,25.3609,-79.7183,37.89,17.89,996.84,85.65,500.8,31.0,3.36,7.25,14.42,21.75,31.39,61.08,117.84,0.473,1,1,1,1,1,1
2022-08-28,16.9137,81.095,12.48,17.24,1001.41,106.32,1442.4,41.3,0.3,0.4,0.79,1.19,1.54,3.21,6.72,0.05,0,0,1,1,0,2
2022-08-29,13.3238,80.6029,40.25,29.46,979.3,119.89,2352.2,45.7,8.04,11.18,22.62,40.78,55.62,93.08,154.5,0.734,9,1,2,2,2,0
2022-08-29,13.4686,100.5141,31.1,94.08,951.69,117.13,2087.2,47.4,1.43,2.33,3.28,5.68,6.8,10.34,15.46,0.242,0,0,1,2,0,2
2022-08-29,25.4488,-80.2756,25.83,39.09,991.64,19.13,1463.6,27.5,5.5,13.11,18.69,28.18,48.93,104.82,176.87,0.95,0,2,2,0,0,0
2022-08-30,26.1786,-79.8342,29.11,94.38,1022.3,152.93,41.4,34.6,7.88,16.45,25.9,43.51,61.39,126.28,250.08,0.95,0,3,3,2,0,0
2022-08-30,12.6621,79.9656,8.16,43.04,948.78,132.09,2127.9,25.1,6.41,13.1,21.61,30.06,38.67,58.44,102.98,0.765,0,1,2,3,0,0
2022-08-30,13.5231,100.0197,8.25,55.05,988.14,94.67,2328.3,47.2,2.62,5.8,7.4,11.28,17.77,33.37,47.74,0.474,0,0,2,1,0,1
2022-08-30,10.1584,77.5118,18.91,61.89,952.32,65.29,1800.9,33.4,16.35,25.07,41.32,56.34,79.35,176.82,333.17,0.95,0,3,3,2,0,0
2022-08-30,35.6,139.4737,44.38,25.46,991.56,139.34,242.1,24.0,7.01,15.99,26.59,29.78,34.96,66.57,88.13,0.263,2,1,1,2,2,2
2022-08-31,25.4255,-79.9835,20.65,26.05,955.47,134.59,1039.0,27.1,9.4,14.16,26.73,39.46,49.28,109.58,206.0,0.95,0,2,2,3,0,0
2022-08-31,23.8989,90.7786,8.1,54.11,978.04,20.38,2139.2,5.6,1.08,2.25,3.07,3.57,6.35,9.86,12.43,0.25,0,0,0,1,0,2
2022-09-01,18.586,-66.0371,36.42,76.22,1027.31,56.56,108.0,17.1,8.49,11.04,19.68,28.31,49.4,114.33,226.97,0.95,8,3,2,0,2,0
2022-09-01,22.6,88.4284,39.67,23.09,1016.29,24.91,421.2,4.1,2.3,4.54,8.53,9.57,11.72,22.8,39.34,0.05,8,0,0,0,2,3
2022-09-01,18.879,72.7015,13.04,67.16,969.14,12.47,2347.1,31.3,0.8,1.45,2.25,2.79,4.95,11.04,17.32,0.295,0,0,1,1,0,2
2022-09-01,12.0386,93.0274,21.03,34.81,1022.2,18.19,1678.2,9.5,7.47,17.58,28.46,51.32,56.64,123.7,176.72,0.95,0,2,2,0,0,0
2022-09-01,13.3677,80.2058,35.41,81.11,1010.01,6.29,2233.4,34.4,5.86,11.57,19.39,31.33,42.36,74.1,141.71,0.932,7,1,2,0,2,0
2022-09-01,13.8366,100.7788,40.11,60.7,959.7,24.68,1378.4,17.9,2.86,5.14,8.95,10.07,11.31,23.37,32.56,0.115,4,0,0,1,2,3
2022-09-02,13.3591,79.8846,9.01,59.62,998.6,106.46,839.7,7.2,2.87,5.12,10.72,16.72,20.52,33.53,58.05,0.552,0,0,0,1,0,1
2022-09-03,29.0948,77.1344,16.0,24.79,1003.31,58.83,763.8,32.4,1.42,2.68,3.94,6.8,8.97,16.52,20.21,0.094,0,0,1,1,0,2
2022-09-03,13.447,80.3858,23.23,38.56,999.14,97.75,1111.3,31.1,8.47,15.16,22.93,33.96,40.81,53.74,86.55,0.505,0,1,1,1,0,0
2022-09-03,11.9122,92.462,14.9,78.91,991.1,43.34,2249.8,1.1,4.53,7.51,12.54,16.72,22.15,26.98,52.07,0.549,0,0,0,1,0,1
2022-09-04,35.7269,140.095,11.2,51.95,951.09,52.46,844.9,29.0,13.04,18.3,27.38,42.98,52.44,107.65,172.63,0.95,0,2,2,2,0,0
2022-09-04,25.0204,82.7603,14.22,18.66,977.7,65.71,1083.3,39.8,0.36,0.74,1.11,1.5,2.63,3.94,7.26,0.05,0,0,1,1,0,2
2022-09-06,20.6679,85.3998,45.39,45.72,1014.82,134.16,297.6,40.7,1.37,2.62,4.41,7.19,11.64,20.13,42.04,0.058,3,0,1,1,2,3
2022-09-06,13.6391,-87.4228,26.15,62.73,985.11,117.53,1010.8,37.4,5.0,7.66,9.85,17.54,21.37,26.44,42.37,0.312,0,0,1,2,0,1
2022-09-06,23.3812,90.6022,17.71,72.2,1025.48,116.03,1180.3,29.0,0.54,1.17,2.04,3.82,6.82,11.09,24.27,0.319,0,0,1,1,0,1
2022-09-06,19.2085,72.6568,23.58,85.75,986.52,105.87,941.9,13.0,10.83,20.84,42.53,53.7,64.59,143.84,270.55,0.95,0,2,2,2,0,0
2022-09-07,22.9548,88.1043,27.3,76.66,986.48,131.33,1159.7,2.0,0.53,1.09,1.75,2.57,4.59,8.66,11.4,0.172,0,0,0,2,0,2
2022-09-07,20.3417,85.8099,15.62,23.98,1014.57,109.0,493.5,45.3,0.09,0.14,0.17,0.21,0.26,0.56,1.23,0.05,0,0,1,1,0,2
2022-09-08,25.5498,-80.3836,32.83,51.41,1026.52,133.89,1853.3,13.5,12.74,26.65,46.5,85.44,103.68,141.71,249.94,0.95,0,3,2,2,0,0
2022-09-08,13.3375,80.0651,34.95,37.55,960.82,30.25,822.4,20.9,6.22,8.36,15.56,23.73,30.89,55.34,83.01,0.372,0,1,1,1,0,1
2022-09-08,25.3798,82.6692,30.24,60.47,999.02,26.47,2387.6,7.0,5.84,8.55,13.64,18.54,24.39,43.51,62.64,0.391,0,0,0,0,0,1
2022-09-08,13.1735,80.7375,26.47,72.59,975.61,143.25,2046.4,42.0,3.29,5.81,8.9,10.64,18.77,28.46,56.98,0.445,0,0,1,2,0,1
2022-09-08,-6.2723,106.7951,9.3,41.28,959.51,75.95,355.3,7.1,7.33,16.9,34.95,57.47,94.23,207.58,385.88,0.95,0,3,3,2,0,0
2022-09-09,13.6991,100.6817,12.73,19.86,1024.04,95.72,250.9,41.2,2.59,5.51,7.24,13.22,20.01,41.74,51.4,0.296,0,1,1,1,0,1
2022-09-09,14.8893,75.8665,30.0,93.28,967.13,145.31,1932.1,35.2,5.41,10.42,14.79,18.51,31.59,65.4,92.42,0.729,0,1,2,3,0,0
2022-09-09,25.6665,-79.8705,45.21,61.19,952.33,56.54,1362.3,30.2,0.62,1.37,2.32,3.53,5.22,6.65,12.98,0.05,6,0,0,1,3,3
2022-09-10,14.3539,121.284,23.53,35.43,975.88,30.82,1078.8,19.9,3.27,7.62,10.42,14.94,22.31,41.42,77.1,0.429,0,0,1,1,0,1
2022-09-10,35.716,140.0705,15.73,90.18,1016.83,85.63,2045.7,3.2,2.16,3.05,5.96,11.19,19.6,35.36,60.5,0.645,0,1,0,1,0,1
2022-09-11,10.3301,77.375,33.14,30.16,1024.13,113.47,2292.3,13.7,3.1,6.44,11.85,13.24,23.82,55.11,72.73,0.29,0,0,1,1,0,1
2022-09-11,9.6894,77.4925,22.65,47.34,952.51,71.91,1615.9,45.7,3.65,7.23,13.79,20.79,23.34,52.93,84.82,0.539,0,1,2,2,0,0
2022-09-11,13.407,80.5374,17.87,61.79,978.65,54.88,746.0,41.1,5.13,9.38,16.87,31.84,43.88,81.67,141.58,0.95,0,1,2,1,0,0
2022-09-11,14.2588,121.0395,34.08,63.96,992.77,18.88,846.2,39.1,0.67,1.51,1.98,2.45,3.51,8.19,12.53,0.059,0,0,1,0,0,2
2022-09-12,20.2171,86.1932,43.09,28.86,950.2,134.04,1442.7,47.5,4.28,7.76,11.03,18.31,21.13,35.9,55.53,0.087,8,0,1,3,3,3
2022-09-12,10.0269,-66.5812,15.49,60.9,992.1,36.71,1963.8,44.2,0.3,0.63,1.04,1.31,1.83,3.31,5.91,0.173,0,0,1,0,0,2
2022-09-13,28.2094,77.1323,34.45,58.67,962.11,35.29,973.9,1.2,7.7,11.72,14.61,21.03,35.14,58.92,86.18,0.492,0,1,1,1,0,1
2022-09-14,15.0648,76.1245,37.54,82.21,1018.59,42.24,540.5,22.6,1.08,2.25,3.99,7.18,8.31,19.1,28.52,0.211,5,0,0,0,2,2
2022-09-15,9.7733,76.9873,36.92,64.88,954.28,122.89,192.7,1.4,5.14,9.55,17.46,24.55,27.2,43.44,78.55,0.45,2,1,0,3,1,1
2022-09-15,22.8852,87.9447,31.05,56.81,998.61,150.85,135.7,27.8,6.96,12.37,15.72,24.34,32.43,44.95,92.1,0.552,0,1,1,2,0,1
2022-09-16,9.9511,76.7051,40.41,84.8,1000.27,90.33,39.5,27.3,10.78,23.77,31.61,59.4,74.35,100.27,149.3,0.95,5,3,2,1,2,0
2022-09-16,13.1781,79.9585,26.98,29.74,981.61,147.16,931.4,11.0,3.19,5.77,9.42,11.59,20.12,38.82,70.71,0.332,0,0,0,2,0,1
2022-09-16,25.9577,-80.5099,24.05,87.57,987.76,150.89,1445.4,11.1,6.04,9.75,14.75,16.6,24.64,45.37,70.6,0.621,0,1,1,2,0,1
2022-09-16,29.8881,-90.2111,17.28,97.06,986.57,31.71,1146.0,41.7,0.08,0.16,0.27,0.33,0.55,0.9,1.34,0.292,0,0,1,0,0,2
2022-09-16,-6.1468,106.672,8.3,22.33,1000.97,61.7,1966.3,1.1,5.76,7.85,11.47,21.51,24.44,39.56,50.82,0.344,0,0,0,1,0,1
2022-09-17,14.2943,121.3912,27.62,41.49,962.59,62.21,1683.1,6.2,2.29,3.5,5.39,9.47,16.58,24.73,45.26,0.22,0,0,0,1,0,1
2022-09-18,20.473,85.6454,44.36,43.03,972.28,101.14,317.0,46.7,1.13,2.42,3.53,4.66,5.31,7.13,12.28,0.05,4,0,1,2,2,3
2022-09-18,36.0894,139.522,8.21,77.17,1012.26,139.91,1505.3,16.3,1.95,4.61,9.19,13.52,23.8,52.06,109.38,0.95,0,1,1,2,0,0
2022-09-19,25.8188,-80.0012,38.87,18.51,1025.02,134.85,996.1,7.3,7.16,14.13,23.38,31.69,47.31,80.34,133.8,0.567,8,1,1,2,2,1
2022-09-19,10.4185,-66.54,18.75,97.04,967.43,103.55,285.7,29.1,14.58,22.6,44.37,84.22,127.34,200.09,374.87,0.95,0,3,3,2,0,0
2022-09-19,26.2314,-80.2963,35.33,71.94,992.7,10.83,306.2,2.4,4.44,7.87,16.21,30.18,50.06,86.69,131.45,0.827,6,2,1,0,2,0
2022-09-20,24.2328,90.7325,31.12,95.87,1020.28,93.85,1383.7,4.9,9.91,20.3,33.54,59.9,96.53,181.12,314.99,0.95,0,3,2,1,0,0
2022-09-20,14.8913,75.4662,39.06,68.1,960.74,44.41,192.0,45.4,7.62,9.92,17.03,31.82,51.64,92.44,133.22,0.787,5,2,2,1,2,0
2022-09-20,13.9375,-87.2059,37.02,21.92,945.89,110.02,1091.6,9.1,14.07,30.25,52.05,86.49,104.52,246.11,540.55,0.95,6,3,3,3,1,0
2022-09-21,16.093,81.5629,30.92,36.69,1026.75,49.39,582.2,13.7,7.94,15.59,28.96,53.12,92.34,192.69,269.35,0.95,0,3,3,1,0,0
2022-09-21,18.3674,-65.6884,35.88,19.38,1000.13,10.67,69.6,7.7,3.71,4.69,5.72,6.83,12.05,27.58,35.48,0.05,8,1,0,0,2,2
2022-09-21,10.876,-67.191,11.33,55.97,1016.46,9.99,1542.3,47.5,2.62,4.1,7.08,10.85,12.73,18.55,34.68,0.368,0,0,1,0,0,1
2022-09-21,15.0634,76.1016,8.81,47.83,1023.1,135.32,1228.4,27.3,0.02,0.03,0.04,0.07,0.08,0.18,0.33,0.139,0,0,0,1,0,2
2022-09-21,13.4007,100.3424,36.99,65.79,953.79,25.19,226.8,27.9,7.34,12.63,16.98,26.26,43.81,91.57,190.6,0.95,4,2,2,1,1,0
2022-09-21,16.7861,81.2837,42.66,45.48,960.19,135.82,2124.5,5.3,11.94,21.97,46.01,66.99,98.7,149.95,314.74,0.95,3,3,2,3,2,0
2022-09-21,20.4881,85.8902,35.65,80.57,1026.55,65.67,1208.0,42.1,1.1,1.57,2.07,3.9,5.03,10.61,17.5,0.152,2,0,1,0,1,2
2022-09-21,14.0688,100.1412,42.49,94.18,1022.2,49.6,643.8,19.4,2.19,3.24,4.14,6.73,8.22,18.89,28.1,0.217,1,0,0,0,2,3
2022-09-21,18.7166,72.5102,15.4,53.52,1002.14,31.9,201.9,1.4,0.49,0.83,1.64,1.86,2.93,3.99,6.75,0.145,0,0,0,0,0,2
2022-09-22,14.1561,100.886,39.17,60.85,988.72,109.34,1935.6,33.4,2.1,3.33,6.53,9.9,16.32,39.08,72.06,0.371,6,0,1,2,2,2
2022-09-22,14.6202,121.0142,26.96,41.21,973.21,3.8,295.4,2.6,0.98,1.25,1.87,2.25,3.92,9.12,16.45,0.05,0,0,0,0,0,2
2022-09-22,23.3522,90.1115,42.65,84.51,985.21,14.84,893.4,20.7,11.29,21.21,37.69,65.04,97.41,186.85,270.06,0.95,6,3,3,1,3,0
2022-09-22,15.2844,75.5611,21.51,64.44,1025.59,152.41,1392.0,0.6,8.08,15.23,23.29,41.07,56.67,70.32,142.12,0.95,0,2,1,2,0,0
2022-09-23,29.9012,-89.616,26.76,41.1,956.44,115.58,2111.9,45.3,0.21,0.44,0.82,1.52,1.94,4.06,5.09,0.05,0,0,1,2,0,2
2022-09-23,13.4058,80.4436,26.79,58.06,975.04,142.78,444.7,19.1,1.67,3.01,6.24,7.86,12.14,22.7,33.2,0.228,0,0,0,2,0,2
2022-09-23,19.2273,72.8239,46.53,26.08,1001.15,39.58,460.6,19.9,1.6,2.01,3.19,5.94,8.48,13.25,28.48,0.05,9,0,0,0,3,3
2022-09-24,15.0904,75.3701,8.51,29.47,1016.96,81.96,282.8,43.5,2.94,3.63,6.85,10.13,14.92,28.88,37.38,0.29,0,0,1,1,0,1
2022-09-24,13.5694,80.2954,32.21,55.29,947.12,146.71,1800.2,9.3,1.86,3.64,4.94,7.36,11.76,16.21,23.5,0.105,0,0,0,3,0,2
2022-09-24,28.7878,77.4087,28.14,49.31,1008.69,112.57,2281.7,43.1,2.86,6.8,9.08,10.04,11.8,19.19,37.52,0.203,0,0,1,1,0,2
2022-09-24,14.7621,121.0015,42.66,95.25,975.5,52.76,730.5,37.1,4.49,5.62,7.19,11.63,15.03,19.69,31.77,0.244,5,0,1,1,3,3
2022-09-25,19.4005,72.4018,31.26,89.9,961.65,118.24,1643.8,13.1,3.85,8.89,18.02,30.2,34.24,76.93,142.92,0.95,0,1,1,2,0,0
2022-09-25,10.1043,-66.7492,33.64,19.68,1012.28,73.38,1087.7,11.3,2.36,3.86,5.48,6.77,10.9,14.94,20.44,0.05,0,0,0,1,0,2
2022-09-25,-5.9578,106.59,15.63,42.69,1002.1,101.9,1016.9,41.1,13.86,23.26,35.18,46.81,69.88,135.2,186.85,0.95,0,2,3,2,0,0
2022-09-26,14.1223,121.4107,8.41,51.12,1025.79,82.44,942.7,22.1,1.24,2.94,3.88,6.43,9.11,12.6,22.53,0.297,0,0,0,1,0,1
2022-09-26,-6.6978,106.4924,16.83,25.3,997.17,105.42,1706.8,40.7,2.85,4.39,8.65,12.51,17.57,31.47,64.06,0.362,0,0,1,1,0,1
2022-09-26,11.4634,92.6228,30.54,94.51,986.76,14.69,1488.8,16.7,6.78,11.67,16.03,20.08,32.89,49.95,98.26,0.766,0,1,1,0,0,0
2022-09-27,18.8943,73.1786,20.92,75.09,1018.35,137.78,1086.8,12.7,3.26,4.63,8.85,14.77,24.47,42.09,73.97,0.613,0,1,1,1,0,0
2022-09-28,36.1698,139.8608,17.48,66.17,1010.3,69.45,2362.9,25.9,13.51,31.82,55.36,86.64,101.71,235.47,471.7,0.95,0,3,3,1,0,0
2022-09-28,23.5566,90.1209,38.24,27.9,1012.85,105.04,1933.1,27.3,14.51,27.74,43.16,80.85,93.1,169.22,310.03,0.95,7,3,3,2,2,0
2022-09-28,13.3691,100.0078,38.14,87.36,1008.13,5.67,926.5,0.8,0.13,0.23,0.35,0.54,0.62,1.18,1.49,0.06,5,0,0,0,2,3
2022-09-28,14.3275,-87.0567,9.45,80.67,986.05,146.66,778.1,28.6,10.94,16.69,27.12,46.16,73.11,161.31,277.42,0.95,0,3,3,2,0,0
2022-09-29,17.0337,81.0657,29.6,25.56,991.92,86.39,1811.1,30.6,10.86,14.08,26.67,45.37,58.46,119.16,221.56,0.95,0,2,2,1,0,0
2022-09-29,35.9144,139.4355,33.15,53.86,989.87,52.71,2337.4,8.9,6.89,13.87,25.53,45.15,53.97,109.79,216.97,0.95,0,2,2,1,0,0
2022-09-30,10.6029,-67.1404,44.06,74.73,954.26,29.19,1889.5,40.2,2.76,5.15,9.11,13.22,20.84,27.72,59.91,0.314,4,0,1,1,2,2
2022-09-30,29.6592,-90.0994,23.51,21.11,1003.61,44.18,1250.5,1.1,2.6,3.13,6.36,9.55,11.17,17.98,22.4,0.05,0,0,0,0,0,2
2022-09-30,15.2087,75.4398,31.98,48.02,1001.29,50.17,1365.3,29.6,4.1,8.64,11.43,21.4,36.18,67.83,141.79,0.814,0,1,2,1,0,0
2022-09-30,14.4699,-87.566,18.56,96.71,953.94,64.19,1625.3,5.0,0.4,0.55,0.98,1.79,3.0,7.14,12.7,0.35,0,0,0,1,0,2
2022-09-30,22.4085,88.2562,18.32,94.84,989.43,91.01,2145.4,13.5,3.52,6.12,9.39,13.16,14.7,32.12,57.36,0.623,0,0,1,1,0,1
2022-10-01,10.0829,76.7066,37.38,16.18,950.35,60.0,1872.7,13.6,16.4,37.77,74.72,82.74,146.85,280.44,502.35,0.95,4,3,3,3,1,0
2022-10-01,12.8619,80.6691,20.84,53.57,1015.31,145.47,1023.1,44.8,0.62,0.86,1.77,2.67,3.28,5.86,11.62,0.127,0,0,1,1,0,2
2022-10-01,11.4648,92.8815,37.87,62.52,980.31,115.84,2318.0,11.4,0.54,1.24,2.23,3.23,4.85,10.16,20.05,0.065,2,0,0,2,1,3
2022-10-01,25.7031,-80.5243,10.54,45.62,1014.12,51.93,1747.3,5.0,3.77,5.96,11.17,13.5,23.33,34.79,54.03,0.449,0,0,0,0,0,1
2022-10-02,18.7069,73.1345,36.9,77.61,950.61,153.46,2060.9,24.6,4.45,9.29,18.09,23.59,32.09,69.3,136.45,0.87,5,1,2,3,2,0
2022-10-03,10.1983,-67.2695,14.0,73.54,965.22,73.7,1419.9,42.6,7.69,16.11,19.84,30.95,51.09,62.37,109.13,0.889,0,1,2,2,0,0
2022-10-05,22.523,88.6876,10.36,87.22,973.55,133.5,1636.9,32.5,0.17,0.4,0.64,0.76,1.24,2.78,5.92,0.339,0,0,1,2,0,2
2022-10-05,28.7128,77.011,39.49,84.49,989.23,139.15,1768.6,3.1,2.87,5.85,9.87,17.43,22.84,29.2,53.54,0.36,3,0,0,2,2,2
2022-10-05,18.7997,73.2415,34.27,37.85,1004.56,38.15,395.4,30.6,4.04,5.74,9.53,17.2,27.17,54.64,105.1,0.517,0,1,1,0,0,1
2022-10-06,35.5688,139.3796,17.69,19.54,991.86,50.55,1710.4,4.3,11.87,16.91,25.73,38.2,65.82,136.05,182.96,0.95,0,2,2,1,0,0
2022-10-06,30.0471,-89.8769,11.81,53.9,951.76,106.37,1897.3,46.2,0.56,1.03,1.76,3.23,4.97,6.83,11.18,0.208,0,0,1,2,0,2
2022-10-07,14.3814,-87.1699,16.09,24.1,968.04,27.29,1709.3,31.8,0.51,0.88,1.29,1.77,2.66,6.06,12.71,0.05,0,0,0,1,0,2
2022-10-07,36.1302,140.1323,31.81,82.6,987.74,83.81,578.5,22.3,1.04,1.59,2.47,2.81,4.97,11.42,22.8,0.229,0,0,0,1,0,2
2022-10-07,22.993,88.1073,26.55,33.81,1024.55,19.59,1460.9,35.1,1.1,1.82,2.9,4.69,6.84,9.78,20.46,0.05,0,0,1,0,0,2
2022-10-07,26.2317,-80.6091,20.55,85.56,1024.94,20.78,1146.4,11.5,5.1,6.78,12.86,21.09,32.52,55.97,95.24,0.797,0,1,1,0,0,0
2022-10-08,20.3016,85.5951,8.43,25.23,951.22,59.13,128.8,30.2,0.74,1.34,1.73,3.05,5.02,8.35,17.62,0.148,0,0,1,1,0,2
2022-10-09,14.3004,-87.5728,25.36,72.63,1014.32,40.86,1600.5,6.4,0.41,0.63,0.83,1.21,2.07,2.67,4.17,0.126,0,0,0,0,0,2
2022-10-09,13.9952,100.1504,36.41,96.27,1005.41,14.86,1512.7,39.9,0.62,1.47,2.59,4.88,7.52,15.06,29.51,0.291,8,0,1,0,2,2
2022-10-09,28.3486,77.5475,9.75,96.39,1024.36,120.39,134.7,20.9,1.85,3.46,4.33,6.23,10.16,24.36,43.74,0.623,0,1,1,1,0,1
2022-10-09,24.827,82.7051,21.15,72.0,979.24,44.89,1478.8,35.7,1.03,1.61,2.86,5.35,6.69,13.28,27.98,0.31,0,0,1,1,0,1
2022-10-09,25.0751,82.6326,8.92,87.55,983.92,141.29,1661.7,20.7,0.46,0.86,1.58,2.88,4.95,7.48,9.54,0.376,0,0,0,2,0,2
2022-10-10,25.8251,-80.4686,18.38,68.4,953.16,3.88,1197.2,22.4,0.74,1.14,1.4,2.43,3.19,4.67,9.36,0.202,0,0,0,1,0,2
2022-10-10,11.3825,92.3653,14.03,52.37,984.36,131.68,871.2,4.3,3.22,6.42,11.07,16.52,20.64,38.11,47.11,0.405,0,0,0,2,0,1
2022-10-10,29.0322,77.2746,8.78,82.01,952.7,14.0,1865.6,2.0,6.47,12.41,22.0,40.71,69.48,89.71,184.17,0.95,0,2,1,1,0,0
2022-10-11,18.0879,-65.6939,12.98,27.3,987.19,92.2,1688.5,21.7,7.0,8.98,11.76,15.08,17.66,37.21,58.16,0.37,0,0,1,1,0,1
2022-10-11,22.5813,88.1812,42.72,95.5,987.72,39.66,1332.7,41.9,0.11,0.25,0.35,0.47,0.64,1.47,2.02,0.058,1,0,1,1,2,3
2022-10-12,18.2385,-66.4491,37.09,57.71,997.84,39.21,405.1,3.5,6.11,12.54,18.36,32.49,54.7,74.68,142.91,0.818,1,2,1,1,1,0
2022-10-12,14.1662,100.9557,25.76,37.07,978.88,107.89,2030.5,17.4,0.93,1.82,3.69,4.6,7.65,13.56,27.11,0.104,0,0,0,2,0,2
2022-10-12,20.6132,85.423,8.12,40.19,954.01,74.34,1625.8,42.0,4.84,11.26,14.06,15.6,24.38,37.72,54.83,0.452,0,0,1,2,0,1
2022-10-13,25.5393,83.0413,12.96,90.42,961.05,50.88,849.5,14.1,6.72,10.72,20.74,39.31,66.38,107.23,204.94,0.95,0,2,2,1,0,0
2022-10-13,25.6169,83.4654,23.52,73.72,997.81,154.35,2040.9,14.0,0.37,0.49,0.75,1.11,1.72,3.83,8.39,0.174,0,0,0,2,0,2
2022-10-13,16.243,81.444,28.53,23.64,945.57,51.33,562.8,17.7,1.51,2.95,5.35,6.43,9.27,21.01,28.33,0.05,0,0,0,2,0,2
2022-10-13,13.5938,100.6977,37.99,82.17,998.5,44.68,1926.8,12.5,1.26,2.43,4.42,6.17,9.34,13.99,27.91,0.203,4,0,0,1,2,2
2022-10-13,25.6671,83.0536,9.17,46.29,953.02,61.91,2323.3,22.1,3.33,5.63,8.35,13.26,20.35,39.45,48.4,0.43,0,0,1,2,0,1
2022-10-14,20.7427,86.1036,43.83,62.84,1003.63,65.81,538.4,34.9,3.28,5.91,10.41,13.19,21.84,51.06,106.77,0.554,5,1,1,1,2,1
2022-10-14,11.6891,92.698,21.9,35.53,997.89,101.04,40.8,35.3,0.91,1.97,3.84,6.67,9.24,14.95,24.45,0.115,0,1,1,1,0,2
2022-10-14,20.2016,86.2414,15.93,59.29,1018.13,21.91,1355.1,36.3,4.76,9.3,19.04,28.29,48.55,94.36,182.82,0.95,0,2,2,0,0,0
2022-10-15,12.8104,80.458,21.27,18.94,996.79,74.54,829.2,33.9,4.01,6.39,11.75,16.2,20.34,41.98,80.94,0.399,0,0,1,1,0,1
2022-10-15,11.883,92.7612,29.93,94.74,1019.07,21.67,747.3,12.0,2.97,6.43,12.11,20.36,27.74,37.94,53.52,0.493,0,0,1,0,0,1
2022-10-16,14.0338,-86.866,38.89,77.73,968.88,11.29,216.2,20.8,0.71,1.22,1.53,2.23,3.86,7.77,9.83,0.061,9,0,0,1,3,3
2022-10-16,22.1025,88.4165,14.27,78.25,945.05,69.16,210.3,26.7,1.49,1.84,2.97,4.62,5.88,12.46,19.58,0.348,0,0,1,2,0,1
2022-10-16,11.5398,92.8285,32.82,44.2,971.21,95.58,320.6,12.5,0.15,0.19,0.27,0.3,0.38,0.75,0.95,0.05,0,0,0,2,0,3
2022-10-17,16.1864,81.1598,15.83,49.16,994.87,26.52,507.0,13.9,2.49,4.51,8.72,14.84,25.82,56.79,82.57,0.596,0,1,1,0,0,0
2022-10-17,29.8627,-90.5501,28.7,96.0,989.43,70.5,1401.6,46.6,5.96,8.36,16.08,28.51,45.15,89.79,147.33,0.95,0,1,3,1,0,0
2022-10-17,22.1376,88.19,38.92,54.87,970.34,66.77,43.6,34.6,0.37,0.67,1.15,1.27,2.27,3.55,4.53,0.05,9,0,1,1,2,3
2022-10-17,10.5404,-67.2616,33.29,43.09,991.86,73.78,899.7,26.0,1.69,3.66,6.02,10.97,13.78,18.39,29.07,0.075,0,0,0,1,0,2
2022-10-18,20.273,86.1955,27.21,34.69,1000.06,21.53,518.3,12.7,3.07,5.72,9.54,11.24,18.5,25.13,53.75,0.246,0,0,0,0,0,1
2022-10-18,24.0202,90.2842,29.29,82.41,958.57,48.58,1487.8,9.0,2.43,5.63,11.47,15.87,23.19,33.35,72.65,0.562,0,1,1,1,0,1
2022-10-19,-5.8689,107.3,45.64,46.31,962.35,141.92,348.4,14.6,0.8,1.5,2.35,3.12,5.11,10.2,22.39,0.05,9,0,0,2,3,3
2022-10-19,35.5056,140.0468,45.63,66.69,1017.89,17.9,605.1,15.7,1.26,1.77,3.51,5.04,8.94,16.99,22.74,0.05,9,0,0,0,3,3
2022-10-19,28.9499,76.8331,28.89,89.76,1005.69,103.06,2128.7,43.6,1.7,3.93,4.91,8.4,11.22,20.03,40.78,0.4,0,0,1,1,0,1
2022-10-20,-6.629,107.2047,24.67,35.28,1015.19,50.86,1984.6,42.9,0.21,0.38,0.6,0.85,1.16,2.13,2.83,0.05,0,0,1,0,0,2
2022-10-21,29.7439,-90.3329,9.56,39.19,962.23,38.44,2180.4,22.7,2.2,4.65,6.23,9.28,13.0,24.91,54.79,0.434,0,0,1,1,0,1
2022-10-22,20.1008,85.7979,37.27,48.3,955.27,78.11,1832.4,4.1,0.62,1.2,2.04,3.72,6.21,14.3,23.82,0.05,9,0,0,2,2,3
2022-10-22,35.279,139.3985,31.4,55.31,990.31,143.71,2091.4,37.8,1.12,2.57,3.31,5.9,7.85,9.93,18.56,0.082,0,0,1,2,0,2
2022-10-23,25.0426,82.7953,44.78,52.9,991.23,30.33,801.3,33.9,0.46,0.87,1.59,1.75,2.95,3.74,5.41,0.05,2,0,0,0,2,3
2022-10-24,10.485,77.4229,19.3,37.37,957.02,90.97,405.4,20.7,2.16,2.65,3.22,4.88,7.75,18.06,24.91,0.15,0,0,0,2,0,2
2022-10-24,10.3288,-66.7009,16.44,17.23,963.22,68.61,192.5,34.5,2.81,4.84,8.07,13.11,23.55,50.16,87.3,0.474,0,1,1,1,0,0
2022-10-24,22.3599,87.9303,25.09,26.47,985.72,147.25,1755.9,35.6,4.96,10.38,12.64,23.25,39.09,59.79,104.8,0.547,0,1,2,2,0,0
2022-10-25,-6.4323,107.149,9.86,64.43,1015.62,91.87,1022.4,4.1,4.59,5.92,10.29,18.87,26.29,55.85,111.69,0.901,0,1,1,1,0,0
2022-10-26,25.615,-79.6905,38.74,37.34,967.17,104.38,1743.3,46.1,6.64,14.52,26.47,31.63,52.71,122.41,194.72,0.95,2,2,3,2,1,0
2022-10-27,25.2162,82.6668,17.76,26.1,978.42,143.12,118.8,47.6,0.82,1.39,1.72,2.7,3.88,7.76,13.52,0.05,0,0,1,2,0,2
2022-10-29,22.8732,88.3898,8.91,21.49,963.85,125.39,1585.6,42.9,8.23,13.58,20.79,36.77,51.42,114.6,195.5,0.95,0,2,3,2,0,0
2022-10-29,10.498,76.7088,8.55,86.56,964.85,97.28,704.7,6.9,0.99,1.75,3.55,5.01,5.71,7.01,9.88,0.377,0,0,0,2,0,2
2022-10-29,25.2551,82.474,40.06,94.4,969.18,121.64,847.0,0.6,3.2,5.42,10.2,17.33,30.54,52.69,88.65,0.619,2,1,1,2,2,1
2022-10-29,12.0602,92.6382,28.75,25.96,961.29,137.69,1516.6,19.5,4.47,9.7,12.64,22.42,39.52,51.69,78.78,0.349,0,1,1,3,0,1
2022-10-30,20.4978,85.7269,27.0,20.73,979.42,22.5,2386.8,1.6,2.89,4.73,8.26,12.65,22.04,31.27,41.27,0.107,0,0,0,1,0,2
2022-10-31,35.7744,140.0153,32.36,87.44,982.86,125.7,1879.6,20.2,2.43,4.96,6.09,11.04,18.09,27.12,59.15,0.473,0,0,1,2,0,1
2022-11-01,16.4884,81.857,35.07,56.59,1010.6,41.9,2117.5,14.6,10.57,20.81,28.66,49.32,72.71,122.84,205.4,0.95,5,2,2,1,1,0
2022-11-01,24.1614,90.1316,36.89,86.97,971.86,35.97,810.3,43.6,1.89,3.75,4.75,6.29,7.92,10.1,13.34,0.143,9,0,1,1,3,3
2022-11-01,25.9715,-80.3124,20.7,96.63,962.05,17.73,751.5,42.6,2.58,3.52,4.87,6.57,9.94,15.89,30.94,0.444,0,0,1,1,0,1
2022-11-01,19.5671,72.6442,29.58,62.48,997.29,129.81,1707.5,12.9,1.76,3.89,6.89,8.5,11.29,24.27,33.3,0.223,0,0,0,2,0,2
2022-11-02,14.3143,121.3089,40.7,17.49,1002.41,89.67,1852.2,6.8,7.18,11.39,13.76,22.36,38.05,61.81,106.78,0.377,7,1,1,1,2,1
2022-11-02,25.7107,-79.7612,21.62,74.06,993.36,55.12,1885.0,32.2,0.02,0.04,0.06,0.1,0.14,0.32,0.59,0.144,0,0,0,1,0,2
2022-11-02,15.4169,75.2166,20.27,92.0,1027.74,86.04,1275.9,31.6,2.92,4.07,5.88,7.42,8.54,11.69,25.39,0.393,0,0,1,1,0,1
2022-11-02,12.9131,80.5693,30.52,59.92,963.05,2.1,2397.2,20.3,1.17,2.48,4.3,7.76,12.78,19.66,35.24,0.215,0,0,0,1,0,2
2022-11-02,22.5275,88.0686,46.9,47.72,965.64,8.39,738.8,28.2,2.6,4.4,6.71,12.63,18.32,22.18,42.13,0.054,8,0,1,1,3,3
2022-11-02,15.6795,75.97,45.31,16.94,989.65,35.35,1339.8,22.7,3.0,5.58,11.52,17.76,30.06,47.61,77.99,0.153,4,0,1,1,2,2
2022-11-04,12.8202,80.1379,11.45,55.76,1004.88,136.59,1371.3,32.9,4.33,5.28,10.81,15.0,18.36,32.46,62.76,0.542,0,0,1,2,0,1
2022-11-07,25.8905,-80.1601,38.24,62.68,1002.74,143.42,1710.3,18.0,4.37,5.46,8.45,12.04,14.65,17.99,23.99,0.087,1,0,0,2,1,3
2022-11-07,28.4926,77.4999,30.29,16.24,993.6,146.82,1329.3,25.6,3.88,8.71,14.88,21.21,23.88,31.84,58.86,0.166,0,0,1,2,0,2
2022-11-07,35.5715,139.4881,23.28,28.5,1005.95,33.95,142.4,26.7,3.17,7.12,12.24,16.85,28.01,51.77,66.23,0.332,0,1,1,0,0,1
2022-11-08,16.9954,81.5083,17.89,57.64,1002.7,95.73,1231.0,38.0,2.23,3.57,6.59,12.19,18.54,28.47,55.88,0.449,0,0,1,1,0,1
2022-11-08,11.8744,92.5916,17.89,68.29,967.87,77.66,293.8,28.4,1.33,2.6,5.01,7.96,10.4,15.67,23.93,0.297,0,0,1,1,0,1
2022-11-08,35.5273,140.0411,33.58,91.8,965.56,132.85,2209.3,43.3,10.63,23.5,40.75,58.19,84.04,188.85,283.54,0.95,0,3,3,3,1,0
2022-11-08,15.6309,75.8361,21.17,44.12,984.65,66.57,2242.1,34.7,0.3,0.49,0.65,0.86,1.52,3.11,3.76,0.05,0,0,0,1,0,2
2022-11-08,22.6014,88.7389,38.66,39.35,972.76,26.6,958.9,4.6,1.36,2.24,3.2,3.78,5.54,12.4,19.04,0.05,2,0,0,1,1,3
2022-11-08,9.9018,76.7669,10.08,41.48,973.37,18.05,1780.6,37.4,3.06,5.21,9.1,16.55,22.35,35.78,65.22,0.505,0,0,1,1,0,1
2022-11-09,22.7593,88.4073,40.64,86.28,949.11,62.99,65.9,40.4,0.68,1.37,2.08,3.65,5.32,8.45,12.88,0.103,9,0,1,2,3,3
2022-11-09,16.6434,81.4091,10.77,60.0,1018.8,105.37,600.7,27.7,10.04,20.76,37.79,70.84,117.54,160.32,248.12,0.95,0,3,3,1,0,0
2022-11-09,14.2134,120.6558,34.28,39.47,965.61,101.47,258.0,27.8,9.04,20.08,39.48,53.0,84.32,180.12,378.5,0.95,0,3,3,2,0,0
2022-11-09,18.5153,-66.0724,42.15,77.44,946.46,81.1,1271.9,19.5,1.24,2.5,3.47,6.03,10.02,17.02,25.25,0.127,3,0,0,2,2,3
2022-11-10,11.5111,93.1151,45.8,28.01,1015.79,109.49,1858.1,13.9,1.19,2.72,4.14,4.76,7.24,9.77,19.51,0.05,5,0,0,1,2,3
2022-11-10,13.0867,80.7364,30.11,48.05,1009.07,7.88,965.3,38.5,2.59,4.82,6.21,7.49,11.79,23.7,51.64,0.267,0,0,1,0,0,1
2022-11-11,25.2952,82.8436,18.92,90.65,975.26,98.32,2355.0,5.6,5.23,10.67,20.67,25.01,36.3,71.09,139.34,0.95,0,1,1,2,0,0
2022-11-11,10.6072,77.3078,24.06,52.82,1017.23,5.89,1926.2,21.8,2.18,3.47,6.06,9.94,12.05,22.64,37.69,0.257,0,0,1,0,0,1
2022-11-12,28.6239,77.6609,27.66,15.93,966.7,51.47,2045.2,40.4,0.39,0.91,1.24,1.78,2.23,4.98,9.71,0.05,0,0,1,1,0,2
2022-11-12,28.6359,77.6974,14.66,97.09,963.47,39.53,1140.1,37.5,0.45,0.9,1.16,1.36,1.54,2.85,4.66,0.337,0,0,1,1,0,2
2022-11-13,23.6849,90.0431,39.0,28.59,989.78,79.74,242.6,17.8,0.31,0.54,1.06,1.4,2.29,3.25,6.09,0.05,9,0,0,1,2,3
2022-11-13,-5.9212,106.5422,16.08,88.08,997.59,30.31,1543.6,42.1,0.33,0.5,0.87,1.04,1.8,3.44,6.14,0.293,0,0,1,0,0,2
2022-11-13,14.2048,100.4389,43.02,23.85,984.35,55.16,66.7,22.7,0.56,0.7,1.12,1.44,2.53,5.5,11.86,0.05,2,0,0,1,2,3
2022-11-14,14.2304,121.0995,23.11,49.19,1015.96,29.6,1545.2,9.6,10.39,19.07,35.04,56.67,74.38,169.69,310.07,0.95,0,3,2,0,0,0
2022-11-14,13.3493,100.8528,14.44,97.26,983.48,62.4,2207.2,25.6,4.27,9.46,13.36,16.51,18.95,43.14,60.41,0.688,0,1,1,1,0,1
2022-11-14,26.1464,-80.1487,45.11,49.05,1002.9,81.28,270.6,17.1,0.63,1.27,2.19,2.47,2.82,4.27,8.3,0.05,7,0,0,1,3,3
2022-11-14,-5.7419,106.7079,40.84,54.04,986.67,21.08,926.1,31.1,5.31,7.76,10.27,16.74,18.44,26.08,32.05,0.075,4,0,1,0,2,3
2022-11-15,24.2293,90.284,19.03,48.43,998.54,2.7,2048.4,4.1,8.08,18.9,39.52,69.07,82.84,169.61,238.02,0.95,0,2,2,0,0,0
2022-11-15,22.8128,88.187,37.19,90.91,981.02,41.58,1043.7,34.9,0.03,0.06,0.11,0.18,0.23,0.47,0.61,0.079,1,0,0,1,1,3
2022-11-16,29.0916,77.1411,22.18,78.56,1014.65,24.76,404.6,20.5,1.35,2.95,6.19,7.71,12.6,24.3,44.82,0.436,0,0,1,0,0,1
2022-11-16,36.1428,139.7672,35.04,60.39,969.14,45.73,177.7,26.0,2.09,3.23,6.7,11.76,17.26,31.52,43.93,0.231,1,1,1,1,1,2
2022-11-16,22.6596,87.8613,28.93,50.33,996.2,66.76,1654.1,4.7,0.11,0.21,0.39,0.64,0.88,1.06,1.4,0.05,0,0,0,1,0,2
2022-11-16,10.1875,77.5152,24.0,23.84,1020.2,8.31,1037.1,3.0,0.35,0.7,1.25,1.41,1.55,2.01,3.95,0.05,0,0,0,0,0,2
2022-11-16,18.1132,-66.322,32.44,22.12,966.96,154.08,649.7,28.1,2.8,4.71,5.8,7.7,13.61,16.65,31.9,0.05,0,0,0,3,0,2
2022-11-16,10.9396,-67.0148,43.67,32.32,1000.22,14.04,1449.8,8.3,4.66,7.28,11.77,18.59,22.68,47.4,71.23,0.195,1,0,0,0,2,2
2022-11-18,14.7948,120.9222,42.83,57.55,1000.67,10.4,250.1,27.3,6.31,7.97,16.62,30.05,51.42,62.24,99.98,0.497,4,1,1,0,2,1
2022-11-18,28.7146,77.2117,19.63,80.35,978.99,6.6,1842.3,43.2,0.45,0.86,1.09,1.92,3.44,6.17,9.34,0.245,0,0,1,0,0,2
2022-11-19,-6.4194,106.8642,24.85,31.93,952.3,103.44,1017.2,6.5,3.93,5.69,9.43,12.68,22.22,32.75,53.05,0.251,0,0,0,2,0,1
2022-11-20,15.3894,75.5374,22.78,65.85,985.69,102.01,96.3,5.5,13.13,31.44,58.86,76.82,135.77,197.74,381.92,0.95,0,3,3,2,0,0
2022-11-21,10.7289,-67.3548,36.96,84.86,960.05,36.2,2069.7,23.6,2.11,3.78,5.13,8.22,13.69,30.18,37.13,0.282,7,0,1,1,2,2
2022-11-22,28.428,76.8538,35.98,95.38,949.66,142.44,1007.2,1.7,1.5,2.35,3.35,5.91,8.37,13.14,19.84,0.23,7,0,0,3,2,2
2022-11-22,13.4588,80.7605,36.99,95.59,986.13,90.99,2123.3,25.4,0.26,0.54,0.72,0.99,1.67,2.56,5.46,0.132,6,0,0,1,2,3
2022-11-22,28.435,77.5756,13.18,56.1,961.01,36.83,1523.4,25.0,0.45,0.62,0.75,0.96,1.65,3.55,5.73,0.171,0,0,0,1,0,2
2022-11-22,11.2351,93.1734,8.8,45.18,989.11,135.4,1650.3,5.8,0.56,0.96,1.32,1.48,2.46,3.01,6.11,0.164,0,0,0,2,0,2
2022-11-23,28.4063,77.5385,44.8,65.2,1022.0,21.45,78.7,26.3,0.67,1.5,2.37,4.07,5.95,10.91,20.53,0.05,9,0,0,0,3,3
2022-11-23,25.5835,83.1445,13.44,37.35,979.59,133.98,682.1,44.0,2.18,4.31,6.2,7.59,12.97,17.27,34.09,0.261,0,0,1,2,0,1
2022-11-23,10.1827,76.5553,9.75,90.22,989.71,27.78,1085.2,47.8,1.27,1.93,2.52,3.98,4.63,9.81,20.79,0.451,0,0,1,0,0,1
2022-11-23,-6.0122,106.7325,10.29,54.65,1000.47,101.47,2287.0,18.7,3.46,7.84,12.26,18.17,31.73,59.03,118.04,0.893,0,1,1,1,0,0
2022-11-24,25.8522,-80.1321,31.52,81.18,1011.91,11.13,474.8,32.2,6.88,12.56,23.07,25.77,39.32,92.57,172.27,0.95,0,2,2,0,0,0
2022-11-24,22.8785,88.5441,10.65,91.96,986.29,10.61,303.8,25.8,0.06,0.14,0.27,0.41,0.72,1.09,2.24,0.335,0,0,0,0,0,2
2022-11-24,12.709,80.5268,20.02,26.32,976.51,69.53,339.5,32.3,1.28,2.77,4.94,6.66,9.0,20.98,45.07,0.219,0,0,1,1,0,1
2022-11-24,14.3927,-87.397,44.58,48.93,974.11,24.14,170.5,17.1,0.34,0.6,1.18,1.75,2.51,3.78,5.16,0.05,7,0,0,1,3,3
2022-11-24,20.3452,85.8777,29.64,43.7,992.07,103.97,554.7,6.2,3.25,6.6,13.06,16.94,20.1,47.6,59.02,0.298,0,0,0,1,0,1
2022-11-24,14.5885,121.3557,38.88,29.17,948.05,30.39,1836.6,19.7,7.21,13.19,16.09,26.92,31.69,68.05,93.1,0.361,6,1,1,1,2,1
2022-11-25,18.6248,-66.2609,46.95,34.54,1005.34,59.84,21.4,0.9,2.16,3.86,4.71,7.77,10.15,19.0,28.52,0.05,1,1,0,1,2,3
2022-11-26,30.315,-90.3459,27.18,75.77,996.32,65.98,98.9,14.8,8.81,12.93,22.66,41.38,59.66,103.54,138.85,0.95,0,2,2,1,0,0
2022-11-26,-6.3697,106.8887,8.79,61.66,983.62,102.48,353.8,40.4,0.55,1.25,2.01,3.1,5.36,8.36,11.55,0.273,0,0,1,1,0,2
2022-11-26,14.9454,76.1043,9.55,60.5,973.85,135.42,943.3,27.0,13.15,25.92,42.78,50.42,84.44,166.42,217.76,0.95,0,2,3,3,0,0
2022-11-26,23.653,90.6586,33.71,59.19,987.67,50.19,1430.2,13.2,1.54,3.01,5.34,8.34,13.11,22.21,39.85,0.212,0,0,0,1,0,2
2022-11-26,18.6603,-65.7369,28.02,17.8,987.83,92.92,859.8,36.7,0.51,1.15,2.37,2.61,4.41,7.97,13.24,0.05,0,0,1,1,0,2
2022-11-26,19.5382,73.2801,39.95,59.61,1027.27,83.05,1287.3,8.0,0.56,0.79,1.37,1.96,2.69,3.64,5.76,0.05,7,0,0,1,2,3
2022-11-26,20.5481,85.9651,30.63,92.37,953.96,16.43,1720.4,15.5,3.76,6.97,14.55,26.35,41.49,62.82,91.84,0.715,0,1,1,1,0,1
2022-11-27,25.3597,82.8659,26.96,57.89,983.11,43.15,1640.4,2.7,1.16,2.31,2.84,3.18,4.33,6.5,12.36,0.095,0,0,0,1,0,2
2022-11-28,-6.3315,107.3279,33.06,23.44,1023.55,46.08,1954.2,43.8,6.57,12.27,25.47,41.8,68.98,102.98,166.66,0.848,0,2,3,0,0,0
2022-11-29,25.7646,-79.7144,42.91,69.72,973.62,138.73,701.1,27.2,0.37,0.85,1.13,1.45,2.16,4.57,8.31,0.05,8,0,0,2,3,3
2022-11-29,14.8361,75.4678,34.2,43.22,969.99,68.2,2089.9,28.1,3.58,4.79,6.27,9.42,15.1,21.66,37.86,0.122,0,0,1,1,0,2
2022-11-29,13.9837,-87.5501,45.06,79.57,962.96,23.69,2302.8,11.9,2.17,4.19,5.26,7.24,12.75,26.02,40.79,0.207,3,0,0,1,2,3
2022-11-30,12.7198,80.3416,22.93,60.58,1003.99,73.16,801.4,39.7,15.73,22.97,45.95,70.59,99.78,226.68,478.37,0.95,0,3,3,1,0,0
2022-11-30,19.4191,72.6056,23.38,96.88,980.78,48.78,878.2,19.4,6.03,7.82,11.61,21.75,26.26,54.91,85.46,0.762,0,1,1,1,0,0
2022-11-30,11.373,93.0089,35.23,75.78,983.24,105.56,1292.7,30.4,3.18,6.36,8.77,11.53,16.23,28.16,55.6,0.372,3,0,1,2,1,2
2022-12-01,15.2387,75.9911,25.95,75.58,1000.65,130.15,124.3,25.9,3.78,7.6,15.43,22.05,36.53,78.29,115.0,0.826,0,2,2,2,0,0
2022-12-01,18.7573,-66.1321,19.91,78.21,985.03,131.77,2259.4,46.6,1.05,2.23,3.56,5.13,8.76,12.04,20.2,0.301,0,0,1,2,0,2
2022-12-01,35.5223,139.314,46.72,59.71,1024.59,15.16,1275.4,45.4,0.59,0.9,1.25,2.34,3.01,4.05,8.09,0.05,9,0,1,0,3,3
2022-12-01,-6.3964,106.7027,15.27,15.2,954.05,96.4,109.5,20.7,2.45,5.61,9.13,11.08,14.43,28.96,38.0,0.168,0,1,0,2,0,1
2022-12-02,23.3116,90.2793,38.24,77.2,1023.58,28.5,1733.4,15.8,1.16,1.95,2.84,3.69,6.04,12.32,16.13,0.104,2,0,0,0,1,3
2022-12-02,14.3726,-87.1254,39.74,82.46,993.71,118.38,438.1,8.6,6.95,12.49,17.75,29.3,50.52,98.96,153.13,0.95,7,2,2,2,2,0
2022-12-03,15.5533,75.3425,37.36,70.22,984.91,12.21,1507.0,32.3,1.25,1.63,2.7,4.02,5.25,9.85,17.81,0.091,3,0,1,0,1,3
2022-12-03,-6.3501,107.1293,16.0,15.13,975.96,46.55,2081.1,35.9,0.31,0.65,1.18,1.56,1.73,2.32,3.36,0.05,0,0,1,1,0,2
2022-12-03,22.6867,88.4859,18.01,23.37,995.26,106.02,1543.7,41.4,2.33,3.17,4.63,7.55,11.55,21.22,39.96,0.192,0,0,1,1,0,1
2022-12-03,11.642,92.8485,44.19,34.82,954.73,10.91,582.6,18.8,9.19,13.7,20.95,35.35,46.36,93.7,152.93,0.712,1,1,2,1,2,1
2022-12-03,16.1031,81.4682,25.93,49.62,975.96,60.42,2249.3,39.2,1.32,2.76,4.94,8.78,10.22,20.85,30.13,0.178,0,0,1,1,0,2
2022-12-04,26.2378,-80.6183,25.5,64.12,948.16,26.23,1688.6,32.3,0.33,0.76,1.09,1.97,3.44,6.15,9.91,0.122,0,0,1,1,0,2
2022-12-04,10.5513,-66.785,11.57,47.1,970.42,70.3,480.6,18.1,7.61,15.09,20.8,23.76,29.74,50.29,78.81,0.601,0,1,1,2,0,0
2022-12-04,19.5252,73.181,44.31,94.67,967.28,122.34,1841.2,27.0,0.57,1.33,1.97,3.08,3.43,5.88,10.68,0.094,6,0,0,2,3,3
2022-12-04,35.9639,140.091,21.23,60.2,948.41,115.96,1071.4,1.5,0.23,0.38,0.66,0.97,1.49,2.65,4.93,0.111,0,0,0,2,0,2
2022-12-06,24.1088,90.8418,43.97,92.84,1021.37,45.59,505.1,4.4,4.84,11.4,14.9,22.08,28.51,59.17,122.16,0.786,1,1,1,0,2,1
2022-12-06,35.49,139.3165,41.2,85.56,1011.88,114.17,1523.6,46.1,4.35,8.51,16.25,21.08,37.46,45.81,84.68,0.544,1,1,2,1,2,1
2022-12-06,10.6113,76.7647,21.56,39.4,984.45,34.88,683.5,3.4,1.27,2.01,4.15,6.52,10.77,13.51,17.65,0.093,0,0,0,1,0,2
2022-12-06,35.9639,139.5856,12.86,91.5,949.46,64.59,1782.8,39.5,6.48,15.13,21.8,30.65,47.32,106.56,191.91,0.95,0,2,3,2,0,0
2022-12-06,18.5721,-66.0507,32.73,79.12,971.95,115.3,2069.8,16.9,1.45,3.31,4.12,5.69,6.73,8.31,10.91,0.13,0,0,0,2,0,2
2022-12-07,19.3063,72.7096,24.45,22.25,954.61,147.38,1622.8,41.0,3.6,6.13,7.49,13.97,16.06,31.03,40.41,0.131,0,0,1,3,0,1
2022-12-07,35.828,139.1946,37.24,75.64,951.9,117.45,1591.2,29.2,11.93,19.28,34.99,54.53,74.79,160.49,257.29,0.95,5,2,3,3,2,0
2022-12-07,25.7528,82.7371,19.64,69.58,1014.28,87.43,76.6,22.4,2.17,4.02,7.25,8.09,11.74,22.38,34.54,0.354,0,1,1,1,0,1
2022-12-07,22.7028,88.482,18.77,51.2,1015.42,58.13,1652.5,2.6,1.97,2.76,5.64,9.77,11.7,19.68,25.2,0.22,0,0,0,0,0,2
2022-12-07,14.6631,120.6903,38.12,73.93,1020.0,23.55,623.7,12.5,5.34,9.75,13.92,16.83,29.03,58.95,101.9,0.626,7,1,1,0,2,1
2022-12-08,25.3846,-79.7237,40.68,62.54,984.7,14.0,150.6,28.1,0.73,1.47,3.03,4.2,6.79,15.57,31.82,0.113,4,0,0,0,2,3
2022-12-08,13.9278,100.6667,18.62,34.22,949.43,5.43,1548.7,24.2,7.87,12.28,23.44,27.72,46.33,106.81,195.18,0.95,0,2,2,1,0,0
2022-12-09,14.5231,120.9248,44.14,59.49,987.74,8.43,168.5,0.9,8.56,14.47,23.47,41.69,63.64,122.91,183.94,0.95,2,3,2,0,2,0
2022-12-09,25.2685,-79.7216,36.08,69.06,956.98,93.03,317.1,19.6,2.95,5.52,7.22,8.14,13.5,27.96,35.84,0.21,4,0,0,2,1,2
2022-12-10,16.5678,81.8079,36.04,56.82,1003.83,40.09,780.0,16.4,0.09,0.14,0.27,0.49,0.72,1.26,1.55,0.05,9,0,0,0,2,3
2022-12-10,20.1803,86.1725,24.41,84.26,984.17,100.05,218.1,36.7,2.31,3.77,6.6,7.8,10.84,23.56,34.45,0.376,0,1,1,2,0,1
2022-12-11,24.1431,90.5981,21.13,26.99,964.34,140.54,90.5,10.9,1.3,2.52,4.24,5.4,6.56,9.74,16.58,0.05,0,0,0,2,0,2
2022-12-12,28.9876,77.4146,26.38,28.51,961.77,138.11,2188.2,29.4,5.09,10.63,19.09,33.63,53.13,97.8,140.53,0.768,0,1,2,3,0,0
2022-12-12,28.3323,77.045,35.85,36.27,973.93,73.74,1059.2,1.9,5.21,11.54,19.36,23.97,30.53,41.26,56.51,0.192,6,0,0,2,1,2
2022-12-12,11.9272,93.0499,26.82,50.01,994.26,24.99,1934.0,38.4,3.12,6.54,13.67,25.13,38.4,69.65,120.81,0.739,0,1,2,0,0,0
2022-12-13,20.1603,85.9504,38.78,85.53,961.03,125.84,1713.5,42.0,2.5,3.7,7.48,12.96,14.45,33.63,72.25,0.488,9,0,1,2,3,2
2022-12-13,23.4784,89.9586,27.54,77.79,990.19,123.49,1571.9,44.2,3.87,6.25,8.07,13.42,23.99,42.83,57.18,0.461,0,0,2,2,0,1
2022-12-13,18.4985,-66.1631,11.86,51.72,1002.98,26.7,1806.1,45.8,1.64,1.97,3.21,5.85,9.16,18.72,37.3,0.36,0,0,1,0,0,1
2022-12-13,18.3262,-65.989,40.62,19.54,1009.41,95.9,168.7,24.7,0.3,0.62,1.05,1.96,2.41,4.64,6.55,0.05,9,0,0,1,2,3
2022-12-13,29.9023,-90.1004,36.58,85.23,1015.91,20.54,1827.8,10.0,0.04,0.06,0.09,0.16,0.26,0.34,0.52,0.058,2,0,0,0,1,3
2022-12-14,-6.5604,106.4208,32.56,62.8,956.43,108.39,866.3,25.0,1.59,1.95,3.88,4.73,7.13,16.11,22.9,0.133,0,0,0,2,0,2
2022-12-14,19.9629,85.9675,18.03,34.57,1021.62,112.64,1608.1,45.7,0.25,0.48,0.79,1.06,1.6,3.46,6.09,0.05,0,0,1,1,0,2
2022-12-15,25.6854,-79.9345,8.72,75.15,974.03,49.94,1436.3,21.2,13.84,22.52,39.47,53.26,95.52,165.64,303.81,0.95,0,3,3,1,0,0
2022-12-15,-6.6689,106.9917,41.71,54.28,1025.36,30.39,2085.0,37.4,5.16,11.42,21.53,34.47,41.08,50.9,107.95,0.542,3,1,2,0,2,1
2022-12-15,16.9124,81.6958,33.69,40.51,951.43,129.74,712.7,9.8,0.78,1.71,2.15,3.22,3.98,7.89,15.77,0.05,0,0,0,3,0,2
2022-12-15,24.8165,82.6369,35.58,97.3,952.49,85.49,1644.6,33.9,5.52,12.7,19.37,21.97,29.74,59.66,84.33,0.646,6,1,2,2,2,1
2022-12-16,14.9848,121.0776,39.88,33.72,994.64,21.13,2348.3,22.1,6.04,12.82,23.62,41.62,48.71,98.11,143.81,0.69,1,1,2,1,1,1
2022-12-16,-6.0819,107.1037,27.47,85.23,1017.79,82.87,479.5,24.2,9.15,17.68,33.52,37.37,57.7,110.68,185.06,0.95,0,2,2,1,0,0
2022-12-16,15.2408,75.231,30.56,96.76,965.4,88.37,1132.2,38.9,1.32,2.59,4.72,8.88,10.71,25.68,49.34,0.47,0,0,1,2,0,1
2022-12-16,12.6964,80.6808,29.49,43.8,963.28,103.72,2133.4,48.0,3.01,6.04,10.79,17.87,22.74,31.64,50.86,0.249,0,0,1,2,0,1
2022-12-17,14.3864,-87.1898,23.05,96.51,977.46,14.24,217.4,28.6,3.2,5.45,8.66,9.9,14.47,26.13,35.26,0.45,0,1,1,1,0,1
2022-12-17,12.6922,79.8387,8.93,93.82,960.34,131.2,2287.2,36.2,0.38,0.53,0.72,1.17,1.43,1.77,2.94,0.364,0,0,1,2,0,2
2022-12-18,9.9526,77.227,38.45,83.94,1011.21,34.97,1666.8,26.1,14.95,24.43,46.27,64.6,89.01,118.67,170.84,0.95,5,2,3,1,2,0
2022-12-18,18.6505,-66.1953,20.11,58.98,999.52,107.8,1074.6,18.3,5.12,11.83,23.93,36.88,42.61,54.88,87.96,0.635,0,1,1,2,0,0
2022-12-19,15.5282,75.3942,8.53,24.02,951.76,122.96,2170.7,8.8,2.6,3.59,6.83,12.0,19.8,29.74,45.73,0.317,0,0,0,2,0,1
2022-12-19,36.1657,139.9994,24.9,61.89,946.08,148.77,262.8,39.3,13.04,26.67,55.21,61.6,83.05,147.14,291.77,0.95,0,3,3,3,0,0
2022-12-20,19.2247,73.1824,22.1,33.31,951.49,130.05,2089.9,21.9,2.74,5.72,8.8,11.1,13.1,19.42,35.84,0.174,0,0,0,3,0,1
2022-12-20,23.0609,88.7637,44.27,67.38,970.66,127.04,2056.4,0.5,0.51,1.07,1.87,2.45,3.17,4.23,6.88,0.05,8,0,0,2,3,3
2022-12-20,14.1063,-87.3192,46.48,86.33,981.68,59.81,1405.0,4.9,15.38,36.56,74.24,120.99,175.7,359.84,544.94,0.95,2,3,3,2,3,1
2022-12-20,12.5888,80.2212,38.03,37.37,952.29,35.46,1438.7,2.4,0.61,1.46,2.25,3.37,3.73,7.13,10.88,0.05,9,0,0,1,2,3
2022-12-20,15.2759,76.0802,8.16,40.82,946.79,60.37,2238.2,37.5,3.39,6.26,9.61,12.2,13.95,19.92,30.91,0.305,0,0,1,2,0,1
2022-12-20,13.7615,-87.4555,13.99,66.15,957.88,90.23,1983.4,2.5,1.91,3.35,6.41,9.45,14.15,30.41,53.51,0.508,0,0,0,2,0,1
2022-12-20,10.089,-67.1443,43.23,42.34,1026.8,9.07,1191.1,15.9,19.29,46.07,65.04,85.45,138.84,314.83,586.75,0.95,1,3,3,0,2,0
2022-12-20,23.8719,90.773,9.9,47.71,951.55,57.54,824.6,31.2,1.6,2.66,3.88,6.16,8.45,19.76,41.34,0.385,0,0,1,1,0,1
2022-12-21,12.6297,80.6164,13.77,37.74,972.6,25.56,1950.9,0.6,8.66,11.73,14.61,27.7,49.86,71.31,95.11,0.641,0,1,1,1,0,0
2022-12-21,15.3076,75.4038,38.54,96.53,1014.32,73.71,647.9,36.0,5.4,8.4,11.77,19.28,33.2,40.67,88.95,0.644,6,1,2,1,2,1
2022-12-21,16.5856,81.2621,14.83,38.63,992.31,40.15,135.2,36.9,0.33,0.66,0.88,0.97,1.45,2.24,2.98,0.059,0,0,1,1,0,2
2022-12-22,9.6998,77.0441,34.89,90.25,1024.58,5.95,2376.2,15.8,6.48,9.18,11.54,16.19,27.54,40.35,54.63,0.434,0,0,1,0,1,2
2022-12-22,20.7598,86.0365,32.58,40.33,994.75,80.93,2237.1,26.9,0.1,0.2,0.25,0.46,0.66,1.56,1.91,0.05,0,0,0,1,0,3
2022-12-23,14.774,121.312,14.66,54.44,1011.15,54.12,2175.1,26.4,2.19,4.7,6.07,10.43,13.25,20.36,36.64,0.343,0,0,1,0,0,1
2022-12-23,14.9102,75.9278,40.41,18.45,946.92,59.07,358.8,27.0,8.73,14.58,28.58,31.44,38.29,47.35,72.36,0.169,1,1,1,2,1,2
2022-12-24,10.0088,-67.0668,40.82,25.18,950.65,93.55,1489.0,30.1,2.13,4.95,9.02,10.46,17.25,26.4,50.77,0.061,8,0,1,2,2,2
2022-12-24,25.2812,83.0808,12.28,38.65,969.98,59.85,658.9,12.4,1.53,2.53,4.15,5.14,8.49,18.96,27.46,0.236,0,0,0,1,0,1
2022-12-24,29.8173,-89.6348,23.71,18.93,1018.4,117.27,221.8,7.6,0.46,0.91,1.22,2.31,3.47,7.79,15.04,0.05,0,0,0,1,0,2
2022-12-25,29.515,-90.1707,13.08,71.54,975.93,114.2,974.3,30.3,5.14,9.55,16.1,18.85,26.16,48.53,80.66,0.71,0,1,1,2,0,0
2022-12-25,29.843,-90.272,11.95,54.68,972.76,137.27,178.0,39.9,0.64,0.84,1.16,1.37,2.01,4.8,5.92,0.177,0,0,1,2,0,2
2022-12-25,-6.2116,107.0008,29.11,88.5,980.38,50.52,2337.2,32.2,1.94,4.37,7.93,12.77,20.56,42.89,72.61,0.591,0,1,1,1,0,1
2022-12-25,11.9922,92.83,14.88,85.69,990.51,75.88,774.8,25.1,7.5,16.7,29.04,44.26,55.68,113.11,232.25,0.95,0,2,2,1,0,0
2022-12-26,19.2471,73.1136,18.7,38.66,1005.69,97.78,1404.6,31.5,5.22,10.95,14.18,19.72,25.34,46.77,59.0,0.374,0,0,1,1,0,1
2022-12-26,14.5829,120.6837,41.18,63.44,1019.34,139.0,897.3,21.8,3.97,5.29,8.56,10.44,17.68,41.22,55.3,0.26,1,0,1,1,1,2
2022-12-27,30.0078,-89.8393,21.01,63.18,952.37,149.13,1524.6,36.4,0.65,1.1,1.74,3.06,3.37,5.26,11.47,0.168,0,0,1,3,0,2
2022-12-27,14.461,120.7857,14.45,30.28,948.43,115.99,2354.3,37.5,6.9,8.33,10.88,16.83,30.03,59.85,94.21,0.595,0,1,2,3,0,0
2022-12-27,25.6084,-80.5597,31.72,16.88,1017.23,95.38,710.3,15.3,2.19,3.28,3.95,4.43,5.98,8.07,9.86,0.05,0,0,0,1,0,2
2022-12-27,14.235,120.7064,27.43,61.99,974.85,9.89,256.4,41.3,4.25,9.02,11.82,13.47,14.98,27.36,46.54,0.323,0,1,1,1,0,1
2022-12-27,15.6293,76.0898,14.78,74.1,1013.56,17.4,577.2,7.2,1.5,2.61,4.89,7.93,12.17,19.75,40.32,0.454,0,0,0,0,0,1
2022-12-27,18.5269,-66.1135,33.52,94.05,988.89,122.47,1807.8,44.3,0.84,1.84,3.71,5.25,6.93,16.23,29.66,0.308,0,0,1,2,1,2
2022-12-28,12.0607,92.9637,38.43,84.16,998.81,21.34,798.0,1.5,1.23,2.32,4.47,7.01,7.91,11.95,21.25,0.166,8,0,0,0,3,3
2022-12-28,22.3582,88.0203,45.38,26.78,970.29,127.85,526.5,12.0,3.6,5.51,7.69,10.02,14.46,34.12,69.34,0.143,6,0,0,2,3,2
2022-12-28,9.8068,76.7746,25.31,50.32,1010.26,8.3,1885.6,37.7,4.18,9.53,15.43,18.16,24.19,46.77,71.23,0.444,0,0,1,0,0,1
2022-12-29,18.6091,-66.1692,25.68,39.32,990.87,94.79,991.9,18.2,3.73,4.72,9.34,17.56,20.0,41.02,59.57,0.318,0,0,1,1,0,1
2022-12-29,19.9417,85.7784,21.59,36.2,1004.88,52.21,328.2,23.4,6.17,13.69,26.89,38.63,63.88,141.83,235.37,0.95,0,2,2,1,0,0
2022-12-29,12.961,80.4647,8.64,97.1,964.81,39.39,323.2,8.0,2.44,5.68,10.38,16.88,22.84,49.69,83.15,0.883,0,1,1,1,0,0
2022-12-29,29.743,-90.5198,41.12,70.6,1005.83,37.83,892.3,7.5,2.47,4.31,9.04,14.36,23.7,37.94,77.08,0.429,7,0,0,0,3,2
2022-12-30,25.7011,82.851,23.19,44.77,997.85,77.81,1023.5,34.2,1.86,2.73,5.1,5.89,10.6,20.31,28.77,0.172,0,0,1,1,0,2
2022-12-30,15.4464,76.0514,32.76,50.49,1012.6,81.14,1983.1,47.6,3.64,6.68,10.21,12.82,19.99,25.49,54.96,0.275,0,0,1,1,0,2
2022-12-31,10.1048,76.9763,31.96,89.39,949.19,136.42,1836.4,10.4,1.38,2.17,3.04,4.9,8.76,12.26,17.56,0.226,0,0,0,3,0,2
2022-12-31,25.5633,82.522,43.02,33.58,1019.33,109.02,1022.0,9.8,0.78,1.49,2.35,3.7,4.93,7.28,14.83,0.05,1,0,0,1,1,3
2022-12-31,10.3155,-66.9789,9.6,69.59,1023.99,120.94,1127.0,3.2,0.16,0.22,0.46,0.65,1.1,2.25,4.06,0.254,0,0,0,1,0,2
2022-12-31,20.4351,85.8775,15.23,44.49,973.02,78.39,1619.9,46.5,0.54,1.21,1.76,2.77,4.11,7.68,14.77,0.156,0,0,1,1,0,2
2023-01-01,13.6587,-87.6899,18.83,39.09,1011.53,45.9,1515.3,0.9,7.8,11.79,19.85,30.86,39.13,74.71,154.42,0.95,0,1,1,1,0,0
2023-01-01,10.0964,-66.5826,34.3,59.2,1004.88,23.62,510.3,39.4,1.36,1.67,2.24,2.86,5.06,9.55,20.37,0.085,0,0,1,0,0,2
2023-01-01,25.2385,82.6415,37.69,60.07,960.03,43.16,1363.6,33.4,2.48,4.82,9.21,14.15,25.24,37.42,79.32,0.426,5,1,1,1,2,1
2023-01-02,10.5033,76.5491,24.07,89.05,996.55,53.07,1181.7,21.6,2.1,3.31,5.86,6.69,11.51,19.55,39.12,0.43,0,0,1,1,0,1
2023-01-03,20.6081,85.5611,23.5,45.96,979.12,110.64,590.9,1.4,2.35,4.08,5.12,6.18,9.0,13.34,27.72,0.169,0,0,0,2,0,2
2023-01-04,9.988,76.9691,11.31,57.54,1017.1,55.81,1874.8,2.0,0.94,1.28,2.0,3.63,4.94,9.5,19.93,0.283,0,0,0,0,0,2
2023-01-05,9.7089,77.5162,44.66,76.8,991.64,114.68,1127.4,46.1,5.21,7.01,14.41,22.49,31.83,68.45,97.79,0.554,5,1,2,2,3,2
2023-01-05,35.408,140.0424,8.49,43.73,947.14,15.43,431.2,23.5,1.68,2.32,3.61,4.85,6.73,9.47,17.14,0.229,0,0,0,1,0,2
2023-01-06,10.8159,-67.0844,10.76,61.78,953.27,29.06,151.7,43.3,0.17,0.31,0.43,0.6,0.87,1.51,2.94,0.201,0,0,1,1,0,2
2023-01-06,28.5795,77.6757,35.42,21.64,994.87,53.87,1679.6,21.1,1.24,2.3,3.05,5.34,8.68,16.09,25.21,0.05,9,0,0,1,2,2
2023-01-06,11.9078,92.778,15.62,95.78,951.21,22.82,650.2,45.8,1.14,2.04,3.85,7.1,10.82,17.97,39.27,0.539,0,0,1,1,0,1
2023-01-06,13.5847,100.6577,23.36,95.19,952.38,94.16,219.4,8.0,3.25,5.63,9.54,17.21,28.78,65.2,118.42,0.95,0,2,1,2,0,0
2023-01-08,16.6175,81.5025,37.44,77.87,950.03,33.09,1180.0,18.0,1.85,3.95,4.79,7.8,8.58,10.95,17.61,0.124,1,0,0,1,1,3
2023-01-08,12.8292,80.1989,30.6,76.53,987.34,30.04,1395.4,14.7,1.25,1.69,3.41,3.93,4.43,9.17,17.47,0.179,0,0,0,1,0,2
2023-01-08,14.7638,121.4077,9.97,55.94,969.57,51.91,2306.3,9.2,1.31,2.37,4.68,6.71,10.87,24.21,36.56,0.392,0,0,0,1,0,1
2023-01-09,28.8274,77.4627,14.71,40.35,971.68,26.42,494.0,38.0,0.64,0.79,1.4,2.63,3.5,4.7,8.32,0.102,0,0,1,1,0,2
2023-01-10,13.6054,-87.3642,35.0,82.97,1018.66,86.02,2271.7,0.8,0.5,0.78,1.49,2.69,4.12,6.84,12.76,0.139,0,0,0,1,1,2
2023-01-10,28.7462,77.2797,25.11,40.71,948.5,15.46,533.4,7.8,0.1,0.2,0.38,0.53,0.95,1.81,2.35,0.05,0,0,0,1,0,2
2023-01-10,13.5682,80.5852,31.77,74.53,975.61,34.96,1291.2,40.1,1.37,2.06,2.99,5.56,7.51,9.04,17.91,0.162,0,0,1,1,0,2
2023-01-11,19.4132,73.2231,41.84,28.55,1022.32,146.92,2093.0,12.4,6.84,12.29,21.33,37.81,42.37,69.3,139.69,0.622,4,1,1,2,2,1
2023-01-11,18.6445,73.306,28.14,16.26,945.29,106.38,1158.5,24.6,3.68,5.06,10.62,12.37,15.93,32.38,55.56,0.165,0,0,1,2,0,1
2023-01-12,13.7728,-87.2626,10.34,91.69,1010.25,69.7,1314.8,2.0,2.41,4.12,6.33,11.09,13.61,19.21,33.07,0.529,0,0,0,1,0,1
2023-01-12,11.5313,92.2895,19.58,28.45,1024.71,13.44,929.2,29.7,17.58,22.84,46.56,84.03,138.26,182.94,272.74,0.95,0,3,3,0,0,0
2023-01-12,35.6463,139.2,23.86,41.27,998.15,68.8,223.6,44.0,5.28,6.69,11.19,13.06,22.02,42.62,58.49,0.336,0,1,1,1,0,1
2023-01-12,12.8522,79.9122,13.02,44.66,993.12,33.76,994.2,15.1,0.59,1.16,2.02,3.13,5.48,12.67,22.46,0.225,0,0,0,0,0,2
2023-01-12,36.0032,140.1035,42.63,89.96,990.89,25.3,1582.7,35.4,4.91,11.4,19.99,29.44,42.74,67.78,85.22,0.554,9,1,2,1,3,2
2023-01-12,11.495,92.8806,13.58,74.25,1012.48,145.07,1469.9,24.9,3.38,7.88,13.91,18.17,28.08,63.34,111.92,0.914,0,1,2,2,0,0
2023-01-13,16.2964,81.5488,24.07,65.89,994.53,139.14,432.2,23.1,3.5,6.38,10.24,19.24,33.85,65.46,107.33,0.751,0,1,1,2,0,0
2023-01-13,17.0072,81.3808,36.74,26.55,990.62,79.9,823.4,21.2,2.56,4.06,5.94,10.04,11.51,18.13,33.61,0.05,3,0,0,1,1,2
2023-01-13,28.8717,77.2748,19.55,23.04,988.18,82.91,1913.6,46.5,0.2,0.38,0.69,1.3,2.29,4.71,8.11,0.05,0,0,1,1,0,2
2023-01-13,35.4523,140.0712,29.34,20.53,968.3,36.2,2128.9,9.1,5.56,8.56,11.9,13.18,17.19,22.08,34.49,0.05,0,0,0,1,0,2
2023-01-13,19.1667,72.56,25.1,34.86,959.28,60.46,1438.3,35.8,2.54,5.62,11.4,20.62,28.01,65.56,139.19,0.8,0,1,2,1,0,0
2023-01-13,26.0032,-79.8872,24.74,86.06,947.35,76.92,2285.9,12.5,1.08,2.11,4.29,5.4,9.42,18.8,41.23,0.424,0,0,0,2,0,1
2023-01-13,19.527,72.6826,27.65,66.2,954.6,95.46,1353.4,34.6,1.19,2.62,5.37,9.7,13.33,28.19,44.12,0.325,0,0,1,2,0,1
2023-01-14,19.8699,86.2422,33.06,87.83,972.33,128.83,909.0,12.5,8.49,11.13,22.8,33.44,60.02,110.89,217.07,0.95,0,2,2,2,1,0
2023-01-14,14.8782,120.8979,36.97,29.2,1002.95,46.23,1692.9,4.6,1.42,1.91,3.37,4.77,5.5,10.07,12.33,0.05,6,0,0,0,1,3
2023-01-14,14.8026,120.8961,15.41,54.47,950.73,109.3,1245.0,24.1,1.25,2.86,3.66,6.57,8.96,20.22,39.0,0.351,0,0,1,2,0,1
2023-01-14,13.5807,100.1651,43.56,37.81,1018.7,32.14,1056.3,36.1,3.58,6.08,11.01,16.95,21.92,43.31,60.82,0.156,7,0,1,0,3,2
2023-01-15,10.0776,-66.9558,18.47,62.66,965.5,12.18,142.9,3.6,0.95,1.97,2.64,3.45,5.87,10.12,12.56,0.195,0,0,0,1,0,2
2023-01-16,14.2248,121.3937,25.17,57.53,1000.84,61.23,604.6,8.4,1.5,3.14,5.91,9.65,12.2,23.25,41.17,0.29,0,0,0,1,0,1
2023-01-16,12.8427,79.8147,10.1,91.72,999.92,137.65,1722.1,6.7,9.88,22.53,34.09,40.54,64.58,133.94,280.85,0.95,0,2,2,2,0,0
2023-01-17,29.9133,-89.9809,26.3,20.23,953.8,113.6,441.8,16.6,3.55,8.42,11.11,18.95,27.36,35.91,49.16,0.16,0,0,0,2,0,1
2023-01-18,15.7947,76.048,26.71,93.91,986.95,31.03,407.8,16.9,8.79,18.92,31.11,58.01,72.56,124.91,150.02,0.95,0,2,2,1,0,0
2023-01-18,9.9687,76.8715,42.03,60.54,1011.95,131.83,590.5,37.4,3.66,6.62,8.47,13.2,15.96,34.78,74.24,0.357,9,0,1,1,3,2
2023-01-18,-6.2099,106.8054,21.21,95.49,945.18,99.03,1896.2,13.8,0.44,0.54,0.68,1.04,1.75,2.23,2.93,0.26,0,0,0,2,0,2
2023-01-18,13.9332,-86.7113,31.09,39.48,1020.16,69.53,703.8,28.5,0.52,0.97,1.21,1.92,2.82,5.15,9.7,0.05,0,0,0,0,0,2
2023-01-19,22.6698,88.187,8.11,91.3,1010.13,27.47,1463.3,1.5,0.85,1.19,1.6,2.47,4.38,5.94,12.31,0.418,0,0,0,0,0,1
2023-01-20,15.4794,76.1426,43.46,90.04,1013.96,64.21,383.1,16.4,5.1,7.55,12.31,19.11,29.1,67.6,125.84,0.801,1,1,1,1,2,1
2023-01-21,10.5817,-66.5143,39.42,94.24,1004.87,23.27,2040.9,38.1,6.95,12.4,24.03,29.39,44.19,82.29,172.54,0.95,6,2,2,0,2,0
2023-01-21,10.19,-66.4986,43.33,78.84,967.66,21.95,2146.9,19.4,1.69,3.67,4.43,6.47,10.35,22.96,47.88,0.264,1,0,0,1,2,2
2023-01-22,19.3721,73.089,30.55,23.67,994.14,129.98,1257.6,8.9,2.08,3.19,4.86,6.22,8.3,18.14,35.51,0.052,0,0,0,2,0,2
2023-01-23,13.5513,100.7237,25.42,18.79,950.85,31.36,453.2,3.2,2.4,4.35,7.57,13.09,22.98,53.72,112.8,0.559,0,1,1,1,0,0
2023-01-23,13.2536,80.6863,37.42,18.06,977.68,120.42,2171.8,29.1,0.19,0.32,0.41,0.7,0.8,1.14,1.84,0.05,1,0,0,2,1,3
2023-01-24,13.2839,100.9898,9.69,95.87,946.43,146.99,886.1,1.0,4.09,9.72,20.11,24.71,30.32,56.96,104.65,0.95,0,1,1,3,0,0
2023-01-24,20.7278,85.3599,10.45,74.85,982.48,139.43,2216.0,6.5,19.42,45.9,80.99,142.57,158.67,375.17,621.4,0.95,0,3,3,3,0,0
2023-01-24,10.3978,76.5835,21.76,89.26,1001.69,61.41,139.3,34.8,1.52,1.95,3.41,4.63,6.19,10.99,21.07,0.34,0,1,1,1,0,1
2023-01-25,-5.9548,106.5722,8.27,58.44,1021.49,126.25,1980.9,38.3,1.37,2.9,3.85,6.26,9.7,11.94,23.74,0.339,0,0,1,1,0,1
2023-01-25,35.7454,139.2548,13.79,57.02,957.38,153.25,806.7,23.1,3.18,7.06,14.5,20.21,28.22,38.98,54.17,0.472,0,0,1,3,0,1
2023-01-25,19.9723,86.014,22.88,42.62,962.61,118.15,209.1,42.7,0.67,1.59,3.32,4.71,8.44,18.93,24.28,0.137,0,0,1,2,0,2
2023-01-26,13.4079,80.5205,14.38,28.63,1012.61,103.78,1256.3,17.5,7.34,12.26,23.72,34.43,46.96,82.42,123.74,0.773,0,1,2,1,0,0
2023-01-26,14.4888,-87.6788,33.58,56.25,947.66,95.68,1719.4,20.3,4.96,7.3,10.21,12.55,17.07,37.83,76.72,0.43,0,0,1,2,0,1
2023-01-26,15.1093,75.2835,21.53,84.82,962.72,150.48,1996.8,13.2,0.4,0.56,0.79,1.02,1.13,2.33,5.07,0.222,0,0,0,3,0,2
2023-01-28,25.7717,-80.1175,29.31,73.54,959.0,116.59,207.4,33.3,2.19,3.23,5.27,9.4,11.36,15.94,27.64,0.241,0,0,1,2,0,2
2023-01-28,-6.3268,106.6976,14.72,39.88,1004.41,93.43,200.2,36.3,1.53,2.23,4.32,6.95,11.16,17.49,34.09,0.261,0,0,1,1,0,1
2023-01-28,10.5569,76.8071,21.58,97.28,965.25,135.54,2187.3,39.3,0.42,0.93,1.67,2.75,4.54,8.12,11.91,0.32,0,0,1,2,0,2
2023-01-29,22.9872,88.0836,29.17,21.82,1022.36,109.14,2131.7,47.2,2.29,4.96,8.53,16.05,20.43,24.85,34.44,0.05,0,0,1,1,0,2
2023-01-29,28.9177,76.9897,39.32,68.16,962.07,95.23,972.4,3.4,1.68,2.47,4.83,5.72,7.74,15.75,33.03,0.159,2,0,0,2,1,2
2023-01-29,35.6182,140.0168,21.66,33.89,1007.03,28.0,593.1,21.0,1.41,2.68,4.03,5.7,9.71,21.96,44.53,0.235,0,0,0,0,0,1
2023-01-30,16.743,81.2361,15.54,32.46,946.91,139.2,507.3,11.3,1.15,1.56,2.77,3.21,3.83,7.56,11.64,0.079,0,0,0,3,0,2
2023-01-30,25.6004,-79.7496,20.33,23.46,974.9,43.37,2022.8,15.4,5.44,12.35,19.64,35.9,48.97,115.42,148.81,0.852,0,1,2,1,0,0
2023-01-30,10.1777,-67.0374,21.06,43.72,965.57,22.63,84.7,47.4,3.78,8.06,10.14,11.27,17.13,35.44,56.52,0.361,0,1,1,1,0,1
2023-01-30,23.4694,90.5998,37.19,27.5,1023.15,97.01,2033.3,12.2,4.71,10.07,15.69,22.08,34.45,45.2,87.49,0.334,7,1,1,1,2,1
2023-01-30,13.781,100.4688,16.82,70.94,998.0,21.79,1739.2,17.1,2.14,2.89,5.31,7.44,11.48,19.66,24.55,0.323,0,0,0,0,0,1
2023-01-30,10.0396,-66.7728,38.66,31.81,1012.92,148.57,1479.4,37.8,2.66,5.1,6.18,9.39,14.11,28.28,38.73,0.05,2,0,1,2,1,2
2023-01-30,22.8063,88.6343,30.29,18.85,996.79,97.79,2139.1,24.5,0.28,0.44,0.79,1.02,1.32,2.88,5.14,0.05,0,0,0,1,0,2
2023-01-30,11.8773,92.43,38.33,69.19,955.7,59.87,2218.5,29.8,3.24,7.44,12.68,20.01,26.85,44.19,83.32,0.487,1,1,1,2,1,1
2023-02-01,14.4872,120.8299,44.17,31.36,1021.31,57.25,1926.1,43.1,11.39,18.12,25.99,37.73,56.15,113.92,215.52,0.95,6,2,3,1,2,0
2023-02-02,25.5209,82.5512,40.55,62.7,963.97,62.37,1503.9,2.0,0.35,0.82,1.48,2.45,2.87,4.25,6.76,0.05,1,0,0,1,1,3
2023-02-02,10.876,-66.9854,23.34,83.59,967.19,44.46,1254.7,21.0,3.66,5.99,8.43,12.44,18.57,25.46,44.73,0.447,0,0,1,1,0,1
2023-02-03,16.5687,81.5614,38.07,51.87,1015.21,103.6,1644.3,19.9,7.53,12.46,16.6,22.43,30.97,65.13,83.82,0.414,7,1,1,1,2,1
2023-02-03,25.5045,82.5255,17.14,75.72,966.32,28.81,1658.2,40.5,2.3,4.23,6.23,9.32,11.11,26.08,52.17,0.514,0,0,1,1,0,1
2023-02-03,19.9336,85.4624,40.31,18.15,958.97,147.12,671.9,1.1,1.03,2.14,4.33,5.3,6.66,11.52,22.44,0.05,4,0,0,3,1,3
2023-02-03,19.1156,73.2322,27.69,82.77,1027.43,98.94,909.9,10.9,0.78,1.74,3.64,6.04,10.69,17.32,31.65,0.322,0,0,0,1,0,2
2023-02-04,13.8846,100.2012,40.43,54.32,977.97,144.06,1704.0,32.7,0.76,1.1,1.8,2.92,4.02,5.13,9.66,0.05,5,0,0,2,2,3
2023-02-04,10.1452,77.1355,12.22,82.77,1009.04,55.08,1657.3,0.5,9.4,17.49,30.75,50.18,74.92,166.93,302.09,0.95,0,3,2,1,0,0
2023-02-04,11.6973,92.7653,42.25,41.85,977.77,122.98,228.9,15.3,5.21,12.24,23.31,28.86,48.62,86.1,170.74,0.873,4,2,2,2,2,0
2023-02-05,15.6064,75.5919,39.5,37.16,976.66,4.06,1333.7,40.9,0.1,0.19,0.37,0.55,0.73,1.75,2.21,0.05,9,0,1,0,2,3
2023-02-06,19.816,86.1666,8.77,48.69,1025.21,118.67,1763.1,37.8,6.63,8.3,16.53,28.43,44.88,75.71,113.61,0.852,0,1,2,1,0,0
2023-02-06,28.2689,77.472,23.01,59.3,970.25,81.23,1792.5,27.0,1.9,4.21,6.14,9.12,16.28,38.43,46.36,0.35,0,0,1,1,0,1
2023-02-06,28.9095,77.4495,26.04,47.65,983.39,72.58,1258.7,13.7,2.22,2.93,3.98,4.66,5.73,6.91,8.55,0.05,0,0,0,1,0,2
2023-02-06,20.1151,86.2216,35.12,47.21,947.01,137.34,127.4,6.0,0.06,0.08,0.1,0.16,0.27,0.58,1.06,0.05,3,0,0,3,1,3
2023-02-08,12.8904,80.3138,26.89,47.04,996.81,75.5,1693.6,29.8,2.93,6.88,13.43,21.31,31.48,65.12,130.49,0.785,0,1,2,1,0,0
2023-02-09,30.3158,-90.4379,25.52,50.05,965.96,58.96,261.3,12.5,1.11,2.29,2.85,4.62,5.8,7.53,11.3,0.066,0,0,0,1,0,2
2023-02-09,16.9268,81.1651,38.5,46.62,952.95,88.91,673.7,31.8,3.76,7.69,16.1,22.69,32.35,70.06,124.59,0.641,7,1,2,2,2,1
2023-02-09,13.4578,80.581,38.79,45.27,1002.72,144.4,1243.5,1.6,0.1,0.16,0.3,0.4,0.53,1.13,1.49,0.05,3,0,0,2,1,3
2023-02-09,-6.2719,106.7437,29.06,73.51,1001.35,95.65,352.7,40.2,1.94,2.84,3.63,5.2,7.97,15.93,34.45,0.285,0,0,1,1,0,2
2023-02-09,12.753,80.1189,22.68,42.34,945.74,148.15,335.3,14.2,0.48,0.86,1.75,2.07,2.92,3.58,7.06,0.05,0,0,0,3,0,2
2023-02-11,29.5185,-90.0885,28.46,82.77,1007.19,63.25,200.4,37.0,0.65,0.79,1.55,2.42,4.17,7.43,15.8,0.216,0,0,1,1,0,2
2023-02-12,22.099,88.8048,21.87,93.59,995.27,154.44,763.7,44.3,4.2,9.51,19.31,28.24,48.3,114.95,214.63,0.95,0,2,3,2,0,0
2023-02-12,19.3014,73.0191,27.93,29.37,968.56,32.78,2017.9,38.4,1.74,3.01,4.72,5.92,9.76,21.42,38.77,0.122,0,0,1,1,0,2
2023-02-12,14.6918,121.4478,36.58,55.37,979.81,55.32,208.5,10.2,3.57,6.41,8.1,12.43,14.14,25.65,55.53,0.266,5,1,0,1,2,2
2023-02-12,29.6418,-90.5199,38.34,55.92,991.82,102.05,2214.5,3.2,0.1,0.14,0.29,0.48,0.73,0.92,1.91,0.05,3,0,0,1,1,3
2023-02-13,23.0189,88.7162,25.82,37.03,1024.34,130.23,776.2,2.4,6.83,14.28,18.18,30.15,42.72,57.95,111.54,0.631,0,1,1,1,0,0
2023-02-13,22.5427,88.6949,19.49,80.67,1000.9,118.87,2094.1,13.4,12.56,26.52,54.45,64.64,96.35,210.01,270.75,0.95,0,3,3,2,0,0
2023-02-13,29.0976,77.6243,45.97,54.93,999.17,37.86,1256.7,31.7,0.91,1.66,2.97,3.93,5.6,12.19,21.19,0.05,6,0,1,0,3,3
2023-02-14,10.1787,76.9863,19.32,54.63,1003.56,80.3,785.7,39.3,7.8,11.96,17.38,27.01,45.15,82.35,103.77,0.721,0,1,2,1,0,0
2023-02-14,13.6015,-87.6372,11.38,72.63,1006.82,11.89,156.6,36.7,5.59,12.81,24.27,31.36,55.76,84.79,163.41,0.95,0,2,2,0,0,0
2023-02-15,11.9516,93.0654,23.85,83.89,951.08,51.12,816.6,19.0,1.05,2.07,3.22,4.94,6.38,14.25,20.03,0.29,0,0,0,1,0,2
2023-02-15,9.7097,77.1554,34.04,81.59,1025.73,98.29,2098.9,0.6,2.64,3.85,4.95,7.55,12.25,20.76,38.82,0.304,0,0,0,1,1,2
2023-02-15,35.6845,139.2011,31.28,46.76,945.86,5.99,132.1,28.7,1.15,1.58,3.23,3.87,6.08,13.82,18.85,0.05,0,0,0,1,0,2
2023-02-16,22.1951,88.3928,40.69,23.32,1015.38,95.45,2206.8,44.9,5.79,10.63,14.12,18.08,25.18,52.24,91.15,0.306,3,0,2,1,1,2
2023-02-16,20.4676,85.9716,26.5,23.02,997.04,133.47,412.2,4.5,0.14,0.17,0.33,0.56,0.7,1.61,2.15,0.05,0,0,0,2,0,2
2023-02-17,22.4797,88.8382,39.61,37.63,1005.72,58.93,1253.5,3.7,0.7,1.64,3.28,5.32,7.56,15.2,27.64,0.05,6,0,0,1,2,3
2023-02-17,29.9737,-90.2304,21.8,24.0,972.26,107.09,1268.8,29.5,0.41,0.9,1.81,2.2,3.38,4.99,6.9,0.05,0,0,0,2,0,2
2023-02-17,15.5154,75.6158,45.96,96.75,1008.49,153.02,616.2,12.6,7.11,13.72,25.39,28.21,40.19,61.65,83.47,0.544,8,1,1,2,3,2
2023-02-18,25.3607,-79.7456,25.42,27.73,999.16,2.64,1079.4,44.6,7.97,17.25,22.89,34.71,55.65,73.54,99.06,0.514,0,1,2,0,0,0
2023-02-18,25.7824,82.904,32.55,87.9,1027.71,95.14,2203.6,45.6,2.69,3.6,5.95,8.85,13.13,21.31,39.82,0.353,0,0,1,1,0,2
2023-02-19,14.5067,121.0923,35.33,55.43,1010.23,37.15,1575.5,33.2,2.27,5.06,6.74,11.5,13.71,19.03,26.67,0.097,1,0,1,0,1,2
2023-02-19,25.4246,-80.156,9.3,74.21,956.95,47.66,964.5,34.0,1.72,2.86,5.48,6.06,9.86,18.0,31.35,0.449,0,0,1,1,0,1
2023-02-19,11.7192,92.8725,25.91,24.08,1027.47,27.3,1875.6,39.9,18.19,31.18,61.94,115.58,141.13,250.55,315.7,0.95,0,3,3,1,0,0
2023-02-19,18.6966,72.5393,22.62,66.74,1027.79,152.99,850.2,24.4,8.23,10.79,17.34,24.31,31.76,76.0,146.95,0.95,0,1,2,2,0,0
2023-02-19,25.5102,82.9723,29.13,22.57,1001.35,112.94,2316.1,12.9,0.07,0.13,0.24,0.42,0.52,0.79,1.35,0.05,0,0,0,1,0,2
2023-02-19,11.2662,93.0059,12.44,68.44,1014.25,90.34,1552.1,22.3,2.63,3.26,5.79,6.75,9.48,14.71,25.68,0.358,0,0,1,1,0,1
2023-02-20,-6.4775,107.2984,25.77,29.95,997.89,143.32,1725.8,24.5,0.14,0.32,0.47,0.63,0.9,1.54,3.33,0.05,0,0,0,2,0,2
2023-02-20,26.1349,-79.9505,8.01,47.24,969.44,9.14,2044.5,20.0,5.22,8.91,11.23,15.9,27.35,33.08,69.31,0.575,0,1,1,1,0,1
2023-02-21,10.3359,77.3898,34.87,38.7,983.18,133.18,216.7,25.6,2.33,3.85,6.69,7.44,10.75,19.17,32.9,0.065,0,0,0,2,0,2
2023-02-21,15.2682,75.9913,41.35,65.05,1014.34,122.02,906.0,26.7,5.72,7.18,13.84,17.19,25.1,54.47,79.19,0.415,9,1,1,1,3,2
2023-02-21,30.2168,-89.7083,41.31,18.15,1018.5,73.91,793.3,25.4,4.08,7.91,13.89,16.39,26.39,54.21,71.33,0.153,5,0,1,1,2,2
2023-02-21,25.3506,83.3246,12.18,87.24,976.41,36.59,973.8,25.5,1.37,1.97,2.43,4.17,7.23,8.83,13.68,0.371,0,0,1,1,0,2
2023-02-21,18.4021,-66.4704,28.91,58.51,958.69,97.33,1055.3,38.9,4.11,5.48,8.99,14.94,17.34,37.3,53.04,0.335,0,0,1,2,0,1
2023-02-23,13.3799,100.1848,14.2,73.69,1002.2,77.38,1875.6,38.6,2.04,4.04,8.16,9.51,10.54,18.64,28.55,0.384,0,0,1,1,0,1
2023-02-23,12.094,92.5348,39.56,71.95,991.87,58.86,2204.6,6.8,7.54,15.47,26.52,36.06,43.35,75.07,148.92,0.898,1,1,1,1,1,0
2023-02-23,13.3171,100.0969,12.21,47.98,991.01,16.83,1250.8,36.4,0.03,0.04,0.06,0.11,0.2,0.26,0.32,0.109,0,0,1,0,0,2
2023-02-23,28.2227,77.1683,9.62,43.08,957.51,98.93,1618.4,7.6,0.09,0.19,0.23,0.32,0.46,1.0,2.04,0.121,0,0,0,2,0,2
2023-02-24,22.137,88.1174,18.87,50.44,1006.11,22.36,690.2,4.5,3.35,5.93,12.07,20.43,33.6,46.95,68.86,0.488,0,1,1,0,0,1
2023-02-24,25.6034,-79.8886,42.88,50.28,950.75,2.83,288.3,29.3,16.45,33.8,45.34,81.16,126.79,198.03,336.98,0.95,3,3,3,1,2,0
2023-02-25,30.1285,-90.2469,45.87,29.7,1004.93,8.16,974.2,25.0,3.04,7.06,12.74,18.92,31.54,73.82,90.21,0.282,9,1,1,0,3,2
2023-02-26,10.7848,-66.4249,27.64,80.22,956.02,114.9,2087.3,13.1,1.61,3.07,6.08,11.1,16.36,32.55,67.47,0.535,0,0,1,2,0,1
2023-02-26,23.4806,90.4993,36.12,79.94,1022.51,58.27,1647.1,29.1,2.61,5.92,7.12,9.44,13.94,19.71,41.55,0.295,1,0,1,0,1,2
2023-02-27,12.9999,80.1313,37.51,77.63,1003.63,98.64,2170.7,27.8,1.5,1.91,3.21,4.12,5.65,7.12,13.11,0.094,2,0,0,1,1,3
2023-02-27,9.9661,76.773,46.89,81.76,1005.57,71.16,750.1,41.2,2.94,6.4,10.49,17.87,30.51,50.94,61.82,0.332,3,0,1,1,3,2
2023-02-27,25.2741,-80.0277,32.09,79.43,1017.12,40.21,1777.0,15.1,2.75,3.93,5.23,9.67,14.34,17.29,34.47,0.285,0,0,0,0,0,2
2023-02-27,14.1545,100.7943,39.05,52.87,954.9,103.04,1376.0,44.2,1.15,1.42,2.03,2.93,3.54,8.41,11.96,0.05,5,0,1,2,2,3
2023-02-28,9.6985,76.8039,43.65,70.14,987.07,128.35,2006.6,39.9,0.6,0.74,1.54,2.88,4.31,10.31,20.32,0.05,6,0,1,2,3,3
2023-02-28,12.6452,80.3701,31.7,86.51,980.7,9.94,1378.9,46.0,0.05,0.07,0.1,0.17,0.23,0.34,0.63,0.109,0,0,1,0,0,2
2023-02-28,9.6611,76.7772,27.13,75.85,1021.86,71.33,1111.1,11.2,0.69,0.86,1.66,2.36,2.72,5.06,7.77,0.147,0,0,0,0,0,2
2023-03-01,30.2545,-89.9488,35.57,95.68,958.95,64.8,230.0,12.0,1.65,3.05,4.29,5.5,9.04,21.29,32.44,0.314,5,0,0,1,2,2
2023-03-01,35.8923,139.2562,43.52,74.97,968.39,54.17,1647.2,23.2,0.3,0.41,0.77,1.05,1.53,3.24,6.32,0.05,9,0,0,1,3,3
2023-03-01,11.4729,92.578,8.08,41.04,1021.79,58.32,804.3,26.0,2.08,4.64,5.91,9.62,15.28,34.47,55.7,0.461,0,0,1,0,0,1
2023-03-02,24.2346,90.1836,28.02,63.06,967.88,16.74,46.7,21.0,1.1,2.16,3.98,5.98,9.17,17.17,20.68,0.161,0,1,0,1,0,2
2023-03-02,12.1044,93.1436,24.9,35.79,1025.12,48.78,1568.6,7.0,6.09,11.27,23.46,33.75,41.74,67.42,130.59,0.753,0,1,1,0,0,0
2023-03-02,-5.8047,107.2452,40.68,44.91,981.0,127.62,956.5,2.4,1.53,2.57,3.44,4.73,8.3,18.51,30.47,0.05,3,0,0,2,2,3
2023-03-03,14.9788,120.8079,14.72,74.73,996.0,105.99,844.2,15.4,4.03,5.88,9.28,11.61,12.84,30.35,49.52,0.515,0,0,1,1,0,1
2023-03-03,13.5971,100.6049,20.97,22.59,1015.82,66.59,350.4,10.0,1.13,1.67,2.76,5.03,6.18,10.78,20.09,0.05,0,0,0,0,0,2
2023-03-03,20.1772,85.977,8.85,80.51,971.32,132.63,1926.7,31.9,1.38,2.51,4.02,5.51,9.33,16.61,33.76,0.497,0,0,1,2,0,1
2023-03-03,13.7154,-87.2177,33.33,83.53,958.04,109.99,165.7,0.9,0.12,0.23,0.48,0.82,1.05,1.35,2.45,0.092,0,0,0,2,1,3
2023-03-03,25.5471,83.3575,14.7,23.65,1001.35,121.2,1203.2,17.8,1.98,3.3,6.81,11.68,14.55,24.17,42.15,0.237,0,0,0,1,0,1
2023-03-03,13.5455,80.3692,30.3,43.52,979.99,125.4,2168.9,38.1,0.94,2.23,3.4,4.2,6.09,12.61,16.18,0.05,0,0,1,2,0,2
2023-03-03,-5.9546,107.0234,38.53,68.61,964.0,151.79,2362.9,18.3,4.9,9.89,17.07,21.25,30.33,62.96,137.78,0.823,5,1,1,3,2,0
2023-03-04,12.1428,93.1917,11.76,19.48,987.09,9.38,483.2,19.1,3.23,6.91,10.09,14.9,26.34,43.94,83.91,0.506,0,1,1,0,0,0
2023-03-04,-5.88,106.816,17.38,55.35,1005.82,76.01,1100.5,39.0,0.62,1.1,2.13,3.78,4.47,9.92,12.02,0.169,0,0,1,1,0,2
2023-03-04,13.6438,100.7736,34.71,54.3,962.94,131.61,821.3,17.4,8.67,20.55,41.27,78.35,133.84,273.73,408.9,0.95,0,3,3,3,0,0
2023-03-05,-6.4604,106.8532,25.44,67.61,982.56,95.39,1973.8,9.1,4.16,8.92,14.29,19.41,21.54,46.45,70.97,0.52,0,1,1,2,0,1
2023-03-05,13.5439,80.339,9.35,23.8,975.26,43.12,849.5,44.7,0.27,0.47,0.65,0.9,1.42,3.36,6.37,0.063,0,0,1,1,0,2
2023-03-05,13.7778,-87.4595,26.83,53.01,953.69,15.41,1795.4,28.3,2.35,2.95,3.69,6.78,10.59,17.61,33.46,0.206,0,0,1,1,0,2
2023-03-06,10.4295,76.6079,44.22,55.69,961.96,103.55,974.3,39.8,0.34,0.62,1.19,2.12,2.92,6.1,13.21,0.05,2,0,1,2,2,3
2023-03-06,13.8846,100.1942,36.13,79.26,1006.35,63.81,2377.9,16.6,0.98,2.35,4.89,7.69,9.58,14.24,24.51,0.185,7,0,0,1,2,2
2023-03-07,16.8996,81.3723,25.06,17.99,991.04,111.21,9.3,1.7,8.32,16.78,32.08,35.97,49.66,104.11,134.46,0.694,0,2,1,2,0,0
2023-03-07,16.3621,81.5364,39.92,30.19,1007.65,70.22,2244.0,26.5,0.15,0.34,0.69,0.86,1.53,2.65,5.6,0.05,2,0,0,1,1,3
2023-03-07,36.0619,139.3638,31.52,33.53,992.36,139.02,1503.4,22.1,0.55,0.77,1.26,1.85,2.71,4.9,7.55,0.05,0,0,0,2,0,2
2023-03-07,23.6257,90.2984,25.05,28.12,961.54,7.68,988.3,34.1,2.47,4.54,7.29,11.43,14.41,20.88,44.72,0.18,0,0,1,1,0,1
2023-03-09,13.8623,-87.5179,38.61,96.03,964.91,133.94,1493.1,39.3,3.69,6.31,8.87,10.25,15.12,36.11,69.98,0.523,1,0,1,2,1,2
2023-03-09,14.8436,120.7048,34.91,39.77,954.07,132.67,1331.2,33.7,2.14,3.14,4.5,6.88,8.7,14.6,18.61,0.05,0,0,1,3,0,2
2023-03-09,14.5628,121.1236,33.27,74.1,959.81,14.18,2257.1,12.9,6.72,15.03,28.49,35.19,58.95,125.16,224.88,0.95,0,2,2,1,0,0
2023-03-10,35.5249,139.8789,44.81,70.71,980.83,10.83,1460.4,10.5,6.64,12.34,22.95,37.61,50.52,106.64,217.91,0.95,2,2,2,1,2,0
2023-03-10,14.5707,121.4294,11.46,49.16,1014.23,36.97,631.0,30.0,7.0,13.25,17.11,31.54,46.51,74.94,146.4,0.95,0,1,2,0,0,0
2023-03-11,20.3657,85.8806,46.24,18.1,962.91,45.55,2115.4,44.1,6.55,11.14,22.54,26.57,41.36,96.15,187.96,0.837,4,2,2,1,2,1
2023-03-11,16.1961,81.1201,18.53,82.92,966.56,65.09,1522.3,13.9,5.85,13.33,16.74,26.11,35.11,65.49,114.4,0.923,0,1,1,1,0,0
2023-03-11,28.421,77.0252,18.71,61.58,976.78,150.67,2037.7,34.8,0.94,1.42,1.76,2.94,3.46,5.98,8.38,0.162,0,0,1,2,0,2
2023-03-11,14.2653,-87.1323,35.98,58.22,991.68,21.72,687.2,18.0,12.27,15.33,30.2,36.25,64.94,92.96,138.43,0.803,1,2,2,1,1,0
2023-03-12,14.1473,120.5678,13.23,54.68,995.54,107.78,1312.4,18.5,0.49,0.73,1.15,2.12,2.63,4.46,8.62,0.182,0,0,0,1,0,2
2023-03-12,13.5605,80.1404,20.25,52.54,1015.62,121.09,2043.3,13.4,3.15,4.85,6.3,10.38,12.46,24.94,46.09,0.343,0,0,0,1,0,1
2023-03-12,25.2265,82.9477,18.68,53.22,1008.99,115.91,444.4,25.7,2.59,4.88,7.24,12.12,15.71,25.05,34.86,0.29,0,0,1,1,0,1
2023-03-12,35.5763,139.5397,16.67,31.19,1010.85,109.69,1900.4,37.6,0.38,0.58,0.83,1.53,2.21,2.95,4.39,0.05,0,0,1,1,0,2
2023-03-12,12.0272,92.2801,25.13,85.6,975.76,43.23,1790.0,19.5,4.29,5.8,9.85,13.83,24.87,47.49,89.38,0.719,0,1,1,1,0,0
2023-03-12,26.1403,-80.623,23.28,45.33,990.05,148.43,2157.2,22.8,4.17,7.91,14.43,25.45,28.61,45.52,98.29,0.609,0,1,1,2,0,0
2023-03-12,35.5645,140.0746,23.95,27.88,1009.13,114.8,241.2,1.5,10.61,12.95,22.87,33.46,55.01,71.8,135.15,0.754,0,2,1,1,0,0
2023-03-13,28.9117,76.8167,13.67,93.56,1014.99,142.58,687.0,16.4,2.22,3.26,5.28,5.85,10.03,13.99,23.79,0.45,0,0,0,1,0,1
2023-03-13,16.2754,81.6196,23.94,92.37,1019.95,33.84,623.0,9.1,0.76,1.74,3.55,4.05,6.14,11.53,18.34,0.317,0,0,0,0,0,2
2023-03-13,23.0591,88.125,28.59,31.77,954.14,60.66,2009.5,41.6,3.23,6.7,8.73,13.71,21.48,30.95,64.38,0.287,0,0,1,2,0,1
2023-03-13,29.5058,-89.5923,27.11,22.19,994.17,118.09,459.3,27.5,5.89,12.5,24.03,43.34,76.12,128.39,227.09,0.95,0,2,3,2,0,0
2023-03-14,18.833,72.4686,14.22,83.86,974.47,71.97,1111.9,34.4,4.6,9.06,17.18,19.01,27.63,50.53,72.73,0.706,0,1,2,1,0,0
2023-03-14,23.6375,90.3541,18.09,45.19,1017.48,28.11,529.0,17.1,9.16,16.53,29.46,41.53,51.16,75.07,150.34,0.95,0,2,2,0,0,0
2023-03-14,13.2632,100.0549,38.12,91.42,959.01,89.12,83.9,14.3,2.08,4.33,5.37,9.26,11.5,24.28,44.32,0.346,6,1,0,2,2,2
2023-03-15,29.8055,-90.1473,33.61,47.41,956.28,12.25,1891.2,32.6,1.86,4.23,6.64,11.08,19.24,42.5,72.72,0.364,0,0,1,1,0,1
2023-03-16,18.7262,-66.501,39.78,23.53,981.53,154.22,985.0,18.8,1.22,2.18,4.05,4.61,7.77,17.88,35.42,0.05,2,0,0,2,1,3
2023-03-16,9.9115,76.8227,36.0,24.37,984.49,130.88,885.6,16.9,7.22,16.16,32.19,50.14,88.58,193.35,312.38,0.95,3,3,3,2,1,0
2023-03-16,10.4099,-66.6017,9.08,63.28,963.09,131.27,1119.3,40.3,2.84,6.12,9.39,17.43,27.31,52.29,81.17,0.712,0,1,2,2,0,0
2023-03-17,19.1576,72.454,15.59,32.72,1003.43,91.21,2167.4,15.1,0.15,0.36,0.53,0.65,1.16,2.18,2.94,0.05,0,0,0,1,0,2
2023-03-17,15.1408,75.3159,21.23,57.8,959.03,125.35,351.0,23.3,4.8,8.55,13.04,19.3,32.7,78.1,143.01,0.95,0,2,2,2,0,0
2023-03-18,15.516,75.9157,33.21,76.32,1018.08,128.03,1970.5,12.6,1.33,2.22,4.5,5.16,6.61,11.44,21.91,0.182,0,0,0,1,0,2
2023-03-18,22.3659,88.2084,28.66,81.58,992.8,148.56,888.0,3.2,5.31,10.87,18.2,24.77,30.51,54.27,101.28,0.743,0,1,1,2,0,0
2023-03-19,14.8817,75.4368,23.06,72.26,995.0,18.41,1220.6,35.4,16.93,33.1,50.75,65.01,111.23,242.2,347.3,0.95,0,3,3,1,0,0
2023-03-19,28.6637,76.9577,35.19,33.58,992.87,62.1,1609.0,30.0,3.28,5.97,10.87,18.17,22.67,43.42,52.68,0.162,6,0,1,1,1,2
2023-03-20,12.0803,92.8049,20.19,62.96,1005.62,62.97,161.0,11.4,7.51,16.44,21.01,26.88,44.04,78.53,153.92,0.95,0,2,1,1,0,0
2023-03-20,15.2093,75.8787,43.08,27.86,976.41,151.59,2064.6,43.7,0.11,0.16,0.26,0.47,0.66,0.92,1.67,0.05,9,0,1,2,3,3
2023-03-21,22.9416,88.3067,10.11,75.21,951.73,111.62,600.6,42.2,5.87,13.79,27.52,50.82,86.45,175.67,240.71,0.95,0,3,3,3,0,0
2023-03-22,25.4054,-80.1561,14.74,35.1,1020.14,57.96,2198.1,36.2,4.84,10.47,13.47,23.6,30.13,71.73,146.92,0.944,0,1,2,0,0,0
2023-03-22,35.8794,139.8181,44.84,21.25,979.79,90.32,755.4,12.6,1.2,1.85,2.85,3.4,5.77,12.18,15.03,0.05,2,0,0,1,2,3
2023-03-23,24.8981,83.3295,43.18,72.13,1025.6,80.01,1533.6,27.9,2.32,5.14,9.15,15.93,26.29,37.58,69.53,0.37,2,0,1,1,2,2
2023-03-23,16.5846,81.1088,21.11,17.37,990.74,14.57,1944.8,4.7,1.96,3.37,5.73,6.48,8.05,11.59,20.85,0.05,0,0,0,0,0,2
2023-03-24,35.4543,139.9109,35.11,79.78,1008.26,48.22,568.5,46.9,4.69,7.69,13.06,22.47,25.59,33.75,41.35,0.302,3,0,1,0,1,2
2023-03-24,24.9233,82.9041,42.75,50.31,947.12,148.14,350.3,37.3,0.78,1.8,2.53,4.51,6.27,10.89,19.92,0.05,9,0,1,3,3,3
2023-03-24,11.8169,92.3859,35.65,71.95,1024.27,98.39,988.3,38.4,0.58,1.26,1.93,2.36,2.86,6.81,12.42,0.081,2,0,1,1,1,3
2023-03-25,18.6986,-66.2246,44.38,61.76,1024.27,133.85,74.5,12.2,1.33,2.38,4.39,7.22,12.93,29.84,41.37,0.136,1,1,0,1,2,3
2023-03-26,-6.4998,106.7827,31.07,32.52,969.78,126.79,2364.3,18.5,5.54,7.53,12.62,19.45,33.49,49.89,63.07,0.26,0,0,1,2,0,1
2023-03-26,14.6375,120.778,35.29,77.66,1027.45,121.84,1550.9,33.8,1.79,4.22,7.41,8.26,11.1,15.2,21.82,0.169,5,0,1,1,2,2
2023-03-27,14.891,76.0359,19.95,70.97,1018.09,16.43,1297.3,14.6,3.85,7.16,14.56,16.45,23.51,33.65,58.44,0.506,0,0,1,0,0,1
2023-03-27,36.0661,139.495,15.5,54.07,948.34,121.62,1897.9,33.8,7.93,14.74,24.05,36.64,44.97,81.61,142.14,0.95,0,1,2,3,0,0
2023-03-27,13.8864,-86.9873,12.62,22.25,1001.43,32.64,1544.1,17.4,0.35,0.68,1.21,1.85,2.49,5.72,10.75,0.054,0,0,0,0,0,2
2023-03-27,28.8051,76.9135,25.8,29.99,999.58,93.3,410.6,41.9,6.75,14.87,23.19,40.81,69.02,165.36,356.78,0.95,0,3,3,1,0,0
2023-03-27,28.3305,76.8864,21.65,19.8,1025.44,137.22,2226.7,47.8,0.67,1.12,2.11,3.5,4.23,9.22,13.13,0.05,0,0,1,1,0,2
2023-03-28,25.9605,-80.5665,11.59,95.11,972.69,69.3,1901.0,32.1,7.82,13.14,20.18,22.71,32.34,66.91,100.44,0.95,0,1,2,1,0,0
2023-03-28,10.169,77.1412,19.74,39.0,968.08,26.89,2060.0,13.1,4.2,5.54,10.31,12.56,15.21,33.43,49.84,0.309,0,0,0,1,0,1
2023-03-28,13.9434,100.3155,19.12,65.06,1025.59,147.62,1044.2,3.7,8.15,11.02,22.38,37.74,66.19,132.28,290.37,0.95,0,2,2,2,0,0
2023-03-29,22.2367,88.3133,18.1,87.67,987.76,113.58,87.6,17.8,2.28,3.25,4.25,7.63,13.41,17.36,26.89,0.402,0,1,0,2,0,1
2023-03-30,10.3592,77.3839,17.0,54.11,1004.06,104.81,592.7,31.3,1.42,2.48,4.47,6.99,11.18,18.54,36.19,0.318,0,0,1,1,0,1
2023-03-30,18.4304,-65.838,40.62,92.46,971.32,82.55,615.4,19.1,5.53,9.8,12.73,14.04,17.76,25.22,50.29,0.365,7,0,1,2,3,2
2023-03-30,13.339,100.42,13.74,87.65,1016.58,134.89,2281.4,13.6,1.42,2.87,4.9,8.79,11.23,22.35,47.84,0.572,0,0,1,1,0,1
2023-03-30,12.123,92.5198,8.88,15.72,1011.21,83.14,1875.3,5.9,5.91,13.64,22.92,27.15,32.21,46.16,63.94,0.39,0,1,0,1,0,1
2023-03-30,14.936,76.0811,34.11,85.33,992.87,145.5,2352.1,36.2,1.55,2.13,4.13,5.03,6.05,13.93,24.52,0.231,0,0,1,2,1,2
2023-03-31,13.834,100.8823,8.74,82.22,947.25,126.52,2369.5,23.3,0.9,1.09,1.46,2.19,3.65,8.2,15.45,0.391,0,0,1,3,0,1
2023-03-31,28.12,76.9639,40.36,88.89,1007.14,45.04,151.5,20.5,1.1,2.02,3.14,3.8,6.41,14.34,28.87,0.218,6,0,0,0,2,3
2023-04-01,18.2498,-66.308,41.17,72.85,969.9,16.29,1867.9,10.8,2.04,3.75,6.81,10.15,16.1,35.05,67.05,0.376,6,0,0,1,2,2
2023-04-02,24.1483,90.3543,10.71,27.19,1008.69,40.12,226.9,27.5,0.35,0.71,1.29,1.89,2.99,6.46,9.03,0.083,0,0,0,0,0,2
2023-04-03,15.1157,75.4893,11.06,66.07,952.32,132.83,2262.0,37.6,4.43,10.33,14.43,18.51,26.59,32.15,69.61,0.635,0,1,1,3,0,1
2023-04-03,15.159,75.6072,40.64,25.11,974.47,3.49,1428.0,31.8,1.0,2.08,3.21,4.33,7.66,14.6,21.2,0.05,2,0,1,0,1,3
2023-04-04,25.3101,-80.5068,42.91,67.84,981.71,71.58,2027.1,10.8,0.05,0.09,0.19,0.33,0.46,0.65,1.15,0.05,4,0,0,1,2,3
2023-04-04,25.9329,-80.0815,38.31,29.9,949.27,132.14,183.3,19.2,0.35,0.66,1.01,1.27,1.93,3.16,4.32,0.05,9,0,0,3,2,3
2023-04-05,14.497,120.492,19.85,77.49,1023.89,92.05,603.1,28.8,1.26,1.77,3.39,5.53,9.37,21.05,32.77,0.377,0,0,1,1,0,1
2023-04-06,19.0312,73.3456,9.68,19.68,974.53,84.32,790.7,41.2,0.65,1.06,1.74,2.2,2.87,6.71,11.54,0.074,0,0,1,1,0,2
2023-04-06,28.6781,77.3525,20.45,16.05,963.28,122.49,564.6,5.8,10.42,20.29,25.44,29.25,44.71,82.63,104.81,0.542,0,1,1,3,0,0
2023-04-06,13.8304,100.074,37.72,50.63,949.51,27.78,1095.3,39.2,1.68,3.1,6.21,11.37,14.22,17.81,26.81,0.055,4,0,1,1,1,3
2023-04-07,14.5844,120.8367,16.44,67.61,947.34,54.2,1794.5,38.9,1.02,1.88,3.15,4.53,5.71,11.67,16.95,0.264,0,0,1,2,0,2
2023-04-08,28.4572,77.6961,16.99,34.88,986.35,103.28,1657.7,1.6,1.18,2.35,4.7,7.69,9.89,17.89,33.05,0.211,0,0,0,1,0,1
2023-04-08,19.4623,72.8759,23.65,49.7,984.48,17.23,1898.6,18.4,0.98,1.55,2.71,4.66,5.63,10.76,17.46,0.12,0,0,0,0,0,2
2023-04-08,23.6889,90.4741,25.97,22.93,981.93,143.39,1665.3,47.3,2.08,4.72,9.54,11.18,19.96,45.32,82.77,0.385,0,0,2,2,0,1
2023-04-08,24.144,90.0503,36.46,28.67,991.96,49.84,429.4,41.3,1.81,3.04,4.11,5.78,9.88,16.16,34.77,0.05,3,0,1,1,1,2
2023-04-08,25.2854,83.0333,43.4,35.69,979.06,117.6,550.7,4.2,1.2,1.67,3.4,5.94,9.17,20.59,41.26,0.05,4,0,0,2,2,3
2023-04-09,16.6659,81.2159,10.3,54.61,1008.94,84.96,2282.6,3.1,1.2,1.76,3.33,5.06,6.06,9.35,16.11,0.255,0,0,0,1,0,2
2023-04-09,23.642,90.7942,15.23,73.69,948.55,32.25,814.0,38.2,5.46,12.79,25.9,30.18,50.73,88.34,182.5,0.95,0,2,2,2,0,0
2023-04-10,25.4767,82.9585,29.19,54.98,977.07,116.14,1356.3,34.2,0.58,1.2,1.94,2.19,2.77,3.41,5.65,0.05,0,0,0,2,0,2
2023-04-10,9.6551,77.0564,13.81,31.41,990.41,45.56,495.2,24.9,0.15,0.36,0.71,0.94,1.26,1.88,4.0,0.05,0,0,0,1,0,2
2023-04-10,10.3294,-66.5552,31.49,48.77,949.41,21.36,342.0,13.6,1.04,1.93,3.96,7.09,10.33,12.61,15.99,0.05,0,0,0,1,0,2
2023-04-10,14.2425,-87.353,37.25,90.38,1007.97,93.36,1570.6,42.7,3.03,5.94,7.96,11.77,18.85,28.75,40.31,0.324,9,0,1,1,3,2
2023-04-10,22.4898,88.1823,23.83,59.35,1024.18,19.32,500.1,46.2,11.04,15.6,20.76,29.83,33.85,67.22,85.87,0.59,0,1,2,0,0,0
2023-04-11,16.9861,81.3166,34.77,39.9,992.13,96.28,1002.9,46.8,0.49,0.82,1.3,2.09,2.89,3.8,8.16,0.05,0,0,1,1,0,3
2023-04-11,10.6291,77.298,44.51,82.2,952.53,50.02,135.5,25.0,1.15,1.48,2.8,3.28,4.23,8.99,15.39,0.065,8,0,0,1,3,3
2023-04-11,20.6775,85.9454,39.99,61.63,1000.73,143.73,1486.8,39.7,4.09,7.62,10.8,15.56,27.66,55.02,97.08,0.523,8,1,2,2,3,1
2023-04-11,24.9284,83.1158,38.82,39.55,986.14,66.43,986.4,11.5,0.51,0.73,0.91,1.15,1.27,2.48,3.76,0.05,2,0,0,1,1,3
2023-04-11,16.8949,81.7125,16.69,31.75,1027.79,37.12,642.1,2.8,14.32,21.42,39.69,44.5,73.35,154.09,197.88,0.95,0,2,2,1,0,0
2023-04-11,25.6617,82.5328,14.75,21.02,963.91,75.94,1956.9,13.2,1.73,2.37,3.47,6.32,9.96,20.01,29.01,0.143,0,0,0,2,0,2
2023-04-11,22.505,88.656,10.38,86.33,1008.21,76.39,1144.2,40.2,5.52,7.54,12.77,23.95,38.68,91.58,180.96,0.95,0,2,2,1,0,0
2023-04-12,14.634,121.1161,37.18,61.3,959.99,10.24,769.5,36.3,1.1,2.03,3.77,4.47,7.06,9.25,20.03,0.066,3,0,1,1,1,3
2023-04-12,25.5508,-80.6617,18.2,39.69,975.6,90.23,520.9,30.7,0.5,1.16,1.42,2.59,3.84,7.88,11.81,0.089,0,0,0,1,0,2
2023-04-13,-6.0318,107.0267,17.88,44.57,1021.76,62.67,1326.4,26.4,3.06,6.68,13.43,17.02,28.97,53.8,114.3,0.754,0,1,1,0,0,0
2023-04-13,18.024,-65.8852,41.17,85.05,976.48,114.37,1401.3,1.6,1.8,2.27,2.89,3.31,5.87,12.99,21.29,0.145,7,0,0,2,3,3
2023-04-13,-5.9624,106.8652,34.1,83.83,1017.96,89.48,1242.8,20.9,1.33,2.29,4.34,6.86,11.83,20.49,37.03,0.302,0,0,1,1,1,2
2023-04-14,25.2721,82.8983,39.41,75.68,983.45,51.56,1461.7,42.1,7.53,10.02,15.89,23.39,41.74,84.05,135.09,0.83,4,1,2,1,2,0
2023-04-15,10.5569,77.2096,11.64,36.93,967.43,87.3,79.2,29.7,1.86,2.63,4.7,6.41,10.76,25.69,50.84,0.38,0,1,1,2,0,1
2023-04-15,22.6658,87.8699,37.38,69.23,1010.85,145.7,1406.7,37.9,0.78,1.32,2.21,3.39,5.43,11.7,21.84,0.111,1,0,1,2,1,3
2023-04-16,24.2774,90.0717,25.58,84.97,952.29,92.98,1388.6,20.7,6.2,14.46,23.41,34.29,49.77,102.91,192.24,0.95,0,2,2,2,0,0
2023-04-16,-6.1307,107.2416,12.46,53.57,1023.03,95.95,161.6,12.8,4.72,9.95,15.3,17.65,26.05,54.16,82.96,0.649,0,1,1,1,0,0
2023-04-16,25.7106,-79.7098,28.11,25.81,957.78,56.39,1176.4,33.8,2.14,2.63,3.8,4.26,7.42,9.16,11.45,0.05,0,0,1,1,0,2
2023-04-16,25.4355,82.9167,22.61,27.87,983.5,149.42,2112.7,15.3,0.97,1.73,3.1,5.71,8.73,19.24,36.48,0.149,0,0,0,2,0,1
2023-04-17,15.7322,75.4064,29.44,33.41,1017.86,55.42,1648.7,23.9,8.6,12.67,26.1,44.42,70.66,156.07,288.99,0.95,0,3,3,1,0,0
2023-04-17,30.178,-90.41,28.69,67.29,970.37,123.69,773.6,3.9,0.79,1.34,2.7,3.87,4.5,6.46,11.27,0.115,0,0,0,2,0,2
2023-04-17,14.0077,-86.9764,43.06,20.66,970.07,51.0,1043.8,8.5,2.4,4.79,7.89,12.88,14.77,33.25,71.12,0.147,2,0,0,1,1,2
2023-04-17,28.1787,76.7229,36.9,80.44,970.29,121.1,1915.6,32.6,0.14,0.28,0.57,0.91,1.23,2.31,5.07,0.062,2,0,0,2,1,3
2023-04-17,25.4599,-80.3992,43.87,96.6,976.9,59.75,2171.4,41.4,1.65,2.13,3.67,4.83,8.38,18.16,38.15,0.279,2,0,1,1,2,3
2023-04-17,16.9761,81.5337,24.58,50.31,966.73,95.06,143.7,31.8,2.52,5.49,11.39,20.52,32.91,56.58,80.03,0.505,0,1,1,2,0,1
2023-04-17,19.8825,86.1003,9.0,38.62,981.77,96.42,2040.2,9.8,0.47,1.11,1.44,2.14,3.23,5.97,7.68,0.142,0,0,0,1,0,2
2023-04-18,24.2691,90.2436,18.1,79.91,973.48,52.4,754.6,5.7,0.38,0.77,1.28,2.24,3.69,5.95,7.94,0.248,0,0,0,1,0,2
2023-04-18,14.7735,120.5056,26.41,91.73,965.74,100.29,1678.3,14.1,1.6,2.98,4.6,6.87,9.75,19.49,24.97,0.333,0,0,0,2,0,1
2023-04-18,18.5959,-65.6718,41.29,96.76,1001.27,144.4,1656.8,41.1,3.3,7.64,12.73,21.5,37.45,63.92,78.39,0.554,8,1,2,2,3,2
2023-04-19,14.7849,121.2895,18.75,62.04,982.08,114.47,910.1,41.3,1.98,2.47,3.0,4.85,7.17,13.27,26.41,0.277,0,0,1,2,0,1
2023-04-19,13.4196,80.7537,32.16,24.85,1013.69,149.7,632.2,20.5,0.05,0.11,0.13,0.19,0.29,0.37,0.51,0.05,0,0,0,2,0,3
2023-04-19,25.6655,-80.3805,45.84,82.01,1022.27,87.29,1628.7,8.4,4.89,7.25,9.65,10.94,15.65,24.17,52.85,0.286,8,0,0,1,3,2
2023-04-19,22.8098,88.5659,34.48,87.51,980.88,65.15,1834.7,28.2,0.26,0.59,0.72,1.22,1.99,4.66,5.84,0.121,0,0,0,1,1,3
2023-04-19,19.1416,72.825,38.67,60.05,1024.41,25.54,1149.4,26.0,2.37,5.13,9.25,11.11,14.92,23.97,42.32,0.186,7,0,1,0,2,2
2023-04-20,13.5254,80.6513,8.1,86.08,1001.6,70.35,2320.9,45.2,0.35,0.68,1.32,1.63,1.94,2.93,4.34,0.345,0,0,1,1,0,2
2023-04-20,13.3384,79.8571,16.01,41.55,1010.39,17.99,1801.1,17.5,2.81,4.32,9.02,16.46,28.8,40.95,83.61,0.566,0,1,1,0,0,0
2023-04-21,35.835,139.9432,37.4,18.03,1026.99,153.12,384.9,19.6,0.8,1.35,2.27,3.99,4.49,10.71,22.93,0.05,9,0,0,1,2,3
2023-04-21,28.9515,77.6141,45.96,75.44,993.58,109.0,1704.4,36.8,0.24,0.41,0.6,0.69,0.96,1.86,2.56,0.05,7,0,1,1,3,3
2023-04-21,24.9186,83.0692,43.2,53.49,986.79,144.02,1204.9,24.3,1.58,3.24,5.03,7.9,11.16,20.47,41.49,0.11,5,0,0,2,2,3
2023-04-22,18.322,-66.1789,20.94,89.29,946.58,120.56,608.5,18.7,1.91,2.99,3.84,4.58,5.99,13.1,17.48,0.325,0,0,0,3,0,2
2023-04-22,28.7529,76.7481,9.52,78.81,1024.3,48.97,621.2,21.8,3.39,4.84,9.31,11.72,12.94,23.67,31.13,0.466,0,0,1,0,0,1
2023-04-22,15.6959,75.5915,19.36,27.65,1019.88,7.72,960.9,35.2,1.29,2.24,3.83,7.26,11.84,27.95,52.91,0.28,0,0,1,0,0,1
2023-04-23,15.703,76.1395,35.22,47.98,1021.32,88.13,1806.4,1.2,3.0,6.27,8.97,9.97,16.16,25.95,42.27,0.162,5,0,0,1,1,2
2023-04-23,14.482,121.0957,21.36,59.9,1018.89,147.71,1484.3,7.6,5.1,7.64,9.61,13.42,17.29,31.43,37.79,0.314,0,0,0,2,0,1
2023-04-23,9.795,77.2452,20.04,93.6,1025.29,30.0,54.8,34.7,1.89,2.47,4.48,6.88,12.29,18.1,29.03,0.425,0,1,1,0,0,1
2023-04-24,19.8737,85.6251,45.35,26.67,970.73,14.19,1613.4,47.3,0.58,1.13,1.51,1.93,2.86,6.69,11.21,0.05,8,0,1,1,3,3
2023-04-24,24.9398,83.1569,42.72,21.59,1005.71,30.67,2059.9,39.4,2.72,5.58,8.27,12.21,20.45,35.81,55.78,0.058,2,0,1,0,1,3
2023-04-25,23.9309,90.4305,19.88,36.6,953.67,140.45,1409.3,29.5,7.92,18.16,35.33,60.72,104.08,234.3,367.53,0.95,0,3,3,3,0,0
2023-04-25,14.8816,75.5438,44.77,93.4,962.54,24.56,45.5,11.5,1.42,2.12,4.07,6.92,8.0,16.29,28.03,0.193,5,1,0,1,3,3
2023-04-25,13.9872,-87.4677,10.12,64.52,952.21,109.36,128.2,3.3,1.28,2.91,5.17,8.87,10.64,23.42,28.29,0.378,0,1,0,2,0,1
2023-04-26,29.7997,-90.2339,43.45,37.07,980.0,15.13,1095.9,24.6,3.35,4.28,5.26,7.55,9.3,19.63,36.68,0.05,6,0,0,0,2,3
2023-04-26,10.5991,77.4948,41.58,39.25,949.28,97.96,1982.0,26.9,1.35,2.64,5.52,8.61,11.37,16.97,37.3,0.05,3,0,0,2,2,3
2023-04-26,9.702,77.4042,22.53,34.12,991.56,22.58,769.8,43.9,1.84,3.86,5.03,6.53,10.87,23.0,36.48,0.178,0,0,1,0,0,1
2023-04-27,23.9779,90.0035,22.68,70.8,1009.94,83.2,1416.4,10.0,1.19,1.66,2.36,3.02,4.42,8.29,17.78,0.227,0,0,0,1,0,2
2023-04-27,-6.0602,106.6735,40.75,93.16,1011.93,56.28,1949.3,44.3,10.28,20.76,28.86,32.66,39.29,92.67,154.03,0.95,7,1,3,1,3,0
2023-04-28,29.7823,-89.9816,35.75,37.34,957.4,11.02,997.3,6.5,2.42,4.09,8.11,9.39,15.98,32.89,60.72,0.224,3,0,0,1,1,2
2023-04-28,13.7285,100.7806,32.34,37.71,985.49,14.59,1104.1,15.1,6.05,7.67,12.09,17.73,28.5,53.84,100.53,0.506,0,1,1,0,0,1
2023-04-28,20.1252,85.6637,19.35,73.95,999.06,69.44,956.1,17.8,1.17,1.52,2.19,2.97,4.41,9.39,14.98,0.254,0,0,0,1,0,2
2023-04-29,14.1436,100.0746,35.32,78.95,973.0,146.06,1272.3,35.3,9.02,21.38,41.69,55.97,99.44,194.28,413.94,0.95,7,3,3,3,2,0
2023-04-29,12.8978,80.1976,46.75,25.67,998.61,2.2,840.2,21.6,1.49,2.9,3.52,6.43,8.51,11.75,19.19,0.05,7,0,0,0,3,3
2023-04-29,25.7391,82.6777,28.35,62.34,985.24,101.88,1714.7,7.0,3.36,4.25,6.82,8.05,11.39,16.07,31.09,0.22,0,0,0,2,0,2
2023-04-30,28.998,77.3328,36.38,47.99,1024.97,88.96,1851.7,41.4,7.69,14.01,21.81,33.77,46.65,69.46,105.85,0.549,7,1,2,1,2,1
2023-05-01,14.057,100.7182,43.46,30.72,985.53,100.24,797.9,35.6,4.28,7.3,9.34,10.36,14.07,18.27,36.2,0.05,6,0,1,2,2,3
2023-05-01,18.7828,-65.9245,44.1,46.18,1007.9,83.13,1690.4,12.9,9.96,18.29,35.63,49.6,58.04,116.57,140.79,0.689,5,1,2,1,2,1
2023-05-01,23.5388,90.0659,27.23,81.48,974.38,88.42,1931.9,11.8,7.51,17.6,21.74,24.94,29.02,61.87,85.96,0.66,0,1,1,2,0,0
2023-05-01,15.1945,75.9199,32.64,76.36,962.32,91.2,795.3,5.7,2.36,4.02,5.07,9.45,16.72,31.27,67.05,0.469,0,0,0,2,0,1
2023-05-02,30.2649,-90.3949,45.24,75.13,1002.67,108.21,2119.4,14.6,1.25,2.61,3.67,6.71,9.89,15.43,30.49,0.121,7,0,0,1,3,3
2023-05-02,18.3179,-66.2703,38.72,56.33,1026.34,149.38,1856.5,22.9,8.13,11.94,16.63,25.72,43.04,54.86,108.88,0.585,7,1,1,2,2,1
2023-05-02,10.915,-66.9695,23.78,20.67,1010.05,45.72,1039.8,33.1,1.41,1.79,2.75,5.1,7.9,15.85,29.04,0.059,0,0,1,0,0,2
2023-05-02,18.6206,-65.9035,39.53,46.06,992.42,154.98,2000.2,4.6,0.01,0.02,0.02,0.03,0.05,0.1,0.21,0.05,4,0,0,2,2,3
2023-05-02,10.3552,-66.8109,27.54,76.73,1025.06,138.33,2195.0,43.8,0.97,2.27,3.18,5.7,8.59,18.95,41.35,0.357,0,0,1,1,0,1
2023-05-02,13.625,-87.4892,14.39,88.82,1003.96,6.24,2104.3,46.9,2.44,3.85,5.53,6.47,9.34,11.77,20.05,0.398,0,0,1,0,0,1
2023-05-03,25.2808,82.8813,23.21,29.92,1017.1,30.08,70.2,9.8,2.13,3.64,6.98,8.77,14.41,18.96,31.73,0.123,0,1,0,0,0,2
2023-05-03,10.252,77.1578,9.26,63.63,1009.88,59.56,1039.7,17.7,1.33,2.38,3.21,4.66,8.2,10.11,13.8,0.291,0,0,0,0,0,2
2023-05-04,29.9842,-89.6875,9.29,21.52,977.94,22.31,1363.0,33.2,5.64,8.12,10.97,12.98,20.06,41.08,50.59,0.33,0,0,1,1,0,1
2023-05-04,10.796,-66.7823,9.15,65.57,970.63,51.26,390.9,7.2,0.55,1.24,2.08,3.07,4.89,7.74,15.65,0.313,0,0,0,1,0,2
2023-05-04,9.6824,76.787,40.4,33.88,987.78,25.77,2293.7,25.0,2.23,4.89,6.44,8.45,13.63,26.4,35.88,0.05,9,0,0,0,2,3
2023-05-05,35.8907,139.5514,19.09,26.11,997.25,10.31,1797.3,15.6,0.0,0.0,0.0,0.0,0.0,0.0,0.0,0.05,0,0,0,0,0,2
2023-05-05,12.9762,80.7384,12.87,57.15,1002.02,146.32,2141.6,40.5,1.75,3.98,7.34,10.67,15.95,27.49,38.4,0.383,0,0,1,2,0,1
2023-05-05,10.5935,-66.988,35.7,71.27,974.33,125.72,567.5,22.4,2.24,3.6,7.41,12.28,18.14,32.88,44.69,0.279,7,0,1,2,2,2
2023-05-06,24.8983,83.237,34.97,37.63,999.2,47.89,199.6,6.5,6.29,8.46,12.67,16.85,19.22,36.89,73.74,0.314,0,1,0,1,0,1
2023-05-06,15.0293,120.9612,13.91,85.96,981.9,121.62,2303.1,26.4,1.25,2.69,5.48,7.1,11.23,24.0,29.44,0.448,0,0,1,2,0,1
2023-05-06,20.6944,86.3048,25.62,28.53,995.34,75.79,146.9,19.4,9.77,16.55,26.26,40.6,53.1,68.41,123.22,0.667,0,2,1,1,0,0
2023-05-06,14.9892,75.4471,29.05,81.67,985.86,120.73,1001.1,9.2,1.87,3.87,7.61,13.07,17.8,33.73,52.63,0.436,0,0,0,2,0,1
2023-05-06,13.162,80.7167,38.0,37.93,965.05,130.3,436.8,29.3,2.02,3.56,5.73,10.43,12.11,25.91,52.73,0.157,5,0,1,2,2,2
2023-05-07,11.2295,92.6768,35.86,66.17,1021.27,133.97,1557.0,21.2,0.63,1.36,2.64,3.67,4.62,10.71,17.87,0.086,8,0,0,1,2,3
2023-05-07,35.1907,140.0804,39.88,48.24,980.3,41.97,540.2,5.5,0.77,1.45,2.66,4.5,6.12,14.11,21.57,0.05,1,0,0,1,1,3
2023-05-08,14.9243,120.9661,11.45,71.8,1013.07,101.0,790.2,14.0,2.17,3.28,6.58,7.5,8.84,17.04,31.67,0.42,0,0,0,1,0,1
2023-05-08,13.2891,80.2627,17.6,68.19,957.85,37.17,1319.3,19.0,4.79,9.1,14.04,19.11,33.24,41.49,78.46,0.64,0,1,1,1,0,0
2023-05-08,18.129,-65.64,34.09,56.58,994.6,61.92,1156.7,36.6,2.31,3.82,5.53,8.08,12.14,20.02,42.06,0.21,0,0,1,1,0,2
2023-05-08,14.507,120.772,34.9,80.83,1022.3,120.51,214.4,11.5,2.43,2.96,5.22,8.49,13.48,25.17,41.59,0.31,0,1,0,1,1,2
2023-05-08,30.1917,-90.0287,22.14,81.58,948.42,109.77,1573.6,13.1,0.28,0.64,0.94,1.12,1.77,2.58,4.32,0.197,0,0,0,2,0,2
2023-05-08,16.6679,81.1394,35.16,21.77,1014.31,53.86,2097.6,28.0,0.37,0.63,1.21,1.57,1.93,2.36,4.46,0.05,4,0,0,0,1,3
2023-05-08,11.1911,92.9693,20.68,71.97,950.78,28.76,2054.1,11.3,6.35,9.75,17.34,28.7,41.87,65.58,92.64,0.718,0,1,1,1,0,0
2023-05-10,14.7858,121.3384,8.65,57.5,963.8,100.71,420.1,33.3,1.71,3.97,5.26,7.22,8.52,19.68,40.88,0.438,0,0,1,2,0,1
2023-05-10,15.4457,75.6389,8.99,30.9,1014.14,114.72,448.7,6.3,1.31,2.33,2.89,5.13,7.51,17.3,26.39,0.224,0,0,0,1,0,2
2023-05-11,23.9233,90.1232,12.33,38.41,1017.79,143.03,212.3,8.2,1.55,3.19,4.26,5.21,7.72,14.73,18.97,0.181,0,0,0,1,0,2
2023-05-11,12.7476,79.8067,21.91,59.28,1009.89,109.92,1072.4,41.6,2.86,5.28,6.5,12.28,14.57,21.53,26.95,0.239,0,0,1,1,0,1
2023-05-11,14.5032,121.1558,10.73,47.81,960.09,25.99,1985.9,2.5,1.9,2.66,5.3,8.19,10.34,18.64,36.0,0.345,0,0,0,1,0,1
2023-05-12,13.6152,-87.3506,13.1,34.58,989.45,147.84,691.0,23.7,1.79,4.08,5.16,8.01,13.56,32.35,61.42,0.422,0,0,1,2,0,1
2023-05-13,13.0331,79.9696,19.31,89.35,976.19,140.73,1915.9,29.3,7.97,11.38,14.44,24.55,42.56,70.64,85.1,0.762,0,1,2,2,0,0
2023-05-13,14.6819,120.5762,11.45,58.1,969.54,84.61,1378.0,27.9,6.69,11.16,18.58,20.6,34.05,51.46,103.77,0.809,0,1,2,2,0,0
2023-05-13,15.2507,76.0066,43.67,18.0,965.22,31.64,1206.5,20.9,4.57,6.81,11.82,21.36,37.11,87.23,172.13,0.761,2,1,2,1,2,1
2023-05-14,16.2703,81.5058,21.59,82.86,954.07,65.54,1028.4,22.8,6.92,10.12,13.08,20.85,25.47,32.85,53.44,0.514,0,0,1,2,0,1
2023-05-14,10.6987,-67.3712,34.77,83.34,969.85,135.69,2340.2,32.5,2.92,6.95,8.91,12.54,15.87,20.6,42.53,0.329,0,0,1,2,1,2
2023-05-16,16.3532,81.8695,21.39,84.27,1022.65,30.42,895.3,44.6,0.22,0.29,0.39,0.61,0.74,1.75,2.88,0.207,0,0,1,0,0,2
2023-05-17,13.2091,80.5522,34.19,27.37,973.73,8.57,1727.3,45.7,1.07,1.4,2.28,4.07,6.05,7.6,16.52,0.05,0,0,1,0,0,2
2023-05-17,25.749,-79.8286,22.9,31.74,950.8,55.41,1440.4,2.7,0.74,1.11,1.52,1.8,2.21,5.13,10.17,0.05,0,0,0,1,0,2
2023-05-17,25.7758,82.5944,46.64,97.17,1011.13,73.23,428.8,29.4,3.3,5.21,9.14,10.91,16.84,38.33,64.09,0.418,7,0,1,1,3,2
2023-05-17,18.7254,73.108,31.71,97.71,969.8,51.67,440.3,43.1,4.78,6.34,13.21,22.26,37.74,47.47,80.93,0.662,0,1,2,1,0,1
2023-05-17,28.662,76.7165,11.34,56.3,982.45,135.09,1313.6,45.3,2.31,4.62,7.54,10.23,11.45,24.64,51.82,0.477,0,0,1,2,0,1
2023-05-17,36.0831,139.6922,37.26,37.83,983.83,24.25,2208.9,31.8,0.02,0.04,0.05,0.08,0.11,0.16,0.31,0.05,2,0,0,0,1,3
2023-05-18,18.6965,72.8466,18.07,54.91,1027.34,107.06,2019.6,20.2,5.11,6.38,8.36,10.55,14.57,32.27,49.9,0.397,0,0,1,1,0,1
2023-05-19,16.4377,81.4481,45.48,89.12,1004.69,91.5,1654.8,45.1,1.01,1.86,3.39,5.57,7.11,13.54,27.02,0.161,7,0,1,1,3,3
2023-05-19,25.3978,82.5483,12.39,91.92,984.76,118.96,863.6,12.9,0.41,0.63,1.32,2.15,3.57,8.39,10.73,0.372,0,0,0,2,0,2
2023-05-19,23.0414,87.9437,12.92,47.62,1015.67,140.66,1216.3,28.7,4.31,9.48,12.41,21.69,31.17,54.26,88.11,0.65,0,1,1,2,0,0
2023-05-19,22.4844,88.5982,34.07,97.32,974.21,107.32,403.1,38.7,5.4,11.18,14.61,27.61,48.59,79.89,141.99,0.95,0,2,2,2,1,0
2023-05-20,35.1741,139.5907,15.08,37.83,951.49,63.18,615.9,13.0,1.03,1.52,2.26,3.46,4.87,6.21,10.1,0.098,0,0,0,2,0,2
2023-05-20,10.4665,76.7265,29.58,84.64,972.34,54.92,399.7,36.1,0.81,1.48,2.91,3.43,4.18,5.94,7.93,0.165,0,0,1,1,0,2
2023-05-21,15.7191,75.7733,12.83,26.32,946.77,86.59,316.4,41.6,14.24,25.56,41.02,56.54,87.45,168.75,260.45,0.95,0,3,3,3,0,0
2023-05-21,14.9371,120.9418,13.06,38.92,971.41,97.82,527.9,7.2,3.63,8.7,18.21,33.46,38.26,81.0,128.32,0.86,0,1,1,2,0,0
2023-05-21,35.1941,140.0891,32.77,18.58,1027.46,6.09,122.3,15.9,6.24,9.41,15.29,17.04,19.68,37.97,52.94,0.117,0,1,0,0,0,2
2023-05-22,13.371,100.8393,10.31,47.29,1014.86,7.74,1534.8,19.7,0.8,1.55,3.02,4.45,5.35,8.39,18.3,0.236,0,0,0,0,0,2
2023-05-22,16.1172,81.3345,25.08,51.15,980.48,146.51,629.9,34.6,0.41,0.62,1.08,1.7,2.53,3.41,6.67,0.05,0,0,1,2,0,2
2023-05-22,29.0766,77.2942,18.32,32.43,1010.07,106.94,1635.0,26.8,2.9,6.04,8.72,12.05,20.61,32.37,56.53,0.334,0,0,1,1,0,1
2023-05-23,29.8963,-89.8043,46.28,29.81,952.97,103.6,2184.2,27.1,3.17,5.85,7.25,11.93,16.11,37.42,51.89,0.05,4,0,1,2,2,3
2023-05-23,13.1411,80.0835,29.06,30.51,988.73,110.16,1848.0,25.4,0.86,1.99,3.77,4.96,8.27,13.38,20.24,0.05,0,0,0,2,0,2
2023-05-23,28.8313,76.9199,34.54,24.53,965.44,48.77,1792.8,30.2,0.71,1.36,2.5,3.53,4.49,9.05,16.39,0.05,0,0,0,1,0,2
2023-05-24,14.9375,121.342,25.35,75.24,972.67,147.91,166.6,30.9,5.26,9.27,17.42,32.08,52.0,81.7,143.94,0.95,0,2,2,3,0,0
2023-05-25,24.0067,90.0458,12.23,66.22,956.18,146.33,1000.5,6.5,0.15,0.24,0.48,0.58,0.96,1.63,3.26,0.21,0,0,0,3,0,2
2023-05-25,-6.0066,106.8258,31.29,84.66,957.92,93.23,143.3,13.4,0.47,0.58,1.14,1.63,1.97,3.87,8.13,0.151,0,0,0,2,0,2
2023-05-27,-5.9631,106.7141,10.68,32.64,1024.15,65.95,64.4,25.0,18.34,29.33,38.92,62.85,109.6,244.52,454.07,0.95,0,3,3,1,0,0
2023-05-27,10.7228,-67.2304,45.7,23.72,1017.84,7.87,1275.7,41.0,3.52,6.31,8.3,13.51,20.56,35.99,51.64,0.05,8,0,1,0,3,3
2023-05-27,18.5427,-66.3688,38.72,44.37,1023.33,44.39,473.5,30.0,8.65,11.84,14.65,27.45,32.82,63.31,88.58,0.403,2,1,1,0,1,1
2023-05-27,11.5223,92.9557,46.25,48.83,1013.68,118.97,1377.3,45.9,0.78,1.04,2.05,2.98,5.04,11.45,14.46,0.05,6,0,1,1,3,3
2023-05-28,19.4851,73.2521,16.22,23.24,964.43,31.27,2335.6,14.1,0.92,2.03,3.2,4.6,6.49,11.03,16.84,0.063,0,0,0,1,0,2
2023-05-28,11.8934,93.1013,14.36,35.68,973.37,27.74,1396.8,46.8,5.02,8.57,10.32,13.94,20.47,32.53,42.65,0.298,0,0,1,1,0,1
2023-05-28,14.844,75.6372,29.13,94.13,970.88,49.34,1159.7,25.0,0.0,0.0,0.0,0.0,0.0,0.0,0.0,0.163,0,0,0,1,0,2
2023-05-28,29.6381,-90.2197,37.38,87.67,1005.49,82.65,239.5,39.8,0.46,0.76,0.95,1.58,2.29,5.24,7.02,0.103,7,0,1,1,2,3
2023-05-29,25.6078,-80.5438,42.92,46.56,1016.12,88.14,378.8,39.9,8.35,10.87,22.15,35.02,39.16,72.45,144.66,0.726,9,1,2,1,3,1
2023-05-29,13.5391,80.0081,45.2,57.53,954.21,14.31,46.1,20.8,1.12,2.55,5.05,8.94,15.26,23.76,38.64,0.092,2,1,0,1,2,3
2023-05-29,29.5922,-89.7116,28.86,60.44,972.41,136.98,724.0,25.0,0.72,0.87,1.38,2.1,3.43,5.96,8.81,0.067,0,0,0,2,0,2
2023-05-29,14.6906,121.2388,11.78,97.83,996.08,63.33,2124.7,2.5,4.42,6.07,10.3,12.12,19.09,33.56,40.5,0.591,0,0,0,1,0,1
2023-05-30,13.4427,80.0356,40.47,18.48,1011.7,46.45,1160.5,26.3,5.1,11.53,22.18,34.55,46.42,85.04,104.6,0.37,8,1,1,1,2,1
2023-05-30,13.1963,80.1055,12.73,71.41,986.3,117.28,700.0,39.9,3.68,8.78,11.95,13.63,23.11,37.12,60.55,0.587,0,1,2,2,0,1
2023-05-30,22.7839,88.4602,42.11,27.86,1019.55,98.06,1513.4,41.0,1.82,3.79,6.83,11.73,18.32,23.74,35.44,0.05,1,0,1,1,1,3
2023-05-30,10.9041,-66.7757,34.69,31.75,995.59,15.91,1670.3,19.9,0.58,1.38,2.78,5.05,8.34,16.93,31.41,0.05,0,0,0,0,0,2
2023-05-31,23.0324,88.1289,11.73,97.35,1018.88,127.09,379.3,46.5,9.27,15.97,28.96,54.85,76.07,101.6,210.09,0.95,0,2,3,2,0,0
2023-05-31,10.1285,76.9476,46.23,34.9,1009.56,116.69,1271.6,17.1,2.07,4.05,6.79,11.61,15.7,20.86,35.58,0.05,4,0,0,1,2,3
2023-05-31,16.2316,81.1741,16.73,80.17,1005.86,30.82,93.1,14.5,5.55,12.91,22.15,25.98,37.71,90.45,193.44,0.95,0,2,2,0,0,0
2023-05-31,22.1376,88.5818,41.26,69.71,990.88,78.6,512.3,1.2,4.41,10.16,13.87,25.63,29.48,54.92,72.25,0.393,8,1,0,1,3,2
2023-06-01,14.8846,76.0096,44.14,54.68,1011.98,99.73,1034.6,26.9,9.53,12.3,20.62,23.54,35.05,67.59,135.69,0.695,9,1,2,1,3,1
2023-06-01,29.9143,-89.9453,25.55,37.81,1026.39,85.21,2153.7,28.3,4.1,5.07,8.42,14.12,16.74,33.71,43.29,0.21,0,0,1,1,0,1
2023-06-03,25.4374,-80.4697,22.17,97.95,969.22,26.06,1319.5,25.2,2.09,4.88,7.09,9.46,11.33,23.08,35.11,0.463,0,0,1,1,0,1
2023-06-03,14.0506,-87.0844,20.61,15.93,971.84,148.37,1158.5,27.6,5.0,6.69,12.45,16.66,22.85,34.81,47.12,0.18,0,0,1,3,0,1
2023-06-03,22.6621,88.0952,26.26,90.77,949.41,72.78,143.6,12.4,10.76,14.26,17.76,20.77,32.9,39.96,63.68,0.572,0,1,1,2,0,1
2023-06-04,25.3335,82.6747,28.29,45.28,1017.49,62.43,805.4,10.3,1.66,2.62,4.74,6.31,9.49,12.14,16.89,0.054,0,0,0,0,0,2
2023-06-04,-6.1119,106.9811,44.32,91.93,992.98,58.6,773.0,42.6,6.71,10.43,13.95,24.96,38.09,60.02,108.68,0.694,4,1,2,1,3,1
2023-06-04,23.5611,90.202,15.27,83.85,996.9,89.19,1830.0,11.9,3.34,4.97,6.77,10.82,13.94,28.68,49.17,0.55,0,0,1,1,0,1
2023-06-05,16.1381,81.8339,43.66,67.7,946.41,52.09,1437.3,7.5,0.36,0.46,0.81,1.1,1.5,1.91,3.7,0.05,9,0,0,1,3,3
2023-06-05,11.9801,92.516,29.51,84.39,1002.31,153.36,339.5,16.9,1.67,2.12,2.63,2.95,4.09,9.05,17.28,0.223,0,0,0,2,0,2
2023-06-06,16.1765,81.5883,28.5,22.56,993.38,95.6,1749.4,36.7,5.16,10.3,14.36,20.44,33.59,78.74,100.7,0.473,0,1,2,1,0,1
2023-06-06,28.2154,77.1988,11.53,67.58,997.35,31.55,2094.2,33.9,1.25,1.87,3.51,5.92,7.13,11.54,16.35,0.305,0,0,1,0,0,2
2023-06-07,18.8523,72.374,32.5,54.68,955.2,144.2,1901.7,37.6,4.18,5.12,8.47,14.41,18.04,34.97,74.47,0.419,0,0,1,3,0,1
2023-06-07,35.536,139.5545,42.67,19.56,959.66,85.95,1155.6,2.7,0.03,0.07,0.13,0.18,0.26,0.4,0.62,0.05,1,0,0,2,1,3
2023-06-07,24.8282,83.3361,17.94,93.81,987.27,80.89,1262.5,5.8,12.31,16.02,29.32,33.61,47.41,108.08,212.75,0.95,0,2,2,2,0,0
2023-06-08,23.0005,88.0682,11.53,97.06,1012.03,11.63,515.4,26.6,2.6,5.08,8.22,13.87,18.64,26.31,32.46,0.539,0,0,1,0,0,1
2023-06-08,10.8648,-66.8698,8.67,73.0,1024.25,110.05,2385.4,33.2,0.12,0.26,0.38,0.55,0.73,1.11,1.81,0.264,0,0,1,1,0,2
2023-06-08,16.267,81.6452,11.2,24.08,1015.04,18.77,96.4,17.0,2.2,4.14,6.86,12.56,20.57,48.97,82.1,0.521,0,1,1,0,0,1
2023-06-09,16.8419,82.003,18.26,38.53,955.43,56.8,1156.4,29.0,1.27,2.73,4.56,7.34,9.5,20.68,37.73,0.245,0,0,1,1,0,1
2023-06-09,20.4238,85.861,26.11,16.66,956.7,105.86,1794.4,6.0,0.9,1.19,1.89,2.27,3.19,6.63,12.49,0.05,0,0,0,2,0,2
2023-06-09,13.7246,-87.0047,24.61,96.8,990.99,144.42,14.8,36.0,8.17,11.17,14.37,20.69,36.28,67.15,116.0,0.941,0,2,2,2,0,0
2023-06-09,11.7627,92.4023,39.22,76.18,1009.58,50.62,789.2,26.1,1.14,1.52,2.45,2.7,4.41,9.26,16.22,0.091,7,0,0,0,2,3
2023-06-11,13.5594,80.5503,24.26,21.38,995.58,43.67,1383.6,45.5,5.4,12.7,24.82,29.04,33.91,68.25,126.7,0.669,0,1,2,1,0,0
2023-06-11,25.8014,-80.5339,26.37,86.53,1008.37,112.48,650.0,27.0,6.77,15.06,20.38,28.96,41.18,73.18,121.32,0.912,0,1,2,1,0,0
2023-06-11,25.5978,-80.2761,35.03,57.1,979.6,121.46,356.3,21.6,3.11,6.37,12.71,15.62,21.71,31.97,55.89,0.29,7,0,1,2,2,2
2023-06-11,25.336,-79.9946,14.41,77.52,1008.15,11.17,47.0,46.8,0.75,1.64,2.8,3.67,4.37,7.85,12.62,0.3,0,1,1,0,0,2
2023-06-11,23.3963,90.2517,26.25,47.69,959.19,124.81,2286.9,41.8,0.62,1.3,1.8,2.04,2.94,5.89,7.8,0.05,0,0,1,2,0,2
2023-06-12,15.1446,76.1776,44.3,63.02,959.85,103.55,2377.8,39.6,4.79,6.94,13.8,20.98,36.14,57.67,72.78,0.339,8,1,2,2,3,2
2023-06-13,29.8861,-89.6211,37.62,63.4,949.53,14.91,489.2,7.3,1.4,2.65,4.62,7.25,8.57,16.46,26.5,0.112,5,0,0,1,2,2
2023-06-13,10.2244,-66.9018,31.63,34.69,953.45,25.39,591.8,8.1,0.72,1.11,1.51,2.74,3.17,5.8,9.34,0.05,0,0,0,1,0,2
2023-06-13,16.2481,81.1717,46.68,38.85,1002.88,93.36,1174.5,32.1,1.62,3.78,6.94,11.82,15.01,21.05,33.56,0.05,1,0,1,1,2,3
2023-06-13,14.1045,100.8371,17.14,46.31,1002.84,78.29,2319.9,28.0,1.39,1.97,2.75,3.06,4.31,10.14,20.05,0.18,0,0,0,1,0,2
2023-06-13,14.1153,-87.0647,16.26,18.44,971.73,87.64,2059.3,32.2,2.0,4.69,8.66,15.97,23.46,35.44,44.4,0.213,0,0,1,2,0,1
2023-06-14,-6.6302,106.7535,43.45,32.85,961.98,29.77,35.5,37.2,7.28,14.1,19.31,25.65,36.76,86.21,124.78,0.534,6,2,2,1,2,1
2023-06-14,14.3596,120.5777,40.18,17.76,974.77,116.73,2271.4,18.4,7.2,12.04,16.39,18.07,24.05,39.78,85.33,0.249,5,0,1,2,2,2
2023-06-14,28.5732,77.1815,46.01,30.45,949.52,102.32,2123.2,27.3,0.29,0.49,0.88,1.2,2.03,2.98,4.66,0.05,8,0,0,2,3,3
2023-06-15,15.5153,75.3716,41.98,33.22,981.44,28.71,434.9,23.7,11.27,21.53,42.38,78.39,90.98,126.87,189.14,0.95,5,3,3,1,2,0
2023-06-15,23.9305,89.9146,37.63,94.47,1027.74,62.63,262.6,5.0,2.37,5.1,6.34,7.83,11.84,15.42,32.05,0.288,2,0,0,0,1,2
2023-06-16,14.563,121.2094,23.61,53.13,970.52,71.71,239.5,5.6,2.06,3.59,7.12,9.71,15.28,23.89,36.02,0.252,0,0,0,1,0,1
2023-06-16,-5.7419,107.2167,35.85,89.86,971.48,42.6,1716.2,35.1,6.19,12.97,20.24,29.11,48.42,73.63,96.36,0.685,9,1,2,1,2,1
2023-06-17,23.0185,87.9956,18.63,70.23,990.47,16.72,1062.6,3.7,6.68,8.87,14.41,21.74,31.98,61.75,117.42,0.884,0,1,1,0,0,0
2023-06-17,25.1933,82.9635,28.03,36.03,1026.98,46.6,1850.2,20.8,0.81,1.75,2.63,4.71,8.2,18.3,22.6,0.05,0,0,0,0,0,2
2023-06-17,14.1854,-87.1983,42.3,35.91,946.85,22.78,1582.6,46.9,0.41,0.72,0.98,1.66,1.96,2.92,4.08,0.05,3,0,1,1,2,3
2023-06-17,35.7018,139.8226,28.38,82.44,1007.42,31.68,965.0,7.3,0.5,1.03,1.73,2.73,4.4,6.74,10.79,0.184,0,0,0,0,0,2
2023-06-17,14.9945,121.2187,42.5,16.7,996.52,130.71,312.6,2.6,7.69,11.96,21.51,38.07,44.82,74.08,142.75,0.582,6,1,1,2,2,1
2023-06-18,18.8246,73.0515,26.45,65.31,1010.93,18.32,2042.0,35.9,1.84,4.27,8.93,11.29,15.42,35.65,68.5,0.485,0,0,1,0,0,1
2023-06-18,13.327,80.3689,39.17,28.07,960.48,151.7,1722.0,12.4,3.13,5.76,11.29,19.01,31.98,46.49,85.55,0.306,3,1,1,3,1,2
2023-06-19,13.7072,100.8805,17.74,97.99,1013.26,111.4,2312.3,33.1,4.12,9.38,13.81,15.21,24.34,33.77,50.22,0.598,0,1,1,1,0,1
2023-06-19,12.0208,92.7118,19.55,59.84,1002.15,25.65,1274.7,37.4,2.26,3.14,6.23,10.21,15.75,31.22,45.11,0.376,0,0,1,0,0,1
2023-06-19,25.8797,-80.4837,29.54,61.0,982.47,38.96,1357.7,4.8,1.71,2.51,3.29,6.05,9.62,13.49,29.0,0.19,0,0,0,1,0,2
2023-06-19,13.2439,79.8105,18.2,34.68,990.63,27.92,694.2,25.0,14.04,19.43,24.05,40.08,61.38,96.73,143.1,0.887,0,2,2,1,0,0
2023-06-19,13.3606,100.22,35.46,77.53,950.46,118.8,1859.8,32.4,1.21,2.16,2.81,4.15,5.27,8.53,11.62,0.103,7,0,1,2,2,3
2023-06-21,14.6012,121.357,39.98,85.27,1016.44,96.79,1786.0,17.6,22.63,34.75,60.15,79.74,93.97,176.77,274.59,0.95,5,3,3,2,2,0
2023-06-21,16.2922,81.4012,38.82,93.08,1004.05,25.63,198.4,39.1,1.05,2.36,3.25,5.94,9.88,22.3,31.95,0.27,2,0,1,0,2,2
2023-06-22,23.9742,90.1092,28.98,84.73,1027.12,138.1,892.8,9.8,2.35,4.91,8.07,12.0,20.24,33.07,68.12,0.547,0,0,1,1,0,1
2023-06-23,18.6988,-65.8035,21.2,72.06,993.93,114.71,148.9,44.7,17.37,32.4,43.67,78.41,121.78,237.32,494.79,0.95,0,3,3,2,0,0
2023-06-23,29.9113,-89.619,33.59,60.95,969.57,13.76,1484.0,23.7,4.98,8.44,17.61,24.97,33.29,74.74,119.25,0.717,0,1,2,1,0,0
2023-06-25,25.9369,-79.7618,26.79,79.04,976.46,110.47,968.4,5.8,0.4,0.54,0.66,1.01,1.59,2.15,3.9,0.14,0,0,0,2,0,2
2023-06-25,16.4658,81.8818,24.13,45.45,1013.98,52.85,1000.4,3.4,4.42,6.45,9.1,14.28,25.54,43.22,66.0,0.4,0,0,0,0,0,1
2023-06-25,24.1714,90.3392,31.81,76.05,972.7,150.22,367.3,22.2,0.55,1.18,1.53,2.36,2.77,4.83,7.15,0.101,0,0,0,2,0,2
2023-06-26,22.2117,88.4582,11.55,57.73,950.3,56.53,1443.4,26.9,1.82,3.12,4.38,6.42,11.35,25.2,33.9,0.369,0,0,1,2,0,1
2023-06-27,12.8812,79.8588,12.17,30.25,1001.92,131.49,1792.1,7.5,3.99,7.8,13.13,20.37,31.06,44.02,67.46,0.448,0,1,1,2,0,1
2023-06-27,18.3369,-66.1383,39.3,53.03,985.09,22.42,195.3,35.1,2.4,4.14,7.69,13.17,15.95,30.82,41.16,0.141,4,0,1,1,2,2
2023-06-27,20.5775,85.571,30.38,49.5,1015.32,140.04,2105.9,46.8,0.1,0.22,0.41,0.53,0.94,1.3,2.44,0.05,0,0,1,1,0,2
2023-06-28,23.3466,90.1165,18.5,82.79,996.75,53.0,764.0,33.0,0.65,1.0,1.52,2.22,2.74,3.8,8.32,0.26,0,0,1,1,0,2
2023-06-29,20.1378,85.668,9.01,63.16,994.58,122.55,2284.3,17.4,2.02,4.05,8.39,15.21,23.83,53.09,68.23,0.632,0,1,1,2,0,1
2023-06-29,9.7908,77.3125,8.34,20.53,1002.6,59.76,497.0,11.8,2.39,5.46,7.87,12.78,21.44,38.3,47.0,0.311,0,0,0,1,0,1
2023-06-29,11.8938,93.0853,14.06,97.62,958.01,130.54,1409.5,32.7,3.24,7.27,12.89,22.93,27.7,62.05,136.07,0.95,0,1,2,3,0,0
2023-06-29,17.0001,81.4482,20.12,15.75,997.55,112.81,848.4,42.0,4.75,9.12,16.72,28.68,42.13,70.67,93.69,0.474,0,1,2,2,0,0
2023-06-30,25.5544,-80.3049,18.47,55.28,975.93,62.39,2026.4,44.7,0.26,0.38,0.69,0.96,1.23,1.91,2.91,0.102,0,0,1,1,0,2
2023-06-30,20.169,85.3753,42.17,58.03,982.64,57.63,149.1,1.0,2.49,5.68,9.81,17.56,31.6,44.69,83.1,0.4,9,1,0,1,3,2
2023-07-01,14.6467,120.6439,19.54,33.3,959.28,6.5,1835.6,23.6,13.48,23.28,45.61,85.49,95.38,126.51,195.82,0.95,0,2,3,1,0,0
2023-07-01,28.2816,76.912,29.52,66.15,1020.33,111.45,1670.7,28.4,3.51,7.6,15.82,27.47,43.82,59.71,120.44,0.785,0,1,2,1,0,0
2023-07-01,20.6879,85.7757,18.86,39.03,979.91,80.92,1004.9,41.5,5.56,8.74,14.51,20.96,23.88,50.09,69.21,0.439,0,0,2,1,0,1
2023-07-01,18.6867,73.0303,23.6,43.88,961.93,97.64,1963.2,32.0,1.74,4.15,5.0,6.74,11.98,19.92,36.26,0.212,0,0,1,2,0,1
2023-07-02,16.8488,81.9154,26.5,72.13,1010.96,90.41,1234.0,33.4,1.68,3.82,5.31,9.6,14.89,28.6,47.76,0.385,0,0,1,1,0,1
2023-07-02,25.1853,83.0379,29.42,66.42,967.77,128.5,396.1,0.5,10.66,17.8,36.7,48.53,55.54,118.13,240.49,0.95,0,2,2,3,0,0
2023-07-03,-6.1948,106.5802,20.27,53.39,946.54,93.47,77.9,26.1,2.14,3.19,4.77,7.94,8.79,13.89,26.12,0.222,0,1,1,2,0,2
2023-07-03,10.8072,-66.631,38.17,87.92,996.79,143.89,920.5,7.7,0.69,1.38,2.16,2.65,3.46,6.36,8.4,0.105,5,0,0,2,2,3
2023-07-03,30.2473,-90.2483,20.25,39.77,1027.67,87.56,2111.8,20.7,4.49,6.93,14.0,20.5,34.08,51.36,97.26,0.605,0,1,1,1,0,0
2023-07-04,13.9778,-87.668,14.02,60.27,960.49,121.86,1350.6,10.1,7.04,15.07,30.99,34.1,48.42,116.2,233.7,0.95,0,2,2,3,0,0
2023-07-04,18.8103,-65.8506,31.12,18.37,983.27,87.14,1183.5,40.8,1.3,2.94,4.6,7.62,8.84,12.73,24.97,0.05,0,0,1,1,0,2
2023-07-04,20.188,85.6301,24.86,96.28,952.36,143.1,1153.6,30.1,6.21,10.14,16.1,22.98,31.31,72.35,146.79,0.95,0,1,2,3,0,0
2023-07-04,29.9438,-90.1824,40.93,71.1,956.55,40.9,2101.5,9.2,1.14,1.55,2.8,5.19,6.69,11.84,21.72,0.087,5,0,0,1,2,3
2023-07-04,35.3218,139.9026,40.82,76.74,949.78,130.18,810.8,20.6,0.04,0.08,0.13,0.24,0.31,0.56,0.9,0.05,1,0,0,3,2,3
2023-07-05,18.7052,73.1878,28.49,38.36,989.15,73.41,1026.4,19.6,5.84,12.2,21.71,35.08,47.77,82.45,111.52,0.612,0,1,1,1,0,0
2023-07-06,14.958,121.1557,29.83,83.26,1023.1,48.32,701.6,26.4,0.06,0.09,0.17,0.3,0.41,0.94,1.39,0.116,0,0,0,0,0,2
2023-07-06,35.631,139.824,42.48,54.19,976.78,40.43,1450.9,42.3,1.37,2.3,3.6,5.58,7.03,15.37,22.99,0.05,5,0,1,1,2,3
2023-07-07,29.8091,-89.8441,34.7,86.98,978.27,67.61,957.5,21.8,0.13,0.25,0.51,0.88,1.5,2.21,3.99,0.105,0,0,0,1,1,3
2023-07-07,13.453,79.9904,26.5,62.91,963.79,118.06,292.4,7.6,1.87,2.55,3.09,4.42,6.87,12.33,15.44,0.142,0,0,0,2,0,2
2023-07-07,28.497,77.0415,27.04,76.04,977.85,105.62,2137.7,22.1,2.82,5.68,9.34,11.49,15.0,18.51,34.87,0.318,0,0,1,2,0,1
2023-07-07,10.3825,76.8985,26.71,86.97,965.92,17.45,2075.4,1.7,8.47,13.27,21.99,26.52,45.92,96.42,204.81,0.95,0,2,1,1,0,0
2023-07-08,36.0223,140.0767,31.46,95.47,954.93,134.43,940.1,18.9,1.5,2.02,3.29,5.69,9.75,22.97,45.6,0.433,0,0,1,3,0,1
2023-07-08,35.54,139.4348,41.87,86.75,1002.54,97.61,37.3,36.0,0.34,0.51,0.87,1.27,1.41,3.09,6.42,0.054,8,0,1,1,3,3
2023-07-08,9.8147,76.8409,16.15,89.27,980.07,142.47,2104.7,20.2,8.92,17.48,28.46,43.39,49.65,107.7,160.74,0.95,0,2,2,3,0,0
2023-07-09,10.2864,76.8445,15.45,72.66,963.15,93.08,636.6,31.9,5.9,12.59,23.73,29.67,34.47,70.28,110.22,0.879,0,1,2,2,0,0
2023-07-09,10.3918,-66.8823,24.72,80.6,981.84,36.83,2247.3,34.3,6.97,9.33,17.12,27.6,39.71,54.42,87.88,0.691,0,1,2,1,0,0
2023-07-09,13.8098,-87.6621,34.21,95.57,966.15,76.32,1204.0,11.9,3.12,5.4,8.65,12.03,13.38,24.44,37.52,0.358,0,0,0,2,1,2
2023-07-10,11.496,92.3944,46.22,26.58,1003.88,65.85,2195.3,19.9,2.07,2.8,4.17,5.92,6.58,11.35,17.44,0.05,4,0,0,1,2,3
2023-07-10,14.0523,-86.8198,39.05,77.58,947.98,62.39,2234.1,6.5,4.68,11.09,13.83,22.76,32.49,61.57,79.14,0.492,3,1,1,2,2,1
2023-07-10,19.9443,86.0633,33.09,50.9,1011.3,118.35,750.5,33.9,2.39,3.8,5.97,10.84,14.65,22.63,35.12,0.15,0,0,1,1,0,2
2023-07-10,13.1446,79.8441,42.93,30.62,972.49,62.61,1407.8,44.2,1.76,2.26,3.42,4.28,6.66,8.23,12.28,0.05,1,0,1,1,1,3
2023-07-10,14.2384,121.1241,32.73,41.25,953.5,112.34,1304.9,24.3,4.66,11.12,20.75,38.34,52.87,120.42,232.09,0.95,0,2,2,3,0,0
2023-07-11,16.634,81.7627,27.28,61.55,950.92,143.94,1619.1,7.8,0.98,1.18,1.7,2.3,3.63,6.43,13.14,0.114,0,0,0,3,0,2
2023-07-11,18.7717,72.7997,13.25,48.86,953.86,126.94,1573.1,24.6,1.47,2.09,2.71,5.08,6.3,8.01,17.31,0.21,0,0,0,2,0,2
2023-07-11,35.7165,139.5672,14.67,49.71,1007.85,139.39,203.7,19.2,0.37,0.45,0.81,1.28,1.55,2.29,2.8,0.11,0,0,0,2,0,2
2023-07-11,23.3323,90.0311,44.56,70.77,954.22,133.66,1155.2,13.7,6.1,12.73,22.41,40.76,69.41,102.18,212.4,0.95,3,2,2,3,2,0
2023-07-11,19.3846,72.4497,30.63,74.81,972.48,94.26,1980.0,5.0,4.34,6.89,9.03,13.87,17.45,38.14,47.4,0.358,0,0,0,2,0,1
2023-07-11,10.0289,-66.4406,33.97,51.4,989.88,45.26,1073.5,21.2,1.19,2.55,4.0,6.17,7.46,13.2,25.89,0.087,0,0,0,1,0,2
2023-07-11,29.6688,-90.3299,22.79,65.67,956.97,28.78,1697.4,8.5,0.51,1.21,1.47,2.0,2.25,4.96,8.85,0.147,0,0,0,1,0,2
2023-07-12,15.7846,75.3625,22.54,94.91,967.6,105.25,1930.2,9.9,12.66,23.5,47.54,77.54,120.54,194.64,383.56,0.95,0,3,3,3,0,0
2023-07-12,19.1302,72.7984,46.98,60.19,994.35,67.05,1455.0,32.0,1.48,2.6,3.72,6.39,10.33,22.45,42.72,0.114,3,0,1,1,3,3
2023-07-12,35.4459,140.02,45.93,67.69,1023.59,136.33,375.7,42.3,0.0,0.0,0.0,0.0,0.0,0.0,0.0,0.05,4,0,1,1,3,3
2023-07-12,25.6956,82.6209,12.22,95.68,952.37,101.72,1058.6,41.4,1.22,1.51,2.83,4.45,6.25,9.92,20.83,0.454,0,0,1,2,0,1
2023-07-13,14.1666,121.2905,33.14,38.06,1027.72,138.67,1233.1,39.7,5.92,13.74,26.89,43.43,66.3,116.74,213.22,0.95,0,2,3,2,0,0
2023-07-13,18.4787,-65.6787,12.18,16.41,955.66,97.27,771.5,31.3,2.48,3.97,5.55,6.46,10.64,23.23,40.45,0.217,0,0,1,2,0,1
2023-07-13,11.6093,93.1239,25.1,46.63,1022.42,111.42,2227.9,38.4,3.29,4.41,6.45,12.09,16.0,20.99,40.04,0.234,0,0,1,1,0,1
2023-07-13,20.5532,85.7283,41.98,78.58,1010.44,103.74,626.2,43.6,3.89,7.28,9.46,13.79,19.61,43.88,76.64,0.455,3,0,2,1,2,2
2023-07-15,30.0823,-90.212,43.88,20.04,994.31,57.04,2083.7,10.9,1.42,1.74,2.76,4.43,5.48,10.76,20.93,0.05,5,0,0,1,2,3
2023-07-15,15.3812,75.5118,17.16,41.56,1002.17,123.68,1384.4,14.2,2.98,4.36,5.46,10.02,14.4,25.58,49.75,0.344,0,0,0,1,0,1
2023-07-15,23.7951,90.6764,15.49,51.45,946.3,46.91,1009.3,28.0,2.74,4.5,6.79,7.48,12.84,18.97,29.56,0.278,0,0,1,1,0,1
2023-07-15,14.0722,-87.6671,23.5,77.42,986.61,55.5,1695.8,23.0,1.04,2.36,3.07,3.42,4.11,5.74,9.98,0.201,0,0,0,1,0,2
2023-07-15,18.1674,-65.6739,8.53,44.48,968.33,42.13,535.6,34.2,0.31,0.65,1.19,1.55,1.98,3.87,7.59,0.172,0,0,1,1,0,2
2023-07-15,28.732,77.3154,12.84,41.52,981.15,8.66,250.4,39.9,12.42,19.7,25.53,47.19,82.11,163.04,250.85,0.95,0,3,3,1,0,0
2023-07-15,29.0186,76.9497,9.18,25.94,986.46,37.0,1916.2,44.7,0.02,0.03,0.05,0.08,0.14,0.32,0.59,0.05,0,0,1,1,0,2
2023-07-15,29.912,-90.2467,31.72,62.72,1003.66,108.94,211.1,14.1,7.72,14.73,22.03,39.22,49.98,84.52,124.77,0.777,0,2,1,1,0,0
2023-07-15,19.5589,72.6592,39.89,80.87,998.45,61.02,1446.0,30.0,3.96,6.56,10.34,18.91,22.27,30.24,66.24,0.419,1,0,1,1,1,2
2023-07-15,16.4111,81.4043,43.43,16.57,998.95,13.38,1434.8,41.7,3.67,6.47,13.34,22.64,28.86,48.03,94.13,0.269,6,0,1,0,2,2
2023-07-17,35.74,139.9632,10.8,67.82,1007.16,6.09,698.6,7.0,0.92,1.68,2.18,2.8,4.19,7.58,15.6,0.308,0,0,0,0,0,2
2023-07-17,11.4757,93.1475,42.25,23.87,949.73,135.69,1472.0,15.0,2.89,4.24,8.7,15.33,27.19,38.73,79.15,0.219,4,0,1,3,2,2
2023-07-17,29.4635,-90.5686,36.22,52.64,975.45,31.15,1815.2,5.8,0.22,0.29,0.41,0.66,1.12,2.68,5.18,0.05,4,0,0,1,1,3
2023-07-18,23.924,90.7496,28.69,67.39,988.63,17.23,1534.4,47.6,3.51,5.74,10.1,15.63,18.23,35.75,66.24,0.46,0,0,2,0,0,1
2023-07-19,11.9572,92.6796,28.46,70.05,997.25,111.55,1847.8,5.1,0.65,1.35,2.2,3.17,4.5,7.41,13.27,0.143,0,0,0,1,0,2
2023-07-19,23.5516,90.499,31.7,52.62,992.5,32.92,1654.4,9.4,2.85,5.63,11.31,16.51,27.12,38.0,51.54,0.273,0,0,0,1,0,2
2023-07-19,16.0486,81.9693,31.22,70.17,973.73,118.8,2009.6,44.0,3.44,5.04,9.44,11.2,13.74,30.22,63.79,0.434,0,0,1,2,0,1
2023-07-19,18.8665,-65.7781,35.97,47.81,964.31,54.46,172.2,16.3,2.16,5.07,7.51,13.68,17.24,24.64,42.36,0.155,1,1,0,1,1,2
2023-07-20,-6.0727,106.6,24.68,56.4,1013.99,120.02,1846.8,32.8,3.37,6.1,9.35,14.12,23.97,45.18,98.75,0.649,0,1,1,1,0,0
2023-07-20,23.6238,90.7198,26.31,57.5,954.49,123.31,726.5,43.9,6.41,8.18,10.21,16.37,18.89,35.63,45.58,0.307,0,0,1,2,0,1
2023-07-20,35.8432,139.5581,34.86,36.02,945.83,112.69,1286.5,40.2,6.03,13.34,21.83,29.84,49.36,85.96,118.92,0.59,0,1,2,3,0,1
2023-07-21,35.2687,139.9381,20.59,25.18,1026.37,22.95,195.3,25.3,0.24,0.47,0.93,1.21,2.12,4.19,5.71,0.05,0,0,0,0,0,2
2023-07-21,18.167,-65.6263,40.52,42.1,959.05,92.45,684.0,31.5,0.51,0.7,1.27,2.39,3.04,6.25,10.83,0.05,3,0,0,2,2,3
2023-07-21,13.7795,-86.8873,26.82,71.89,994.42,46.39,995.2,16.6,6.7,11.42,14.34,22.88,28.33,45.51,69.53,0.518,0,1,1,1,0,1
2023-07-22,14.2674,-87.0578,20.54,22.8,998.62,146.89,1220.1,22.2,6.98,11.93,21.63,30.52,41.63,59.34,76.46,0.395,0,1,1,2,0,1
2023-07-22,10.2401,-67.1337,30.18,78.12,971.54,43.52,1753.7,24.9,6.8,9.88,18.71,23.01,34.73,53.5,69.61,0.516,0,1,1,1,0,1
2023-07-23,30.1744,-90.3199,31.16,85.75,989.08,32.34,524.4,29.8,0.38,0.49,0.63,0.89,1.2,1.44,1.96,0.119,0,0,0,0,0,2
2023-07-23,23.7247,89.9462,41.03,59.83,979.38,151.51,1397.9,41.7,10.72,21.55,36.51,40.26,45.41,65.44,90.7,0.466,1,1,2,3,1,1
2023-07-23,35.5158,139.8774,29.68,91.67,1026.56,5.8,1896.9,26.1,0.01,0.02,0.04,0.07,0.12,0.23,0.33,0.149,0,0,0,0,0,2
2023-07-23,20.7105,85.7463,19.87,80.51,991.93,135.96,556.5,33.8,6.62,14.11,24.12,39.56,48.96,71.47,104.87,0.841,0,1,2,2,0,0
2023-07-23,10.9214,-66.5081,44.42,41.82,975.35,8.96,1414.9,34.8,5.2,7.17,11.47,14.24,22.26,30.93,65.08,0.193,4,0,1,1,2,2
2023-07-23,20.3715,86.1558,33.98,91.32,1004.07,8.17,1518.1,26.4,2.42,4.51,7.28,12.04,13.37,19.07,29.85,0.293,0,0,1,0,1,2
2023-07-24,18.9038,73.2507,43.28,30.7,1017.52,13.9,2015.2,26.2,5.23,6.86,10.83,15.81,23.09,45.1,71.68,0.194,9,0,1,0,3,2
2023-07-24,10.1545,76.9672,29.65,52.3,960.22,16.21,670.4,34.6,1.86,3.5,4.46,5.35,5.93,11.91,17.44,0.077,0,0,1,1,0,2
2023-07-24,24.0496,89.9668,46.38,93.66,1003.64,135.3,1795.9,33.9,4.4,9.09,14.01,20.16,26.33,36.28,60.17,0.38,6,0,1,2,3,2
2023-07-24,19.0803,72.9167,33.75,15.57,1015.96,4.97,2131.3,16.4,4.2,9.01,13.09,18.13,26.41,50.16,74.84,0.232,0,0,1,0,0,1
2023-07-25,15.5379,75.4718,24.31,50.29,950.4,51.05,2201.7,12.4,2.95,5.27,10.41,16.89,20.45,28.05,49.3,0.316,0,0,0,2,0,1
2023-07-25,28.5625,76.7544,25.31,86.1,1001.21,50.94,1711.1,22.8,1.46,2.92,5.54,9.15,13.03,19.69,39.58,0.409,0,0,1,1,0,1
2023-07-25,11.3392,92.8561,24.67,85.42,945.63,106.8,529.7,42.4,1.34,2.47,3.7,5.33,7.81,16.38,21.63,0.299,0,0,1,2,0,1
2023-07-26,19.9038,86.1377,34.46,38.86,1000.34,152.57,160.2,31.6,1.16,1.51,1.92,2.68,3.96,7.83,13.84,0.05,0,0,0,2,0,3
2023-07-26,36.1004,139.5701,25.43,21.12,998.69,148.21,1113.3,30.2,8.81,15.0,26.97,39.18,69.49,125.4,261.54,0.95,0,2,3,2,0,0
2023-07-26,18.8821,72.9992,9.82,93.46,951.1,89.04,2225.8,44.6,0.5,1.18,1.7,2.33,3.66,4.88,8.46,0.388,0,0,1,2,0,2
2023-07-26,14.9476,121.3776,27.43,74.17,995.53,152.5,457.8,21.8,8.76,20.13,33.13,40.02,66.85,127.16,250.91,0.95,0,2,2,2,0,0
2023-07-27,22.8904,88.0132,20.26,31.09,950.93,153.33,2127.6,15.3,0.06,0.11,0.16,0.19,0.31,0.5,1.09,0.05,0,0,0,3,0,2
2023-07-27,14.2499,100.2236,21.42,24.53,986.49,127.62,253.1,35.6,1.09,1.81,3.78,6.2,9.94,19.11,29.09,0.099,0,0,1,2,0,2
2023-07-27,28.1538,76.8656,10.18,25.4,1025.58,62.13,1852.9,11.0,2.66,3.68,7.09,8.75,13.95,19.27,38.9,0.266,0,0,0,0,0,1
2023-07-28,29.5315,-89.5751,30.65,75.24,1014.74,134.02,422.6,9.9,0.06,0.08,0.11,0.18,0.26,0.55,0.93,0.069,0,0,0,1,0,2
2023-07-28,28.8367,77.5269,31.99,54.16,951.7,24.15,130.2,34.3,6.22,8.69,12.97,19.24,23.09,39.24,85.03,0.487,0,1,1,1,0,1
2023-07-28,10.17,77.0437,25.07,30.58,985.75,123.86,1687.4,6.0,10.37,16.25,28.08,31.61,54.89,110.89,163.68,0.934,0,2,2,2,0,0
2023-07-29,25.0383,82.8313,28.08,83.63,951.32,55.32,1974.7,31.3,1.2,2.66,4.37,6.55,11.68,27.29,42.53,0.391,0,0,1,1,0,1
2023-07-29,13.7365,100.1585,17.4,71.57,961.41,37.33,2396.5,42.7,4.18,6.6,11.11,13.35,17.81,22.82,41.31,0.425,0,0,1,1,0,1
2023-07-29,14.4151,121.4358,39.79,81.33,981.94,153.2,740.5,15.5,0.58,0.95,1.39,2.2,2.48,3.9,4.7,0.05,9,0,0,2,3,3
2023-07-29,19.4369,73.0913,20.1,57.77,949.67,113.28,571.1,23.3,0.35,0.72,1.44,2.11,2.44,5.7,9.39,0.139,0,0,0,2,0,2
2023-07-29,19.0356,73.1482,30.34,15.67,950.62,82.45,418.3,26.4,1.53,3.5,7.19,13.54,23.41,55.79,106.34,0.46,0,1,1,2,0,1
2023-07-29,10.0275,-66.6764,22.4,49.14,1021.17,4.01,1352.8,44.4,8.59,16.33,25.2,29.71,36.3,73.17,89.02,0.576,0,1,2,0,0,0
2023-07-29,28.7412,77.1187,38.4,78.17,965.44,133.99,1414.4,23.2,0.06,0.1,0.18,0.21,0.3,0.72,1.38,0.05,1,0,0,2,1,3
2023-07-30,18.1887,-66.4445,11.01,18.73,953.86,2.04,1673.4,27.2,0.82,1.21,2.34,3.51,5.58,9.73,13.99,0.072,0,0,0,1,0,2
2023-07-30,10.1614,77.0135,39.15,92.31,990.59,46.27,2279.4,33.8,3.72,7.17,13.38,23.02,38.07,90.26,145.43,0.95,1,1,2,1,1,0
2023-07-31,29.6685,-90.1091,41.2,59.85,965.0,85.53,2006.1,32.8,2.49,3.72,6.6,8.83,9.79,16.21,22.72,0.05,8,0,1,2,3,3
2023-07-31,14.4662,-87.449,17.98,69.87,994.72,139.4,212.9,10.7,7.01,15.33,21.05,24.97,42.43,59.99,124.25,0.931,0,2,1,2,0,0
2023-07-31,23.0051,88.6097,37.07,34.82,967.59,101.21,776.2,17.4,5.31,8.07,14.81,27.37,32.49,44.61,95.59,0.419,5,1,1,2,1,1
2023-08-01,28.2515,77.4104,9.71,84.44,965.65,68.13,1603.7,20.9,2.04,2.61,4.07,6.97,12.13,20.57,33.4,0.504,0,0,1,1,0,1
2023-08-01,15.1285,76.1394,41.48,50.94,945.44,26.14,1042.9,32.2,0.62,1.08,1.31,1.94,3.35,6.42,10.53,0.05,6,0,0,1,2,3
2023-08-01,24.2881,90.7684,10.31,47.1,991.89,45.71,1654.7,4.0,5.47,11.28,15.71,21.03,35.01,74.5,150.03,0.95,0,1,1,1,0,0
2023-08-01,24.9529,83.0649,16.01,52.87,980.98,76.82,2343.9,25.1,6.2,12.38,16.05,26.59,41.29,87.13,111.04,0.789,0,1,2,1,0,0
2023-08-02,13.5493,80.7257,40.0,60.09,987.48,10.41,1378.4,43.3,5.3,11.36,15.27,21.18,26.76,42.26,75.2,0.38,6,0,1,0,2,2
2023-08-02,-6.2993,106.4551,46.45,15.02,995.96,96.31,1098.9,19.4,2.13,3.62,6.72,8.12,10.06,14.25,20.84,0.05,2,0,0,1,2,3
2023-08-02,16.141,81.9476,14.13,33.8,1025.33,68.8,1008.4,23.6,4.22,6.91,10.91,18.51,26.34,54.16,117.11,0.757,0,1,1,1,0,0
2023-08-02,11.4415,92.972,40.97,20.1,986.97,62.8,626.4,10.4,3.95,5.7,10.08,14.23,18.07,38.68,60.49,0.097,9,0,0,1,2,2
2023-08-03,19.017,72.6042,29.18,72.23,1023.17,38.01,740.6,6.1,1.43,3.15,4.96,9.38,12.92,26.63,42.6,0.329,0,0,0,0,0,1
2023-08-03,13.2907,100.1512,39.01,16.36,979.78,152.62,1392.4,40.9,11.59,23.44,35.04,47.19,54.26,92.97,196.67,0.949,1,2,3,3,1,0
2023-08-04,14.0604,100.3743,46.9,38.33,1000.45,29.03,1393.4,43.4,1.35,2.71,3.71,5.94,7.93,11.53,17.45,0.05,9,0,1,0,3,3
2023-08-04,30.3503,-90.2096,8.26,82.69,978.75,120.76,236.0,9.7,6.65,12.73,15.34,27.98,50.04,99.75,192.3,0.95,0,2,2,2,0,0
2023-08-05,25.8325,-80.2679,20.04,28.68,988.01,144.27,2136.2,44.2,11.88,16.61,22.12,31.9,50.48,87.21,182.47,0.95,0,2,3,2,0,0
2023-08-05,19.1742,73.3361,43.3,63.39,979.02,113.64,628.8,4.2,1.48,2.31,4.18,6.44,7.71,17.66,31.67,0.092,3,0,0,2,2,3
2023-08-05,17.9871,-66.5167,38.92,65.08,1002.67,59.36,1034.2,10.4,10.35,24.18,46.81,86.53,135.48,200.72,393.45,0.95,5,3,3,1,2,0
2023-08-05,16.1324,81.4779,36.01,25.33,994.77,86.2,1234.5,33.3,6.36,10.1,20.2,24.82,30.31,46.08,60.8,0.168,6,0,1,1,1,2
2023-08-05,18.6388,-65.7999,13.92,78.89,1005.93,46.02,943.4,8.9,8.56,19.3,33.83,51.06,64.49,138.49,167.32,0.95,0,2,2,1,0,0
2023-08-06,25.5517,-79.995,38.41,18.29,984.88,18.05,582.4,47.4,0.54,0.97,1.7,2.83,4.22,5.11,7.8,0.05,2,0,1,0,1,3
2023-08-06,25.1467,83.2435,26.71,72.59,969.33,104.06,930.4,37.3,2.29,4.24,6.75,8.14,9.93,16.69,21.68,0.223,0,0,1,2,0,2
2023-08-06,25.6551,83.4526,22.75,38.31,1000.06,152.06,1504.9,42.4,1.4,2.36,4.76,8.12,14.51,30.9,50.94,0.286,0,0,1,2,0,1
2023-08-06,13.9136,-87.5229,32.64,31.34,977.41,109.04,916.5,23.5,2.76,4.44,5.63,8.49,12.24,20.95,29.0,0.05,0,0,0,2,0,2
2023-08-07,14.523,-87.3225,12.78,81.56,1005.29,52.4,1655.7,39.7,1.21,2.71,3.44,5.24,6.62,13.73,18.88,0.373,0,0,1,0,0,1
2023-08-07,22.3071,88.4248,28.81,76.92,998.58,82.19,517.1,42.5,1.13,1.7,2.43,2.86,4.14,6.6,11.36,0.159,0,0,1,1,0,2
2023-08-07,15.3442,75.4958,11.56,21.39,978.06,127.7,2026.0,35.5,7.95,12.62,16.15,18.52,31.42,65.24,123.87,0.766,0,1,2,2,0,0
2023-08-08,25.5568,-79.6929,43.26,90.3,956.25,24.2,1829.2,46.0,3.84,6.5,11.8,15.14,27.23,46.76,99.68,0.64,8,1,2,1,3,1
2023-08-08,18.717,72.3887,22.19,15.16,1009.05,72.88,2075.5,3.0,0.63,0.95,1.9,2.63,3.24,7.0,10.52,0.05,0,0,0,1,0,2
2023-08-08,14.6114,121.2476,10.73,85.38,975.29,128.28,2142.6,24.5,2.94,5.81,10.34,15.76,23.89,41.31,87.42,0.837,0,1,1,2,0,0
2023-08-08,26.0078,-80.4084,29.11,94.4,977.48,66.28,2325.4,33.5,4.45,8.34,17.32,28.6,49.38,100.7,194.87,0.95,0,2,2,1,0,0
2023-08-09,14.5456,-86.7691,42.47,48.41,982.64,135.07,415.1,2.2,1.18,1.63,3.4,5.28,7.89,16.99,24.78,0.05,7,0,0,2,3,3
2023-08-09,25.6615,-80.6492,19.33,55.46,1024.58,13.79,1928.8,22.1,3.71,8.77,14.15,16.65,27.96,42.43,89.32,0.635,0,1,1,0,0,0
2023-08-09,10.2951,76.6103,11.55,65.42,999.83,71.16,607.7,45.8,1.25,1.69,2.99,4.66,7.59,15.97,29.07,0.374,0,0,1,1,0,1
2023-08-09,15.6605,75.8516,35.33,22.25,1008.25,29.44,569.4,19.2,1.32,2.09,2.83,3.78,4.21,7.44,14.65,0.05,5,0,0,0,1,3
2023-08-09,25.819,-80.5641,42.72,29.36,1021.6,81.99,1717.9,5.7,1.1,2.59,3.73,4.99,6.18,8.37,12.0,0.05,9,0,0,1,3,3
2023-08-09,19.9917,85.6298,21.99,90.92,992.73,114.94,1177.3,1.9,0.23,0.42,0.78,0.99,1.59,3.45,5.56,0.248,0,0,0,1,0,2
2023-08-11,13.6897,100.4509,20.04,23.8,1009.49,11.46,1686.3,30.5,0.16,0.35,0.6,1.01,1.53,2.28,3.43,0.05,0,0,0,0,0,2
2023-08-11,18.6764,73.1918,37.14,18.98,1023.73,110.81,18.3,36.8,2.53,5.4,9.02,14.55,24.01,40.48,48.69,0.053,3,1,1,1,1,2
2023-08-11,18.6007,-66.5373,8.88,63.97,1009.44,122.55,84.2,43.6,8.77,16.43,26.84,30.49,45.53,77.0,151.91,0.95,0,2,2,2,0,0
2023-08-11,20.339,85.5181,37.57,69.02,959.76,9.84,1639.7,12.4,2.42,5.07,8.65,10.09,12.41,18.16,26.47,0.138,3,0,0,1,1,2
2023-08-12,18.0574,-65.8937,30.93,78.92,982.48,98.07,863.5,25.3,0.53,1.02,1.41,2.07,3.24,5.55,7.9,0.127,0,0,0,1,0,2
2023-08-12,18.639,72.8299,43.88,77.1,1014.9,125.12,936.3,34.2,4.91,7.1,14.02,20.56,22.85,45.06,84.57,0.48,4,1,1,1,2,2
2023-08-13,18.7531,-65.6188,35.67,23.75,1014.62,104.66,1673.5,17.7,7.4,15.32,19.94,28.44,48.93,61.49,132.91,0.614,2,1,1,1,1,0
2023-08-13,26.0504,-79.8576,18.56,83.13,976.18,80.98,1911.8,15.5,0.09,0.19,0.38,0.7,1.16,2.69,5.44,0.243,0,0,0,1,0,2
2023-08-13,18.8123,72.8415,40.08,27.61,948.16,112.08,674.1,34.4,2.83,3.77,7.69,11.24,18.14,32.67,58.95,0.13,1,0,1,2,1,2
2023-08-14,14.7958,120.8531,46.11,42.37,1001.01,28.39,293.9,37.7,6.51,13.03,17.49,22.61,39.29,60.76,122.67,0.54,1,1,2,0,2,1
2023-08-14,10.2072,76.67,24.11,68.6,957.7,142.1,1865.5,20.4,3.07,5.68,9.79,17.51,21.71,43.86,57.33,0.451,0,0,1,3,0,1
2023-08-14,19.2629,72.9371,42.01,32.45,996.66,62.7,329.9,18.8,1.88,3.67,4.91,5.55,8.46,10.82,14.65,0.05,5,0,0,1,2,3
2023-08-15,13.5944,100.5633,46.89,77.53,960.53,77.03,922.8,28.7,2.07,3.07,5.69,6.74,9.92,15.6,33.8,0.137,8,0,1,2,3,3
2023-08-15,20.2318,86.173,46.55,19.15,990.99,41.98,1998.1,16.9,4.39,8.11,13.68,24.44,34.93,77.36,120.95,0.42,5,1,1,1,2,2
2023-08-15,28.6449,77.087,32.2,51.23,978.7,37.54,75.0,40.8,1.38,2.78,5.71,8.86,12.21,18.58,39.65,0.188,0,1,1,1,0,2
2023-08-16,15.1467,75.4526,40.38,34.3,997.78,59.85,142.2,41.4,6.02,9.52,15.98,24.13,29.54,40.61,83.02,0.308,3,1,1,1,1,2
2023-08-16,10.3003,-66.5141,28.63,37.93,1022.61,97.69,1161.9,28.1,4.83,6.69,13.24,24.73,37.02,74.73,153.93,0.874,0,1,2,1,0,0
2023-08-17,23.9413,90.5496,15.27,23.81,974.2,128.31,1354.5,36.8,7.74,14.49,22.18,39.58,49.9,61.36,76.74,0.449,0,1,2,2,0,1
2023-08-18,14.066,100.0971,8.85,39.38,974.7,24.13,1224.0,11.3,1.44,2.23,4.23,7.62,9.97,16.47,33.19,0.306,0,0,0,1,0,1
2023-08-18,14.9914,75.4845,43.44,69.88,981.47,80.97,1393.8,45.8,12.18,27.0,46.58,65.8,82.99,152.81,236.19,0.95,1,2,3,2,2,0
2023-08-18,-5.9786,107.1887,29.12,79.85,950.06,25.53,1109.9,44.2,2.65,4.55,7.92,9.5,14.8,19.43,34.52,0.314,0,0,1,1,0,2
2023-08-19,20.5897,86.1111,13.33,48.93,989.97,110.37,951.4,27.0,1.93,3.97,5.05,8.44,14.24,17.3,30.01,0.289,0,0,1,2,0,1
2023-08-19,19.9596,86.2886,30.38,30.6,1016.83,70.64,1936.9,46.7,13.85,18.91,38.77,51.03,68.98,87.99,162.39,0.878,0,2,3,1,0,0
2023-08-19,11.8176,92.4598,23.54,17.17,981.61,140.03,2056.2,19.9,0.08,0.16,0.3,0.4,0.57,1.36,2.42,0.05,0,0,0,2,0,2
2023-08-20,24.9565,83.3717,10.79,35.66,1012.98,124.87,2269.2,47.9,13.09,22.15,31.57,53.88,70.56,152.95,265.21,0.95,0,2,3,2,0,0
2023-08-20,14.3718,-87.3955,32.09,34.43,1007.57,36.38,1421.1,33.6,6.88,14.32,27.48,50.3,76.38,169.22,242.3,0.95,0,2,3,1,0,0
2023-08-20,18.6143,73.3542,21.67,89.63,1016.45,7.79,1940.6,23.8,3.92,5.39,9.71,12.47,14.74,20.07,30.1,0.399,0,0,1,0,0,1
2023-08-21,22.1211,88.0092,20.34,79.87,975.98,19.43,1878.5,33.7,1.02,2.42,3.78,6.22,10.81,15.0,31.19,0.373,0,0,1,1,0,1
2023-08-21,14.2667,-87.67,19.53,61.36,956.36,105.29,456.7,8.6,0.09,0.12,0.17,0.22,0.29,0.37,0.79,0.106,0,0,0,2,0,2
2023-08-21,11.5116,93.0048,24.68,45.73,1023.44,4.02,1260.9,37.3,4.66,7.65,12.87,14.21,20.95,39.98,82.95,0.502,0,1,1,0,0,1
2023-08-21,20.2317,85.383,17.7,28.6,1006.58,29.1,523.7,5.3,4.88,9.55,15.11,18.75,27.91,55.13,79.79,0.468,0,1,1,0,0,1
2023-08-21,13.0641,80.4347,29.55,28.5,1009.5,141.16,757.1,38.2,0.34,0.51,0.82,1.16,1.78,3.34,4.3,0.05,0,0,1,2,0,2
2023-08-21,19.3293,72.8193,45.78,72.63,964.25,50.61,333.2,28.1,9.3,20.21,34.14,63.27,109.31,178.54,312.41,0.95,4,3,3,2,3,1
2023-08-22,13.5769,79.9535,20.95,53.62,946.14,14.48,622.1,1.8,3.49,5.97,10.11,12.53,16.38,32.7,70.81,0.496,0,0,0,1,0,1
2023-08-23,11.8642,92.2336,21.22,75.41,965.28,62.02,946.5,28.5,7.82,18.61,32.46,48.82,77.0,154.13,265.71,0.95,0,3,3,2,0,0
2023-08-23,25.2453,82.8065,43.04,33.08,980.36,150.7,1984.6,5.6,2.49,5.17,9.45,16.15,22.94,32.37,53.89,0.096,5,0,0,2,2,3
2023-08-23,9.9647,77.3732,25.31,31.99,1021.27,143.62,510.2,30.5,0.79,1.76,2.27,4.3,6.57,8.06,16.78,0.05,0,0,0,1,0,2
2023-08-23,18.596,-65.6944,28.23,54.56,962.32,84.74,2222.2,1.8,3.99,7.78,15.81,25.55,39.28,83.42,122.44,0.757,0,1,1,2,0,0
2023-08-23,20.3041,86.1492,30.26,58.75,948.17,96.13,1987.6,8.0,3.16,6.04,8.14,9.76,17.43,29.15,41.61,0.252,0,0,0,2,0,2
2023-08-24,18.995,73.3609,23.62,88.57,1013.73,62.89,131.6,42.7,1.78,3.16,4.04,6.68,10.68,18.05,37.7,0.423,0,1,1,0,0,1
2023-08-24,18.6351,73.3189,39.53,40.28,953.11,106.69,1057.5,6.3,2.39,2.97,5.99,7.83,12.24,19.27,33.15,0.05,4,0,0,2,2,3
2023-08-24,13.1921,80.6461,11.5,53.45,1013.23,31.7,220.7,16.1,1.72,2.7,3.57,4.64,7.32,12.17,22.3,0.278,0,0,0,0,0,2
2023-08-24,16.4949,81.313,12.24,21.62,955.75,16.62,1384.1,22.0,0.02,0.03,0.04,0.08,0.11,0.19,0.35,0.05,0,0,0,1,0,2
2023-08-24,12.805,80.3589,41.06,90.83,975.91,136.26,280.4,20.7,0.61,1.44,2.73,4.36,5.01,7.01,10.87,0.108,8,0,0,2,3,3
2023-08-26,15.202,75.7225,36.95,73.51,952.89,61.2,675.0,19.4,3.64,5.21,8.61,15.57,25.1,51.97,106.47,0.664,4,1,1,2,2,1
2023-08-26,14.8442,75.5297,21.89,15.6,950.06,67.61,959.6,9.3,1.76,2.48,4.87,6.52,9.9,17.85,22.35,0.05,0,0,0,2,0,2
2023-08-26,16.7774,81.4872,20.91,39.12,1005.29,66.88,1409.7,24.3,4.51,9.3,14.92,18.02,24.97,34.76,75.05,0.457,0,1,1,1,0,1
2023-08-26,24.9058,82.8234,45.02,69.27,1024.5,18.27,2032.2,16.4,5.82,12.96,18.72,26.71,42.96,56.66,110.8,0.598,2,1,1,0,2,1
2023-08-26,23.8729,90.7731,46.68,34.63,1021.18,12.44,2234.5,40.0,0.07,0.11,0.14,0.27,0.38,0.76,1.09,0.05,7,0,1,0,3,3
2023-08-26,16.2537,81.3036,37.16,43.65,1008.5,98.01,11.1,18.6,1.2,1.75,2.5,4.63,6.67,14.79,20.92,0.05,3,0,0,1,1,3
2023-08-27,-6.3748,106.6957,8.64,33.88,968.66,63.57,2134.6,5.1,0.24,0.48,0.73,0.91,1.45,2.16,3.81,0.099,0,0,0,1,0,2
2023-08-27,25.5346,83.0683,10.11,46.86,1000.5,145.58,2038.3,46.2,5.32,10.42,16.47,19.74,25.18,38.41,62.53,0.512,0,1,2,2,0,1
2023-08-27,10.3228,77.4446,21.68,35.04,950.17,29.47,300.5,44.0,0.53,0.98,1.7,2.61,3.05,4.83,6.04,0.05,0,0,1,1,0,2
2023-08-27,28.3322,77.4705,27.35,74.99,1025.49,55.31,1211.2,24.9,16.9,25.01,45.21,54.73,95.72,182.68,376.21,0.95,0,3,3,1,0,0
2023-08-27,29.097,77.2509,46.24,85.66,991.59,39.51,208.8,32.4,0.79,1.64,3.2,6.05,8.79,20.83,28.11,0.145,3,0,1,1,3,3
2023-08-28,35.6921,139.662,43.39,81.17,1003.56,92.13,2326.8,14.6,1.17,1.74,3.25,5.65,8.58,17.01,26.35,0.139,6,0,0,1,3,3
2023-08-28,10.722,-66.7826,35.4,79.74,1013.94,43.06,1649.3,6.9,2.5,4.84,6.51,7.56,9.35,15.94,33.28,0.249,6,0,0,0,2,2
2023-08-29,25.4698,-79.8649,25.17,27.24,972.24,68.4,214.5,11.0,3.19,6.64,13.93,25.72,39.86,67.98,124.82,0.675,0,2,1,1,0,0
2023-08-29,18.3267,-65.8019,8.49,66.11,975.24,104.51,535.1,12.4,8.04,16.06,20.56,28.38,44.14,90.92,154.29,0.95,0,1,2,2,0,0
2023-08-29,22.4575,88.3408,42.76,20.24,997.06,69.31,671.8,15.5,10.03,23.49,30.33,38.3,66.74,129.26,246.41,0.95,6,2,2,1,2,0
2023-08-29,28.6947,76.8442,10.27,20.8,986.25,10.74,1863.8,37.2,0.44,0.77,1.34,2.4,4.3,5.25,8.8,0.056,0,0,1,0,0,2
2023-08-29,18.7494,73.3643,11.29,45.46,989.66,123.99,2209.4,6.8,6.3,8.06,11.42,12.75,14.59,18.08,24.34,0.256,0,0,0,2,0,2
2023-08-29,10.405,77.2091,12.45,95.53,1015.01,48.21,502.2,16.4,1.97,4.31,6.1,10.23,17.91,29.65,36.35,0.548,0,0,1,0,0,1
2023-08-29,22.7283,88.2705,12.28,54.93,1004.75,86.01,1791.6,13.5,0.18,0.23,0.33,0.47,0.69,1.46,2.98,0.157,0,0,0,1,0,2
2023-08-29,14.4688,-86.9645,26.17,26.16,980.31,94.28,1375.9,27.8,1.03,2.02,4.07,5.74,8.85,13.21,16.49,0.05,0,0,0,1,0,2
2023-08-29,14.1389,-87.4017,31.01,84.99,994.68,93.91,992.0,31.5,11.3,17.62,24.33,45.41,51.86,114.5,241.57,0.95,0,2,2,1,0,0
2023-08-30,19.9824,85.8056,32.9,43.9,977.16,88.54,1382.0,38.1,0.31,0.58,0.88,1.56,2.1,3.7,5.28,0.05,0,0,1,1,0,3
2023-08-30,10.5483,-67.0606,19.72,36.62,1006.68,36.14,981.4,13.5,0.95,1.85,2.3,3.98,5.9,12.95,18.3,0.102,0,0,0,0,0,2
2023-08-30,35.6262,139.3841,31.56,20.48,1005.8,73.74,1735.9,39.8,1.36,2.42,3.47,4.38,4.82,11.36,18.64,0.05,0,0,1,1,0,2
2023-08-30,19.3912,72.5495,16.99,19.02,1003.37,151.6,1073.1,12.8,0.6,0.93,1.39,2.0,3.12,4.77,5.97,0.05,0,0,0,2,0,2
2023-08-31,11.3803,92.2954,16.54,88.79,955.77,96.3,1661.8,31.7,1.33,2.99,5.66,8.54,13.0,24.44,52.47,0.581,0,0,1,2,0,1
2023-08-31,25.7173,83.3297,27.68,41.8,1026.08,113.03,1150.4,36.2,2.21,2.7,4.56,7.3,13.04,16.29,27.89,0.113,0,0,1,1,0,2
2023-08-31,-6.405,106.7486,45.06,95.77,1022.95,98.1,741.4,46.6,4.75,9.75,18.7,29.52,44.52,72.73,98.24,0.64,4,1,2,1,3,1
2023-08-31,9.8786,76.8511,39.55,74.41,961.17,108.9,2070.1,39.0,4.92,8.19,15.48,23.03,31.85,75.09,101.12,0.611,1,1,2,2,1,1
2023-09-01,9.9536,77.1943,15.59,58.09,986.77,54.66,1599.0,19.1,0.87,1.77,3.69,6.45,8.96,14.79,18.32,0.237,0,0,0,1,0,2
2023-09-01,13.2595,79.8539,8.21,41.26,972.84,98.42,479.3,1.9,1.33,2.91,4.54,6.5,9.28,19.51,32.78,0.318,0,0,0,2,0,1
2023-09-01,25.2534,82.4908,15.01,22.63,987.87,24.97,1360.9,35.0,2.68,6.12,8.2,12.26,14.89,33.52,71.47,0.413,0,0,1,0,0,1
2023-09-02,14.1144,100.2868,16.79,90.53,1006.74,53.15,1811.0,42.6,1.56,3.43,5.49,9.31,12.16,24.67,51.22,0.579,0,0,1,0,0,1
2023-09-02,18.933,-66.4469,30.15,18.48,959.67,134.34,1351.8,45.6,0.26,0.4,0.55,0.85,1.16,1.61,2.97,0.05,0,0,1,2,0,2
2023-09-02,26.1581,-79.9143,20.17,62.05,1021.23,63.4,1212.5,36.1,5.69,13.13,21.63,27.15,44.39,59.96,97.04,0.705,0,1,2,1,0,0
2023-09-03,12.8435,79.8078,25.7,70.65,971.42,60.33,2377.7,12.3,2.47,5.47,7.74,11.09,16.97,30.16,50.05,0.4,0,0,0,1,0,1
2023-09-03,25.8868,-80.6551,8.08,50.83,962.27,77.5,941.5,27.2,6.12,12.06,18.36,25.16,31.37,57.05,114.72,0.875,0,1,2,2,0,0
2023-09-03,10.1434,77.3324,14.09,86.6,952.2,140.72,616.7,29.5,0.61,1.02,1.3,2.03,2.72,6.05,8.36,0.318,0,0,1,3,0,2
2023-09-03,35.5637,140.0898,8.0,89.64,951.78,149.53,315.8,29.2,26.03,35.56,56.24,96.98,108.86,220.74,282.63,0.95,0,3,3,3,0,0
2023-09-04,35.7081,139.9887,42.42,79.1,1022.58,110.22,1648.8,1.7,0.67,1.43,3.0,5.03,7.57,10.75,23.09,0.118,8,0,0,1,3,3
2023-09-05,28.8046,77.4552,10.71,24.36,973.1,105.38,65.4,37.2,0.79,1.48,2.04,2.53,3.37,7.77,11.17,0.083,0,0,1,2,0,2
2023-09-05,29.8646,-89.6161,21.6,16.75,1007.8,20.29,2217.0,46.2,0.94,1.26,2.19,2.78,4.11,6.97,13.88,0.05,0,0,1,0,0,2
2023-09-06,14.5215,120.5298,28.62,56.52,952.16,51.49,163.8,3.8,0.28,0.64,0.89,1.03,1.14,2.21,4.02,0.05,0,0,0,1,0,2
2023-09-06,19.3764,73.1316,41.64,89.18,966.26,66.34,2003.4,37.1,5.89,10.73,21.68,29.5,35.69,73.18,127.29,0.822,5,1,2,2,2,1
2023-09-06,25.6139,-80.0428,20.63,76.35,995.99,121.34,180.2,15.6,1.35,2.15,3.55,4.71,6.65,10.91,21.11,0.291,0,0,0,2,0,2
2023-09-07,28.268,77.483,10.64,96.72,1012.34,4.59,17.9,33.3,1.31,1.73,2.8,3.12,4.36,6.48,9.49,0.402,0,1,1,0,0,2
2023-09-07,10.9627,-66.9068,19.81,83.5,1013.79,65.79,1746.0,21.7,4.71,11.27,16.19,26.02,35.54,66.03,136.96,0.95,0,1,2,1,0,0
2023-09-07,13.6436,100.7662,19.19,55.58,1005.75,9.64,2311.4,38.5,2.74,5.85,11.42,17.07,24.04,53.01,109.18,0.761,0,1,2,0,0,0
2023-09-08,30.2918,-89.7686,25.72,76.85,962.73,3.63,1864.2,39.5,0.21,0.41,0.63,1.09,1.87,4.15,8.21,0.167,0,0,1,1,0,2
2023-09-08,12.6151,80.6346,22.32,52.38,1015.49,4.17,286.4,33.0,11.62,22.91,32.88,49.84,88.84,162.91,256.34,0.95,0,3,3,0,0,0
2023-09-09,28.877,77.3482,42.36,90.85,1018.47,106.87,1181.2,23.7,5.17,11.94,15.27,27.51,46.62,60.84,112.95,0.734,1,1,2,1,2,1
2023-09-09,19.1732,73.0525,22.75,26.9,946.53,73.0,2263.5,15.9,3.79,7.51,10.71,17.35,21.66,29.16,55.44,0.262,0,0,0,2,0,1
2023-09-10,-6.4606,106.7689,13.97,67.45,1008.06,23.78,421.2,1.1,2.66,4.92,8.12,10.98,15.37,32.58,45.02,0.461,0,0,0,0,0,1
2023-09-10,22.9071,88.0236,36.27,34.05,1002.23,83.05,247.2,1.4,0.65,1.37,2.12,3.7,5.37,6.66,13.63,0.05,6,0,0,1,1,3
2023-09-10,23.7313,90.0462,43.21,15.5,978.6,47.98,132.6,4.3,0.66,1.19,1.73,3.06,3.88,8.01,11.3,0.05,8,0,0,1,2,3
2023-09-10,16.3549,81.6127,8.81,23.04,969.11,102.93,238.2,27.1,0.45,0.65,0.88,1.02,1.6,2.81,5.71,0.06,0,0,0,2,0,2
2023-09-10,-6.3422,106.9878,42.66,56.76,982.3,91.64,1500.2,3.9,4.02,5.99,11.04,19.41,32.27,60.12,103.42,0.517,7,1,1,1,3,1
2023-09-10,18.2282,-66.0695,29.27,36.44,986.31,63.65,1845.3,36.4,2.18,3.34,4.04,5.97,9.04,17.42,36.02,0.125,0,0,1,1,0,2
2023-09-11,10.7864,-66.9393,36.04,39.22,949.06,140.12,1160.5,13.8,4.41,9.98,11.98,19.77,32.36,46.98,79.38,0.347,3,1,1,3,1,1
2023-09-11,24.1495,89.915,14.52,32.77,950.07,27.82,623.8,36.5,1.59,3.23,6.77,10.6,16.22,30.21,48.2,0.318,0,0,1,1,0,1
2023-09-12,10.8032,-67.0233,22.85,70.4,1025.91,94.78,1732.1,4.7,3.46,6.04,12.06,17.01,26.8,39.5,57.65,0.473,0,0,0,1,0,1
2023-09-12,23.4997,90.8269,19.82,83.72,1010.1,102.19,789.9,6.1,14.38,21.59,42.32,76.85,108.25,240.42,355.59,0.95,0,3,3,2,0,0
2023-09-13,13.9302,100.7219,12.41,59.78,1008.35,32.72,837.0,10.2,7.63,17.02,23.02,39.33,53.28,107.81,182.56,0.95,0,2,2,0,0,0
2023-09-13,11.1707,92.5002,8.07,94.68,989.43,109.16,2190.4,21.1,2.03,2.84,5.72,9.26,11.35,21.24,32.46,0.56,0,0,1,2,0,1
2023-09-13,18.1661,-65.7067,12.99,74.16,969.02,77.18,722.0,4.5,5.12,11.24,15.83,20.45,28.65,62.28,79.55,0.716,0,1,1,2,0,0
2023-09-13,25.5444,83.0446,29.94,95.04,963.03,111.26,889.1,13.8,0.7,1.3,1.81,2.28,4.09,8.84,17.22,0.267,0,0,0,2,0,2
2023-09-14,14.1077,-86.9633,28.74,17.43,1013.76,146.4,1002.3,29.5,2.73,4.42,5.63,8.54,10.85,21.51,37.37,0.052,0,0,1,2,0,2
2023-09-14,29.9942,-90.5309,30.93,83.02,1016.16,124.44,2131.9,16.4,2.48,5.3,7.62,10.65,17.91,38.04,82.59,0.612,0,1,1,1,0,1
2023-09-14,11.5745,92.2448,28.03,26.55,964.67,70.54,454.9,13.3,2.68,5.89,9.2,15.4,26.39,38.52,77.32,0.349,0,1,1,1,0,1
2023-09-14,14.5272,120.5065,32.59,88.5,997.52,103.61,251.0,32.1,2.12,4.2,6.27,9.81,13.7,25.62,34.51,0.322,0,0,1,1,0,2
2023-09-14,9.894,77.041,24.1,57.09,953.81,83.75,2066.8,8.7,2.15,4.24,5.27,5.95,10.08,23.77,46.61,0.332,0,0,0,2,0,1
2023-09-15,12.7859,80.5035,13.94,23.87,987.96,30.86,2386.2,0.7,2.09,2.92,5.29,8.49,14.14,26.53,36.86,0.212,0,0,0,1,0,1
2023-09-16,23.7641,90.4651,28.73,40.33,963.33,138.47,2368.2,12.5,4.48,8.09,14.79,27.68,35.8,74.75,122.44,0.687,0,1,1,3,0,0
2023-09-16,15.7911,76.1944,32.89,79.21,1008.18,149.43,142.1,16.9,2.27,3.57,5.28,6.55,10.93,25.03,32.1,0.262,0,1,0,2,0,2
2023-09-16,15.4933,75.8812,31.23,82.43,1016.9,50.89,1104.5,2.2,5.46,7.37,11.68,22.11,38.52,61.48,87.54,0.638,0,1,1,0,0,1
2023-09-16,20.122,86.141,27.36,63.98,989.11,45.21,1545.5,24.7,0.93,2.12,4.36,4.99,7.66,13.01,22.45,0.182,0,0,0,1,0,2
2023-09-17,12.9554,79.956,12.84,18.89,1025.33,65.33,1866.7,44.2,0.8,1.8,3.31,5.17,8.62,11.49,16.82,0.074,0,0,1,0,0,2
2023-09-17,13.7086,-86.877,16.49,42.25,1006.39,11.32,1969.4,13.0,3.33,6.2,8.3,11.04,14.43,28.12,55.92,0.392,0,0,0,0,0,1
2023-09-18,13.5814,100.784,33.86,26.32,974.41,39.15,706.1,34.3,0.29,0.66,1.17,1.67,2.4,4.89,9.44,0.05,0,0,1,1,0,3
2023-09-19,20.7885,85.3345,24.92,17.86,1006.0,101.56,1862.5,47.9,9.48,14.79,23.03,39.63,54.36,110.81,234.76,0.95,0,2,3,1,0,0
2023-09-20,19.815,85.4341,15.16,65.02,1018.99,62.86,397.2,3.0,5.98,8.77,16.33,24.88,38.46,72.74,156.53,0.95,0,2,1,1,0,0
2023-09-20,13.409,80.2597,33.96,56.51,988.3,78.44,1193.4,36.1,1.95,2.35,4.11,7.65,9.79,21.34,35.33,0.169,0,0,1,1,0,2
2023-09-21,9.854,77.349,28.02,89.54,974.59,14.91,1968.3,1.3,2.54,5.51,9.42,17.37,19.47,45.37,88.46,0.705,0,1,1,1,0,0
2023-09-21,13.278,100.6666,43.21,22.54,976.24,138.06,1914.8,11.6,7.72,15.57,22.39,25.43,36.83,75.71,111.19,0.405,6,1,1,2,2,1
2023-09-22,29.8147,-90.5146,31.02,86.48,963.65,141.3,545.5,11.2,7.42,13.84,26.57,46.28,71.87,102.55,194.03,0.95,0,2,2,3,0,0
2023-09-23,20.2512,86.2391,33.0,55.09,952.85,126.77,1000.5,17.6,0.92,1.7,3.31,4.41,7.69,12.89,27.96,0.125,0,0,0,2,0,2
2023-09-23,16.2703,81.4993,34.54,59.93,998.74,44.14,670.1,38.6,4.44,8.42,14.86,17.46,29.67,63.02,112.84,0.664,0,1,2,1,0,1
2023-09-23,-6.1114,106.7477,24.1,33.91,993.46,58.83,1078.5,26.0,0.8,1.11,2.21,3.2,4.44,5.52,9.37,0.05,0,0,0,1,0,2
2023-09-23,13.7139,-87.112,38.04,25.06,974.4,22.82,2015.7,37.2,1.33,1.64,2.57,2.86,3.73,5.42,7.77,0.05,5,0,1,1,1,3
2023-09-24,11.8133,92.8612,16.54,71.35,995.96,107.31,774.1,43.3,2.1,3.81,7.83,14.75,23.06,53.82,93.73,0.76,0,1,2,1,0,0
2023-09-24,23.8512,90.5253,8.64,78.93,958.39,98.12,72.7,18.9,2.13,5.04,6.45,10.97,19.48,29.85,42.56,0.546,0,1,1,2,0,1
2023-09-24,20.0895,86.1933,35.63,22.06,990.07,135.26,2022.4,10.1,2.67,4.48,7.64,8.86,15.83,29.7,39.18,0.05,5,0,0,2,1,2
2023-09-24,25.4354,83.4286,39.83,81.45,975.55,112.63,1022.0,14.0,1.13,2.02,2.45,4.09,5.61,7.67,14.07,0.096,2,0,0,2,2,3
2023-09-25,16.9663,81.8134,40.4,16.99,963.51,66.85,115.1,12.9,1.05,1.53,2.38,4.17,5.3,10.06,17.68,0.05,4,0,0,1,1,3
2023-09-25,24.9072,83.0133,14.03,70.1,969.65,111.9,326.9,10.4,5.42,10.63,13.68,25.55,41.74,77.77,119.99,0.941,0,2,1,2,0,0
2023-09-25,16.7016,81.6312,10.76,54.58,1011.4,112.56,1259.7,21.7,5.39,8.49,15.78,28.92,35.76,60.61,97.42,0.759,0,1,1,1,0,0
2023-09-25,11.8121,92.2748,39.57,58.18,947.94,45.14,1534.7,10.0,6.15,12.37,20.09,36.81,50.59,74.98,139.57,0.777,3,1,1,2,2,0
2023-09-26,29.5787,-90.2399,32.49,21.79,1017.51,142.89,148.5,13.7,5.74,12.04,16.45,20.85,28.34,50.49,91.8,0.377,0,1,1,2,0,1
2023-09-26,10.0112,77.3111,8.77,62.53,1022.28,33.94,677.6,31.4,6.02,11.86,21.4,29.13,32.25,71.2,156.3,0.95,0,1,2,0,0,0
2023-09-26,24.1038,90.2248,10.26,96.83,979.6,51.71,2217.0,6.8,1.55,2.53,4.0,7.11,12.05,23.02,50.45,0.662,0,0,0,1,0,1
2023-09-26,19.4298,72.4659,24.55,18.21,972.98,51.21,1360.1,36.8,4.35,9.76,12.12,19.2,23.66,56.0,90.11,0.423,0,1,1,1,0,1
2023-09-28,26.1327,-80.6858,36.22,34.47,1027.34,83.36,101.1,37.2,1.85,3.57,7.34,11.11,18.48,28.89,55.31,0.173,7,1,1,1,2,2
2023-09-29,14.2207,120.771,25.59,74.65,993.66,77.33,463.2,22.5,0.99,2.27,3.41,6.35,9.35,18.31,31.91,0.306,0,0,1,1,0,1
2023-09-30,11.3884,92.8749,31.87,29.82,1016.6,137.37,1659.1,3.6,7.78,13.24,18.05,31.1,41.76,75.47,146.64,0.762,0,1,1,2,0,0
2023-09-30,18.378,-66.2063,41.99,21.73,1017.29,124.73,1649.6,5.8,0.19,0.27,0.39,0.62,0.72,1.02,1.43,0.05,7,0,0,1,2,3
2023-10-01,29.5464,-90.5092,21.08,59.2,962.01,135.59,2134.5,46.0,0.55,0.71,1.21,2.1,2.74,4.08,7.01,0.121,0,0,1,2,0,2
2023-10-01,10.1052,77.2673,21.15,51.89,1019.66,56.85,1154.3,43.5,5.67,8.46,12.62,17.45,30.34,72.78,143.67,0.942,0,1,2,0,0,0
2023-10-01,25.993,-80.1554,14.62,34.65,1024.57,69.95,1248.1,15.2,2.3,4.81,7.86,10.63,12.41,28.72,59.5,0.396,0,0,0,1,0,1
2023-10-01,15.2487,75.7522,27.96,45.35,983.18,113.04,1223.1,44.0,1.04,1.65,3.13,5.4,9.63,18.82,33.38,0.161,0,0,1,2,0,2
2023-10-01,15.7418,75.3685,20.3,44.61,978.68,147.62,622.2,23.9,10.59,18.76,37.09,42.54,75.17,107.12,233.51,0.95,0,2,2,3,0,0
2023-10-01,18.459,-65.9807,19.7,76.71,990.6,121.21,987.7,4.9,3.37,6.3,12.97,15.95,24.87,43.99,69.46,0.604,0,1,1,2,0,1
2023-10-01,9.8742,76.8791,17.61,47.77,1001.71,138.44,758.7,10.7,3.15,4.03,7.43,12.35,16.65,37.82,64.38,0.459,0,0,1,2,0,1
