timestamp,latitude,longitude,temperature,humidity,surface_pressure,wind_speed,elevation,slope_degree,rainfall_1h,rainfall_3h,rainfall_6h,rainfall_12h,rainfall_24h,rainfall_3d,rainfall_7d,soil_moisture,hot_days_streak,flood_risk_target,landslide_risk_target,cyclone_risk_target,heatwave_risk_target,drought_risk_target,event_name,data_provenance,event_id,delta_wind_12h,delta_pressure_12h
2005-07-19,19.076,72.8777,29.7,58.71,1006.63,18.9,15.0,8.0,1.31,2.62,4.58,7.86,13.1,21.0,35.6,0.378,0,1,0,0,0,0,Mumbai Great Deluge 2005,Copernicus ERA5 Reanalysis (Open-Meteo Archive API),34,4.16,-0.95
2005-07-20,19.076,72.8777,29.7,60.38,1007.3,17.0,15.0,8.0,2.35,4.7,8.22,14.1,23.5,43.5,52.3,0.462,0,1,0,0,0,0,Mumbai Great Deluge 2005,Copernicus ERA5 Reanalysis (Open-Meteo Archive API),34,3.74,-0.85
2005-07-21,19.076,72.8777,29.7,62.56,1007.3,17.0,15.0,8.0,2.52,5.04,8.82,15.12,25.2,61.8,74.1,0.571,0,1,1,0,0,0,Mumbai Great Deluge 2005,Copernicus ERA5 Reanalysis (Open-Meteo Archive API),34,3.74,-0.85
2005-07-22,19.076,72.8777,29.4,63.17,1007.3,17.0,15.0,8.0,0.74,1.48,2.59,4.44,7.4,56.1,78.7,0.594,0,1,1,0,0,0,Mumbai Great Deluge 2005,Copernicus ERA5 Reanalysis (Open-Meteo Archive API),34,3.74,-0.85
2005-07-23,19.076,72.8777,29.4,63.99,1006.63,18.9,15.0,8.0,0.98,1.96,3.43,5.88,9.8,42.4,86.9,0.635,0,3,0,0,0,0,Mumbai Great Deluge 2005,Copernicus ERA5 Reanalysis (Open-Meteo Archive API),34,4.16,-0.95
2005-07-24,19.076,72.8777,29.4,65.28,1006.42,19.5,15.0,8.0,1.39,2.78,4.87,8.34,13.9,31.1,99.8,0.699,0,3,0,0,0,0,Mumbai Great Deluge 2005,Copernicus ERA5 Reanalysis (Open-Meteo Archive API),34,4.29,-0.98
2005-07-25,19.076,72.8777,29.4,67.38,1005.2,23.0,15.0,8.0,2.79,5.58,9.76,16.74,27.9,51.6,120.8,0.804,0,3,1,0,0,0,Mumbai Great Deluge 2005,Copernicus ERA5 Reanalysis (Open-Meteo Archive API),34,5.06,-1.15
2005-07-26,19.076,72.8777,29.4,73.25,1003.52,27.8,15.0,8.0,7.18,14.36,25.13,43.08,71.8,113.6,179.5,0.95,0,3,1,0,0,0,Mumbai Great Deluge 2005,Copernicus ERA5 Reanalysis (Open-Meteo Archive API),34,6.12,-1.39
2005-07-27,19.076,72.8777,28.4,78.24,1003.52,27.8,15.0,8.0,6.84,13.68,23.94,41.04,68.4,168.1,224.4,0.95,0,3,1,0,0,0,Mumbai Great Deluge 2005,Copernicus ERA5 Reanalysis (Open-Meteo Archive API),34,6.12,-1.39
2005-07-28,19.076,72.8777,28.4,79.26,1003.52,27.8,15.0,8.0,3.54,7.08,12.39,21.24,35.4,175.6,234.6,0.95,0,3,1,0,0,0,Mumbai Great Deluge 2005,Copernicus ERA5 Reanalysis (Open-Meteo Archive API),34,6.12,-1.39
2005-07-29,19.076,72.8777,28.4,82.03,1003.52,27.8,15.0,8.0,3.51,7.02,12.29,21.06,35.1,138.9,262.3,0.95,0,3,1,0,0,0,Mumbai Great Deluge 2005,Copernicus ERA5 Reanalysis (Open-Meteo Archive API),34,6.12,-1.39
2005-07-30,19.076,72.8777,28.4,84.93,1003.41,28.1,15.0,8.0,3.88,7.76,13.58,23.28,38.8,109.3,291.3,0.95,0,1,1,0,0,0,Mumbai Great Deluge 2005,Copernicus ERA5 Reanalysis (Open-Meteo Archive API),34,6.18,-1.41
2005-07-31,19.076,72.8777,27.2,90.92,1003.41,28.1,15.0,8.0,6.78,13.56,23.73,40.68,67.8,141.7,345.2,0.95,0,1,1,0,0,0,Mumbai Great Deluge 2005,Copernicus ERA5 Reanalysis (Open-Meteo Archive API),34,6.18,-1.41
2005-08-01,19.076,72.8777,27.2,98.0,1000.12,37.5,15.0,8.0,13.05,26.1,45.67,78.3,130.5,237.1,447.8,0.95,0,1,1,1,0,0,Mumbai Great Deluge 2005,Copernicus ERA5 Reanalysis (Open-Meteo Archive API),34,8.25,-1.88
2005-08-02,19.076,72.8777,27.2,97.35,1000.12,37.5,15.0,8.0,3.35,6.7,11.72,20.1,33.5,231.8,409.5,0.95,0,1,1,1,0,0,Mumbai Great Deluge 2005,Copernicus ERA5 Reanalysis (Open-Meteo Archive API),34,8.25,-1.88
2005-08-03,19.076,72.8777,27.2,92.35,1000.12,37.5,15.0,8.0,1.84,3.68,6.44,11.04,18.4,182.4,359.5,0.95,0,1,1,1,0,0,Mumbai Great Deluge 2005,Copernicus ERA5 Reanalysis (Open-Meteo Archive API),34,8.25,-1.88
2005-08-04,19.076,72.8777,27.2,90.58,1000.12,37.5,15.0,8.0,1.77,3.54,6.19,10.62,17.7,69.6,341.8,0.95,0,1,1,1,0,0,Mumbai Great Deluge 2005,Copernicus ERA5 Reanalysis (Open-Meteo Archive API),34,8.25,-1.88
2005-08-05,19.076,72.8777,27.2,90.34,1000.12,37.5,15.0,8.0,3.27,6.54,11.45,19.62,32.7,68.8,339.4,0.95,0,1,1,1,0,0,Mumbai Great Deluge 2005,Copernicus ERA5 Reanalysis (Open-Meteo Archive API),34,8.25,-1.88
2005-08-06,19.076,72.8777,27.2,88.22,1000.12,37.5,15.0,8.0,1.76,3.52,6.16,10.56,17.6,68.0,318.2,0.95,0,1,1,1,0,0,Mumbai Great Deluge 2005,Copernicus ERA5 Reanalysis (Open-Meteo Archive API),34,8.25,-1.88
2005-08-07,19.076,72.8777,27.2,82.98,1000.12,37.5,15.0,8.0,1.54,3.08,5.39,9.24,15.4,65.7,265.8,0.95,0,1,1,1,0,0,Mumbai Great Deluge 2005,Copernicus ERA5 Reanalysis (Open-Meteo Archive API),34,8.25,-1.88
2005-08-17,29.9511,-90.0715,32.3,55.33,1007.16,17.4,450.0,8.0,0.11,0.22,0.39,0.66,1.1,5.7,14.8,0.274,0,0,0,1,0,0,Hurricane Katrina - New Orleans,Copernicus ERA5 Reanalysis (Open-Meteo Archive API),26,3.83,-0.87
2005-08-18,29.9511,-90.0715,32.3,55.52,1007.16,17.4,450.0,8.0,0.29,0.58,1.01,1.74,2.9,4.9,16.7,0.283,0,0,0,1,0,0,Hurricane Katrina - New Orleans,Copernicus ERA5 Reanalysis (Open-Meteo Archive API),26,3.83,-0.87
2005-08-19,29.9511,-90.0715,32.3,55.23,1007.16,17.4,450.0,8.0,0.14,0.28,0.49,0.84,1.4,5.4,13.8,0.269,0,0,0,1,0,0,Hurricane Katrina - New Orleans,Copernicus ERA5 Reanalysis (Open-Meteo Archive API),26,3.83,-0.87
2005-08-20,29.9511,-90.0715,32.7,54.8,1007.16,17.4,450.0,8.0,0.06,0.12,0.21,0.36,0.6,4.9,11.5,0.258,0,0,0,1,0,0,Hurricane Katrina - New Orleans,Copernicus ERA5 Reanalysis (Open-Meteo Archive API),26,3.83,-0.87
2005-08-21,29.9511,-90.0715,32.7,55.25,1007.16,17.4,450.0,8.0,0.54,1.08,1.89,3.24,5.4,7.4,16.0,0.28,0,0,0,1,0,0,Hurricane Katrina - New Orleans,Copernicus ERA5 Reanalysis (Open-Meteo Archive API),26,3.83,-0.87
2005-08-22,29.9511,-90.0715,32.8,54.89,1008.6,13.3,450.0,8.0,0.06,0.12,0.21,0.36,0.6,6.6,12.9,0.265,0,0,0,1,0,0,Hurricane Katrina - New Orleans,Copernicus ERA5 Reanalysis (Open-Meteo Archive API),26,2.93,-0.66
2005-08-23,29.9511,-90.0715,32.8,56.8,1008.6,13.3,450.0,8.0,2.0,4.0,7.0,12.0,20.0,26.0,32.0,0.36,0,0,0,1,0,0,Hurricane Katrina - New Orleans,Copernicus ERA5 Reanalysis (Open-Meteo Archive API),26,2.93,-0.66
2005-08-24,29.9511,-90.0715,32.8,57.36,1008.6,13.3,450.0,8.0,0.67,1.34,2.34,4.02,6.7,27.3,37.6,0.388,0,0,0,1,0,0,Hurricane Katrina - New Orleans,Copernicus ERA5 Reanalysis (Open-Meteo Archive API),26,2.93,-0.66
2005-08-25,29.9511,-90.0715,32.8,57.73,1008.6,13.3,450.0,8.0,0.66,1.32,2.31,3.96,6.6,33.3,41.3,0.407,0,1,0,1,0,0,Hurricane Katrina - New Orleans,Copernicus ERA5 Reanalysis (Open-Meteo Archive API),26,2.93,-0.66
2005-08-26,29.9511,-90.0715,32.8,57.92,1008.6,13.3,450.0,8.0,0.33,0.66,1.15,1.98,3.3,16.6,43.2,0.416,0,1,0,3,0,0,Hurricane Katrina - New Orleans,Copernicus ERA5 Reanalysis (Open-Meteo Archive API),26,2.93,-0.66
2005-08-27,29.9511,-90.0715,32.8,57.88,1007.51,16.4,450.0,8.0,0.02,0.04,0.07,0.12,0.2,10.1,42.8,0.414,0,1,0,3,0,0,Hurricane Katrina - New Orleans,Copernicus ERA5 Reanalysis (Open-Meteo Archive API),26,3.61,-0.82
2005-08-28,29.9511,-90.0715,32.8,58.56,1001.74,32.9,450.0,8.0,1.22,2.44,4.27,7.32,12.2,15.7,49.6,0.448,0,1,0,3,0,0,Hurricane Katrina - New Orleans,Copernicus ERA5 Reanalysis (Open-Meteo Archive API),26,7.24,-1.64
2005-08-29,29.9511,-90.0715,32.8,78.89,971.99,117.9,450.0,8.0,20.39,40.78,71.36,122.34,203.9,216.3,252.9,0.95,0,2,1,3,0,0,Hurricane Katrina - New Orleans,Copernicus ERA5 Reanalysis (Open-Meteo Archive API),26,25.94,-5.89
2005-08-30,29.9511,-90.0715,32.1,77.77,971.99,117.9,450.0,8.0,0.53,1.06,1.85,3.18,5.3,221.4,238.2,0.95,0,2,1,3,0,0,Hurricane Katrina - New Orleans,Copernicus ERA5 Reanalysis (Open-Meteo Archive API),26,25.94,-5.89
2005-08-31,29.9511,-90.0715,32.1,77.34,971.99,117.9,450.0,8.0,0.24,0.48,0.84,1.44,2.4,211.6,233.9,0.95,0,2,1,3,0,0,Hurricane Katrina - New Orleans,Copernicus ERA5 Reanalysis (Open-Meteo Archive API),26,25.94,-5.89
2005-09-01,29.9511,-90.0715,32.1,77.17,971.99,117.9,450.0,8.0,0.49,0.98,1.72,2.94,4.9,12.6,232.2,0.95,0,2,0,3,0,0,Hurricane Katrina - New Orleans,Copernicus ERA5 Reanalysis (Open-Meteo Archive API),26,25.94,-5.89
2005-09-02,29.9511,-90.0715,32.1,76.84,971.99,117.9,450.0,8.0,0.0,0.0,0.0,0.0,0.0,7.3,228.9,0.95,0,2,0,1,0,0,Hurricane Katrina - New Orleans,Copernicus ERA5 Reanalysis (Open-Meteo Archive API),26,25.94,-5.89
2005-09-03,29.9511,-90.0715,32.1,76.82,971.99,117.9,450.0,8.0,0.0,0.0,0.0,0.0,0.0,4.9,228.7,0.95,0,2,0,1,0,0,Hurricane Katrina - New Orleans,Copernicus ERA5 Reanalysis (Open-Meteo Archive API),26,25.94,-5.89
2005-09-04,29.9511,-90.0715,31.2,76.05,971.99,117.9,450.0,8.0,0.0,0.0,0.0,0.0,0.0,0.0,216.5,0.95,0,2,0,1,0,0,Hurricane Katrina - New Orleans,Copernicus ERA5 Reanalysis (Open-Meteo Archive API),26,25.94,-5.89
2005-09-05,29.9511,-90.0715,31.2,55.82,971.99,117.9,450.0,8.0,0.16,0.32,0.56,0.96,1.6,1.6,14.2,0.271,0,0,0,1,0,0,Hurricane Katrina - New Orleans,Copernicus ERA5 Reanalysis (Open-Meteo Archive API),26,25.94,-5.89
2005-09-06,29.9511,-90.0715,31.2,55.29,1000.68,35.9,450.0,8.0,0.0,0.0,0.0,0.0,0.0,1.6,8.9,0.245,0,0,0,1,0,1,Hurricane Katrina - New Orleans,Copernicus ERA5 Reanalysis (Open-Meteo Archive API),26,7.9,-1.8
2005-09-07,29.9511,-90.0715,31.2,55.05,1005.48,22.2,450.0,8.0,0.0,0.0,0.0,0.0,0.0,1.6,6.5,0.233,0,0,0,1,0,1,Hurricane Katrina - New Orleans,Copernicus ERA5 Reanalysis (Open-Meteo Archive API),26,4.88,-1.11
2005-09-08,29.9511,-90.0715,31.2,54.56,1005.48,22.2,450.0,8.0,0.0,0.0,0.0,0.0,0.0,0.0,1.6,0.208,0,0,0,1,0,1,Hurricane Katrina - New Orleans,Copernicus ERA5 Reanalysis (Open-Meteo Archive API),26,4.88,-1.11
2005-09-09,29.9511,-90.0715,31.2,54.56,1005.48,22.2,450.0,8.0,0.0,0.0,0.0,0.0,0.0,0.0,1.6,0.208,0,0,0,1,0,1,Hurricane Katrina - New Orleans,Copernicus ERA5 Reanalysis (Open-Meteo Archive API),26,4.88,-1.11
2005-09-10,29.9511,-90.0715,31.2,54.56,1005.48,22.2,450.0,8.0,0.0,0.0,0.0,0.0,0.0,0.0,1.6,0.208,0,0,0,1,0,1,Hurricane Katrina - New Orleans,Copernicus ERA5 Reanalysis (Open-Meteo Archive API),26,4.88,-1.11
2012-10-17,40.7128,-74.006,21.2,60.15,1005.48,22.2,450.0,8.0,0.0,0.0,0.0,0.0,0.0,7.5,7.5,0.238,0,0,0,1,0,1,Hurricane Sandy - New York,Copernicus ERA5 Reanalysis (Open-Meteo Archive API),28,4.88,-1.11
2012-10-18,40.7128,-74.006,21.2,60.15,1005.48,22.2,450.0,8.0,0.0,0.0,0.0,0.0,0.0,2.0,7.5,0.238,0,0,0,1,0,1,Hurricane Sandy - New York,Copernicus ERA5 Reanalysis (Open-Meteo Archive API),28,4.88,-1.11
2012-10-19,40.7128,-74.006,21.2,63.19,1005.48,22.2,450.0,8.0,3.04,6.08,10.64,18.24,30.4,30.4,37.9,0.39,0,0,0,1,0,0,Hurricane Sandy - New York,Copernicus ERA5 Reanalysis (Open-Meteo Archive API),28,4.88,-1.11
2012-10-20,40.7128,-74.006,21.2,63.21,1005.48,22.2,450.0,8.0,0.02,0.04,0.07,0.12,0.2,30.6,38.1,0.391,0,0,0,1,0,0,Hurricane Sandy - New York,Copernicus ERA5 Reanalysis (Open-Meteo Archive API),28,4.88,-1.11
2012-10-21,40.7128,-74.006,21.2,63.21,1005.48,22.2,450.0,8.0,0.0,0.0,0.0,0.0,0.0,30.6,38.1,0.391,0,0,0,1,0,0,Hurricane Sandy - New York,Copernicus ERA5 Reanalysis (Open-Meteo Archive API),28,4.88,-1.11
2012-10-22,40.7128,-74.006,21.2,62.66,1005.48,22.2,450.0,8.0,0.0,0.0,0.0,0.0,0.0,0.2,32.6,0.363,0,0,0,1,0,0,Hurricane Sandy - New York,Copernicus ERA5 Reanalysis (Open-Meteo Archive API),28,4.88,-1.11
2012-10-23,40.7128,-74.006,19.9,63.11,1005.48,22.2,450.0,8.0,0.0,0.0,0.0,0.0,0.0,0.0,30.6,0.353,0,0,0,1,0,0,Hurricane Sandy - New York,Copernicus ERA5 Reanalysis (Open-Meteo Archive API),28,4.88,-1.11
2012-10-24,40.7128,-74.006,19.9,63.37,1006.04,20.6,450.0,8.0,0.26,0.52,0.91,1.56,2.6,2.6,33.2,0.366,0,0,0,1,0,0,Hurricane Sandy - New York,Copernicus ERA5 Reanalysis (Open-Meteo Archive API),28,4.53,-1.03
2012-10-25,40.7128,-74.006,19.9,63.47,1006.04,20.6,450.0,8.0,0.1,0.2,0.35,0.6,1.0,3.6,34.2,0.371,0,0,0,1,0,0,Hurricane Sandy - New York,Copernicus ERA5 Reanalysis (Open-Meteo Archive API),28,4.53,-1.03
2012-10-26,40.7128,-74.006,19.9,60.43,1006.04,20.6,450.0,8.0,0.0,0.0,0.0,0.0,0.0,3.6,3.8,0.219,0,0,0,3,0,1,Hurricane Sandy - New York,Copernicus ERA5 Reanalysis (Open-Meteo Archive API),28,4.53,-1.03
2012-10-27,40.7128,-74.006,19.9,60.41,1006.81,18.4,450.0,8.0,0.0,0.0,0.0,0.0,0.0,1.0,3.6,0.218,0,0,0,3,0,1,Hurricane Sandy - New York,Copernicus ERA5 Reanalysis (Open-Meteo Archive API),28,4.05,-0.92
2012-10-28,40.7128,-74.006,18.9,60.95,1004.75,24.3,450.0,8.0,0.04,0.08,0.14,0.24,0.4,0.4,4.0,0.22,0,0,0,3,0,1,Hurricane Sandy - New York,Copernicus ERA5 Reanalysis (Open-Meteo Archive API),28,5.35,-1.21
2012-10-29,40.7128,-74.006,18.9,63.71,992.04,60.6,450.0,8.0,2.76,5.52,9.66,16.56,27.6,28.0,31.6,0.358,0,0,0,3,0,0,Hurricane Sandy - New York,Copernicus ERA5 Reanalysis (Open-Meteo Archive API),28,13.33,-3.03
2012-10-30,40.7128,-74.006,18.9,65.01,992.04,60.6,450.0,8.0,1.3,2.6,4.55,7.8,13.0,41.0,44.6,0.423,0,1,0,3,0,0,Hurricane Sandy - New York,Copernicus ERA5 Reanalysis (Open-Meteo Archive API),28,13.33,-3.03
2012-10-31,40.7128,-74.006,18.9,64.83,992.04,60.6,450.0,8.0,0.08,0.16,0.28,0.48,0.8,41.4,42.8,0.414,0,1,0,3,0,0,Hurricane Sandy - New York,Copernicus ERA5 Reanalysis (Open-Meteo Archive API),28,13.33,-3.03
2012-11-01,40.7128,-74.006,18.9,64.73,992.04,60.6,450.0,8.0,0.0,0.0,0.0,0.0,0.0,13.8,41.8,0.409,0,1,0,3,0,0,Hurricane Sandy - New York,Copernicus ERA5 Reanalysis (Open-Meteo Archive API),28,13.33,-3.03
2012-11-02,40.7128,-74.006,18.9,64.73,992.04,60.6,450.0,8.0,0.0,0.0,0.0,0.0,0.0,0.8,41.8,0.409,0,1,0,1,0,0,Hurricane Sandy - New York,Copernicus ERA5 Reanalysis (Open-Meteo Archive API),28,13.33,-3.03
2012-11-03,40.7128,-74.006,17.4,65.48,992.04,60.6,450.0,8.0,0.0,0.0,0.0,0.0,0.0,0.0,41.8,0.409,0,1,0,1,0,0,Hurricane Sandy - New York,Copernicus ERA5 Reanalysis (Open-Meteo Archive API),28,13.33,-3.03
2012-11-04,40.7128,-74.006,16.4,65.94,992.04,60.6,450.0,8.0,0.0,0.0,0.0,0.0,0.0,0.0,41.4,0.407,0,1,0,1,0,0,Hurricane Sandy - New York,Copernicus ERA5 Reanalysis (Open-Meteo Archive API),28,13.33,-3.03
2012-11-05,40.7128,-74.006,16.4,63.18,992.04,60.6,450.0,8.0,0.0,0.0,0.0,0.0,0.0,0.0,13.8,0.269,0,0,0,1,0,0,Hurricane Sandy - New York,Copernicus ERA5 Reanalysis (Open-Meteo Archive API),28,13.33,-3.03
2012-11-06,40.7128,-74.006,15.1,62.53,992.57,59.1,450.0,8.0,0.0,0.0,0.0,0.0,0.0,0.0,0.8,0.204,0,0,0,1,0,1,Hurricane Sandy - New York,Copernicus ERA5 Reanalysis (Open-Meteo Archive API),28,13.0,-2.95
2012-11-07,40.7128,-74.006,11.1,65.75,1004.04,26.3,450.0,8.0,1.3,2.6,4.55,7.8,13.0,13.0,13.0,0.265,0,0,0,1,0,0,Hurricane Sandy - New York,Copernicus ERA5 Reanalysis (Open-Meteo Archive API),28,5.79,-1.32
2012-11-08,40.7128,-74.006,11.0,66.63,1003.31,28.4,450.0,8.0,0.83,1.66,2.91,4.98,8.3,21.3,21.3,0.306,0,0,0,1,0,0,Hurricane Sandy - New York,Copernicus ERA5 Reanalysis (Open-Meteo Archive API),28,6.25,-1.42
2012-11-09,40.7128,-74.006,11.0,66.63,1003.31,28.4,450.0,8.0,0.0,0.0,0.0,0.0,0.0,21.3,21.3,0.306,0,0,0,1,0,0,Hurricane Sandy - New York,Copernicus ERA5 Reanalysis (Open-Meteo Archive API),28,6.25,-1.42
2012-11-10,40.7128,-74.006,12.2,66.03,1003.31,28.4,450.0,8.0,0.0,0.0,0.0,0.0,0.0,8.3,21.3,0.306,0,0,0,1,0,0,Hurricane Sandy - New York,Copernicus ERA5 Reanalysis (Open-Meteo Archive API),28,6.25,-1.42
2013-06-04,30.4159,79.3283,27.8,58.38,1010.1,9.0,450.0,38.0,0.53,1.06,1.85,3.18,5.3,22.8,22.8,0.314,0,0,1,0,0,0,Kedarnath Debris Flow 2013,Copernicus ERA5 Reanalysis (Open-Meteo Archive API),30,1.98,-0.45
2013-06-05,30.4159,79.3283,27.7,59.13,1010.13,8.9,450.0,38.0,0.7,1.4,2.45,4.2,7.0,18.7,29.8,0.349,0,0,1,0,0,0,Kedarnath Debris Flow 2013,Copernicus ERA5 Reanalysis (Open-Meteo Archive API),30,1.96,-0.45
2013-06-06,30.4159,79.3283,27.7,59.34,1010.31,8.4,450.0,38.0,0.21,0.42,0.73,1.26,2.1,14.4,31.9,0.36,0,0,1,0,0,0,Kedarnath Debris Flow 2013,Copernicus ERA5 Reanalysis (Open-Meteo Archive API),30,1.85,-0.42
2013-06-07,30.4159,79.3283,27.7,59.54,1010.31,8.4,450.0,38.0,0.2,0.4,0.7,1.2,2.0,11.1,33.9,0.37,0,0,1,0,0,0,Kedarnath Debris Flow 2013,Copernicus ERA5 Reanalysis (Open-Meteo Archive API),30,1.85,-0.42
2013-06-08,30.4159,79.3283,25.9,60.71,1010.45,8.0,450.0,38.0,0.27,0.54,0.94,1.62,2.7,6.8,36.6,0.383,0,0,1,0,0,0,Kedarnath Debris Flow 2013,Copernicus ERA5 Reanalysis (Open-Meteo Archive API),30,1.76,-0.4
2013-06-09,30.4159,79.3283,26.1,59.76,1010.45,8.0,450.0,38.0,0.26,0.52,0.91,1.56,2.6,7.3,28.1,0.341,0,0,1,0,0,0,Kedarnath Debris Flow 2013,Copernicus ERA5 Reanalysis (Open-Meteo Archive API),30,1.76,-0.4
2013-06-10,30.4159,79.3283,26.6,59.41,1010.45,8.0,450.0,38.0,0.54,1.08,1.89,3.24,5.4,10.7,27.1,0.336,0,0,1,0,0,0,Kedarnath Debris Flow 2013,Copernicus ERA5 Reanalysis (Open-Meteo Archive API),30,1.76,-0.4
2013-06-11,30.4159,79.3283,26.6,61.13,1010.45,8.0,450.0,38.0,2.25,4.5,7.87,13.5,22.5,30.5,44.3,0.422,0,1,1,0,0,0,Kedarnath Debris Flow 2013,Copernicus ERA5 Reanalysis (Open-Meteo Archive API),30,1.76,-0.4
2013-06-12,30.4159,79.3283,27.1,61.27,1010.45,8.0,450.0,38.0,1.09,2.18,3.81,6.54,10.9,38.8,48.2,0.441,0,1,1,0,0,0,Kedarnath Debris Flow 2013,Copernicus ERA5 Reanalysis (Open-Meteo Archive API),30,1.76,-0.4
2013-06-13,30.4159,79.3283,27.1,67.45,1010.45,8.0,450.0,38.0,6.39,12.78,22.36,38.34,63.9,97.3,110.0,0.75,0,2,3,0,0,0,Kedarnath Debris Flow 2013,Copernicus ERA5 Reanalysis (Open-Meteo Archive API),30,1.76,-0.4
2013-06-14,30.4159,79.3283,27.1,68.36,1010.8,7.0,450.0,38.0,1.11,2.22,3.88,6.66,11.1,85.9,119.1,0.795,0,2,3,0,0,0,Kedarnath Debris Flow 2013,Copernicus ERA5 Reanalysis (Open-Meteo Archive API),30,1.54,-0.35
2013-06-15,30.4159,79.3283,27.1,72.28,1010.8,7.0,450.0,38.0,4.19,8.38,14.66,25.14,41.9,116.9,158.3,0.95,0,2,3,0,0,0,Kedarnath Debris Flow 2013,Copernicus ERA5 Reanalysis (Open-Meteo Archive API),30,1.54,-0.35
2013-06-16,30.4159,79.3283,27.1,81.57,1010.8,7.0,450.0,38.0,9.55,19.1,33.42,57.3,95.5,148.5,251.2,0.95,0,2,3,0,0,0,Kedarnath Debris Flow 2013,Copernicus ERA5 Reanalysis (Open-Meteo Archive API),30,1.54,-0.35
2013-06-17,30.4159,79.3283,27.1,91.02,1010.8,7.0,450.0,38.0,9.99,19.98,34.96,59.94,99.9,237.3,345.7,0.95,0,2,3,0,0,0,Kedarnath Debris Flow 2013,Copernicus ERA5 Reanalysis (Open-Meteo Archive API),30,1.54,-0.35
2013-06-18,30.4159,79.3283,27.1,88.89,1011.25,5.7,450.0,38.0,0.12,0.24,0.42,0.72,1.2,196.6,324.4,0.95,0,2,3,0,0,0,Kedarnath Debris Flow 2013,Copernicus ERA5 Reanalysis (Open-Meteo Archive API),30,1.25,-0.29
2013-06-19,30.4159,79.3283,27.1,88.07,1011.25,5.7,450.0,38.0,0.27,0.54,0.94,1.62,2.7,103.8,316.2,0.95,0,2,3,0,0,0,Kedarnath Debris Flow 2013,Copernicus ERA5 Reanalysis (Open-Meteo Archive API),30,1.25,-0.29
2013-06-20,30.4159,79.3283,25.2,82.76,1011.12,6.1,450.0,38.0,0.13,0.26,0.45,0.78,1.3,5.2,253.6,0.95,0,2,1,0,0,0,Kedarnath Debris Flow 2013,Copernicus ERA5 Reanalysis (Open-Meteo Archive API),30,1.34,-0.3
2013-06-21,30.4159,79.3283,26.3,81.6,1010.94,6.6,450.0,38.0,0.5,1.0,1.75,3.0,5.0,9.0,247.5,0.95,0,2,1,0,0,0,Kedarnath Debris Flow 2013,Copernicus ERA5 Reanalysis (Open-Meteo Archive API),30,1.45,-0.33
2013-06-22,30.4159,79.3283,26.7,77.79,1010.94,6.6,450.0,38.0,0.58,1.16,2.03,3.48,5.8,12.1,211.4,0.95,0,2,1,0,0,0,Kedarnath Debris Flow 2013,Copernicus ERA5 Reanalysis (Open-Meteo Archive API),30,1.45,-0.33
2013-06-23,30.4159,79.3283,26.7,69.09,1010.94,6.6,450.0,38.0,0.85,1.7,2.97,5.1,8.5,19.3,124.4,0.822,0,2,1,0,0,0,Kedarnath Debris Flow 2013,Copernicus ERA5 Reanalysis (Open-Meteo Archive API),30,1.45,-0.33
2013-06-24,30.4159,79.3283,26.7,61.3,1010.94,6.6,450.0,38.0,2.2,4.4,7.7,13.2,22.0,36.3,46.5,0.432,0,1,1,0,0,0,Kedarnath Debris Flow 2013,Copernicus ERA5 Reanalysis (Open-Meteo Archive API),30,1.45,-0.33
2013-06-25,30.4159,79.3283,26.7,62.73,1010.94,6.6,450.0,38.0,1.55,3.1,5.42,9.3,15.5,46.0,60.8,0.504,0,1,1,0,0,0,Kedarnath Debris Flow 2013,Copernicus ERA5 Reanalysis (Open-Meteo Archive API),30,1.45,-0.33
2013-06-26,30.4159,79.3283,26.7,64.07,1010.94,6.6,450.0,38.0,1.61,3.22,5.63,9.66,16.1,53.6,74.2,0.571,0,1,1,0,0,0,Kedarnath Debris Flow 2013,Copernicus ERA5 Reanalysis (Open-Meteo Archive API),30,1.45,-0.33
2013-06-27,30.4159,79.3283,26.7,65.24,1010.94,6.6,450.0,38.0,1.3,2.6,4.55,7.8,13.0,44.6,85.9,0.63,0,1,1,0,0,0,Kedarnath Debris Flow 2013,Copernicus ERA5 Reanalysis (Open-Meteo Archive API),30,1.45,-0.33
2013-06-28,30.4159,79.3283,26.7,65.75,1010.94,6.6,450.0,38.0,1.01,2.02,3.53,6.06,10.1,39.2,91.0,0.655,0,1,1,0,0,0,Kedarnath Debris Flow 2013,Copernicus ERA5 Reanalysis (Open-Meteo Archive API),30,1.45,-0.33
2013-10-27,11.2444,125.0033,29.4,58.3,1007.86,15.4,450.0,8.0,0.7,1.4,2.45,4.2,7.0,21.0,30.0,0.35,0,0,0,1,0,0,Typhoon Haiyan - Tacloban Philippines,Copernicus ERA5 Reanalysis (Open-Meteo Archive API),45,3.39,-0.77
2013-10-28,11.2444,125.0033,29.4,58.12,1007.2,17.3,450.0,8.0,0.33,0.66,1.15,1.98,3.3,22.2,28.2,0.341,0,0,0,1,0,0,Typhoon Haiyan - Tacloban Philippines,Copernicus ERA5 Reanalysis (Open-Meteo Archive API),45,3.81,-0.86
2013-10-29,11.2444,125.0033,29.3,58.37,1007.2,17.3,450.0,8.0,0.29,0.58,1.01,1.74,2.9,13.2,30.2,0.351,0,0,0,1,0,0,Typhoon Haiyan - Tacloban Philippines,Copernicus ERA5 Reanalysis (Open-Meteo Archive API),45,3.81,-0.86
2013-10-30,11.2444,125.0033,29.6,58.2,1007.2,17.3,450.0,8.0,0.02,0.04,0.07,0.12,0.2,6.4,30.0,0.35,0,0,0,1,0,0,Typhoon Haiyan - Tacloban Philippines,Copernicus ERA5 Reanalysis (Open-Meteo Archive API),45,3.81,-0.86
2013-10-31,11.2444,125.0033,29.6,57.94,1007.2,17.3,450.0,8.0,0.0,0.0,0.0,0.0,0.0,3.1,27.4,0.337,0,0,0,1,0,0,Typhoon Haiyan - Tacloban Philippines,Copernicus ERA5 Reanalysis (Open-Meteo Archive API),45,3.81,-0.86
2013-11-01,11.2444,125.0033,29.6,58.47,1007.2,17.3,450.0,8.0,0.74,1.48,2.59,4.44,7.4,7.6,32.7,0.363,0,0,0,1,0,0,Typhoon Haiyan - Tacloban Philippines,Copernicus ERA5 Reanalysis (Open-Meteo Archive API),45,3.81,-0.86
2013-11-02,11.2444,125.0033,29.6,58.37,1007.2,17.3,450.0,8.0,1.09,2.18,3.81,6.54,10.9,18.3,31.7,0.359,0,0,0,1,0,0,Typhoon Haiyan - Tacloban Philippines,Copernicus ERA5 Reanalysis (Open-Meteo Archive API),45,3.81,-0.86
2013-11-03,11.2444,125.0033,29.6,59.19,1007.2,17.3,450.0,8.0,1.52,3.04,5.32,9.12,15.2,33.5,39.9,0.4,0,0,0,1,0,0,Typhoon Haiyan - Tacloban Philippines,Copernicus ERA5 Reanalysis (Open-Meteo Archive API),45,3.81,-0.86
2013-11-04,11.2444,125.0033,29.6,60.43,1003.66,27.4,450.0,8.0,1.57,3.14,5.49,9.42,15.7,41.8,52.3,0.462,0,1,0,1,0,0,Typhoon Haiyan - Tacloban Philippines,Copernicus ERA5 Reanalysis (Open-Meteo Archive API),45,6.03,-1.37
2013-11-05,11.2444,125.0033,29.6,60.86,1003.66,27.4,450.0,8.0,0.72,1.44,2.52,4.32,7.2,38.1,56.6,0.483,0,1,0,3,0,0,Typhoon Haiyan - Tacloban Philippines,Copernicus ERA5 Reanalysis (Open-Meteo Archive API),45,6.03,-1.37
2013-11-06,11.2444,125.0033,29.6,61.46,1003.66,27.4,450.0,8.0,0.62,1.24,2.17,3.72,6.2,29.1,62.6,0.513,0,1,0,3,0,0,Typhoon Haiyan - Tacloban Philippines,Copernicus ERA5 Reanalysis (Open-Meteo Archive API),45,6.03,-1.37
2013-11-07,11.2444,125.0033,29.5,65.13,993.97,55.1,450.0,8.0,3.62,7.24,12.67,21.72,36.2,49.6,98.8,0.694,0,1,0,3,0,0,Typhoon Haiyan - Tacloban Philippines,Copernicus ERA5 Reanalysis (Open-Meteo Archive API),45,12.12,-2.75
2013-11-08,11.2444,125.0033,29.5,72.14,989.03,69.2,450.0,8.0,7.75,15.5,27.12,46.5,77.5,119.9,168.9,0.95,0,2,1,3,0,0,Typhoon Haiyan - Tacloban Philippines,Copernicus ERA5 Reanalysis (Open-Meteo Archive API),45,15.22,-3.46
2013-11-09,11.2444,125.0033,29.5,71.68,989.03,69.2,450.0,8.0,0.63,1.26,2.2,3.78,6.3,120.0,164.3,0.95,0,2,1,3,0,0,Typhoon Haiyan - Tacloban Philippines,Copernicus ERA5 Reanalysis (Open-Meteo Archive API),45,15.22,-3.46
2013-11-10,11.2444,125.0033,30.1,70.05,989.03,69.2,450.0,8.0,0.19,0.38,0.66,1.14,1.9,85.7,151.0,0.95,0,2,1,3,0,0,Typhoon Haiyan - Tacloban Philippines,Copernicus ERA5 Reanalysis (Open-Meteo Archive API),45,15.22,-3.46
2013-11-11,11.2444,125.0033,30.1,69.32,989.03,69.2,450.0,8.0,0.84,1.68,2.94,5.04,8.4,16.6,143.7,0.919,0,2,0,3,0,0,Typhoon Haiyan - Tacloban Philippines,Copernicus ERA5 Reanalysis (Open-Meteo Archive API),45,15.22,-3.46
2013-11-12,11.2444,125.0033,30.1,70.12,989.03,69.2,450.0,8.0,1.52,3.04,5.32,9.12,15.2,25.5,151.7,0.95,0,2,0,1,0,0,Typhoon Haiyan - Tacloban Philippines,Copernicus ERA5 Reanalysis (Open-Meteo Archive API),45,15.22,-3.46
2013-11-13,11.2444,125.0033,30.1,70.5,989.03,69.2,450.0,8.0,1.0,2.0,3.5,6.0,10.0,33.6,155.5,0.95,0,2,0,1,0,0,Typhoon Haiyan - Tacloban Philippines,Copernicus ERA5 Reanalysis (Open-Meteo Archive API),45,15.22,-3.46
2013-11-14,11.2444,125.0033,30.1,67.09,989.03,69.2,450.0,8.0,0.21,0.42,0.73,1.26,2.1,27.3,121.4,0.807,0,2,0,1,0,0,Typhoon Haiyan - Tacloban Philippines,Copernicus ERA5 Reanalysis (Open-Meteo Archive API),45,15.22,-3.46
2013-11-15,11.2444,125.0033,30.1,59.77,989.03,69.2,450.0,8.0,0.43,0.86,1.5,2.58,4.3,16.4,48.2,0.441,0,1,0,1,0,0,Typhoon Haiyan - Tacloban Philippines,Copernicus ERA5 Reanalysis (Open-Meteo Archive API),45,15.22,-3.46
2013-11-16,11.2444,125.0033,30.1,59.54,1003.27,28.5,450.0,8.0,0.4,0.8,1.4,2.4,4.0,10.4,45.9,0.429,0,1,0,1,0,0,Typhoon Haiyan - Tacloban Philippines,Copernicus ERA5 Reanalysis (Open-Meteo Archive API),45,6.27,-1.43
2013-11-17,11.2444,125.0033,30.1,59.75,1003.27,28.5,450.0,8.0,0.4,0.8,1.4,2.4,4.0,12.3,48.0,0.44,0,1,0,1,0,0,Typhoon Haiyan - Tacloban Philippines,Copernicus ERA5 Reanalysis (Open-Meteo Archive API),45,6.27,-1.43
2013-11-18,11.2444,125.0033,29.9,59.14,1003.27,28.5,450.0,8.0,0.13,0.26,0.45,0.78,1.3,9.3,40.9,0.404,0,1,0,1,0,0,Typhoon Haiyan - Tacloban Philippines,Copernicus ERA5 Reanalysis (Open-Meteo Archive API),45,6.27,-1.43
2013-11-19,11.2444,125.0033,29.7,58.39,1003.27,28.5,450.0,8.0,0.67,1.34,2.34,4.02,6.7,12.0,32.4,0.362,0,0,0,1,0,0,Typhoon Haiyan - Tacloban Philippines,Copernicus ERA5 Reanalysis (Open-Meteo Archive API),45,6.27,-1.43
2013-11-20,11.2444,125.0033,29.7,58.58,1004.88,23.9,450.0,8.0,1.19,2.38,4.17,7.14,11.9,19.9,34.3,0.372,0,0,0,1,0,0,Typhoon Haiyan - Tacloban Philippines,Copernicus ERA5 Reanalysis (Open-Meteo Archive API),45,5.26,-1.2
2014-07-18,18.75,73.4833,26.1,73.85,1005.55,22.0,450.0,8.0,2.65,5.3,9.27,15.9,26.5,79.5,169.0,0.95,0,2,1,0,0,0,Malin Pune Landslide 2014,Copernicus ERA5 Reanalysis (Open-Meteo Archive API),32,4.84,-1.1
2014-07-19,18.75,73.4833,26.1,74.27,1005.55,22.0,450.0,8.0,2.06,4.12,7.21,12.36,20.6,71.4,173.2,0.95,0,2,1,0,0,0,Malin Pune Landslide 2014,Copernicus ERA5 Reanalysis (Open-Meteo Archive API),32,4.84,-1.1
2014-07-20,18.75,73.4833,26.1,75.08,1005.55,22.0,450.0,8.0,1.42,2.84,4.97,8.52,14.2,61.3,181.3,0.95,0,2,1,0,0,0,Malin Pune Landslide 2014,Copernicus ERA5 Reanalysis (Open-Meteo Archive API),32,4.84,-1.1
2014-07-21,18.75,73.4833,26.1,74.8,1005.55,22.0,450.0,8.0,1.59,3.18,5.56,9.54,15.9,50.7,178.5,0.95,0,2,1,0,0,0,Malin Pune Landslide 2014,Copernicus ERA5 Reanalysis (Open-Meteo Archive API),32,4.84,-1.1
2014-07-22,18.75,73.4833,24.5,73.35,1005.55,22.0,450.0,8.0,2.58,5.16,9.03,15.48,25.8,55.9,156.0,0.95,0,2,1,0,0,0,Malin Pune Landslide 2014,Copernicus ERA5 Reanalysis (Open-Meteo Archive API),32,4.84,-1.1
2014-07-23,18.75,73.4833,24.5,75.73,1005.55,22.0,450.0,8.0,5.25,10.5,18.38,31.5,52.5,94.2,179.8,0.95,0,2,1,0,0,0,Malin Pune Landslide 2014,Copernicus ERA5 Reanalysis (Open-Meteo Archive API),32,4.84,-1.1
2014-07-24,18.75,73.4833,24.5,74.88,1005.55,22.0,450.0,8.0,1.58,3.16,5.53,9.48,15.8,94.1,171.3,0.95,0,2,1,0,0,0,Malin Pune Landslide 2014,Copernicus ERA5 Reanalysis (Open-Meteo Archive API),32,4.84,-1.1
2014-07-25,18.75,73.4833,25.5,72.67,1006.25,20.0,450.0,8.0,0.94,1.88,3.29,5.64,9.4,77.7,154.2,0.95,0,2,1,0,0,0,Malin Pune Landslide 2014,Copernicus ERA5 Reanalysis (Open-Meteo Archive API),32,4.4,-1.0
2014-07-26,18.75,73.4833,25.5,71.53,1006.25,20.0,450.0,8.0,0.92,1.84,3.22,5.52,9.2,34.4,142.8,0.914,0,2,1,0,0,0,Malin Pune Landslide 2014,Copernicus ERA5 Reanalysis (Open-Meteo Archive API),32,4.4,-1.0
2014-07-27,18.75,73.4833,25.5,73.74,1006.25,20.0,450.0,8.0,3.63,7.26,12.7,21.78,36.3,54.9,164.9,0.95,0,2,3,0,0,0,Malin Pune Landslide 2014,Copernicus ERA5 Reanalysis (Open-Meteo Archive API),32,4.4,-1.0
2014-07-28,18.75,73.4833,25.5,77.31,1005.87,21.1,450.0,8.0,5.16,10.32,18.06,30.96,51.6,97.1,200.6,0.95,0,2,3,0,0,0,Malin Pune Landslide 2014,Copernicus ERA5 Reanalysis (Open-Meteo Archive API),32,4.64,-1.05
2014-07-29,18.75,73.4833,25.5,86.8,1005.87,21.1,450.0,8.0,12.07,24.14,42.24,72.42,120.7,208.6,295.5,0.95,0,2,3,0,0,0,Malin Pune Landslide 2014,Copernicus ERA5 Reanalysis (Open-Meteo Archive API),32,4.64,-1.05
2014-07-30,18.75,73.4833,25.5,86.88,1005.87,21.1,450.0,8.0,5.33,10.66,18.65,31.98,53.3,225.6,296.3,0.95,0,2,3,0,0,0,Malin Pune Landslide 2014,Copernicus ERA5 Reanalysis (Open-Meteo Archive API),32,4.64,-1.05
2014-07-31,18.75,73.4833,25.5,92.77,1005.87,21.1,450.0,8.0,7.47,14.94,26.14,44.82,74.7,248.7,355.2,0.95,0,2,3,0,0,0,Malin Pune Landslide 2014,Copernicus ERA5 Reanalysis (Open-Meteo Archive API),32,4.64,-1.05
2014-08-01,18.75,73.4833,25.5,94.41,1005.87,21.1,450.0,8.0,2.58,5.16,9.03,15.48,25.8,153.8,371.6,0.95,0,2,3,0,0,0,Malin Pune Landslide 2014,Copernicus ERA5 Reanalysis (Open-Meteo Archive API),32,4.64,-1.05
2014-08-02,18.75,73.4833,25.0,95.16,1005.87,21.1,450.0,8.0,1.42,2.84,4.97,8.52,14.2,114.7,376.6,0.95,0,2,3,0,0,0,Malin Pune Landslide 2014,Copernicus ERA5 Reanalysis (Open-Meteo Archive API),32,4.64,-1.05
2014-08-03,18.75,73.4833,25.3,94.0,1005.87,21.1,450.0,8.0,2.62,5.24,9.17,15.72,26.2,66.2,366.5,0.95,0,2,1,0,0,0,Malin Pune Landslide 2014,Copernicus ERA5 Reanalysis (Open-Meteo Archive API),32,4.64,-1.05
2014-08-04,18.75,73.4833,25.3,92.75,1005.87,21.1,450.0,8.0,3.91,7.82,13.69,23.46,39.1,79.5,354.0,0.95,0,2,1,0,0,0,Malin Pune Landslide 2014,Copernicus ERA5 Reanalysis (Open-Meteo Archive API),32,4.64,-1.05
2014-08-05,18.75,73.4833,25.3,84.12,1005.87,21.1,450.0,8.0,3.44,6.88,12.04,20.64,34.4,99.7,267.7,0.95,0,2,1,0,0,0,Malin Pune Landslide 2014,Copernicus ERA5 Reanalysis (Open-Meteo Archive API),32,4.64,-1.05
2014-08-06,18.75,73.4833,25.3,81.67,1005.87,21.1,450.0,8.0,2.88,5.76,10.08,17.28,28.8,102.3,243.2,0.95,0,2,1,0,0,0,Malin Pune Landslide 2014,Copernicus ERA5 Reanalysis (Open-Meteo Archive API),32,4.64,-1.05
2014-08-07,18.75,73.4833,25.3,76.16,1005.87,21.1,450.0,8.0,1.96,3.92,6.86,11.76,19.6,82.8,188.1,0.95,0,2,1,0,0,0,Malin Pune Landslide 2014,Copernicus ERA5 Reanalysis (Open-Meteo Archive API),32,4.64,-1.05
2014-08-08,18.75,73.4833,25.3,74.64,1005.87,21.1,450.0,8.0,1.06,2.12,3.71,6.36,10.6,59.0,172.9,0.95,0,2,1,0,0,0,Malin Pune Landslide 2014,Copernicus ERA5 Reanalysis (Open-Meteo Archive API),32,4.64,-1.05
2014-08-09,18.75,73.4833,25.5,73.97,1005.87,21.1,450.0,8.0,0.85,1.7,2.97,5.1,8.5,38.7,167.2,0.95,0,2,1,0,0,0,Malin Pune Landslide 2014,Copernicus ERA5 Reanalysis (Open-Meteo Archive API),32,4.64,-1.05
2014-08-10,18.75,73.4833,25.5,71.88,1005.87,21.1,450.0,8.0,0.53,1.06,1.85,3.18,5.3,24.4,146.3,0.931,0,2,1,0,0,0,Malin Pune Landslide 2014,Copernicus ERA5 Reanalysis (Open-Meteo Archive API),32,4.64,-1.05
2014-08-11,18.75,73.4833,25.6,68.46,1005.87,21.1,450.0,8.0,0.54,1.08,1.89,3.24,5.4,19.2,112.6,0.763,0,2,1,0,0,0,Malin Pune Landslide 2014,Copernicus ERA5 Reanalysis (Open-Meteo Archive API),32,4.64,-1.05
2014-09-30,17.6868,83.2185,31.6,54.44,1008.0,15.0,450.0,8.0,0.0,0.0,0.0,0.0,0.0,0.0,2.4,0.212,0,0,0,1,0,1,Cyclone Hudhud - Vizag India,Copernicus ERA5 Reanalysis (Open-Meteo Archive API),11,3.3,-0.75
2014-10-01,17.6868,83.2185,31.6,54.45,1008.25,14.3,450.0,8.0,0.04,0.08,0.14,0.24,0.4,0.4,2.5,0.213,0,0,0,1,0,1,Cyclone Hudhud - Vizag India,Copernicus ERA5 Reanalysis (Open-Meteo Archive API),11,3.15,-0.71
2014-10-02,17.6868,83.2185,31.6,54.41,1008.7,13.0,450.0,8.0,0.08,0.16,0.28,0.48,0.8,1.2,2.1,0.211,0,0,0,1,0,1,Cyclone Hudhud - Vizag India,Copernicus ERA5 Reanalysis (Open-Meteo Archive API),11,2.86,-0.65
2014-10-03,17.6868,83.2185,31.6,54.42,1008.7,13.0,450.0,8.0,0.04,0.08,0.14,0.24,0.4,1.6,2.2,0.211,0,0,0,1,0,1,Cyclone Hudhud - Vizag India,Copernicus ERA5 Reanalysis (Open-Meteo Archive API),11,2.86,-0.65
2014-10-04,17.6868,83.2185,31.6,54.43,1008.8,12.7,450.0,8.0,0.07,0.14,0.24,0.42,0.7,1.9,2.3,0.212,0,0,0,1,0,1,Cyclone Hudhud - Vizag India,Copernicus ERA5 Reanalysis (Open-Meteo Archive API),11,2.79,-0.64
2014-10-05,17.6868,83.2185,31.6,54.65,1008.8,12.7,450.0,8.0,0.22,0.44,0.77,1.32,2.2,3.3,4.5,0.223,0,0,0,1,0,1,Cyclone Hudhud - Vizag India,Copernicus ERA5 Reanalysis (Open-Meteo Archive API),11,2.79,-0.64
2014-10-06,17.6868,83.2185,31.6,55.02,1008.8,12.7,450.0,8.0,0.37,0.74,1.29,2.22,3.7,6.6,8.2,0.241,0,0,0,1,0,1,Cyclone Hudhud - Vizag India,Copernicus ERA5 Reanalysis (Open-Meteo Archive API),11,2.79,-0.64
2014-10-07,17.6868,83.2185,31.6,55.33,1008.17,14.5,450.0,8.0,0.31,0.62,1.08,1.86,3.1,9.0,11.3,0.257,0,0,0,1,0,0,Cyclone Hudhud - Vizag India,Copernicus ERA5 Reanalysis (Open-Meteo Archive API),11,3.19,-0.73
2014-10-08,17.6868,83.2185,31.1,55.8,1008.17,14.5,450.0,8.0,0.26,0.52,0.91,1.56,2.6,9.4,13.5,0.268,0,0,0,1,0,0,Cyclone Hudhud - Vizag India,Copernicus ERA5 Reanalysis (Open-Meteo Archive API),11,3.19,-0.73
2014-10-09,17.6868,83.2185,31.3,55.62,1008.17,14.5,450.0,8.0,0.0,0.0,0.0,0.0,0.0,5.7,12.7,0.264,0,0,0,3,0,0,Cyclone Hudhud - Vizag India,Copernicus ERA5 Reanalysis (Open-Meteo Archive API),11,3.19,-0.73
2014-10-10,17.6868,83.2185,31.4,55.53,1004.18,25.9,450.0,8.0,0.0,0.0,0.0,0.0,0.0,2.6,12.3,0.262,0,0,0,3,0,0,Cyclone Hudhud - Vizag India,Copernicus ERA5 Reanalysis (Open-Meteo Archive API),11,5.7,-1.3
2014-10-11,17.6868,83.2185,31.4,57.19,995.43,50.9,450.0,8.0,1.73,3.46,6.05,10.38,17.3,17.3,28.9,0.345,0,0,0,3,0,0,Cyclone Hudhud - Vizag India,Copernicus ERA5 Reanalysis (Open-Meteo Archive API),11,11.2,-2.55
2014-10-12,17.6868,83.2185,31.4,73.22,988.68,70.2,450.0,8.0,16.25,32.5,56.87,97.5,162.5,179.8,189.2,0.95,0,2,1,3,0,0,Cyclone Hudhud - Vizag India,Copernicus ERA5 Reanalysis (Open-Meteo Archive API),11,15.44,-3.51
2014-10-13,17.6868,83.2185,31.4,73.07,988.68,70.2,450.0,8.0,0.22,0.44,0.77,1.32,2.2,182.0,187.7,0.95,0,2,1,3,0,0,Cyclone Hudhud - Vizag India,Copernicus ERA5 Reanalysis (Open-Meteo Archive API),11,15.44,-3.51
2014-10-14,17.6868,83.2185,31.4,73.07,988.68,70.2,450.0,8.0,0.31,0.62,1.08,1.86,3.1,167.8,187.7,0.95,0,2,1,3,0,0,Cyclone Hudhud - Vizag India,Copernicus ERA5 Reanalysis (Open-Meteo Archive API),11,15.44,-3.51
2014-10-15,17.6868,83.2185,31.4,72.87,988.68,70.2,450.0,8.0,0.06,0.12,0.21,0.36,0.6,5.9,185.7,0.95,0,2,0,3,0,0,Cyclone Hudhud - Vizag India,Copernicus ERA5 Reanalysis (Open-Meteo Archive API),11,15.44,-3.51
2014-10-16,17.6868,83.2185,31.4,73.07,988.68,70.2,450.0,8.0,0.2,0.4,0.7,1.2,2.0,5.7,187.7,0.95,0,2,0,1,0,0,Cyclone Hudhud - Vizag India,Copernicus ERA5 Reanalysis (Open-Meteo Archive API),11,15.44,-3.51
2014-10-17,17.6868,83.2185,31.4,73.45,988.68,70.2,450.0,8.0,0.38,0.76,1.33,2.28,3.8,6.4,191.5,0.95,0,2,0,1,0,0,Cyclone Hudhud - Vizag India,Copernicus ERA5 Reanalysis (Open-Meteo Archive API),11,15.44,-3.51
2014-10-18,17.6868,83.2185,30.0,73.09,988.68,70.2,450.0,8.0,0.67,1.34,2.34,4.02,6.7,12.5,180.9,0.95,0,2,0,1,0,0,Cyclone Hudhud - Vizag India,Copernicus ERA5 Reanalysis (Open-Meteo Archive API),11,15.44,-3.51
2014-10-19,17.6868,83.2185,30.0,56.84,988.68,70.2,450.0,8.0,0.0,0.0,0.0,0.0,0.0,10.5,18.4,0.292,0,0,0,1,0,0,Cyclone Hudhud - Vizag India,Copernicus ERA5 Reanalysis (Open-Meteo Archive API),11,15.44,-3.51
2014-10-20,17.6868,83.2185,30.0,56.62,1001.63,33.2,450.0,8.0,0.0,0.0,0.0,0.0,0.0,6.7,16.2,0.281,0,0,0,1,0,0,Cyclone Hudhud - Vizag India,Copernicus ERA5 Reanalysis (Open-Meteo Archive API),11,7.3,-1.66
2014-10-21,17.6868,83.2185,29.8,56.47,1008.0,15.0,450.0,8.0,0.06,0.12,0.21,0.36,0.6,0.6,13.7,0.269,0,0,0,1,0,0,Cyclone Hudhud - Vizag India,Copernicus ERA5 Reanalysis (Open-Meteo Archive API),11,3.3,-0.75
2014-10-22,17.6868,83.2185,29.8,56.41,1007.65,16.0,450.0,8.0,0.0,0.0,0.0,0.0,0.0,0.6,13.1,0.266,0,0,0,1,0,0,Cyclone Hudhud - Vizag India,Copernicus ERA5 Reanalysis (Open-Meteo Archive API),11,3.52,-0.8
2014-10-23,17.6868,83.2185,29.8,56.3,1007.65,16.0,450.0,8.0,0.09,0.18,0.32,0.54,0.9,1.5,12.0,0.26,0,0,0,1,0,0,Cyclone Hudhud - Vizag India,Copernicus ERA5 Reanalysis (Open-Meteo Archive API),11,3.52,-0.8
2014-10-24,17.6868,83.2185,29.8,55.94,1007.65,16.0,450.0,8.0,0.02,0.04,0.07,0.12,0.2,1.1,8.4,0.242,0,0,0,1,0,1,Cyclone Hudhud - Vizag India,Copernicus ERA5 Reanalysis (Open-Meteo Archive API),11,3.52,-0.8
2015-05-12,17.385,78.4867,38.8,50.9,1008.35,14.0,450.0,8.0,0.05,0.1,0.17,0.3,0.5,1.6,3.0,0.215,8,0,0,0,1,1,Telangana AP Heatwave 46.5°C,Copernicus ERA5 Reanalysis (Open-Meteo Archive API),42,3.08,-0.7
2015-05-13,17.385,78.4867,38.8,50.98,1008.35,14.0,450.0,8.0,0.18,0.36,0.63,1.08,1.8,3.4,3.8,0.219,8,0,0,0,1,1,Telangana AP Heatwave 46.5°C,Copernicus ERA5 Reanalysis (Open-Meteo Archive API),42,3.08,-0.7
2015-05-14,17.385,78.4867,38.8,50.95,1008.35,14.0,450.0,8.0,0.01,0.02,0.03,0.06,0.1,2.4,3.5,0.218,7,0,0,0,1,1,Telangana AP Heatwave 46.5°C,Copernicus ERA5 Reanalysis (Open-Meteo Archive API),42,3.08,-0.7
2015-05-15,17.385,78.4867,38.8,51.69,1008.35,14.0,450.0,8.0,0.74,1.48,2.59,4.44,7.4,9.3,10.9,0.255,7,0,0,0,1,0,Telangana AP Heatwave 46.5°C,Copernicus ERA5 Reanalysis (Open-Meteo Archive API),42,3.08,-0.7
2015-05-16,17.385,78.4867,38.3,52.08,1008.35,14.0,450.0,8.0,0.14,0.28,0.49,0.84,1.4,8.9,12.3,0.262,6,0,0,0,1,0,Telangana AP Heatwave 46.5°C,Copernicus ERA5 Reanalysis (Open-Meteo Archive API),42,3.08,-0.7
2015-05-17,17.385,78.4867,36.7,52.88,1008.28,14.2,450.0,8.0,0.0,0.0,0.0,0.0,0.0,8.8,12.3,0.262,5,0,0,0,1,0,Telangana AP Heatwave 46.5°C,Copernicus ERA5 Reanalysis (Open-Meteo Archive API),42,3.12,-0.71
2015-05-18,17.385,78.4867,37.0,52.62,1008.28,14.2,450.0,8.0,0.0,0.0,0.0,0.0,0.0,1.4,11.2,0.256,5,0,0,0,1,0,Telangana AP Heatwave 46.5°C,Copernicus ERA5 Reanalysis (Open-Meteo Archive API),42,3.12,-0.71
2015-05-19,17.385,78.4867,39.8,51.17,1004.67,24.5,450.0,8.0,0.0,0.0,0.0,0.0,0.0,0.0,10.7,0.254,5,0,0,0,1,0,Telangana AP Heatwave 46.5°C,Copernicus ERA5 Reanalysis (Open-Meteo Archive API),42,5.39,-1.23
2015-05-20,17.385,78.4867,40.7,50.54,1004.67,24.5,450.0,8.0,0.0,0.0,0.0,0.0,0.0,0.0,8.9,0.245,5,0,0,0,1,1,Telangana AP Heatwave 46.5°C,Copernicus ERA5 Reanalysis (Open-Meteo Archive API),42,5.39,-1.23
2015-05-21,17.385,78.4867,41.6,50.08,1004.67,24.5,450.0,8.0,0.0,0.0,0.0,0.0,0.0,0.0,8.8,0.244,5,0,0,0,3,1,Telangana AP Heatwave 46.5°C,Copernicus ERA5 Reanalysis (Open-Meteo Archive API),42,5.39,-1.23
2015-05-22,17.385,78.4867,41.6,49.34,1004.67,24.5,450.0,8.0,0.0,0.0,0.0,0.0,0.0,0.0,1.4,0.207,6,0,0,0,3,2,Telangana AP Heatwave 46.5°C,Copernicus ERA5 Reanalysis (Open-Meteo Archive API),42,5.39,-1.23
2015-05-23,17.385,78.4867,41.6,49.22,1004.67,24.5,450.0,8.0,0.02,0.04,0.07,0.12,0.2,0.2,0.2,0.201,6,0,0,0,3,2,Telangana AP Heatwave 46.5°C,Copernicus ERA5 Reanalysis (Open-Meteo Archive API),42,5.39,-1.23
2015-05-24,17.385,78.4867,41.6,49.22,1004.67,24.5,450.0,8.0,0.0,0.0,0.0,0.0,0.0,0.2,0.2,0.201,7,0,0,0,3,2,Telangana AP Heatwave 46.5°C,Copernicus ERA5 Reanalysis (Open-Meteo Archive API),42,5.39,-1.23
2015-05-25,17.385,78.4867,41.6,49.22,1004.39,25.3,450.0,8.0,0.0,0.0,0.0,0.0,0.0,0.2,0.2,0.201,8,0,0,0,3,2,Telangana AP Heatwave 46.5°C,Copernicus ERA5 Reanalysis (Open-Meteo Archive API),42,5.57,-1.27
2015-05-26,17.385,78.4867,41.6,49.22,1004.39,25.3,450.0,8.0,0.0,0.0,0.0,0.0,0.0,0.0,0.2,0.201,8,0,0,0,3,2,Telangana AP Heatwave 46.5°C,Copernicus ERA5 Reanalysis (Open-Meteo Archive API),42,5.57,-1.27
2015-05-27,17.385,78.4867,41.6,49.22,1004.39,25.3,450.0,8.0,0.0,0.0,0.0,0.0,0.0,0.0,0.2,0.201,8,0,0,0,3,2,Telangana AP Heatwave 46.5°C,Copernicus ERA5 Reanalysis (Open-Meteo Archive API),42,5.57,-1.27
2015-05-28,17.385,78.4867,41.6,49.26,1004.39,25.3,450.0,8.0,0.04,0.08,0.14,0.24,0.4,0.4,0.6,0.203,8,0,0,0,1,2,Telangana AP Heatwave 46.5°C,Copernicus ERA5 Reanalysis (Open-Meteo Archive API),42,5.57,-1.27
2015-05-29,17.385,78.4867,40.6,49.76,1004.39,25.3,450.0,8.0,0.0,0.0,0.0,0.0,0.0,0.4,0.6,0.203,8,0,0,0,1,2,Telangana AP Heatwave 46.5°C,Copernicus ERA5 Reanalysis (Open-Meteo Archive API),42,5.57,-1.27
2015-05-30,17.385,78.4867,40.4,49.84,1004.39,25.3,450.0,8.0,0.0,0.0,0.0,0.0,0.0,0.4,0.4,0.202,8,0,0,0,1,2,Telangana AP Heatwave 46.5°C,Copernicus ERA5 Reanalysis (Open-Meteo Archive API),42,5.57,-1.27
2015-05-31,17.385,78.4867,40.4,49.85,1004.39,25.3,450.0,8.0,0.01,0.02,0.03,0.06,0.1,0.1,0.5,0.203,8,0,0,0,1,2,Telangana AP Heatwave 46.5°C,Copernicus ERA5 Reanalysis (Open-Meteo Archive API),42,5.57,-1.27
2015-06-01,17.385,78.4867,40.4,49.91,1004.39,25.3,450.0,8.0,0.06,0.12,0.21,0.36,0.6,0.7,1.1,0.206,8,0,0,0,1,2,Telangana AP Heatwave 46.5°C,Copernicus ERA5 Reanalysis (Open-Meteo Archive API),42,5.57,-1.27
2015-06-02,17.385,78.4867,40.4,49.99,1004.78,24.2,450.0,8.0,0.08,0.16,0.28,0.48,0.8,1.5,1.9,0.21,8,0,0,0,1,2,Telangana AP Heatwave 46.5°C,Copernicus ERA5 Reanalysis (Open-Meteo Archive API),42,5.32,-1.21
2015-06-03,17.385,78.4867,40.4,50.12,1004.78,24.2,450.0,8.0,0.13,0.26,0.45,0.78,1.3,2.7,3.2,0.216,8,0,0,0,1,1,Telangana AP Heatwave 46.5°C,Copernicus ERA5 Reanalysis (Open-Meteo Archive API),42,5.32,-1.21
2015-06-04,17.385,78.4867,40.4,50.25,1004.78,24.2,450.0,8.0,0.17,0.34,0.59,1.02,1.7,3.8,4.5,0.223,8,0,0,0,1,1,Telangana AP Heatwave 46.5°C,Copernicus ERA5 Reanalysis (Open-Meteo Archive API),42,5.32,-1.21
2015-06-05,17.385,78.4867,40.4,50.41,1004.78,24.2,450.0,8.0,0.16,0.32,0.56,0.96,1.6,4.6,6.1,0.231,8,0,0,0,1,1,Telangana AP Heatwave 46.5°C,Copernicus ERA5 Reanalysis (Open-Meteo Archive API),42,5.32,-1.21
2015-06-19,27.036,88.2627,20.5,80.46,1010.35,8.3,450.0,8.0,3.35,6.7,11.72,20.1,33.5,77.9,207.1,0.95,0,2,0,0,0,0,Darjeeling Hill Landslide 2015,Copernicus ERA5 Reanalysis (Open-Meteo Archive API),18,1.83,-0.41
2015-06-20,27.036,88.2627,21.2,76.11,1010.35,8.3,450.0,8.0,1.03,2.06,3.6,6.18,10.3,69.0,167.1,0.95,0,2,0,0,0,0,Darjeeling Hill Landslide 2015,Copernicus ERA5 Reanalysis (Open-Meteo Archive API),18,1.83,-0.41
2015-06-21,27.036,88.2627,21.2,73.6,1010.35,8.3,450.0,8.0,0.71,1.42,2.48,4.26,7.1,50.9,142.0,0.91,0,2,0,0,0,0,Darjeeling Hill Landslide 2015,Copernicus ERA5 Reanalysis (Open-Meteo Archive API),18,1.83,-0.41
2015-06-22,27.036,88.2627,21.2,73.69,1010.35,8.3,450.0,8.0,2.33,4.66,8.15,13.98,23.3,40.7,142.9,0.915,0,2,0,0,0,0,Darjeeling Hill Landslide 2015,Copernicus ERA5 Reanalysis (Open-Meteo Archive API),18,1.83,-0.41
2015-06-23,27.036,88.2627,21.2,73.53,1010.35,8.3,450.0,8.0,2.27,4.54,7.94,13.62,22.7,53.1,141.3,0.906,0,2,0,0,0,0,Darjeeling Hill Landslide 2015,Copernicus ERA5 Reanalysis (Open-Meteo Archive API),18,1.83,-0.41
2015-06-24,27.036,88.2627,21.2,73.89,1010.35,8.3,450.0,8.0,2.28,4.56,7.98,13.68,22.8,68.8,144.9,0.925,0,2,0,0,0,0,Darjeeling Hill Landslide 2015,Copernicus ERA5 Reanalysis (Open-Meteo Archive API),18,1.83,-0.41
2015-06-25,27.036,88.2627,21.2,72.49,1010.66,7.4,450.0,8.0,1.12,2.24,3.92,6.72,11.2,56.7,130.9,0.855,0,2,0,0,0,0,Darjeeling Hill Landslide 2015,Copernicus ERA5 Reanalysis (Open-Meteo Archive API),18,1.63,-0.37
2015-06-26,27.036,88.2627,21.2,70.86,1010.66,7.4,450.0,8.0,1.72,3.44,6.02,10.32,17.2,51.2,114.6,0.773,0,2,0,0,0,0,Darjeeling Hill Landslide 2015,Copernicus ERA5 Reanalysis (Open-Meteo Archive API),18,1.63,-0.37
2015-06-27,27.036,88.2627,21.2,72.67,1010.66,7.4,450.0,8.0,2.84,5.68,9.94,17.04,28.4,56.8,132.7,0.863,0,2,0,0,0,0,Darjeeling Hill Landslide 2015,Copernicus ERA5 Reanalysis (Open-Meteo Archive API),18,1.63,-0.37
2015-06-28,27.036,88.2627,20.3,76.85,1011.04,6.3,450.0,8.0,4.44,8.88,15.54,26.64,44.4,90.0,170.0,0.95,0,2,2,0,0,0,Darjeeling Hill Landslide 2015,Copernicus ERA5 Reanalysis (Open-Meteo Archive API),18,1.39,-0.32
2015-06-29,27.036,88.2627,20.3,76.11,1011.18,5.9,450.0,8.0,1.59,3.18,5.56,9.54,15.9,88.7,162.6,0.95,0,2,2,0,0,0,Darjeeling Hill Landslide 2015,Copernicus ERA5 Reanalysis (Open-Meteo Archive API),18,1.3,-0.3
2015-06-30,27.036,88.2627,20.3,76.69,1010.8,7.0,450.0,8.0,2.85,5.7,9.97,17.1,28.5,88.8,168.4,0.95,0,2,2,0,0,0,Darjeeling Hill Landslide 2015,Copernicus ERA5 Reanalysis (Open-Meteo Archive API),18,1.54,-0.35
2015-07-01,27.036,88.2627,20.3,78.09,1010.8,7.0,450.0,8.0,3.68,7.36,12.88,22.08,36.8,81.2,182.4,0.95,0,2,2,0,0,0,Darjeeling Hill Landslide 2015,Copernicus ERA5 Reanalysis (Open-Meteo Archive API),18,1.54,-0.35
2015-07-02,27.036,88.2627,20.7,79.63,1010.8,7.0,450.0,8.0,2.86,5.72,10.01,17.16,28.6,93.9,199.8,0.95,0,2,2,0,0,0,Darjeeling Hill Landslide 2015,Copernicus ERA5 Reanalysis (Open-Meteo Archive API),18,1.54,-0.35
2015-07-03,27.036,88.2627,20.7,79.96,1010.8,7.0,450.0,8.0,2.05,4.1,7.17,12.3,20.5,85.9,203.1,0.95,0,2,2,0,0,0,Darjeeling Hill Landslide 2015,Copernicus ERA5 Reanalysis (Open-Meteo Archive API),18,1.54,-0.35
2015-07-04,27.036,88.2627,20.7,81.13,1010.8,7.0,450.0,8.0,4.01,8.02,14.04,24.06,40.1,89.2,214.8,0.95,0,2,2,0,0,0,Darjeeling Hill Landslide 2015,Copernicus ERA5 Reanalysis (Open-Meteo Archive API),18,1.54,-0.35
2015-07-05,27.036,88.2627,20.7,85.22,1010.8,7.0,450.0,8.0,8.53,17.06,29.85,51.18,85.3,145.9,255.7,0.95,0,2,0,0,0,0,Darjeeling Hill Landslide 2015,Copernicus ERA5 Reanalysis (Open-Meteo Archive API),18,1.54,-0.35
2015-07-06,27.036,88.2627,20.7,87.02,1010.8,7.0,450.0,8.0,3.39,6.78,11.86,20.34,33.9,159.3,273.7,0.95,0,2,0,0,0,0,Darjeeling Hill Landslide 2015,Copernicus ERA5 Reanalysis (Open-Meteo Archive API),18,1.54,-0.35
2015-07-07,27.036,88.2627,20.7,84.63,1010.8,7.0,450.0,8.0,0.46,0.92,1.61,2.76,4.6,123.8,249.8,0.95,0,2,0,0,0,0,Darjeeling Hill Landslide 2015,Copernicus ERA5 Reanalysis (Open-Meteo Archive API),18,1.54,-0.35
2015-07-08,27.036,88.2627,20.7,81.44,1010.84,6.9,450.0,8.0,0.49,0.98,1.72,2.94,4.9,43.4,217.9,0.95,0,2,0,0,0,0,Darjeeling Hill Landslide 2015,Copernicus ERA5 Reanalysis (Open-Meteo Archive API),18,1.52,-0.34
2015-07-09,27.036,88.2627,20.9,80.59,1010.59,7.6,450.0,8.0,2.11,4.22,7.38,12.66,21.1,30.6,210.4,0.95,0,2,0,0,0,0,Darjeeling Hill Landslide 2015,Copernicus ERA5 Reanalysis (Open-Meteo Archive API),18,1.67,-0.38
2015-07-10,27.036,88.2627,20.9,82.87,1010.59,7.6,450.0,8.0,4.33,8.66,15.15,25.98,43.3,69.3,233.2,0.95,0,2,0,0,0,0,Darjeeling Hill Landslide 2015,Copernicus ERA5 Reanalysis (Open-Meteo Archive API),18,1.67,-0.38
2015-07-11,27.036,88.2627,20.9,80.38,1010.59,7.6,450.0,8.0,1.52,3.04,5.32,9.12,15.2,79.6,208.3,0.95,0,2,0,0,0,0,Darjeeling Hill Landslide 2015,Copernicus ERA5 Reanalysis (Open-Meteo Archive API),18,1.67,-0.38
2015-07-12,27.036,88.2627,21.0,72.99,1010.59,7.6,450.0,8.0,1.19,2.38,4.17,7.14,11.9,70.4,134.9,0.875,0,2,0,0,0,0,Darjeeling Hill Landslide 2015,Copernicus ERA5 Reanalysis (Open-Meteo Archive API),18,1.67,-0.38
2015-07-13,27.036,88.2627,21.0,71.25,1010.59,7.6,450.0,8.0,1.65,3.3,5.77,9.9,16.5,43.6,117.5,0.788,0,2,0,0,0,0,Darjeeling Hill Landslide 2015,Copernicus ERA5 Reanalysis (Open-Meteo Archive API),18,1.67,-0.38
2015-11-19,13.0827,80.2707,29.2,78.25,1002.78,29.9,15.0,8.0,3.08,6.16,10.78,18.48,30.8,45.9,228.5,0.95,0,1,0,0,0,0,Chennai Extreme Floods 2015,Copernicus ERA5 Reanalysis (Open-Meteo Archive API),4,6.58,-1.5
2015-11-20,13.0827,80.2707,29.2,77.6,1002.78,29.9,15.0,8.0,1.07,2.14,3.74,6.42,10.7,56.6,222.0,0.95,0,1,1,0,0,0,Chennai Extreme Floods 2015,Copernicus ERA5 Reanalysis (Open-Meteo Archive API),4,6.58,-1.5
2015-11-21,13.0827,80.2707,29.2,78.11,1002.78,29.9,15.0,8.0,0.89,1.78,3.11,5.34,8.9,50.4,227.1,0.95,0,1,1,0,0,0,Chennai Extreme Floods 2015,Copernicus ERA5 Reanalysis (Open-Meteo Archive API),4,6.58,-1.5
2015-11-22,13.0827,80.2707,28.5,74.33,1002.78,29.9,15.0,8.0,1.9,3.8,6.65,11.4,19.0,38.6,185.8,0.95,0,1,0,0,0,0,Chennai Extreme Floods 2015,Copernicus ERA5 Reanalysis (Open-Meteo Archive API),4,6.58,-1.5
2015-11-23,13.0827,80.2707,28.5,65.37,1002.78,29.9,15.0,8.0,1.17,2.34,4.09,7.02,11.7,39.6,96.2,0.681,0,1,0,0,0,0,Chennai Extreme Floods 2015,Copernicus ERA5 Reanalysis (Open-Meteo Archive API),4,6.58,-1.5
2015-11-24,13.0827,80.2707,28.9,65.22,1007.02,17.8,15.0,8.0,0.05,0.1,0.17,0.3,0.5,31.2,96.7,0.683,0,1,0,0,0,0,Chennai Extreme Floods 2015,Copernicus ERA5 Reanalysis (Open-Meteo Archive API),4,3.92,-0.89
2015-11-25,13.0827,80.2707,28.9,63.96,1006.53,19.2,15.0,8.0,0.25,0.5,0.88,1.5,2.5,14.7,84.1,0.621,0,1,0,0,0,0,Chennai Extreme Floods 2015,Copernicus ERA5 Reanalysis (Open-Meteo Archive API),4,4.22,-0.96
2015-11-26,13.0827,80.2707,28.9,61.0,1006.53,19.2,15.0,8.0,0.12,0.24,0.42,0.72,1.2,4.2,54.5,0.473,0,1,0,0,0,0,Chennai Extreme Floods 2015,Copernicus ERA5 Reanalysis (Open-Meteo Archive API),4,4.22,-0.96
2015-11-27,13.0827,80.2707,28.9,59.93,1006.53,19.2,15.0,8.0,0.0,0.0,0.0,0.0,0.0,3.7,43.8,0.419,0,1,0,0,0,0,Chennai Extreme Floods 2015,Copernicus ERA5 Reanalysis (Open-Meteo Archive API),4,4.22,-0.96
2015-11-28,13.0827,80.2707,28.9,59.22,1006.53,19.2,15.0,8.0,0.18,0.36,0.63,1.08,1.8,3.0,36.7,0.384,0,3,0,0,0,0,Chennai Extreme Floods 2015,Copernicus ERA5 Reanalysis (Open-Meteo Archive API),4,4.22,-0.96
2015-11-29,13.0827,80.2707,28.9,59.15,1006.53,19.2,15.0,8.0,1.83,3.66,6.41,10.98,18.3,20.1,36.0,0.38,0,3,0,0,0,0,Chennai Extreme Floods 2015,Copernicus ERA5 Reanalysis (Open-Meteo Archive API),4,4.22,-0.96
2015-11-30,13.0827,80.2707,28.9,61.05,1003.62,27.5,15.0,8.0,3.07,6.14,10.74,18.42,30.7,50.8,55.0,0.475,0,3,1,0,0,0,Chennai Extreme Floods 2015,Copernicus ERA5 Reanalysis (Open-Meteo Archive API),4,6.05,-1.38
2015-12-01,13.0827,80.2707,28.9,65.1,1003.62,27.5,15.0,8.0,4.1,8.2,14.35,24.6,41.0,90.0,95.5,0.677,0,3,1,0,0,0,Chennai Extreme Floods 2015,Copernicus ERA5 Reanalysis (Open-Meteo Archive API),4,6.05,-1.38
2015-12-02,13.0827,80.2707,28.9,70.87,1003.62,27.5,15.0,8.0,6.02,12.04,21.07,36.12,60.2,131.9,153.2,0.95,0,3,1,0,0,0,Chennai Extreme Floods 2015,Copernicus ERA5 Reanalysis (Open-Meteo Archive API),4,6.05,-1.38
2015-12-03,13.0827,80.2707,28.7,71.84,1003.62,27.5,15.0,8.0,0.99,1.98,3.46,5.94,9.9,111.1,161.9,0.95,0,3,1,0,0,0,Chennai Extreme Floods 2015,Copernicus ERA5 Reanalysis (Open-Meteo Archive API),4,6.05,-1.38
2015-12-04,13.0827,80.2707,28.7,72.74,1003.62,27.5,15.0,8.0,0.9,1.8,3.15,5.4,9.0,79.1,170.9,0.95,0,3,1,0,0,0,Chennai Extreme Floods 2015,Copernicus ERA5 Reanalysis (Open-Meteo Archive API),4,6.05,-1.38
2015-12-05,13.0827,80.2707,28.5,73.84,1003.62,27.5,15.0,8.0,1.18,2.36,4.13,7.08,11.8,30.7,180.9,0.95,0,1,0,0,0,0,Chennai Extreme Floods 2015,Copernicus ERA5 Reanalysis (Open-Meteo Archive API),4,6.05,-1.38
2015-12-06,13.0827,80.2707,28.2,73.82,1003.62,27.5,15.0,8.0,1.66,3.32,5.81,9.96,16.6,37.4,179.2,0.95,0,1,0,0,0,0,Chennai Extreme Floods 2015,Copernicus ERA5 Reanalysis (Open-Meteo Archive API),4,6.05,-1.38
2015-12-07,13.0827,80.2707,28.2,70.75,1003.62,27.5,15.0,8.0,0.0,0.0,0.0,0.0,0.0,28.4,148.5,0.943,0,1,0,0,0,0,Chennai Extreme Floods 2015,Copernicus ERA5 Reanalysis (Open-Meteo Archive API),4,6.05,-1.38
2015-12-08,13.0827,80.2707,28.2,67.21,1004.08,26.2,15.0,8.0,0.56,1.12,1.96,3.36,5.6,22.2,113.1,0.766,0,1,0,0,0,0,Chennai Extreme Floods 2015,Copernicus ERA5 Reanalysis (Open-Meteo Archive API),4,5.76,-1.31
2015-12-09,13.0827,80.2707,28.2,62.64,1004.08,26.2,15.0,8.0,1.45,2.9,5.07,8.7,14.5,20.1,67.4,0.537,0,1,0,0,0,0,Chennai Extreme Floods 2015,Copernicus ERA5 Reanalysis (Open-Meteo Archive API),4,5.76,-1.31
2015-12-10,13.0827,80.2707,28.2,61.79,1004.08,26.2,15.0,8.0,0.14,0.28,0.49,0.84,1.4,21.5,58.9,0.495,0,1,0,0,0,0,Chennai Extreme Floods 2015,Copernicus ERA5 Reanalysis (Open-Meteo Archive API),4,5.76,-1.31
2015-12-11,13.0827,80.2707,28.3,60.98,1004.08,26.2,15.0,8.0,0.14,0.28,0.49,0.84,1.4,17.3,51.3,0.457,0,1,0,0,0,0,Chennai Extreme Floods 2015,Copernicus ERA5 Reanalysis (Open-Meteo Archive API),4,5.76,-1.31
2015-12-12,13.0827,80.2707,29.1,59.4,1004.12,26.1,15.0,8.0,0.0,0.0,0.0,0.0,0.0,2.8,39.5,0.398,0,1,0,0,0,0,Chennai Extreme Floods 2015,Copernicus ERA5 Reanalysis (Open-Meteo Archive API),4,5.74,-1.3
2015-12-13,13.0827,80.2707,29.1,57.74,1004.12,26.1,15.0,8.0,0.0,0.0,0.0,0.0,0.0,1.4,22.9,0.315,0,1,0,0,0,0,Chennai Extreme Floods 2015,Copernicus ERA5 Reanalysis (Open-Meteo Archive API),4,5.74,-1.3
2016-04-03,18.5204,73.8567,39.2,50.4,1006.88,18.2,450.0,8.0,0.0,0.0,0.0,0.0,0.0,0.0,0.0,0.2,8,0,0,0,1,1,Marathwada Latur Water Drought 2016,Copernicus ERA5 Reanalysis (Open-Meteo Archive API),33,4.0,-0.91
2016-04-04,18.5204,73.8567,39.2,50.49,1006.88,18.2,450.0,8.0,0.09,0.18,0.32,0.54,0.9,0.9,0.9,0.205,8,0,0,0,1,1,Marathwada Latur Water Drought 2016,Copernicus ERA5 Reanalysis (Open-Meteo Archive API),33,4.0,-0.91
2016-04-05,18.5204,73.8567,39.2,50.99,1006.88,18.2,450.0,8.0,0.5,1.0,1.75,3.0,5.0,5.9,5.9,0.23,8,0,0,0,1,1,Marathwada Latur Water Drought 2016,Copernicus ERA5 Reanalysis (Open-Meteo Archive API),33,4.0,-0.91
2016-04-06,18.5204,73.8567,39.2,51.24,1006.88,18.2,450.0,8.0,0.25,0.5,0.88,1.5,2.5,8.4,8.4,0.242,8,0,0,0,1,1,Marathwada Latur Water Drought 2016,Copernicus ERA5 Reanalysis (Open-Meteo Archive API),33,4.0,-0.91
2016-04-07,18.5204,73.8567,39.2,51.24,1006.88,18.2,450.0,8.0,0.0,0.0,0.0,0.0,0.0,7.5,8.4,0.242,8,0,0,0,1,1,Marathwada Latur Water Drought 2016,Copernicus ERA5 Reanalysis (Open-Meteo Archive API),33,4.0,-0.91
2016-11-30,13.0827,80.2707,30.7,54.77,1004.04,26.3,15.0,8.0,0.12,0.24,0.42,0.72,1.2,1.2,1.2,0.206,0,0,0,0,0,1,Cyclone Vardah - Chennai India,Copernicus ERA5 Reanalysis (Open-Meteo Archive API),16,5.79,-1.32
2016-12-01,13.0827,80.2707,30.7,57.7,1002.4,31.0,15.0,8.0,2.93,5.86,10.25,17.58,29.3,30.5,30.5,0.353,0,0,0,0,0,0,Cyclone Vardah - Chennai India,Copernicus ERA5 Reanalysis (Open-Meteo Archive API),16,6.82,-1.55
2016-12-02,13.0827,80.2707,30.7,58.86,1002.4,31.0,15.0,8.0,1.16,2.32,4.06,6.96,11.6,42.1,42.1,0.411,0,1,0,0,0,0,Cyclone Vardah - Chennai India,Copernicus ERA5 Reanalysis (Open-Meteo Archive API),16,6.82,-1.55
2016-12-03,13.0827,80.2707,30.7,59.06,1002.4,31.0,15.0,8.0,0.2,0.4,0.7,1.2,2.0,42.9,44.1,0.42,0,1,0,0,0,0,Cyclone Vardah - Chennai India,Copernicus ERA5 Reanalysis (Open-Meteo Archive API),16,6.82,-1.55
2016-12-04,13.0827,80.2707,30.7,59.42,1002.4,31.0,15.0,8.0,0.36,0.72,1.26,2.16,3.6,17.2,47.7,0.439,0,1,0,0,0,0,Cyclone Vardah - Chennai India,Copernicus ERA5 Reanalysis (Open-Meteo Archive API),16,6.82,-1.55
2016-12-05,13.0827,80.2707,30.3,59.64,1002.4,31.0,15.0,8.0,0.02,0.04,0.07,0.12,0.2,5.8,47.9,0.44,0,1,0,0,0,0,Cyclone Vardah - Chennai India,Copernicus ERA5 Reanalysis (Open-Meteo Archive API),16,6.82,-1.55
2016-12-06,13.0827,80.2707,29.9,59.84,1002.4,31.0,15.0,8.0,0.0,0.0,0.0,0.0,0.0,3.8,47.9,0.44,0,1,0,0,0,0,Cyclone Vardah - Chennai India,Copernicus ERA5 Reanalysis (Open-Meteo Archive API),16,6.82,-1.55
2016-12-07,13.0827,80.2707,29.7,59.88,1002.4,31.0,15.0,8.0,0.06,0.12,0.21,0.36,0.6,0.8,47.3,0.436,0,1,0,0,0,0,Cyclone Vardah - Chennai India,Copernicus ERA5 Reanalysis (Open-Meteo Archive API),16,6.82,-1.55
2016-12-08,13.0827,80.2707,29.1,57.25,1002.4,31.0,15.0,8.0,0.0,0.0,0.0,0.0,0.0,0.6,18.0,0.29,0,0,0,0,0,0,Cyclone Vardah - Chennai India,Copernicus ERA5 Reanalysis (Open-Meteo Archive API),16,6.82,-1.55
2016-12-09,13.0827,80.2707,29.5,55.89,1004.78,24.2,15.0,8.0,0.0,0.0,0.0,0.0,0.0,0.6,6.4,0.232,0,0,0,2,0,1,Cyclone Vardah - Chennai India,Copernicus ERA5 Reanalysis (Open-Meteo Archive API),16,5.32,-1.21
2016-12-10,13.0827,80.2707,29.5,55.69,1004.78,24.2,15.0,8.0,0.0,0.0,0.0,0.0,0.0,0.0,4.4,0.222,0,0,0,2,0,1,Cyclone Vardah - Chennai India,Copernicus ERA5 Reanalysis (Open-Meteo Archive API),16,5.32,-1.21
2016-12-11,13.0827,80.2707,29.5,57.11,999.88,38.2,15.0,8.0,1.78,3.56,6.23,10.68,17.8,17.8,18.6,0.293,0,0,0,2,0,0,Cyclone Vardah - Chennai India,Copernicus ERA5 Reanalysis (Open-Meteo Archive API),16,8.4,-1.91
2016-12-12,13.0827,80.2707,29.5,70.95,990.43,65.2,15.0,8.0,13.86,27.72,48.51,83.16,138.6,156.4,157.0,0.95,0,2,1,2,0,0,Cyclone Vardah - Chennai India,Copernicus ERA5 Reanalysis (Open-Meteo Archive API),16,14.34,-3.26
2016-12-13,13.0827,80.2707,29.5,71.5,990.43,65.2,15.0,8.0,0.55,1.1,1.92,3.3,5.5,161.9,162.5,0.95,0,2,1,2,0,0,Cyclone Vardah - Chennai India,Copernicus ERA5 Reanalysis (Open-Meteo Archive API),16,14.34,-3.26
2016-12-14,13.0827,80.2707,29.5,71.44,990.43,65.2,15.0,8.0,0.0,0.0,0.0,0.0,0.0,144.1,161.9,0.95,0,2,1,2,0,0,Cyclone Vardah - Chennai India,Copernicus ERA5 Reanalysis (Open-Meteo Archive API),16,14.34,-3.26
2016-12-15,13.0827,80.2707,29.5,71.62,990.43,65.2,15.0,8.0,0.18,0.36,0.63,1.08,1.8,7.3,163.7,0.95,0,2,0,2,0,0,Cyclone Vardah - Chennai India,Copernicus ERA5 Reanalysis (Open-Meteo Archive API),16,14.34,-3.26
2016-12-16,13.0827,80.2707,29.5,71.62,990.43,65.2,15.0,8.0,0.0,0.0,0.0,0.0,0.0,1.8,163.7,0.95,0,2,0,0,0,0,Cyclone Vardah - Chennai India,Copernicus ERA5 Reanalysis (Open-Meteo Archive API),16,14.34,-3.26
2016-12-17,13.0827,80.2707,29.5,71.62,990.43,65.2,15.0,8.0,0.0,0.0,0.0,0.0,0.0,1.8,163.7,0.95,0,2,0,0,0,0,Cyclone Vardah - Chennai India,Copernicus ERA5 Reanalysis (Open-Meteo Archive API),16,14.34,-3.26
2016-12-18,13.0827,80.2707,29.5,69.84,990.43,65.2,15.0,8.0,0.0,0.0,0.0,0.0,0.0,0.0,145.9,0.929,0,2,0,0,0,0,Cyclone Vardah - Chennai India,Copernicus ERA5 Reanalysis (Open-Meteo Archive API),16,14.34,-3.26
2016-12-19,13.0827,80.2707,28.7,56.38,990.43,65.2,15.0,8.0,0.0,0.0,0.0,0.0,0.0,0.0,7.3,0.237,0,0,0,0,0,1,Cyclone Vardah - Chennai India,Copernicus ERA5 Reanalysis (Open-Meteo Archive API),16,14.34,-3.26
2016-12-20,13.0827,80.2707,28.7,55.83,1004.78,24.2,15.0,8.0,0.0,0.0,0.0,0.0,0.0,0.0,1.8,0.209,0,0,0,0,0,1,Cyclone Vardah - Chennai India,Copernicus ERA5 Reanalysis (Open-Meteo Archive API),16,5.32,-1.21
2016-12-21,13.0827,80.2707,28.7,55.83,1004.78,24.2,15.0,8.0,0.0,0.0,0.0,0.0,0.0,0.0,1.8,0.209,0,0,0,0,0,1,Cyclone Vardah - Chennai India,Copernicus ERA5 Reanalysis (Open-Meteo Archive API),16,5.32,-1.21
2016-12-22,13.0827,80.2707,28.8,55.6,1004.78,24.2,15.0,8.0,0.0,0.0,0.0,0.0,0.0,0.0,0.0,0.2,0,0,0,0,0,1,Cyclone Vardah - Chennai India,Copernicus ERA5 Reanalysis (Open-Meteo Archive API),16,5.32,-1.21
2016-12-23,13.0827,80.2707,28.8,55.6,1004.78,24.2,15.0,8.0,0.0,0.0,0.0,0.0,0.0,0.0,0.0,0.2,0,0,0,0,0,1,Cyclone Vardah - Chennai India,Copernicus ERA5 Reanalysis (Open-Meteo Archive API),16,5.32,-1.21
2016-12-24,13.0827,80.2707,28.8,55.6,1004.78,24.2,15.0,8.0,0.0,0.0,0.0,0.0,0.0,0.0,0.0,0.2,0,0,0,0,0,1,Cyclone Vardah - Chennai India,Copernicus ERA5 Reanalysis (Open-Meteo Archive API),16,5.32,-1.21
2017-08-14,29.7604,-95.3698,32.5,61.53,1006.57,19.1,450.0,8.0,0.06,0.12,0.21,0.36,0.6,3.7,77.8,0.589,0,1,0,1,0,0,Hurricane Harvey - Houston Texas,Copernicus ERA5 Reanalysis (Open-Meteo Archive API),22,4.2,-0.95
2017-08-15,29.7604,-95.3698,32.5,56.6,1006.42,19.5,450.0,8.0,0.18,0.36,0.63,1.08,1.8,3.3,28.5,0.343,0,0,0,1,0,0,Hurricane Harvey - Houston Texas,Copernicus ERA5 Reanalysis (Open-Meteo Archive API),22,4.29,-0.98
2017-08-16,29.7604,-95.3698,32.5,56.78,1006.14,20.3,450.0,8.0,0.48,0.96,1.68,2.88,4.8,7.2,30.3,0.352,0,0,0,1,0,0,Hurricane Harvey - Houston Texas,Copernicus ERA5 Reanalysis (Open-Meteo Archive API),22,4.47,-1.02
2017-08-17,29.7604,-95.3698,33.9,55.52,1006.14,20.3,450.0,8.0,0.01,0.02,0.03,0.06,0.1,6.7,24.7,0.324,0,0,0,1,0,0,Hurricane Harvey - Houston Texas,Copernicus ERA5 Reanalysis (Open-Meteo Archive API),22,4.47,-1.02
2017-08-18,29.7604,-95.3698,33.9,54.23,1006.14,20.3,450.0,8.0,0.14,0.28,0.49,0.84,1.4,6.3,11.8,0.259,0,0,0,1,0,0,Hurricane Harvey - Houston Texas,Copernicus ERA5 Reanalysis (Open-Meteo Archive API),22,4.47,-1.02
2017-08-19,29.7604,-95.3698,33.9,54.41,1006.14,20.3,450.0,8.0,0.4,0.8,1.4,2.4,4.0,5.5,13.6,0.268,0,0,0,1,0,0,Hurricane Harvey - Houston Texas,Copernicus ERA5 Reanalysis (Open-Meteo Archive API),22,4.47,-1.02
2017-08-20,29.7604,-95.3698,33.9,54.34,1006.14,20.3,450.0,8.0,0.02,0.04,0.07,0.12,0.2,5.6,12.9,0.265,0,0,0,1,0,0,Hurricane Harvey - Houston Texas,Copernicus ERA5 Reanalysis (Open-Meteo Archive API),22,4.47,-1.02
2017-08-21,29.7604,-95.3698,33.9,54.36,1006.14,20.3,450.0,8.0,0.08,0.16,0.28,0.48,0.8,5.0,13.1,0.266,0,0,0,1,0,0,Hurricane Harvey - Houston Texas,Copernicus ERA5 Reanalysis (Open-Meteo Archive API),22,4.47,-1.02
2017-08-22,29.7604,-95.3698,33.9,54.2,1006.14,20.3,450.0,8.0,0.02,0.04,0.07,0.12,0.2,1.2,11.5,0.258,0,0,0,1,0,0,Hurricane Harvey - Houston Texas,Copernicus ERA5 Reanalysis (Open-Meteo Archive API),22,4.47,-1.02
2017-08-23,29.7604,-95.3698,33.9,53.86,1006.14,20.3,450.0,8.0,0.14,0.28,0.49,0.84,1.4,2.4,8.1,0.241,0,0,0,3,0,1,Hurricane Harvey - Houston Texas,Copernicus ERA5 Reanalysis (Open-Meteo Archive API),22,4.47,-1.02
2017-08-24,29.7604,-95.3698,33.9,53.9,1006.39,19.6,450.0,8.0,0.05,0.1,0.17,0.3,0.5,2.1,8.5,0.243,0,0,0,3,0,1,Hurricane Harvey - Houston Texas,Copernicus ERA5 Reanalysis (Open-Meteo Archive API),22,4.31,-0.98
2017-08-25,29.7604,-95.3698,32.9,57.65,1001.25,34.3,450.0,8.0,3.39,6.78,11.86,20.34,33.9,35.8,41.0,0.405,0,1,0,3,0,0,Hurricane Harvey - Houston Texas,Copernicus ERA5 Reanalysis (Open-Meteo Archive API),22,7.55,-1.71
2017-08-26,29.7604,-95.3698,32.9,65.76,1000.26,37.1,450.0,8.0,8.51,17.02,29.78,51.06,85.1,119.5,122.1,0.81,0,2,1,3,0,0,Hurricane Harvey - Houston Texas,Copernicus ERA5 Reanalysis (Open-Meteo Archive API),22,8.16,-1.86
2017-08-27,29.7604,-95.3698,32.9,80.04,1000.26,37.1,450.0,8.0,14.3,28.6,50.05,85.8,143.0,262.0,264.9,0.95,0,2,1,3,0,0,Hurricane Harvey - Houston Texas,Copernicus ERA5 Reanalysis (Open-Meteo Archive API),22,8.16,-1.86
2017-08-28,29.7604,-95.3698,32.0,86.71,999.32,39.8,450.0,8.0,6.3,12.6,22.05,37.8,63.0,291.1,327.1,0.95,0,2,1,3,0,0,Hurricane Harvey - Houston Texas,Copernicus ERA5 Reanalysis (Open-Meteo Archive API),22,8.76,-1.99
2017-08-29,29.7604,-95.3698,31.8,98.0,995.01,52.1,450.0,8.0,20.39,40.78,71.36,122.34,203.9,409.9,530.8,0.95,0,2,1,3,0,0,Hurricane Harvey - Houston Texas,Copernicus ERA5 Reanalysis (Open-Meteo Archive API),22,11.46,-2.61
2017-08-29,24.5551,-81.78,30.0,60.11,1003.13,28.9,450.0,8.0,0.0,0.0,0.0,0.0,0.0,2.6,51.1,0.456,0,1,0,1,0,0,Hurricane Irma - Florida Keys,Copernicus ERA5 Reanalysis (Open-Meteo Archive API),25,6.36,-1.45
2017-08-30,29.7604,-95.3698,31.7,98.0,995.01,52.1,450.0,8.0,1.78,3.56,6.23,10.68,17.8,284.7,547.2,0.95,0,2,1,1,0,0,Hurricane Harvey - Houston Texas,Copernicus ERA5 Reanalysis (Open-Meteo Archive API),22,11.46,-2.61
2017-08-30,24.5551,-81.78,30.0,59.87,1003.13,28.9,450.0,8.0,0.0,0.0,0.0,0.0,0.0,0.1,48.7,0.444,0,1,0,1,0,0,Hurricane Irma - Florida Keys,Copernicus ERA5 Reanalysis (Open-Meteo Archive API),25,6.36,-1.45
2017-08-31,24.5551,-81.78,30.2,58.4,1003.13,28.9,450.0,8.0,0.23,0.46,0.8,1.38,2.3,2.3,35.0,0.375,0,0,0,1,0,0,Hurricane Irma - Florida Keys,Copernicus ERA5 Reanalysis (Open-Meteo Archive API),25,6.36,-1.45
2017-08-31,29.7604,-95.3698,31.7,98.0,995.01,52.1,450.0,8.0,0.01,0.02,0.03,0.06,0.1,221.8,546.8,0.95,0,2,1,1,0,0,Hurricane Harvey - Houston Texas,Copernicus ERA5 Reanalysis (Open-Meteo Archive API),22,11.46,-2.61
2017-09-01,29.7604,-95.3698,30.5,98.0,995.01,52.1,450.0,8.0,0.04,0.08,0.14,0.24,0.4,18.3,513.3,0.95,0,2,0,1,0,0,Hurricane Harvey - Houston Texas,Copernicus ERA5 Reanalysis (Open-Meteo Archive API),22,11.46,-2.61
2017-09-01,24.5551,-81.78,30.2,56.7,1003.13,28.9,450.0,8.0,0.26,0.52,0.91,1.56,2.6,4.9,18.0,0.29,0,0,0,1,0,0,Hurricane Irma - Florida Keys,Copernicus ERA5 Reanalysis (Open-Meteo Archive API),25,6.36,-1.45
2017-09-02,29.7604,-95.3698,30.5,97.66,995.01,52.1,450.0,8.0,0.09,0.18,0.32,0.54,0.9,1.4,429.1,0.95,0,2,0,1,0,0,Hurricane Harvey - Houston Texas,Copernicus ERA5 Reanalysis (Open-Meteo Archive API),22,11.46,-2.61
2017-09-02,24.5551,-81.78,30.2,57.61,1005.79,21.3,450.0,8.0,1.96,3.92,6.86,11.76,19.6,24.5,27.1,0.336,0,0,0,1,0,0,Hurricane Irma - Florida Keys,Copernicus ERA5 Reanalysis (Open-Meteo Archive API),25,4.69,-1.07
2017-09-03,29.7604,-95.3698,30.5,83.36,995.01,52.1,450.0,8.0,0.0,0.0,0.0,0.0,0.0,1.3,286.1,0.95,0,2,0,1,0,0,Hurricane Harvey - Houston Texas,Copernicus ERA5 Reanalysis (Open-Meteo Archive API),22,11.46,-2.61
2017-09-03,24.5551,-81.78,30.2,57.72,1003.17,28.8,450.0,8.0,0.36,0.72,1.26,2.16,3.6,25.8,28.2,0.341,0,0,0,1,0,0,Hurricane Irma - Florida Keys,Copernicus ERA5 Reanalysis (Open-Meteo Archive API),25,6.34,-1.44
2017-09-04,29.7604,-95.3698,30.5,77.13,995.01,52.1,450.0,8.0,0.07,0.14,0.24,0.42,0.7,1.6,223.8,0.95,0,2,0,1,0,0,Hurricane Harvey - Houston Texas,Copernicus ERA5 Reanalysis (Open-Meteo Archive API),22,11.46,-2.61
2017-09-04,24.5551,-81.78,30.2,57.78,1003.17,28.8,450.0,8.0,0.07,0.14,0.24,0.42,0.7,23.9,28.8,0.344,0,0,0,1,0,0,Hurricane Irma - Florida Keys,Copernicus ERA5 Reanalysis (Open-Meteo Archive API),25,6.34,-1.44
2017-09-05,29.7604,-95.3698,30.7,56.66,995.01,52.1,450.0,8.0,0.02,0.04,0.07,0.12,0.2,0.9,20.1,0.3,0,0,0,1,0,0,Hurricane Harvey - Houston Texas,Copernicus ERA5 Reanalysis (Open-Meteo Archive API),22,11.46,-2.61
2017-09-05,24.5551,-81.78,30.2,58.25,1003.17,28.8,450.0,8.0,0.47,0.94,1.65,2.82,4.7,9.0,33.5,0.368,0,0,0,1,0,0,Hurricane Irma - Florida Keys,Copernicus ERA5 Reanalysis (Open-Meteo Archive API),25,6.34,-1.44
2017-09-06,24.5551,-81.78,30.2,58.69,1003.17,28.8,450.0,8.0,0.44,0.88,1.54,2.64,4.4,9.8,37.9,0.39,0,0,0,1,0,0,Hurricane Irma - Florida Keys,Copernicus ERA5 Reanalysis (Open-Meteo Archive API),25,6.34,-1.44
2017-09-06,29.7604,-95.3698,30.7,55.04,1000.68,35.9,450.0,8.0,0.16,0.32,0.56,0.96,1.6,2.5,3.9,0.22,0,0,0,1,0,1,Hurricane Harvey - Houston Texas,Copernicus ERA5 Reanalysis (Open-Meteo Archive API),22,7.9,-1.8
2017-09-07,29.7604,-95.3698,30.7,55.03,1005.59,21.9,450.0,8.0,0.0,0.0,0.0,0.0,0.0,1.8,3.8,0.219,0,0,0,1,0,1,Hurricane Harvey - Houston Texas,Copernicus ERA5 Reanalysis (Open-Meteo Archive API),22,4.82,-1.09
2017-09-07,24.5551,-81.78,30.2,58.76,1003.17,28.8,450.0,8.0,0.3,0.6,1.05,1.8,3.0,12.1,38.6,0.393,0,0,0,3,0,0,Hurricane Irma - Florida Keys,Copernicus ERA5 Reanalysis (Open-Meteo Archive API),25,6.34,-1.44
2017-09-08,18.2208,-66.5901,28.7,64.35,1001.11,34.7,450.0,8.0,0.49,0.98,1.72,2.94,4.9,69.6,87.0,0.635,0,1,1,1,0,0,Hurricane Maria - Puerto Rico,Copernicus ERA5 Reanalysis (Open-Meteo Archive API),27,7.63,-1.73
2017-09-08,24.5551,-81.78,30.0,58.74,1001.84,32.6,450.0,8.0,0.14,0.28,0.49,0.84,1.4,8.8,37.4,0.387,0,0,0,3,0,0,Hurricane Irma - Florida Keys,Copernicus ERA5 Reanalysis (Open-Meteo Archive API),25,7.17,-1.63
2017-09-09,18.2208,-66.5901,28.7,65.04,1001.11,34.7,450.0,8.0,0.91,1.82,3.18,5.46,9.1,35.6,93.9,0.669,0,1,0,1,0,0,Hurricane Maria - Puerto Rico,Copernicus ERA5 Reanalysis (Open-Meteo Archive API),27,7.63,-1.73
2017-09-09,24.5551,-81.78,30.0,58.25,984.65,81.7,450.0,8.0,1.47,2.94,5.14,8.82,14.7,19.1,32.5,0.363,0,0,0,3,0,0,Hurricane Irma - Florida Keys,Copernicus ERA5 Reanalysis (Open-Meteo Archive API),25,17.97,-4.09
2017-09-10,18.2208,-66.5901,28.7,64.46,1001.11,34.7,450.0,8.0,0.02,0.04,0.07,0.12,0.2,14.2,88.1,0.641,0,1,0,1,0,0,Hurricane Maria - Puerto Rico,Copernicus ERA5 Reanalysis (Open-Meteo Archive API),27,7.63,-1.73
2017-09-10,24.5551,-81.78,30.3,75.37,970.55,122.0,450.0,8.0,17.63,35.26,61.7,105.78,176.3,192.4,205.2,0.95,0,2,1,3,0,0,Hurricane Irma - Florida Keys,Copernicus ERA5 Reanalysis (Open-Meteo Archive API),25,26.84,-6.1
2017-09-11,18.2208,-66.5901,28.2,64.72,1001.11,34.7,450.0,8.0,0.78,1.56,2.73,4.68,7.8,17.1,88.2,0.641,0,1,0,1,0,0,Hurricane Maria - Puerto Rico,Copernicus ERA5 Reanalysis (Open-Meteo Archive API),27,7.63,-1.73
2017-09-11,24.5551,-81.78,30.3,75.83,970.55,122.0,450.0,8.0,0.53,1.06,1.85,3.18,5.3,196.3,209.8,0.95,0,2,1,3,0,0,Hurricane Irma - Florida Keys,Copernicus ERA5 Reanalysis (Open-Meteo Archive API),25,26.84,-6.1
2017-09-12,18.2208,-66.5901,29.3,64.02,1001.11,34.7,450.0,8.0,0.0,0.0,0.0,0.0,0.0,8.0,86.7,0.633,0,1,0,1,0,0,Hurricane Maria - Puerto Rico,Copernicus ERA5 Reanalysis (Open-Meteo Archive API),27,7.63,-1.73
2017-09-12,24.5551,-81.78,30.3,75.42,970.55,122.0,450.0,8.0,0.06,0.12,0.21,0.36,0.6,182.2,205.7,0.95,0,2,1,3,0,0,Hurricane Irma - Florida Keys,Copernicus ERA5 Reanalysis (Open-Meteo Archive API),25,26.84,-6.1
2017-09-13,24.5551,-81.78,30.3,75.54,970.55,122.0,450.0,8.0,0.56,1.12,1.96,3.36,5.6,11.5,206.9,0.95,0,2,0,3,0,0,Hurricane Irma - Florida Keys,Copernicus ERA5 Reanalysis (Open-Meteo Archive API),25,26.84,-6.1
2017-09-13,18.2208,-66.5901,29.3,59.82,1001.11,34.7,450.0,8.0,0.11,0.22,0.39,0.66,1.1,8.9,44.7,0.423,0,1,0,1,0,0,Hurricane Maria - Puerto Rico,Copernicus ERA5 Reanalysis (Open-Meteo Archive API),27,7.63,-1.73
2017-09-14,24.5551,-81.78,30.3,75.43,970.55,122.0,450.0,8.0,0.19,0.38,0.66,1.14,1.9,8.1,205.8,0.95,0,2,0,1,0,0,Hurricane Irma - Florida Keys,Copernicus ERA5 Reanalysis (Open-Meteo Archive API),25,26.84,-6.1
2017-09-14,18.2208,-66.5901,29.3,58.38,1002.64,30.3,450.0,8.0,0.72,1.44,2.52,4.32,7.2,8.3,30.3,0.352,0,0,0,1,0,0,Hurricane Maria - Puerto Rico,Copernicus ERA5 Reanalysis (Open-Meteo Archive API),27,6.67,-1.52
2017-09-15,24.5551,-81.78,30.3,75.92,970.55,122.0,450.0,8.0,0.63,1.26,2.2,3.78,6.3,13.8,210.7,0.95,0,2,0,1,0,0,Hurricane Irma - Florida Keys,Copernicus ERA5 Reanalysis (Open-Meteo Archive API),25,26.84,-6.1
2017-09-15,18.2208,-66.5901,29.3,58.12,1005.76,21.4,450.0,8.0,0.23,0.46,0.8,1.38,2.3,10.6,27.7,0.339,0,0,0,1,0,0,Hurricane Maria - Puerto Rico,Copernicus ERA5 Reanalysis (Open-Meteo Archive API),27,4.71,-1.07
2017-09-16,24.5551,-81.78,30.3,74.6,970.55,122.0,450.0,8.0,0.15,0.3,0.52,0.9,1.5,9.7,197.5,0.95,0,2,0,1,0,0,Hurricane Irma - Florida Keys,Copernicus ERA5 Reanalysis (Open-Meteo Archive API),25,26.84,-6.1
2017-09-16,18.2208,-66.5901,29.3,57.3,1005.76,21.4,450.0,8.0,0.09,0.18,0.32,0.54,0.9,10.4,19.5,0.297,0,0,0,1,0,0,Hurricane Maria - Puerto Rico,Copernicus ERA5 Reanalysis (Open-Meteo Archive API),27,4.71,-1.07
2017-09-17,18.2208,-66.5901,29.3,57.4,1005.76,21.4,450.0,8.0,0.12,0.24,0.42,0.72,1.2,4.4,20.5,0.302,0,0,0,3,0,0,Hurricane Maria - Puerto Rico,Copernicus ERA5 Reanalysis (Open-Meteo Archive API),27,4.71,-1.07
2017-09-17,24.5551,-81.78,30.3,56.97,970.55,122.0,450.0,8.0,0.0,0.0,0.0,0.0,0.0,7.8,21.2,0.306,0,0,0,1,0,0,Hurricane Irma - Florida Keys,Copernicus ERA5 Reanalysis (Open-Meteo Archive API),25,26.84,-6.1
2017-09-18,24.5551,-81.78,29.2,57.0,990.71,64.4,450.0,8.0,0.01,0.02,0.03,0.06,0.1,1.6,16.0,0.28,0,0,0,1,0,0,Hurricane Irma - Florida Keys,Copernicus ERA5 Reanalysis (Open-Meteo Archive API),25,14.17,-3.22
2017-09-18,18.2208,-66.5901,29.3,56.73,1005.76,21.4,450.0,8.0,0.11,0.22,0.39,0.66,1.1,3.2,13.8,0.269,0,0,0,3,0,0,Hurricane Maria - Puerto Rico,Copernicus ERA5 Reanalysis (Open-Meteo Archive API),27,4.71,-1.07
2017-09-19,18.2208,-66.5901,29.3,57.37,1005.76,21.4,450.0,8.0,0.64,1.28,2.24,3.84,6.4,8.7,20.2,0.301,0,0,0,3,0,0,Hurricane Maria - Puerto Rico,Copernicus ERA5 Reanalysis (Open-Meteo Archive API),27,4.71,-1.07
2017-09-19,24.5551,-81.78,29.2,56.95,1005.3,22.7,450.0,8.0,0.01,0.02,0.03,0.06,0.1,0.2,15.5,0.278,0,0,0,1,0,0,Hurricane Irma - Florida Keys,Copernicus ERA5 Reanalysis (Open-Meteo Archive API),25,4.99,-1.14
2017-09-20,24.5551,-81.78,29.2,56.4,1005.3,22.7,450.0,8.0,0.01,0.02,0.03,0.06,0.1,0.3,10.0,0.25,0,0,0,1,0,1,Hurricane Irma - Florida Keys,Copernicus ERA5 Reanalysis (Open-Meteo Archive API),25,4.99,-1.14
2017-09-20,18.2208,-66.5901,29.3,79.82,984.41,82.4,450.0,8.0,22.56,45.12,78.96,135.36,225.6,233.1,244.7,0.95,0,2,1,3,0,0,Hurricane Maria - Puerto Rico,Copernicus ERA5 Reanalysis (Open-Meteo Archive API),27,18.13,-4.12
2017-09-21,18.2208,-66.5901,29.3,83.55,984.41,82.4,450.0,8.0,4.45,8.9,15.57,26.7,44.5,276.5,282.0,0.95,0,2,1,3,0,0,Hurricane Maria - Puerto Rico,Copernicus ERA5 Reanalysis (Open-Meteo Archive API),27,18.13,-4.12
2017-09-21,24.5551,-81.78,29.2,56.25,1005.3,22.7,450.0,8.0,0.04,0.08,0.14,0.24,0.4,0.6,8.5,0.243,0,0,0,1,0,1,Hurricane Irma - Florida Keys,Copernicus ERA5 Reanalysis (Open-Meteo Archive API),25,4.99,-1.14
2017-09-22,18.2208,-66.5901,29.3,84.2,984.41,82.4,450.0,8.0,0.88,1.76,3.08,5.28,8.8,278.9,288.5,0.95,0,2,1,3,0,0,Hurricane Maria - Puerto Rico,Copernicus ERA5 Reanalysis (Open-Meteo Archive API),27,18.13,-4.12
2017-09-22,24.5551,-81.78,29.2,55.72,1005.3,22.7,450.0,8.0,0.1,0.2,0.35,0.6,1.0,1.5,3.2,0.216,0,0,0,1,0,1,Hurricane Irma - Florida Keys,Copernicus ERA5 Reanalysis (Open-Meteo Archive API),25,4.99,-1.14
2017-09-23,18.2208,-66.5901,29.3,84.13,984.41,82.4,450.0,8.0,0.02,0.04,0.07,0.12,0.2,53.5,287.8,0.95,0,2,1,3,0,0,Hurricane Maria - Puerto Rico,Copernicus ERA5 Reanalysis (Open-Meteo Archive API),27,18.13,-4.12
2017-09-24,18.2208,-66.5901,29.3,84.14,984.41,82.4,450.0,8.0,0.13,0.26,0.45,0.78,1.3,10.3,287.9,0.95,0,2,0,1,0,0,Hurricane Maria - Puerto Rico,Copernicus ERA5 Reanalysis (Open-Meteo Archive API),27,18.13,-4.12
2017-09-25,18.2208,-66.5901,29.3,84.13,984.41,82.4,450.0,8.0,0.1,0.2,0.35,0.6,1.0,2.5,287.8,0.95,0,2,0,1,0,0,Hurricane Maria - Puerto Rico,Copernicus ERA5 Reanalysis (Open-Meteo Archive API),27,18.13,-4.12
2017-09-26,18.2208,-66.5901,28.1,84.25,984.41,82.4,450.0,8.0,0.16,0.32,0.56,0.96,1.6,3.9,283.0,0.95,0,2,0,1,0,0,Hurricane Maria - Puerto Rico,Copernicus ERA5 Reanalysis (Open-Meteo Archive API),27,18.13,-4.12
2017-09-27,18.2208,-66.5901,28.5,61.91,984.41,82.4,450.0,8.0,0.42,0.84,1.47,2.52,4.2,6.8,61.6,0.508,0,1,0,1,0,0,Hurricane Maria - Puerto Rico,Copernicus ERA5 Reanalysis (Open-Meteo Archive API),27,18.13,-4.12
2017-09-28,18.2208,-66.5901,28.5,57.55,999.08,40.5,450.0,8.0,0.09,0.18,0.32,0.54,0.9,6.7,18.0,0.29,0,0,0,1,0,0,Hurricane Maria - Puerto Rico,Copernicus ERA5 Reanalysis (Open-Meteo Archive API),27,8.91,-2.02
2017-09-29,18.2208,-66.5901,28.5,56.77,1005.3,22.7,450.0,8.0,0.1,0.2,0.35,0.6,1.0,6.1,10.2,0.251,0,0,0,1,0,0,Hurricane Maria - Puerto Rico,Copernicus ERA5 Reanalysis (Open-Meteo Archive API),27,4.99,-1.14
2017-09-30,18.2208,-66.5901,28.5,56.86,1006.25,20.0,450.0,8.0,0.11,0.22,0.39,0.66,1.1,3.0,11.1,0.256,0,0,0,1,0,0,Hurricane Maria - Puerto Rico,Copernicus ERA5 Reanalysis (Open-Meteo Archive API),27,4.4,-1.0
2017-10-01,18.2208,-66.5901,28.5,57.22,1006.99,17.9,450.0,8.0,0.49,0.98,1.72,2.94,4.9,7.0,14.7,0.274,0,0,0,1,0,0,Hurricane Maria - Puerto Rico,Copernicus ERA5 Reanalysis (Open-Meteo Archive API),27,3.94,-0.89
2017-10-02,18.2208,-66.5901,28.5,57.56,1007.83,15.5,450.0,8.0,0.44,0.88,1.54,2.64,4.4,10.4,18.1,0.291,0,0,0,1,0,0,Hurricane Maria - Puerto Rico,Copernicus ERA5 Reanalysis (Open-Meteo Archive API),27,3.41,-0.77
2018-08-04,9.9312,76.2673,28.1,61.91,1005.02,23.5,450.0,8.0,0.4,0.8,1.4,2.4,4.0,15.4,59.6,0.498,0,1,0,0,0,0,Kerala Great Flood 2018,Copernicus ERA5 Reanalysis (Open-Meteo Archive API),31,5.17,-1.18
2018-08-05,9.9312,76.2673,28.3,61.58,1005.13,23.2,450.0,8.0,0.49,0.98,1.72,2.94,4.9,12.9,57.3,0.486,0,1,0,0,0,0,Kerala Great Flood 2018,Copernicus ERA5 Reanalysis (Open-Meteo Archive API),31,5.1,-1.16
2018-08-06,9.9312,76.2673,28.3,60.1,1005.13,23.2,450.0,8.0,0.53,1.06,1.85,3.18,5.3,14.2,42.5,0.412,0,1,0,0,0,0,Kerala Great Flood 2018,Copernicus ERA5 Reanalysis (Open-Meteo Archive API),31,5.1,-1.16
2018-08-07,9.9312,76.2673,28.3,61.12,1005.13,23.2,450.0,8.0,2.09,4.18,7.31,12.54,20.9,31.1,52.7,0.464,0,1,0,0,0,0,Kerala Great Flood 2018,Copernicus ERA5 Reanalysis (Open-Meteo Archive API),31,5.1,-1.16
2018-08-08,9.9312,76.2673,28.3,64.17,1005.13,23.2,450.0,8.0,3.67,7.34,12.85,22.02,36.7,62.9,83.2,0.616,0,1,1,0,0,0,Kerala Great Flood 2018,Copernicus ERA5 Reanalysis (Open-Meteo Archive API),31,5.1,-1.16
2018-08-09,9.9312,76.2673,28.3,64.76,1005.13,23.2,450.0,8.0,1.33,2.66,4.66,7.98,13.3,70.9,89.1,0.645,0,1,1,0,0,0,Kerala Great Flood 2018,Copernicus ERA5 Reanalysis (Open-Meteo Archive API),31,5.1,-1.16
2018-08-10,9.9312,76.2673,28.3,65.49,1005.13,23.2,450.0,8.0,1.13,2.26,3.96,6.78,11.3,61.3,96.4,0.682,0,1,1,0,0,0,Kerala Great Flood 2018,Copernicus ERA5 Reanalysis (Open-Meteo Archive API),31,5.1,-1.16
2018-08-11,9.9312,76.2673,28.3,66.09,1005.13,23.2,450.0,8.0,1.0,2.0,3.5,6.0,10.0,34.6,102.4,0.712,0,1,0,0,0,0,Kerala Great Flood 2018,Copernicus ERA5 Reanalysis (Open-Meteo Archive API),31,5.1,-1.16
2018-08-12,9.9312,76.2673,28.3,68.31,1005.13,23.2,450.0,8.0,2.71,5.42,9.48,16.26,27.1,48.4,124.6,0.823,0,1,0,0,0,0,Kerala Great Flood 2018,Copernicus ERA5 Reanalysis (Open-Meteo Archive API),31,5.1,-1.16
2018-08-13,9.9312,76.2673,27.8,70.43,1005.27,22.8,450.0,8.0,2.4,4.8,8.4,14.4,24.0,61.1,143.3,0.917,0,3,1,0,0,0,Kerala Great Flood 2018,Copernicus ERA5 Reanalysis (Open-Meteo Archive API),31,5.02,-1.14
2018-08-14,9.9312,76.2673,27.5,74.2,1003.62,27.5,450.0,8.0,5.71,11.42,19.98,34.26,57.1,108.2,179.5,0.95,0,3,1,0,0,0,Kerala Great Flood 2018,Copernicus ERA5 Reanalysis (Open-Meteo Archive API),31,6.05,-1.38
2018-08-15,9.9312,76.2673,27.5,80.78,1002.05,32.0,450.0,8.0,10.25,20.5,35.88,61.5,102.5,183.6,245.3,0.95,0,3,1,0,0,0,Kerala Great Flood 2018,Copernicus ERA5 Reanalysis (Open-Meteo Archive API),31,7.04,-1.6
2018-08-16,9.9312,76.2673,27.5,84.34,1002.05,32.0,450.0,8.0,4.89,9.78,17.11,29.34,48.9,208.5,280.9,0.95,0,3,1,0,0,0,Kerala Great Flood 2018,Copernicus ERA5 Reanalysis (Open-Meteo Archive API),31,7.04,-1.6
2018-08-17,9.9312,76.2673,27.5,85.34,1002.05,32.0,450.0,8.0,2.13,4.26,7.46,12.78,21.3,172.7,290.9,0.95,0,3,1,0,0,0,Kerala Great Flood 2018,Copernicus ERA5 Reanalysis (Open-Meteo Archive API),31,7.04,-1.6
2018-08-18,9.9312,76.2673,27.5,86.29,1002.05,32.0,450.0,8.0,1.95,3.9,6.82,11.7,19.5,89.7,300.4,0.95,0,3,1,0,0,0,Kerala Great Flood 2018,Copernicus ERA5 Reanalysis (Open-Meteo Archive API),31,7.04,-1.6
2018-08-19,9.9312,76.2673,27.5,85.07,1002.05,32.0,450.0,8.0,1.49,2.98,5.21,8.94,14.9,55.7,288.2,0.95,0,3,1,0,0,0,Kerala Great Flood 2018,Copernicus ERA5 Reanalysis (Open-Meteo Archive API),31,7.04,-1.6
2018-08-20,9.9312,76.2673,27.5,83.12,1002.05,32.0,450.0,8.0,0.45,0.9,1.57,2.7,4.5,38.9,268.7,0.95,0,1,0,0,0,0,Kerala Great Flood 2018,Copernicus ERA5 Reanalysis (Open-Meteo Archive API),31,7.04,-1.6
2018-08-21,9.9312,76.2673,26.9,78.1,1002.05,32.0,450.0,8.0,0.39,0.78,1.36,2.34,3.9,23.3,215.5,0.95,0,1,0,0,0,0,Kerala Great Flood 2018,Copernicus ERA5 Reanalysis (Open-Meteo Archive API),31,7.04,-1.6
2018-08-22,9.9312,76.2673,27.9,67.51,1002.05,32.0,450.0,8.0,0.16,0.32,0.56,0.96,1.6,10.0,114.6,0.773,0,1,0,0,0,0,Kerala Great Flood 2018,Copernicus ERA5 Reanalysis (Open-Meteo Archive API),31,7.04,-1.6
2018-08-23,9.9312,76.2673,27.9,62.75,1003.94,26.6,450.0,8.0,0.13,0.26,0.45,0.78,1.3,6.8,67.0,0.535,0,1,0,0,0,0,Kerala Great Flood 2018,Copernicus ERA5 Reanalysis (Open-Meteo Archive API),31,5.85,-1.33
2018-08-24,9.9312,76.2673,27.9,60.68,1004.33,25.5,450.0,8.0,0.06,0.12,0.21,0.36,0.6,3.5,46.3,0.431,0,1,0,0,0,0,Kerala Great Flood 2018,Copernicus ERA5 Reanalysis (Open-Meteo Archive API),31,5.61,-1.27
2018-08-25,9.9312,76.2673,27.9,58.87,1004.78,24.2,450.0,8.0,0.14,0.28,0.49,0.84,1.4,3.3,28.2,0.341,0,1,0,0,0,0,Kerala Great Flood 2018,Copernicus ERA5 Reanalysis (Open-Meteo Archive API),31,5.32,-1.21
2018-08-26,9.9312,76.2673,27.9,57.86,1005.1,23.3,450.0,8.0,0.48,0.96,1.68,2.88,4.8,6.8,18.1,0.291,0,1,0,0,0,0,Kerala Great Flood 2018,Copernicus ERA5 Reanalysis (Open-Meteo Archive API),31,5.13,-1.16
2018-08-27,9.9312,76.2673,27.9,57.92,1005.13,23.2,450.0,8.0,0.51,1.02,1.78,3.06,5.1,11.3,18.7,0.293,0,1,0,0,0,0,Kerala Great Flood 2018,Copernicus ERA5 Reanalysis (Open-Meteo Archive API),31,5.1,-1.16
2018-08-28,9.9312,76.2673,27.9,58.09,1006.04,20.6,450.0,8.0,0.56,1.12,1.96,3.36,5.6,15.5,20.4,0.302,0,1,0,0,0,0,Kerala Great Flood 2018,Copernicus ERA5 Reanalysis (Open-Meteo Archive API),31,4.53,-1.03
2018-11-04,10.7905,79.8428,30.9,63.9,1003.94,26.6,450.0,8.0,0.2,0.4,0.7,1.2,2.0,23.9,93.5,0.667,0,1,0,0,0,0,Cyclone Gaja - Tamil Nadu,Copernicus ERA5 Reanalysis (Open-Meteo Archive API),9,5.85,-1.33
2018-11-05,10.7905,79.8428,30.9,64.0,1004.47,25.1,450.0,8.0,0.1,0.2,0.35,0.6,1.0,10.8,94.5,0.672,0,1,0,0,0,0,Cyclone Gaja - Tamil Nadu,Copernicus ERA5 Reanalysis (Open-Meteo Archive API),9,5.52,-1.25
2018-11-06,10.7905,79.8428,29.9,63.26,1004.47,25.1,450.0,8.0,0.11,0.22,0.39,0.66,1.1,4.1,82.1,0.61,0,1,0,0,0,0,Cyclone Gaja - Tamil Nadu,Copernicus ERA5 Reanalysis (Open-Meteo Archive API),9,5.52,-1.25
2018-11-07,10.7905,79.8428,29.9,62.09,1005.76,21.4,450.0,8.0,0.66,1.32,2.31,3.96,6.6,8.7,70.4,0.552,0,1,0,0,0,0,Cyclone Gaja - Tamil Nadu,Copernicus ERA5 Reanalysis (Open-Meteo Archive API),9,4.71,-1.07
2018-11-08,10.7905,79.8428,29.9,61.38,1005.76,21.4,450.0,8.0,3.07,6.14,10.74,18.42,30.7,38.4,63.3,0.516,0,1,0,0,0,0,Cyclone Gaja - Tamil Nadu,Copernicus ERA5 Reanalysis (Open-Meteo Archive API),9,4.71,-1.07
2018-11-09,10.7905,79.8428,29.9,60.14,1004.5,25.0,450.0,8.0,0.17,0.34,0.59,1.02,1.7,39.0,50.9,0.455,0,1,0,0,0,0,Cyclone Gaja - Tamil Nadu,Copernicus ERA5 Reanalysis (Open-Meteo Archive API),9,5.5,-1.25
2018-11-10,10.7905,79.8428,29.9,59.37,1004.5,25.0,450.0,8.0,0.01,0.02,0.03,0.06,0.1,32.5,43.2,0.416,0,1,0,0,0,0,Cyclone Gaja - Tamil Nadu,Copernicus ERA5 Reanalysis (Open-Meteo Archive API),9,5.5,-1.25
2018-11-11,10.7905,79.8428,29.9,59.18,1004.5,25.0,450.0,8.0,0.01,0.02,0.03,0.06,0.1,1.9,41.3,0.407,0,1,0,0,0,0,Cyclone Gaja - Tamil Nadu,Copernicus ERA5 Reanalysis (Open-Meteo Archive API),9,5.5,-1.25
2018-11-12,10.7905,79.8428,29.9,59.08,1004.5,25.0,450.0,8.0,0.0,0.0,0.0,0.0,0.0,0.2,40.3,0.402,0,1,0,0,0,0,Cyclone Gaja - Tamil Nadu,Copernicus ERA5 Reanalysis (Open-Meteo Archive API),9,5.5,-1.25
2018-11-13,10.7905,79.8428,30.2,58.82,1004.5,25.0,450.0,8.0,0.0,0.0,0.0,0.0,0.0,0.1,39.2,0.396,0,0,0,2,0,0,Cyclone Gaja - Tamil Nadu,Copernicus ERA5 Reanalysis (Open-Meteo Archive API),9,5.5,-1.25
2018-11-14,10.7905,79.8428,31.0,57.76,1004.5,25.0,450.0,8.0,0.0,0.0,0.0,0.0,0.0,0.0,32.6,0.363,0,0,0,2,0,0,Cyclone Gaja - Tamil Nadu,Copernicus ERA5 Reanalysis (Open-Meteo Archive API),9,5.5,-1.25
2018-11-15,10.7905,79.8428,31.0,61.46,989.66,67.4,450.0,8.0,6.77,13.54,23.7,40.62,67.7,67.7,69.6,0.548,0,1,1,2,0,0,Cyclone Gaja - Tamil Nadu,Copernicus ERA5 Reanalysis (Open-Meteo Archive API),9,14.83,-3.37
2018-11-16,10.7905,79.8428,31.0,64.81,989.66,67.4,450.0,8.0,3.52,7.04,12.32,21.12,35.2,102.9,103.1,0.716,0,2,1,2,0,0,Cyclone Gaja - Tamil Nadu,Copernicus ERA5 Reanalysis (Open-Meteo Archive API),9,14.83,-3.37
2018-11-17,10.7905,79.8428,31.0,65.07,989.66,67.4,450.0,8.0,0.27,0.54,0.94,1.62,2.7,105.6,105.7,0.728,0,2,1,2,0,0,Cyclone Gaja - Tamil Nadu,Copernicus ERA5 Reanalysis (Open-Meteo Archive API),9,14.83,-3.37
2018-11-18,10.7905,79.8428,31.0,66.12,989.66,67.4,450.0,8.0,1.06,2.12,3.71,6.36,10.6,48.5,116.2,0.781,0,2,0,2,0,0,Cyclone Gaja - Tamil Nadu,Copernicus ERA5 Reanalysis (Open-Meteo Archive API),9,14.83,-3.37
2018-11-19,10.7905,79.8428,31.0,66.99,989.66,67.4,450.0,8.0,0.87,1.74,3.04,5.22,8.7,22.0,124.9,0.825,0,2,0,2,0,0,Cyclone Gaja - Tamil Nadu,Copernicus ERA5 Reanalysis (Open-Meteo Archive API),9,14.83,-3.37
2018-11-20,10.7905,79.8428,31.0,70.24,989.66,67.4,450.0,8.0,3.25,6.5,11.38,19.5,32.5,51.8,157.4,0.95,0,2,1,0,0,0,Cyclone Gaja - Tamil Nadu,Copernicus ERA5 Reanalysis (Open-Meteo Archive API),9,14.83,-3.37
2018-11-21,10.7905,79.8428,31.0,70.58,989.66,67.4,450.0,8.0,0.34,0.68,1.19,2.04,3.4,44.6,160.8,0.95,0,2,0,0,0,0,Cyclone Gaja - Tamil Nadu,Copernicus ERA5 Reanalysis (Open-Meteo Archive API),9,14.83,-3.37
2018-11-22,10.7905,79.8428,29.6,65.23,989.66,67.4,450.0,8.0,0.72,1.44,2.52,4.32,7.2,43.1,100.3,0.702,0,2,0,0,0,0,Cyclone Gaja - Tamil Nadu,Copernicus ERA5 Reanalysis (Open-Meteo Archive API),9,14.83,-3.37
2018-11-23,10.7905,79.8428,29.6,69.35,995.5,50.7,450.0,8.0,7.64,15.28,26.74,45.84,76.4,87.0,141.5,0.907,0,2,1,0,0,0,Cyclone Gaja - Tamil Nadu,Copernicus ERA5 Reanalysis (Open-Meteo Archive API),9,11.15,-2.54
2018-11-24,10.7905,79.8428,29.6,69.63,1004.39,25.3,450.0,8.0,0.55,1.1,1.92,3.3,5.5,89.1,144.3,0.921,0,2,1,0,0,0,Cyclone Gaja - Tamil Nadu,Copernicus ERA5 Reanalysis (Open-Meteo Archive API),9,5.57,-1.27
2018-11-25,10.7905,79.8428,29.6,68.6,1004.39,25.3,450.0,8.0,0.03,0.06,0.1,0.18,0.3,82.2,134.0,0.87,0,2,1,0,0,0,Cyclone Gaja - Tamil Nadu,Copernicus ERA5 Reanalysis (Open-Meteo Archive API),9,5.57,-1.27
2018-11-26,10.7905,79.8428,29.6,67.73,1004.39,25.3,450.0,8.0,0.0,0.0,0.0,0.0,0.0,5.8,125.3,0.827,0,2,0,0,0,0,Cyclone Gaja - Tamil Nadu,Copernicus ERA5 Reanalysis (Open-Meteo Archive API),9,5.57,-1.27
2018-11-27,10.7905,79.8428,29.6,64.48,1004.39,25.3,450.0,8.0,0.0,0.0,0.0,0.0,0.0,0.3,92.8,0.664,0,1,0,0,0,0,Cyclone Gaja - Tamil Nadu,Copernicus ERA5 Reanalysis (Open-Meteo Archive API),9,5.57,-1.27
2018-11-28,10.7905,79.8428,29.6,65.65,1004.39,25.3,450.0,8.0,1.51,3.02,5.28,9.06,15.1,15.1,104.5,0.722,0,2,0,0,0,0,Cyclone Gaja - Tamil Nadu,Copernicus ERA5 Reanalysis (Open-Meteo Archive API),9,5.57,-1.27
2019-04-21,19.8135,85.8312,34.6,52.79,1005.27,22.8,15.0,8.0,0.09,0.18,0.32,0.54,0.9,0.9,0.9,0.205,0,0,0,1,0,2,Cyclone Fani - Puri India,Copernicus ERA5 Reanalysis (Open-Meteo Archive API),8,5.02,-1.14
2019-04-22,19.8135,85.8312,34.6,52.79,1005.27,22.8,15.0,8.0,0.0,0.0,0.0,0.0,0.0,0.9,0.9,0.205,0,0,0,1,0,2,Cyclone Fani - Puri India,Copernicus ERA5 Reanalysis (Open-Meteo Archive API),8,5.02,-1.14
2019-04-23,19.8135,85.8312,34.6,52.79,1005.97,20.8,15.0,8.0,0.0,0.0,0.0,0.0,0.0,0.9,0.9,0.205,0,0,0,1,0,2,Cyclone Fani - Puri India,Copernicus ERA5 Reanalysis (Open-Meteo Archive API),8,4.58,-1.04
2019-04-24,19.8135,85.8312,34.6,52.79,1005.97,20.8,15.0,8.0,0.0,0.0,0.0,0.0,0.0,0.0,0.9,0.205,0,0,0,1,0,2,Cyclone Fani - Puri India,Copernicus ERA5 Reanalysis (Open-Meteo Archive API),8,4.58,-1.04
2019-04-25,19.8135,85.8312,32.1,54.04,1005.55,22.0,15.0,8.0,0.0,0.0,0.0,0.0,0.0,0.0,0.9,0.205,0,0,0,1,0,2,Cyclone Fani - Puri India,Copernicus ERA5 Reanalysis (Open-Meteo Archive API),8,4.84,-1.1
2019-04-26,19.8135,85.8312,32.1,54.04,1004.78,24.2,15.0,8.0,0.0,0.0,0.0,0.0,0.0,0.0,0.9,0.205,0,0,0,1,0,2,Cyclone Fani - Puri India,Copernicus ERA5 Reanalysis (Open-Meteo Archive API),8,5.32,-1.21
2019-04-27,19.8135,85.8312,32.4,53.89,1003.24,28.6,15.0,8.0,0.0,0.0,0.0,0.0,0.0,0.0,0.9,0.205,0,0,0,1,0,2,Cyclone Fani - Puri India,Copernicus ERA5 Reanalysis (Open-Meteo Archive API),8,6.29,-1.43
2019-04-28,19.8135,85.8312,32.4,53.8,1002.72,30.1,15.0,8.0,0.0,0.0,0.0,0.0,0.0,0.0,0.0,0.2,0,0,0,1,0,2,Cyclone Fani - Puri India,Copernicus ERA5 Reanalysis (Open-Meteo Archive API),8,6.62,-1.5
2019-04-29,19.8135,85.8312,32.4,53.8,1002.72,30.1,15.0,8.0,0.0,0.0,0.0,0.0,0.0,0.0,0.0,0.2,0,0,0,1,0,2,Cyclone Fani - Puri India,Copernicus ERA5 Reanalysis (Open-Meteo Archive API),8,6.62,-1.5
2019-04-30,19.8135,85.8312,32.4,53.8,1002.72,30.1,15.0,8.0,0.0,0.0,0.0,0.0,0.0,0.0,0.0,0.2,0,0,0,3,0,2,Cyclone Fani - Puri India,Copernicus ERA5 Reanalysis (Open-Meteo Archive API),8,6.62,-1.5
2019-05-01,19.8135,85.8312,32.4,53.85,1002.72,30.1,15.0,8.0,0.05,0.1,0.17,0.3,0.5,0.5,0.5,0.203,0,0,0,3,0,2,Cyclone Fani - Puri India,Copernicus ERA5 Reanalysis (Open-Meteo Archive API),8,6.62,-1.5
2019-05-02,19.8135,85.8312,32.4,63.93,996.62,47.5,15.0,8.0,10.08,20.16,35.28,60.48,100.8,101.3,101.3,0.706,0,2,1,3,0,0,Cyclone Fani - Puri India,Copernicus ERA5 Reanalysis (Open-Meteo Archive API),8,10.45,-2.38
2019-05-03,19.8135,85.8312,32.4,75.05,981.26,91.4,15.0,8.0,11.12,22.24,38.92,66.72,111.2,212.5,212.5,0.95,0,2,1,3,0,0,Cyclone Fani - Puri India,Copernicus ERA5 Reanalysis (Open-Meteo Archive API),8,20.11,-4.57
2019-05-04,19.8135,85.8312,32.4,75.05,981.26,91.4,15.0,8.0,0.0,0.0,0.0,0.0,0.0,212.0,212.5,0.95,0,2,1,3,0,0,Cyclone Fani - Puri India,Copernicus ERA5 Reanalysis (Open-Meteo Archive API),8,20.11,-4.57
2019-05-05,19.8135,85.8312,32.1,75.23,981.26,91.4,15.0,8.0,0.03,0.06,0.1,0.18,0.3,111.5,212.8,0.95,0,2,1,3,0,0,Cyclone Fani - Puri India,Copernicus ERA5 Reanalysis (Open-Meteo Archive API),8,20.11,-4.57
2019-05-06,19.8135,85.8312,31.8,75.38,981.26,91.4,15.0,8.0,0.0,0.0,0.0,0.0,0.0,0.3,212.8,0.95,0,2,0,3,0,0,Cyclone Fani - Puri India,Copernicus ERA5 Reanalysis (Open-Meteo Archive API),8,20.11,-4.57
2019-05-07,19.8135,85.8312,31.8,75.38,981.26,91.4,15.0,8.0,0.0,0.0,0.0,0.0,0.0,0.3,212.8,0.95,0,2,0,1,0,0,Cyclone Fani - Puri India,Copernicus ERA5 Reanalysis (Open-Meteo Archive API),8,20.11,-4.57
2019-05-08,19.8135,85.8312,31.8,75.33,981.26,91.4,15.0,8.0,0.0,0.0,0.0,0.0,0.0,0.0,212.3,0.95,0,2,0,1,0,0,Cyclone Fani - Puri India,Copernicus ERA5 Reanalysis (Open-Meteo Archive API),8,20.11,-4.57
2019-05-09,19.8135,85.8312,31.7,65.3,981.26,91.4,15.0,8.0,0.0,0.0,0.0,0.0,0.0,0.0,111.5,0.758,0,2,0,1,0,0,Cyclone Fani - Puri India,Copernicus ERA5 Reanalysis (Open-Meteo Archive API),8,20.11,-4.57
2019-05-10,19.8135,85.8312,31.2,54.43,981.26,91.4,15.0,8.0,0.0,0.0,0.0,0.0,0.0,0.0,0.3,0.202,0,0,0,1,0,1,Cyclone Fani - Puri India,Copernicus ERA5 Reanalysis (Open-Meteo Archive API),8,20.11,-4.57
2019-05-11,19.8135,85.8312,31.2,54.44,1003.35,28.3,15.0,8.0,0.01,0.02,0.03,0.06,0.1,0.1,0.4,0.202,0,0,0,1,0,1,Cyclone Fani - Puri India,Copernicus ERA5 Reanalysis (Open-Meteo Archive API),8,6.23,-1.41
2019-05-12,19.8135,85.8312,31.2,54.41,1003.35,28.3,15.0,8.0,0.0,0.0,0.0,0.0,0.0,0.1,0.1,0.201,0,0,0,1,0,1,Cyclone Fani - Puri India,Copernicus ERA5 Reanalysis (Open-Meteo Archive API),8,6.23,-1.41
2019-05-13,19.8135,85.8312,31.2,54.41,1003.35,28.3,15.0,8.0,0.0,0.0,0.0,0.0,0.0,0.1,0.1,0.201,0,0,0,1,0,1,Cyclone Fani - Puri India,Copernicus ERA5 Reanalysis (Open-Meteo Archive API),8,6.23,-1.41
2019-05-14,19.8135,85.8312,31.3,54.36,1003.35,28.3,15.0,8.0,0.0,0.0,0.0,0.0,0.0,0.0,0.1,0.201,0,0,0,1,0,1,Cyclone Fani - Puri India,Copernicus ERA5 Reanalysis (Open-Meteo Archive API),8,6.23,-1.41
2019-05-15,19.8135,85.8312,31.3,54.36,1003.35,28.3,15.0,8.0,0.0,0.0,0.0,0.0,0.0,0.0,0.1,0.201,0,0,0,1,0,1,Cyclone Fani - Puri India,Copernicus ERA5 Reanalysis (Open-Meteo Archive API),8,6.23,-1.41
2019-07-03,25.5941,85.1376,38.9,52.38,1003.8,27.0,450.0,8.0,0.2,0.4,0.7,1.2,2.0,16.4,18.3,0.291,8,1,0,0,1,0,Bihar Kosi River Flood 2019,Copernicus ERA5 Reanalysis (Open-Meteo Archive API),2,5.94,-1.35
2019-07-04,25.5941,85.1376,38.9,52.38,1003.8,27.0,450.0,8.0,0.19,0.38,0.66,1.14,1.9,6.1,18.3,0.291,8,1,0,0,1,0,Bihar Kosi River Flood 2019,Copernicus ERA5 Reanalysis (Open-Meteo Archive API),2,5.94,-1.35
2019-07-05,25.5941,85.1376,38.9,52.61,1003.8,27.0,450.0,8.0,0.23,0.46,0.8,1.38,2.3,6.2,20.6,0.303,7,1,0,0,1,0,Bihar Kosi River Flood 2019,Copernicus ERA5 Reanalysis (Open-Meteo Archive API),2,5.94,-1.35
2019-07-06,25.5941,85.1376,38.0,53.3,1003.8,27.0,450.0,8.0,0.24,0.48,0.84,1.44,2.4,6.6,23.0,0.315,7,1,0,0,1,0,Bihar Kosi River Flood 2019,Copernicus ERA5 Reanalysis (Open-Meteo Archive API),2,5.94,-1.35
2019-07-07,25.5941,85.1376,37.1,55.62,1003.8,27.0,450.0,8.0,1.87,3.74,6.54,11.22,18.7,23.4,41.7,0.408,6,1,0,0,1,0,Bihar Kosi River Flood 2019,Copernicus ERA5 Reanalysis (Open-Meteo Archive API),2,5.94,-1.35
2019-07-08,25.5941,85.1376,35.9,59.44,1003.8,27.0,450.0,8.0,4.44,8.88,15.54,26.64,44.4,65.5,73.9,0.57,5,1,1,0,1,0,Bihar Kosi River Flood 2019,Copernicus ERA5 Reanalysis (Open-Meteo Archive API),2,5.94,-1.35
2019-07-09,25.5941,85.1376,35.4,63.24,1003.8,27.0,450.0,8.0,3.77,7.54,13.2,22.62,37.7,100.8,109.4,0.747,4,1,1,0,1,0,Bihar Kosi River Flood 2019,Copernicus ERA5 Reanalysis (Open-Meteo Archive API),2,5.94,-1.35
2019-07-10,25.5941,85.1376,35.3,66.55,1002.86,29.7,450.0,8.0,3.46,6.92,12.11,20.76,34.6,116.7,142.0,0.91,3,1,1,0,1,0,Bihar Kosi River Flood 2019,Copernicus ERA5 Reanalysis (Open-Meteo Archive API),2,6.53,-1.48
2019-07-11,25.5941,85.1376,35.3,70.39,1002.15,31.7,450.0,8.0,4.03,8.06,14.1,24.18,40.3,112.6,180.4,0.95,2,1,1,0,1,0,Bihar Kosi River Flood 2019,Copernicus ERA5 Reanalysis (Open-Meteo Archive API),2,6.97,-1.59
2019-07-12,25.5941,85.1376,35.3,71.8,1002.15,31.7,450.0,8.0,1.64,3.28,5.74,9.84,16.4,91.3,194.5,0.95,1,3,1,0,1,0,Bihar Kosi River Flood 2019,Copernicus ERA5 Reanalysis (Open-Meteo Archive API),2,6.97,-1.59
2019-07-13,25.5941,85.1376,35.3,72.53,1002.15,31.7,450.0,8.0,0.97,1.94,3.39,5.82,9.7,66.4,201.8,0.95,1,3,1,0,1,0,Bihar Kosi River Flood 2019,Copernicus ERA5 Reanalysis (Open-Meteo Archive API),2,6.97,-1.59
2019-07-13,48.8566,2.3522,30.9,54.63,1004.96,23.7,450.0,8.0,0.0,0.0,0.0,0.0,0.0,0.8,0.8,0.204,0,0,0,0,1,1,Paris Record Heatwave 42.6°C,Copernicus ERA5 Reanalysis (Open-Meteo Archive API),38,5.21,-1.18
2019-07-14,25.5941,85.1376,33.5,72.25,1002.15,31.7,450.0,8.0,0.69,1.38,2.42,4.14,6.9,33.0,190.0,0.95,0,3,0,0,0,0,Bihar Kosi River Flood 2019,Copernicus ERA5 Reanalysis (Open-Meteo Archive API),2,6.97,-1.59
2019-07-14,48.8566,2.3522,27.9,56.13,1004.96,23.7,450.0,8.0,0.0,0.0,0.0,0.0,0.0,0.6,0.8,0.204,0,0,0,0,1,1,Paris Record Heatwave 42.6°C,Copernicus ERA5 Reanalysis (Open-Meteo Archive API),38,5.21,-1.18
2019-07-15,25.5941,85.1376,35.3,67.07,1002.15,31.7,450.0,8.0,0.16,0.32,0.56,0.96,1.6,18.2,147.2,0.936,1,3,0,0,1,0,Bihar Kosi River Flood 2019,Copernicus ERA5 Reanalysis (Open-Meteo Archive API),2,6.97,-1.59
2019-07-15,48.8566,2.3522,27.9,56.13,1004.96,23.7,450.0,8.0,0.0,0.0,0.0,0.0,0.0,0.0,0.8,0.204,0,0,0,0,1,1,Paris Record Heatwave 42.6°C,Copernicus ERA5 Reanalysis (Open-Meteo Archive API),38,5.21,-1.18
2019-07-16,48.8566,2.3522,27.9,56.13,1005.02,23.5,450.0,8.0,0.0,0.0,0.0,0.0,0.0,0.0,0.8,0.204,0,0,0,0,1,1,Paris Record Heatwave 42.6°C,Copernicus ERA5 Reanalysis (Open-Meteo Archive API),38,5.17,-1.18
2019-07-16,25.5941,85.1376,35.3,63.48,1002.15,31.7,450.0,8.0,0.18,0.36,0.63,1.08,1.8,10.3,111.3,0.757,1,3,0,0,1,0,Bihar Kosi River Flood 2019,Copernicus ERA5 Reanalysis (Open-Meteo Archive API),2,6.97,-1.59
2019-07-17,48.8566,2.3522,28.9,55.63,1005.02,23.5,450.0,8.0,0.0,0.0,0.0,0.0,0.0,0.0,0.8,0.204,0,0,0,0,1,1,Paris Record Heatwave 42.6°C,Copernicus ERA5 Reanalysis (Open-Meteo Archive API),38,5.17,-1.18
2019-07-17,25.5941,85.1376,35.3,60.27,1002.15,31.7,450.0,8.0,0.25,0.5,0.88,1.5,2.5,5.9,79.2,0.596,1,3,0,0,1,0,Bihar Kosi River Flood 2019,Copernicus ERA5 Reanalysis (Open-Meteo Archive API),2,6.97,-1.59
2019-07-18,25.5941,85.1376,35.3,57.63,1002.15,31.7,450.0,8.0,1.39,2.78,4.87,8.34,13.9,18.2,52.8,0.464,1,3,0,0,1,0,Bihar Kosi River Flood 2019,Copernicus ERA5 Reanalysis (Open-Meteo Archive API),2,6.97,-1.59
2019-07-18,48.8566,2.3522,28.9,55.75,1005.02,23.5,450.0,8.0,0.14,0.28,0.49,0.84,1.4,1.4,2.0,0.21,0,0,0,0,1,1,Paris Record Heatwave 42.6°C,Copernicus ERA5 Reanalysis (Open-Meteo Archive API),38,5.17,-1.18
2019-07-19,25.5941,85.1376,35.3,56.16,1005.51,22.1,450.0,8.0,0.17,0.34,0.59,1.02,1.7,18.1,38.1,0.391,1,1,0,0,1,0,Bihar Kosi River Flood 2019,Copernicus ERA5 Reanalysis (Open-Meteo Archive API),2,4.86,-1.11
2019-07-19,48.8566,2.3522,28.9,55.74,1005.02,23.5,450.0,8.0,0.05,0.1,0.17,0.3,0.5,1.9,1.9,0.21,0,0,0,0,1,1,Paris Record Heatwave 42.6°C,Copernicus ERA5 Reanalysis (Open-Meteo Archive API),38,5.17,-1.18
2019-07-20,48.8566,2.3522,28.9,56.02,1004.85,24.0,450.0,8.0,0.28,0.56,0.98,1.68,2.8,4.7,4.7,0.224,0,0,0,0,1,1,Paris Record Heatwave 42.6°C,Copernicus ERA5 Reanalysis (Open-Meteo Archive API),38,5.28,-1.2
2019-07-20,25.5941,85.1376,35.3,55.38,1005.51,22.1,450.0,8.0,0.19,0.38,0.66,1.14,1.9,17.5,30.3,0.352,1,1,0,0,1,0,Bihar Kosi River Flood 2019,Copernicus ERA5 Reanalysis (Open-Meteo Archive API),2,4.86,-1.11
2019-07-21,48.8566,2.3522,28.9,56.02,1004.85,24.0,450.0,8.0,0.0,0.0,0.0,0.0,0.0,3.3,4.7,0.224,0,0,0,0,1,1,Paris Record Heatwave 42.6°C,Copernicus ERA5 Reanalysis (Open-Meteo Archive API),38,5.28,-1.2
2019-07-21,25.5941,85.1376,35.3,55.02,1005.55,22.0,450.0,8.0,0.33,0.66,1.15,1.98,3.3,6.9,26.7,0.334,1,1,0,0,1,0,Bihar Kosi River Flood 2019,Copernicus ERA5 Reanalysis (Open-Meteo Archive API),2,4.84,-1.1
2019-07-22,48.8566,2.3522,31.0,54.97,1004.85,24.0,450.0,8.0,0.0,0.0,0.0,0.0,0.0,2.8,4.7,0.224,0,0,0,0,3,1,Paris Record Heatwave 42.6°C,Copernicus ERA5 Reanalysis (Open-Meteo Archive API),38,5.28,-1.2
2019-07-22,25.5941,85.1376,35.3,56.92,1006.36,19.7,450.0,8.0,2.06,4.12,7.21,12.36,20.6,25.8,45.7,0.428,1,1,0,0,1,0,Bihar Kosi River Flood 2019,Copernicus ERA5 Reanalysis (Open-Meteo Archive API),2,4.33,-0.98
2019-07-23,25.5941,85.1376,34.9,59.74,1007.65,16.0,450.0,8.0,2.8,5.6,9.8,16.8,28.0,51.9,71.9,0.56,0,1,1,0,0,0,Bihar Kosi River Flood 2019,Copernicus ERA5 Reanalysis (Open-Meteo Archive API),2,3.52,-0.8
2019-07-23,48.8566,2.3522,36.1,52.42,1004.85,24.0,450.0,8.0,0.0,0.0,0.0,0.0,0.0,0.0,4.7,0.224,1,0,0,0,3,1,Paris Record Heatwave 42.6°C,Copernicus ERA5 Reanalysis (Open-Meteo Archive API),38,5.28,-1.2
2019-07-24,25.5941,85.1376,34.9,64.35,1007.65,16.0,450.0,8.0,4.86,9.72,17.01,29.16,48.6,97.2,118.0,0.79,0,1,1,0,0,0,Bihar Kosi River Flood 2019,Copernicus ERA5 Reanalysis (Open-Meteo Archive API),2,3.52,-0.8
2019-07-24,48.8566,2.3522,36.9,52.02,1004.85,24.0,450.0,8.0,0.0,0.0,0.0,0.0,0.0,0.0,4.7,0.224,2,0,0,0,3,1,Paris Record Heatwave 42.6°C,Copernicus ERA5 Reanalysis (Open-Meteo Archive API),38,5.28,-1.2
2019-07-25,25.5941,85.1376,34.9,66.29,1007.65,16.0,450.0,8.0,3.33,6.66,11.65,19.98,33.3,109.9,137.4,0.887,0,1,1,0,0,0,Bihar Kosi River Flood 2019,Copernicus ERA5 Reanalysis (Open-Meteo Archive API),2,3.52,-0.8
2019-07-25,48.8566,2.3522,40.7,49.98,1004.85,24.0,450.0,8.0,0.0,0.0,0.0,0.0,0.0,0.0,3.3,0.217,3,0,0,0,3,1,Paris Record Heatwave 42.6°C,Copernicus ERA5 Reanalysis (Open-Meteo Archive API),38,5.28,-1.2
2019-07-26,25.5941,85.1376,34.9,67.42,1007.65,16.0,450.0,8.0,1.3,2.6,4.55,7.8,13.0,94.9,148.7,0.944,0,1,1,0,0,0,Bihar Kosi River Flood 2019,Copernicus ERA5 Reanalysis (Open-Meteo Archive API),2,3.52,-0.8
2019-07-26,48.8566,2.3522,40.7,51.12,1004.85,24.0,450.0,8.0,1.19,2.38,4.17,7.14,11.9,11.9,14.7,0.274,3,0,0,0,3,0,Paris Record Heatwave 42.6°C,Copernicus ERA5 Reanalysis (Open-Meteo Archive API),38,5.28,-1.2
2019-07-27,48.8566,2.3522,40.7,51.53,1004.85,24.0,450.0,8.0,0.69,1.38,2.42,4.14,6.9,18.8,18.8,0.294,3,0,0,0,3,0,Paris Record Heatwave 42.6°C,Copernicus ERA5 Reanalysis (Open-Meteo Archive API),38,5.28,-1.2
2019-07-27,25.5941,85.1376,34.9,68.1,1004.75,24.3,450.0,8.0,0.87,1.74,3.04,5.22,8.7,55.0,155.5,0.95,0,1,1,0,0,0,Bihar Kosi River Flood 2019,Copernicus ERA5 Reanalysis (Open-Meteo Archive API),2,5.35,-1.21
2019-07-28,48.8566,2.3522,40.7,51.59,1004.85,24.0,450.0,8.0,0.06,0.12,0.21,0.36,0.6,19.4,19.4,0.297,3,0,0,0,3,0,Paris Record Heatwave 42.6°C,Copernicus ERA5 Reanalysis (Open-Meteo Archive API),38,5.28,-1.2
2019-07-29,48.8566,2.3522,40.7,51.59,1004.85,24.0,450.0,8.0,0.0,0.0,0.0,0.0,0.0,7.5,19.4,0.297,3,0,0,0,1,0,Paris Record Heatwave 42.6°C,Copernicus ERA5 Reanalysis (Open-Meteo Archive API),38,5.28,-1.2
2019-07-30,48.8566,2.3522,40.7,51.6,1002.75,30.0,450.0,8.0,0.01,0.02,0.03,0.06,0.1,0.7,19.5,0.298,3,0,0,0,1,0,Paris Record Heatwave 42.6°C,Copernicus ERA5 Reanalysis (Open-Meteo Archive API),38,6.6,-1.5
2019-07-31,48.8566,2.3522,40.7,51.61,1002.75,30.0,450.0,8.0,0.01,0.02,0.03,0.06,0.1,0.2,19.6,0.298,2,0,0,0,1,0,Paris Record Heatwave 42.6°C,Copernicus ERA5 Reanalysis (Open-Meteo Archive API),38,6.6,-1.5
2019-08-01,48.8566,2.3522,40.7,51.61,1002.75,30.0,450.0,8.0,0.0,0.0,0.0,0.0,0.0,0.2,19.6,0.298,1,0,0,0,1,0,Paris Record Heatwave 42.6°C,Copernicus ERA5 Reanalysis (Open-Meteo Archive API),38,6.6,-1.5
2019-08-02,48.8566,2.3522,30.0,55.77,1002.75,30.0,450.0,8.0,0.0,0.0,0.0,0.0,0.0,0.1,7.7,0.239,0,0,0,0,1,1,Paris Record Heatwave 42.6°C,Copernicus ERA5 Reanalysis (Open-Meteo Archive API),38,6.6,-1.5
2019-08-03,48.8566,2.3522,26.2,56.98,1002.75,30.0,450.0,8.0,0.0,0.0,0.0,0.0,0.0,0.0,0.8,0.204,0,0,0,0,1,1,Paris Record Heatwave 42.6°C,Copernicus ERA5 Reanalysis (Open-Meteo Archive API),38,6.6,-1.5
2019-08-04,48.8566,2.3522,29.1,55.47,1002.75,30.0,450.0,8.0,0.0,0.0,0.0,0.0,0.0,0.0,0.2,0.201,0,0,0,0,1,1,Paris Record Heatwave 42.6°C,Copernicus ERA5 Reanalysis (Open-Meteo Archive API),38,6.6,-1.5
2019-08-05,48.8566,2.3522,29.1,55.57,1002.75,30.0,450.0,8.0,0.1,0.2,0.35,0.6,1.0,1.0,1.2,0.206,0,0,0,0,1,1,Paris Record Heatwave 42.6°C,Copernicus ERA5 Reanalysis (Open-Meteo Archive API),38,6.6,-1.5
2019-08-06,48.8566,2.3522,29.1,58.58,1002.75,30.0,450.0,8.0,3.02,6.04,10.57,18.12,30.2,31.2,31.3,0.357,0,0,0,0,1,0,Paris Record Heatwave 42.6°C,Copernicus ERA5 Reanalysis (Open-Meteo Archive API),38,6.6,-1.5
2019-09-30,35.6762,139.6503,29.5,56.01,994.11,54.7,450.0,8.0,0.0,0.0,0.0,0.0,0.0,0.0,7.6,0.238,0,0,0,1,0,1,Typhoon Hagibis - Tokyo Japan,Copernicus ERA5 Reanalysis (Open-Meteo Archive API),44,12.03,-2.73
2019-10-01,35.6762,139.6503,29.2,55.4,1005.06,23.4,450.0,8.0,0.0,0.0,0.0,0.0,0.0,0.0,0.0,0.2,0,0,0,1,0,1,Typhoon Hagibis - Tokyo Japan,Copernicus ERA5 Reanalysis (Open-Meteo Archive API),44,5.15,-1.17
2019-10-02,35.6762,139.6503,28.6,55.7,1005.06,23.4,450.0,8.0,0.0,0.0,0.0,0.0,0.0,0.0,0.0,0.2,0,0,0,1,0,1,Typhoon Hagibis - Tokyo Japan,Copernicus ERA5 Reanalysis (Open-Meteo Archive API),44,5.15,-1.17
2019-10-03,35.6762,139.6503,28.6,56.95,995.78,49.9,450.0,8.0,1.25,2.5,4.38,7.5,12.5,12.5,12.5,0.263,0,0,0,1,0,0,Typhoon Hagibis - Tokyo Japan,Copernicus ERA5 Reanalysis (Open-Meteo Archive API),44,10.98,-2.5
2019-10-04,35.6762,139.6503,28.6,56.95,995.78,49.9,450.0,8.0,0.0,0.0,0.0,0.0,0.0,12.5,12.5,0.263,0,0,0,1,0,0,Typhoon Hagibis - Tokyo Japan,Copernicus ERA5 Reanalysis (Open-Meteo Archive API),44,10.98,-2.5
2019-10-05,35.6762,139.6503,29.1,57.49,995.78,49.9,450.0,8.0,0.79,1.58,2.77,4.74,7.9,20.4,20.4,0.302,0,0,0,1,0,0,Typhoon Hagibis - Tokyo Japan,Copernicus ERA5 Reanalysis (Open-Meteo Archive API),44,10.98,-2.5
2019-10-06,35.6762,139.6503,29.1,57.8,995.78,49.9,450.0,8.0,0.31,0.62,1.08,1.86,3.1,11.0,23.5,0.318,0,0,0,1,0,0,Typhoon Hagibis - Tokyo Japan,Copernicus ERA5 Reanalysis (Open-Meteo Archive API),44,10.98,-2.5
2019-10-07,35.6762,139.6503,29.1,58.52,995.78,49.9,450.0,8.0,0.72,1.44,2.52,4.32,7.2,18.2,30.7,0.354,0,0,0,1,0,0,Typhoon Hagibis - Tokyo Japan,Copernicus ERA5 Reanalysis (Open-Meteo Archive API),44,10.98,-2.5
2019-10-08,35.6762,139.6503,29.1,58.55,995.78,49.9,450.0,8.0,0.03,0.06,0.1,0.18,0.3,10.6,31.0,0.355,0,0,0,1,0,0,Typhoon Hagibis - Tokyo Japan,Copernicus ERA5 Reanalysis (Open-Meteo Archive API),44,10.98,-2.5
2019-10-09,35.6762,139.6503,29.1,58.55,995.78,49.9,450.0,8.0,0.0,0.0,0.0,0.0,0.0,7.5,31.0,0.355,0,0,0,3,0,0,Typhoon Hagibis - Tokyo Japan,Copernicus ERA5 Reanalysis (Open-Meteo Archive API),44,10.98,-2.5
2019-10-10,35.6762,139.6503,29.1,59.16,995.78,49.9,450.0,8.0,1.86,3.72,6.51,11.16,18.6,18.9,37.1,0.386,0,0,0,3,0,0,Typhoon Hagibis - Tokyo Japan,Copernicus ERA5 Reanalysis (Open-Meteo Archive API),44,10.98,-2.5
2019-10-11,35.6762,139.6503,29.1,62.92,997.47,45.1,450.0,8.0,3.76,7.52,13.16,22.56,37.6,56.2,74.7,0.574,0,1,1,3,0,0,Typhoon Hagibis - Tokyo Japan,Copernicus ERA5 Reanalysis (Open-Meteo Archive API),44,9.92,-2.25
2019-10-12,35.6762,139.6503,29.1,75.09,981.4,91.0,450.0,8.0,12.96,25.92,45.36,77.76,129.6,185.8,196.4,0.95,0,2,1,3,0,0,Typhoon Hagibis - Tokyo Japan,Copernicus ERA5 Reanalysis (Open-Meteo Archive API),44,20.02,-4.55
2019-10-13,35.6762,139.6503,27.6,75.54,981.4,91.0,450.0,8.0,0.01,0.02,0.03,0.06,0.1,167.3,193.4,0.95,0,2,1,3,0,0,Typhoon Hagibis - Tokyo Japan,Copernicus ERA5 Reanalysis (Open-Meteo Archive API),44,20.02,-4.55
2019-10-14,35.6762,139.6503,27.6,75.85,981.4,91.0,450.0,8.0,1.03,2.06,3.6,6.18,10.3,140.0,196.5,0.95,0,2,1,3,0,0,Typhoon Hagibis - Tokyo Japan,Copernicus ERA5 Reanalysis (Open-Meteo Archive API),44,20.02,-4.55
2019-10-15,35.6762,139.6503,27.6,75.87,981.4,91.0,450.0,8.0,0.05,0.1,0.17,0.3,0.5,10.9,196.7,0.95,0,2,0,3,0,0,Typhoon Hagibis - Tokyo Japan,Copernicus ERA5 Reanalysis (Open-Meteo Archive API),44,20.02,-4.55
2019-10-16,35.6762,139.6503,27.6,75.9,981.4,91.0,450.0,8.0,0.03,0.06,0.1,0.18,0.3,11.1,197.0,0.95,0,2,0,1,0,0,Typhoon Hagibis - Tokyo Japan,Copernicus ERA5 Reanalysis (Open-Meteo Archive API),44,20.02,-4.55
2019-10-17,35.6762,139.6503,27.6,74.44,981.4,91.0,450.0,8.0,0.4,0.8,1.4,2.4,4.0,4.8,182.4,0.95,0,2,0,1,0,0,Typhoon Hagibis - Tokyo Japan,Copernicus ERA5 Reanalysis (Open-Meteo Archive API),44,20.02,-4.55
2019-10-18,35.6762,139.6503,27.6,76.95,981.4,91.0,450.0,8.0,6.27,12.54,21.95,37.62,62.7,67.0,207.5,0.95,0,2,1,1,0,0,Typhoon Hagibis - Tokyo Japan,Copernicus ERA5 Reanalysis (Open-Meteo Archive API),44,20.02,-4.55
2019-10-19,35.6762,139.6503,27.6,64.07,981.4,91.0,450.0,8.0,0.08,0.16,0.28,0.48,0.8,67.5,78.7,0.594,0,1,1,1,0,0,Typhoon Hagibis - Tokyo Japan,Copernicus ERA5 Reanalysis (Open-Meteo Archive API),44,20.02,-4.55
2019-10-20,35.6762,139.6503,27.6,64.06,997.36,45.4,450.0,8.0,0.0,0.0,0.0,0.0,0.0,63.5,78.6,0.593,0,1,1,1,0,0,Typhoon Hagibis - Tokyo Japan,Copernicus ERA5 Reanalysis (Open-Meteo Archive API),44,9.99,-2.27
2019-10-21,35.6762,139.6503,23.0,68.76,999.18,40.2,450.0,8.0,3.43,6.86,12.0,20.58,34.3,35.1,102.6,0.713,0,2,0,1,0,0,Typhoon Hagibis - Tokyo Japan,Copernicus ERA5 Reanalysis (Open-Meteo Archive API),44,8.84,-2.01
2019-10-22,35.6762,139.6503,23.0,69.05,999.18,40.2,450.0,8.0,0.34,0.68,1.19,2.04,3.4,37.7,105.5,0.728,0,2,0,1,0,0,Typhoon Hagibis - Tokyo Japan,Copernicus ERA5 Reanalysis (Open-Meteo Archive API),44,8.84,-2.01
2019-10-23,35.6762,139.6503,23.3,68.87,999.18,40.2,450.0,8.0,0.0,0.0,0.0,0.0,0.0,37.7,105.2,0.726,0,2,0,1,0,0,Typhoon Hagibis - Tokyo Japan,Copernicus ERA5 Reanalysis (Open-Meteo Archive API),44,8.84,-2.01
2019-10-24,35.6762,139.6503,23.3,70.38,999.18,40.2,450.0,8.0,1.91,3.82,6.69,11.46,19.1,22.5,120.3,0.802,0,2,0,1,0,0,Typhoon Hagibis - Tokyo Japan,Copernicus ERA5 Reanalysis (Open-Meteo Archive API),44,8.84,-2.01
2020-05-08,21.6417,87.71,30.5,57.8,1005.69,21.6,450.0,8.0,0.0,0.0,0.0,0.0,0.0,0.2,30.5,0.352,0,0,0,1,0,0,Super Cyclone Amphan - Bengal,Copernicus ERA5 Reanalysis (Open-Meteo Archive API),41,4.75,-1.08
2020-05-09,21.6417,87.71,31.0,56.12,1005.69,21.6,450.0,8.0,0.0,0.0,0.0,0.0,0.0,0.0,16.2,0.281,0,0,0,1,0,0,Super Cyclone Amphan - Bengal,Copernicus ERA5 Reanalysis (Open-Meteo Archive API),41,4.75,-1.08
2020-05-10,21.6417,87.71,31.0,55.52,1005.69,21.6,450.0,8.0,0.0,0.0,0.0,0.0,0.0,0.0,10.2,0.251,0,0,0,1,0,0,Super Cyclone Amphan - Bengal,Copernicus ERA5 Reanalysis (Open-Meteo Archive API),41,4.75,-1.08
2020-05-11,21.6417,87.71,31.4,54.91,1005.69,21.6,450.0,8.0,0.0,0.0,0.0,0.0,0.0,0.0,6.1,0.231,0,0,0,1,0,1,Super Cyclone Amphan - Bengal,Copernicus ERA5 Reanalysis (Open-Meteo Archive API),41,4.75,-1.08
2020-05-12,21.6417,87.71,31.4,54.32,1005.69,21.6,450.0,8.0,0.0,0.0,0.0,0.0,0.0,0.0,0.2,0.201,0,0,0,1,0,1,Super Cyclone Amphan - Bengal,Copernicus ERA5 Reanalysis (Open-Meteo Archive API),41,4.75,-1.08
2020-05-13,21.6417,87.71,31.4,54.3,1005.2,23.0,450.0,8.0,0.0,0.0,0.0,0.0,0.0,0.0,0.0,0.2,0,0,0,1,0,1,Super Cyclone Amphan - Bengal,Copernicus ERA5 Reanalysis (Open-Meteo Archive API),41,5.06,-1.15
2020-05-14,21.6417,87.71,31.4,54.3,1004.47,25.1,450.0,8.0,0.0,0.0,0.0,0.0,0.0,0.0,0.0,0.2,0,0,0,1,0,1,Super Cyclone Amphan - Bengal,Copernicus ERA5 Reanalysis (Open-Meteo Archive API),41,5.52,-1.25
2020-05-15,21.6417,87.71,31.4,54.3,1003.8,27.0,450.0,8.0,0.0,0.0,0.0,0.0,0.0,0.0,0.0,0.2,0,0,0,1,0,1,Super Cyclone Amphan - Bengal,Copernicus ERA5 Reanalysis (Open-Meteo Archive API),41,5.94,-1.35
2020-05-16,21.6417,87.71,31.6,54.2,1003.52,27.8,450.0,8.0,0.0,0.0,0.0,0.0,0.0,0.0,0.0,0.2,0,0,0,1,0,1,Super Cyclone Amphan - Bengal,Copernicus ERA5 Reanalysis (Open-Meteo Archive API),41,6.12,-1.39
2020-05-17,21.6417,87.71,31.6,54.2,1003.52,27.8,450.0,8.0,0.0,0.0,0.0,0.0,0.0,0.0,0.0,0.2,0,0,0,3,0,1,Super Cyclone Amphan - Bengal,Copernicus ERA5 Reanalysis (Open-Meteo Archive API),41,6.12,-1.39
2020-05-18,21.6417,87.71,31.6,54.2,1003.52,27.8,450.0,8.0,0.0,0.0,0.0,0.0,0.0,0.0,0.0,0.2,0,0,0,3,0,1,Super Cyclone Amphan - Bengal,Copernicus ERA5 Reanalysis (Open-Meteo Archive API),41,6.12,-1.39
2020-05-19,21.6417,87.71,31.6,55.86,999.77,38.5,450.0,8.0,1.66,3.32,5.81,9.96,16.6,16.6,16.6,0.283,0,0,0,3,0,0,Super Cyclone Amphan - Bengal,Copernicus ERA5 Reanalysis (Open-Meteo Archive API),41,8.47,-1.93
2020-05-20,21.6417,87.71,31.6,76.91,978.22,100.1,450.0,8.0,21.05,42.1,73.67,126.3,210.5,227.1,227.1,0.95,0,2,1,3,0,0,Super Cyclone Amphan - Bengal,Copernicus ERA5 Reanalysis (Open-Meteo Archive API),41,22.02,-5.0
2020-05-21,21.6417,87.71,31.6,76.92,978.22,100.1,450.0,8.0,0.01,0.02,0.03,0.06,0.1,227.2,227.2,0.95,0,2,1,3,0,0,Super Cyclone Amphan - Bengal,Copernicus ERA5 Reanalysis (Open-Meteo Archive API),41,22.02,-5.0
2020-05-22,21.6417,87.71,31.6,76.92,978.22,100.1,450.0,8.0,0.0,0.0,0.0,0.0,0.0,210.6,227.2,0.95,0,2,1,3,0,0,Super Cyclone Amphan - Bengal,Copernicus ERA5 Reanalysis (Open-Meteo Archive API),41,22.02,-5.0
2020-05-23,21.6417,87.71,31.6,76.93,978.22,100.1,450.0,8.0,0.01,0.02,0.03,0.06,0.1,0.2,227.3,0.95,0,2,0,3,0,0,Super Cyclone Amphan - Bengal,Copernicus ERA5 Reanalysis (Open-Meteo Archive API),41,22.02,-5.0
2020-05-24,21.6417,87.71,31.5,76.98,978.22,100.1,450.0,8.0,0.0,0.0,0.0,0.0,0.0,0.1,227.3,0.95,0,2,0,1,0,0,Super Cyclone Amphan - Bengal,Copernicus ERA5 Reanalysis (Open-Meteo Archive API),41,22.02,-5.0
2020-05-25,21.6417,87.71,31.5,76.98,978.22,100.1,450.0,8.0,0.0,0.0,0.0,0.0,0.0,0.1,227.3,0.95,0,2,0,1,0,0,Super Cyclone Amphan - Bengal,Copernicus ERA5 Reanalysis (Open-Meteo Archive API),41,22.02,-5.0
2020-05-26,21.6417,87.71,31.5,75.32,978.22,100.1,450.0,8.0,0.0,0.0,0.0,0.0,0.0,0.0,210.7,0.95,0,2,0,1,0,0,Super Cyclone Amphan - Bengal,Copernicus ERA5 Reanalysis (Open-Meteo Archive API),41,22.02,-5.0
2020-05-27,21.6417,87.71,31.3,54.39,978.22,100.1,450.0,8.0,0.02,0.04,0.07,0.12,0.2,0.2,0.4,0.202,0,0,0,1,0,1,Super Cyclone Amphan - Bengal,Copernicus ERA5 Reanalysis (Open-Meteo Archive API),41,22.02,-5.0
2020-05-28,21.6417,87.71,31.3,54.42,998.45,42.3,450.0,8.0,0.04,0.08,0.14,0.24,0.4,0.6,0.7,0.204,0,0,0,1,0,1,Super Cyclone Amphan - Bengal,Copernicus ERA5 Reanalysis (Open-Meteo Archive API),41,9.31,-2.11
2020-05-29,21.6417,87.71,31.1,54.74,998.45,42.3,450.0,8.0,0.22,0.44,0.77,1.32,2.2,2.8,2.9,0.215,0,0,0,1,0,1,Super Cyclone Amphan - Bengal,Copernicus ERA5 Reanalysis (Open-Meteo Archive API),41,9.31,-2.11
2020-05-30,21.6417,87.71,31.1,55.02,998.45,42.3,450.0,8.0,0.29,0.58,1.01,1.74,2.9,5.5,5.7,0.229,0,0,0,1,0,1,Super Cyclone Amphan - Bengal,Copernicus ERA5 Reanalysis (Open-Meteo Archive API),41,9.31,-2.11
2020-05-31,21.6417,87.71,30.9,55.2,998.45,42.3,450.0,8.0,0.08,0.16,0.28,0.48,0.8,5.9,6.5,0.233,0,0,0,1,0,1,Super Cyclone Amphan - Bengal,Copernicus ERA5 Reanalysis (Open-Meteo Archive API),41,9.31,-2.11
2020-06-01,21.6417,87.71,30.6,55.46,998.45,42.3,450.0,8.0,0.11,0.22,0.39,0.66,1.1,4.8,7.6,0.238,0,0,0,1,0,1,Super Cyclone Amphan - Bengal,Copernicus ERA5 Reanalysis (Open-Meteo Archive API),41,9.31,-2.11
2020-07-25,10.15,77.02,21.6,69.36,1007.02,17.8,450.0,38.0,0.46,0.92,1.61,2.76,4.6,25.2,101.6,0.708,0,2,1,0,0,0,Pettimudi Wayanad Landslide 2020,Copernicus ERA5 Reanalysis (Open-Meteo Archive API),39,3.92,-0.89
2020-07-26,10.15,77.02,21.6,67.98,1007.02,17.8,450.0,38.0,0.25,0.5,0.88,1.5,2.5,17.4,87.8,0.639,0,1,1,0,0,0,Pettimudi Wayanad Landslide 2020,Copernicus ERA5 Reanalysis (Open-Meteo Archive API),39,3.92,-0.89
2020-07-27,10.15,77.02,21.6,64.16,1007.02,17.8,450.0,38.0,0.21,0.42,0.73,1.26,2.1,9.2,49.6,0.448,0,1,1,0,0,0,Pettimudi Wayanad Landslide 2020,Copernicus ERA5 Reanalysis (Open-Meteo Archive API),39,3.92,-0.89
2020-07-28,10.15,77.02,21.6,63.75,1007.93,15.2,450.0,38.0,0.78,1.56,2.73,4.68,7.8,12.4,45.5,0.427,0,1,1,0,0,0,Pettimudi Wayanad Landslide 2020,Copernicus ERA5 Reanalysis (Open-Meteo Archive API),39,3.34,-0.76
2020-07-29,10.15,77.02,21.6,67.97,1006.88,18.2,450.0,38.0,5.01,10.02,17.54,30.06,50.1,60.0,87.7,0.639,0,1,1,0,0,0,Pettimudi Wayanad Landslide 2020,Copernicus ERA5 Reanalysis (Open-Meteo Archive API),39,4.0,-0.91
2020-07-30,10.15,77.02,19.7,69.82,1006.88,18.2,450.0,38.0,1.93,3.86,6.75,11.58,19.3,77.2,96.7,0.683,0,1,1,0,0,0,Pettimudi Wayanad Landslide 2020,Copernicus ERA5 Reanalysis (Open-Meteo Archive API),39,4.0,-0.91
2020-07-31,10.15,77.02,19.7,71.37,1006.88,18.2,450.0,38.0,2.58,5.16,9.03,15.48,25.8,95.2,112.2,0.761,0,2,1,0,0,0,Pettimudi Wayanad Landslide 2020,Copernicus ERA5 Reanalysis (Open-Meteo Archive API),39,4.0,-0.91
2020-08-01,10.15,77.02,19.7,76.23,1006.88,18.2,450.0,38.0,5.32,10.64,18.62,31.92,53.2,98.3,160.8,0.95,0,2,1,0,0,0,Pettimudi Wayanad Landslide 2020,Copernicus ERA5 Reanalysis (Open-Meteo Archive API),39,4.0,-0.91
2020-08-02,10.15,77.02,19.7,83.44,1004.82,24.1,450.0,38.0,7.46,14.92,26.11,44.76,74.6,153.6,232.9,0.95,0,2,1,0,0,0,Pettimudi Wayanad Landslide 2020,Copernicus ERA5 Reanalysis (Open-Meteo Archive API),39,5.3,-1.2
2020-08-03,10.15,77.02,19.7,91.87,1004.22,25.8,450.0,38.0,8.64,17.28,30.24,51.84,86.4,214.2,317.2,0.95,0,2,3,0,0,0,Pettimudi Wayanad Landslide 2020,Copernicus ERA5 Reanalysis (Open-Meteo Archive API),39,5.68,-1.29
2020-08-04,10.15,77.02,19.2,98.0,1002.29,31.3,450.0,38.0,7.65,15.3,26.77,45.9,76.5,237.5,385.9,0.95,0,2,3,0,0,0,Pettimudi Wayanad Landslide 2020,Copernicus ERA5 Reanalysis (Open-Meteo Archive API),39,6.89,-1.57
2020-08-05,10.15,77.02,18.8,98.0,1002.01,32.1,450.0,38.0,9.04,18.08,31.64,54.24,90.4,253.3,426.2,0.95,0,2,3,0,0,0,Pettimudi Wayanad Landslide 2020,Copernicus ERA5 Reanalysis (Open-Meteo Archive API),39,7.06,-1.61
2020-08-06,10.15,77.02,18.8,98.0,1001.66,33.1,450.0,38.0,9.59,19.18,33.56,57.54,95.9,262.8,502.8,0.95,0,2,3,0,0,0,Pettimudi Wayanad Landslide 2020,Copernicus ERA5 Reanalysis (Open-Meteo Archive API),39,7.28,-1.66
2020-08-07,10.15,77.02,18.8,98.0,1001.66,33.1,450.0,38.0,9.03,18.06,31.6,54.18,90.3,276.6,567.3,0.95,0,2,3,0,0,0,Pettimudi Wayanad Landslide 2020,Copernicus ERA5 Reanalysis (Open-Meteo Archive API),39,7.28,-1.66
2020-08-08,10.15,77.02,18.2,98.0,1001.66,33.1,450.0,38.0,6.3,12.6,22.05,37.8,63.0,249.2,577.1,0.95,0,2,3,0,0,0,Pettimudi Wayanad Landslide 2020,Copernicus ERA5 Reanalysis (Open-Meteo Archive API),39,7.28,-1.66
2020-08-09,10.15,77.02,17.4,98.0,1001.66,33.1,450.0,38.0,10.17,20.34,35.59,61.02,101.7,255.0,604.2,0.95,0,2,3,0,0,0,Pettimudi Wayanad Landslide 2020,Copernicus ERA5 Reanalysis (Open-Meteo Archive API),39,7.28,-1.66
2020-08-10,10.15,77.02,17.4,98.0,1001.66,33.1,450.0,38.0,4.48,8.96,15.68,26.88,44.8,209.5,562.6,0.95,0,2,1,0,0,0,Pettimudi Wayanad Landslide 2020,Copernicus ERA5 Reanalysis (Open-Meteo Archive API),39,7.28,-1.66
2020-08-11,10.15,77.02,17.8,98.0,1001.66,33.1,450.0,38.0,2.81,5.62,9.83,16.86,28.1,174.6,514.2,0.95,0,2,1,0,0,0,Pettimudi Wayanad Landslide 2020,Copernicus ERA5 Reanalysis (Open-Meteo Archive API),39,7.28,-1.66
2020-08-12,10.15,77.02,17.8,98.0,1001.66,33.1,450.0,38.0,0.51,1.02,1.78,3.06,5.1,78.0,428.9,0.95,0,2,1,0,0,0,Pettimudi Wayanad Landslide 2020,Copernicus ERA5 Reanalysis (Open-Meteo Archive API),39,7.28,-1.66
2020-08-13,10.15,77.02,18.5,94.54,1001.66,33.1,450.0,38.0,0.49,0.98,1.72,2.94,4.9,38.1,337.9,0.95,0,2,1,0,0,0,Pettimudi Wayanad Landslide 2020,Copernicus ERA5 Reanalysis (Open-Meteo Archive API),39,7.28,-1.66
2020-08-14,10.15,77.02,18.5,86.29,1005.16,23.1,450.0,38.0,0.78,1.56,2.73,4.68,7.8,17.8,255.4,0.95,0,2,1,0,0,0,Pettimudi Wayanad Landslide 2020,Copernicus ERA5 Reanalysis (Open-Meteo Archive API),39,5.08,-1.16
2020-08-15,10.15,77.02,18.5,81.16,1006.04,20.6,450.0,38.0,1.17,2.34,4.09,7.02,11.7,24.4,204.1,0.95,0,2,1,0,0,0,Pettimudi Wayanad Landslide 2020,Copernicus ERA5 Reanalysis (Open-Meteo Archive API),39,4.53,-1.03
2020-08-16,10.15,77.02,18.5,71.61,1006.04,20.6,450.0,38.0,0.62,1.24,2.17,3.72,6.2,25.7,108.6,0.743,0,2,1,0,0,0,Pettimudi Wayanad Landslide 2020,Copernicus ERA5 Reanalysis (Open-Meteo Archive API),39,4.53,-1.03
2020-08-17,10.15,77.02,18.5,67.75,1006.04,20.6,450.0,38.0,0.62,1.24,2.17,3.72,6.2,24.1,70.0,0.55,0,1,1,0,0,0,Pettimudi Wayanad Landslide 2020,Copernicus ERA5 Reanalysis (Open-Meteo Archive API),39,4.53,-1.03
2020-08-18,10.15,77.02,18.7,65.49,1006.04,20.6,450.0,38.0,0.65,1.3,2.27,3.9,6.5,18.9,48.4,0.442,0,1,1,0,0,0,Pettimudi Wayanad Landslide 2020,Copernicus ERA5 Reanalysis (Open-Meteo Archive API),39,4.53,-1.03
2020-10-01,17.385,78.4867,29.3,61.68,1005.1,23.3,450.0,8.0,0.26,0.52,0.91,1.56,2.6,19.9,63.3,0.516,0,1,0,0,0,0,Hyderabad Deluge 2020,Copernicus ERA5 Reanalysis (Open-Meteo Archive API),29,5.13,-1.16
2020-10-02,17.385,78.4867,30.3,58.76,1006.63,18.9,450.0,8.0,0.0,0.0,0.0,0.0,0.0,13.6,39.1,0.396,0,1,0,0,0,0,Hyderabad Deluge 2020,Copernicus ERA5 Reanalysis (Open-Meteo Archive API),29,4.16,-0.95
2020-10-03,17.385,78.4867,31.5,56.86,1006.63,18.9,450.0,8.0,0.0,0.0,0.0,0.0,0.0,2.6,26.1,0.331,0,1,0,0,0,0,Hyderabad Deluge 2020,Copernicus ERA5 Reanalysis (Open-Meteo Archive API),29,4.16,-0.95
2020-10-04,17.385,78.4867,31.5,56.51,1007.02,17.8,450.0,8.0,0.0,0.0,0.0,0.0,0.0,0.0,22.6,0.313,0,1,0,0,0,0,Hyderabad Deluge 2020,Copernicus ERA5 Reanalysis (Open-Meteo Archive API),29,3.92,-0.89
2020-10-05,17.385,78.4867,31.5,56.24,1007.02,17.8,450.0,8.0,0.0,0.0,0.0,0.0,0.0,0.0,19.9,0.299,0,1,0,0,0,0,Hyderabad Deluge 2020,Copernicus ERA5 Reanalysis (Open-Meteo Archive API),29,3.92,-0.89
2020-10-06,17.385,78.4867,31.5,55.69,1007.02,17.8,450.0,8.0,0.08,0.16,0.28,0.48,0.8,0.8,14.4,0.272,0,1,0,0,0,0,Hyderabad Deluge 2020,Copernicus ERA5 Reanalysis (Open-Meteo Archive API),29,3.92,-0.89
2020-10-07,17.385,78.4867,31.5,54.61,1006.67,18.8,450.0,8.0,0.02,0.04,0.07,0.12,0.2,1.0,3.6,0.218,0,1,0,0,0,1,Hyderabad Deluge 2020,Copernicus ERA5 Reanalysis (Open-Meteo Archive API),29,4.14,-0.94
2020-10-08,17.385,78.4867,31.5,54.6,1006.67,18.8,450.0,8.0,0.25,0.5,0.88,1.5,2.5,3.5,3.5,0.218,0,1,0,0,0,1,Hyderabad Deluge 2020,Copernicus ERA5 Reanalysis (Open-Meteo Archive API),29,4.14,-0.94
2020-10-09,17.385,78.4867,31.5,55.42,1006.67,18.8,450.0,8.0,0.82,1.64,2.87,4.92,8.2,10.9,11.7,0.259,0,1,0,0,0,0,Hyderabad Deluge 2020,Copernicus ERA5 Reanalysis (Open-Meteo Archive API),29,4.14,-0.94
2020-10-10,17.385,78.4867,31.5,56.4,1006.67,18.8,450.0,8.0,0.98,1.96,3.43,5.88,9.8,20.5,21.5,0.307,0,3,0,0,0,0,Hyderabad Deluge 2020,Copernicus ERA5 Reanalysis (Open-Meteo Archive API),29,4.14,-0.94
2020-10-11,17.385,78.4867,31.4,60.2,1006.67,18.8,450.0,8.0,3.75,7.5,13.12,22.5,37.5,55.5,59.0,0.495,0,3,1,0,0,0,Hyderabad Deluge 2020,Copernicus ERA5 Reanalysis (Open-Meteo Archive API),29,4.14,-0.94
2020-10-12,17.385,78.4867,31.4,62.09,1006.67,18.8,450.0,8.0,1.89,3.78,6.61,11.34,18.9,66.2,77.9,0.59,0,3,1,0,0,0,Hyderabad Deluge 2020,Copernicus ERA5 Reanalysis (Open-Meteo Archive API),29,4.14,-0.94
2020-10-13,17.385,78.4867,31.4,69.95,1004.29,25.6,450.0,8.0,7.94,15.88,27.79,47.64,79.4,135.8,156.5,0.95,0,3,1,0,0,0,Hyderabad Deluge 2020,Copernicus ERA5 Reanalysis (Open-Meteo Archive API),29,5.63,-1.28
2020-10-14,17.385,78.4867,29.5,71.61,1004.25,25.7,450.0,8.0,0.73,1.46,2.55,4.38,7.3,105.6,163.6,0.95,0,3,1,0,0,0,Hyderabad Deluge 2020,Copernicus ERA5 Reanalysis (Open-Meteo Archive API),29,5.65,-1.29
2020-10-15,17.385,78.4867,29.5,71.46,1004.25,25.7,450.0,8.0,0.1,0.2,0.35,0.6,1.0,87.7,162.1,0.95,0,3,1,0,0,0,Hyderabad Deluge 2020,Copernicus ERA5 Reanalysis (Open-Meteo Archive API),29,5.65,-1.29
2020-10-16,17.385,78.4867,29.5,70.64,1004.25,25.7,450.0,8.0,0.0,0.0,0.0,0.0,0.0,8.3,153.9,0.95,0,3,0,0,0,0,Hyderabad Deluge 2020,Copernicus ERA5 Reanalysis (Open-Meteo Archive API),29,5.65,-1.29
2020-10-17,17.385,78.4867,29.5,69.9,1004.25,25.7,450.0,8.0,0.24,0.48,0.84,1.44,2.4,3.4,146.5,0.933,0,1,0,0,0,0,Hyderabad Deluge 2020,Copernicus ERA5 Reanalysis (Open-Meteo Archive API),29,5.65,-1.29
2020-10-18,17.385,78.4867,29.4,66.57,1004.25,25.7,450.0,8.0,0.37,0.74,1.29,2.22,3.7,6.1,112.7,0.764,0,1,0,0,0,0,Hyderabad Deluge 2020,Copernicus ERA5 Reanalysis (Open-Meteo Archive API),29,5.65,-1.29
2020-10-19,17.385,78.4867,29.4,65.18,1004.25,25.7,450.0,8.0,0.5,1.0,1.75,3.0,5.0,11.1,98.8,0.694,0,1,0,0,0,0,Hyderabad Deluge 2020,Copernicus ERA5 Reanalysis (Open-Meteo Archive API),29,5.65,-1.29
2020-10-20,17.385,78.4867,29.4,58.28,1004.25,25.7,450.0,8.0,1.04,2.08,3.64,6.24,10.4,19.1,29.8,0.349,0,1,0,0,0,0,Hyderabad Deluge 2020,Copernicus ERA5 Reanalysis (Open-Meteo Archive API),29,5.65,-1.29
2020-10-21,17.385,78.4867,29.4,58.26,1004.25,25.7,450.0,8.0,0.71,1.42,2.48,4.26,7.1,22.5,29.6,0.348,0,1,0,0,0,0,Hyderabad Deluge 2020,Copernicus ERA5 Reanalysis (Open-Meteo Archive API),29,5.65,-1.29
2020-10-22,17.385,78.4867,30.1,57.81,1008.21,14.4,450.0,8.0,0.0,0.0,0.0,0.0,0.0,17.5,28.6,0.343,0,1,0,0,0,0,Hyderabad Deluge 2020,Copernicus ERA5 Reanalysis (Open-Meteo Archive API),29,3.17,-0.72
2020-10-23,17.385,78.4867,30.4,57.66,1008.7,13.0,450.0,8.0,0.0,0.0,0.0,0.0,0.0,7.1,28.6,0.343,0,1,0,0,0,0,Hyderabad Deluge 2020,Copernicus ERA5 Reanalysis (Open-Meteo Archive API),29,2.86,-0.65
2020-10-24,17.385,78.4867,30.6,57.32,1008.7,13.0,450.0,8.0,0.0,0.0,0.0,0.0,0.0,0.0,26.2,0.331,0,1,0,0,0,0,Hyderabad Deluge 2020,Copernicus ERA5 Reanalysis (Open-Meteo Archive API),29,2.86,-0.65
2020-10-25,17.385,78.4867,30.6,56.95,1008.7,13.0,450.0,8.0,0.0,0.0,0.0,0.0,0.0,0.0,22.5,0.312,0,1,0,0,0,0,Hyderabad Deluge 2020,Copernicus ERA5 Reanalysis (Open-Meteo Archive API),29,2.86,-0.65
2020-11-13,11.9416,79.8083,30.2,58.48,1003.17,28.8,450.0,8.0,1.15,2.3,4.02,6.9,11.5,25.0,35.8,0.379,0,0,0,0,0,0,Cyclone Nivar - Puducherry,Copernicus ERA5 Reanalysis (Open-Meteo Archive API),14,6.34,-1.44
2020-11-14,11.9416,79.8083,30.2,58.43,1003.17,28.8,450.0,8.0,0.78,1.56,2.73,4.68,7.8,28.8,35.3,0.377,0,0,0,0,0,0,Cyclone Nivar - Puducherry,Copernicus ERA5 Reanalysis (Open-Meteo Archive API),14,6.34,-1.44
2020-11-15,11.9416,79.8083,30.2,59.82,1003.17,28.8,450.0,8.0,1.63,3.26,5.71,9.78,16.3,35.6,49.2,0.446,0,1,0,0,0,0,Cyclone Nivar - Puducherry,Copernicus ERA5 Reanalysis (Open-Meteo Archive API),14,6.34,-1.44
2020-11-16,11.9416,79.8083,30.2,64.44,1003.17,28.8,450.0,8.0,4.62,9.24,16.17,27.72,46.2,70.3,95.4,0.677,0,1,1,0,0,0,Cyclone Nivar - Puducherry,Copernicus ERA5 Reanalysis (Open-Meteo Archive API),14,6.34,-1.44
2020-11-17,11.9416,79.8083,29.6,65.02,1003.55,27.7,450.0,8.0,0.29,0.58,1.01,1.74,2.9,65.4,98.2,0.691,0,1,1,0,0,0,Cyclone Nivar - Puducherry,Copernicus ERA5 Reanalysis (Open-Meteo Archive API),14,6.09,-1.39
2020-11-18,11.9416,79.8083,29.6,64.86,1003.55,27.7,450.0,8.0,0.24,0.48,0.84,1.44,2.4,51.5,96.6,0.683,0,1,1,0,0,0,Cyclone Nivar - Puducherry,Copernicus ERA5 Reanalysis (Open-Meteo Archive API),14,6.09,-1.39
2020-11-19,11.9416,79.8083,29.6,64.1,1003.55,27.7,450.0,8.0,0.19,0.38,0.66,1.14,1.9,7.2,89.0,0.645,0,1,0,0,0,0,Cyclone Nivar - Puducherry,Copernicus ERA5 Reanalysis (Open-Meteo Archive API),14,6.09,-1.39
2020-11-20,11.9416,79.8083,29.6,62.98,1003.55,27.7,450.0,8.0,0.03,0.06,0.1,0.18,0.3,4.6,77.8,0.589,0,1,0,0,0,0,Cyclone Nivar - Puducherry,Copernicus ERA5 Reanalysis (Open-Meteo Archive API),14,6.09,-1.39
2020-11-21,11.9416,79.8083,29.6,62.2,1003.55,27.7,450.0,8.0,0.0,0.0,0.0,0.0,0.0,2.2,70.0,0.55,0,1,0,0,0,0,Cyclone Nivar - Puducherry,Copernicus ERA5 Reanalysis (Open-Meteo Archive API),14,6.09,-1.39
2020-11-22,11.9416,79.8083,29.2,60.77,1005.13,23.2,450.0,8.0,0.0,0.0,0.0,0.0,0.0,0.3,53.7,0.468,0,1,0,2,0,0,Cyclone Nivar - Puducherry,Copernicus ERA5 Reanalysis (Open-Meteo Archive API),14,5.1,-1.16
2020-11-23,11.9416,79.8083,29.2,56.2,1005.24,22.9,450.0,8.0,0.05,0.1,0.17,0.3,0.5,0.5,8.0,0.24,0,0,0,2,0,1,Cyclone Nivar - Puducherry,Copernicus ERA5 Reanalysis (Open-Meteo Archive API),14,5.04,-1.14
2020-11-24,11.9416,79.8083,29.2,59.45,1001.56,33.4,450.0,8.0,3.54,7.08,12.39,21.24,35.4,35.9,40.5,0.403,0,1,0,2,0,0,Cyclone Nivar - Puducherry,Copernicus ERA5 Reanalysis (Open-Meteo Archive API),14,7.35,-1.67
2020-11-25,11.9416,79.8083,29.2,80.54,996.24,48.6,450.0,8.0,21.33,42.66,74.66,127.98,213.3,249.2,251.4,0.95,0,2,1,2,0,0,Cyclone Nivar - Puducherry,Copernicus ERA5 Reanalysis (Open-Meteo Archive API),14,10.69,-2.43
2020-11-26,11.9416,79.8083,29.2,82.87,996.24,48.6,450.0,8.0,2.52,5.04,8.82,15.12,25.2,273.9,274.7,0.95,0,2,1,2,0,0,Cyclone Nivar - Puducherry,Copernicus ERA5 Reanalysis (Open-Meteo Archive API),14,10.69,-2.43
2020-11-27,11.9416,79.8083,29.2,83.09,996.24,48.6,450.0,8.0,0.25,0.5,0.88,1.5,2.5,241.0,276.9,0.95,0,2,1,2,0,0,Cyclone Nivar - Puducherry,Copernicus ERA5 Reanalysis (Open-Meteo Archive API),14,10.69,-2.43
2020-11-28,11.9416,79.8083,29.2,83.44,996.24,48.6,450.0,8.0,0.35,0.7,1.22,2.1,3.5,31.2,280.4,0.95,0,2,0,2,0,0,Cyclone Nivar - Puducherry,Copernicus ERA5 Reanalysis (Open-Meteo Archive API),14,10.69,-2.43
2020-11-29,11.9416,79.8083,29.2,83.9,996.24,48.6,450.0,8.0,0.46,0.92,1.61,2.76,4.6,10.6,285.0,0.95,0,2,0,0,0,0,Cyclone Nivar - Puducherry,Copernicus ERA5 Reanalysis (Open-Meteo Archive API),14,10.69,-2.43
2020-11-30,11.9416,79.8083,29.2,84.03,996.24,48.6,450.0,8.0,0.18,0.36,0.63,1.08,1.8,9.9,286.3,0.95,0,2,0,0,0,0,Cyclone Nivar - Puducherry,Copernicus ERA5 Reanalysis (Open-Meteo Archive API),14,10.69,-2.43
2020-12-01,11.9416,79.8083,29.2,80.86,996.24,48.6,450.0,8.0,0.37,0.74,1.29,2.22,3.7,10.1,254.6,0.95,0,2,0,0,0,0,Cyclone Nivar - Puducherry,Copernicus ERA5 Reanalysis (Open-Meteo Archive API),14,10.69,-2.43
2020-12-02,11.9416,79.8083,29.2,65.09,996.24,48.6,450.0,8.0,5.56,11.12,19.46,33.36,55.6,61.1,96.9,0.685,0,1,1,0,0,0,Cyclone Nivar - Puducherry,Copernicus ERA5 Reanalysis (Open-Meteo Archive API),14,10.69,-2.43
2020-12-03,11.9416,79.8083,29.2,68.11,999.42,39.5,450.0,8.0,5.54,11.08,19.39,33.24,55.4,114.7,127.1,0.835,0,2,1,0,0,0,Cyclone Nivar - Puducherry,Copernicus ERA5 Reanalysis (Open-Meteo Archive API),14,8.69,-1.98
2020-12-04,11.9416,79.8083,28.7,71.57,1001.38,33.9,450.0,8.0,3.46,6.92,12.11,20.76,34.6,145.6,159.2,0.95,0,2,1,0,0,0,Cyclone Nivar - Puducherry,Copernicus ERA5 Reanalysis (Open-Meteo Archive API),14,7.46,-1.7
2020-12-05,11.9416,79.8083,28.4,75.23,1001.38,33.9,450.0,8.0,3.86,7.72,13.51,23.16,38.6,128.6,194.3,0.95,0,2,1,0,0,0,Cyclone Nivar - Puducherry,Copernicus ERA5 Reanalysis (Open-Meteo Archive API),14,7.46,-1.7
2020-12-06,11.9416,79.8083,28.4,77.81,1001.38,33.9,450.0,8.0,3.04,6.08,10.64,18.24,30.4,103.6,220.1,0.95,0,2,1,0,0,0,Cyclone Nivar - Puducherry,Copernicus ERA5 Reanalysis (Open-Meteo Archive API),14,7.46,-1.7
2020-12-07,11.9416,79.8083,28.4,79.9,1001.38,33.9,450.0,8.0,2.27,4.54,7.94,13.62,22.7,91.7,241.0,0.95,0,2,1,0,0,0,Cyclone Nivar - Puducherry,Copernicus ERA5 Reanalysis (Open-Meteo Archive API),14,7.46,-1.7
2021-05-05,18.92,72.83,34.0,53.0,1004.61,24.7,15.0,8.0,0.0,0.0,0.0,0.0,0.0,0.0,0.0,0.2,0,0,0,1,0,2,Cyclone Tauktae - Mumbai Gujarat,Copernicus ERA5 Reanalysis (Open-Meteo Archive API),15,5.43,-1.23
2021-05-06,18.92,72.83,34.0,53.0,1004.75,24.3,15.0,8.0,0.0,0.0,0.0,0.0,0.0,0.0,0.0,0.2,0,0,0,1,0,2,Cyclone Tauktae - Mumbai Gujarat,Copernicus ERA5 Reanalysis (Open-Meteo Archive API),15,5.35,-1.21
2021-05-07,18.92,72.83,34.0,53.0,1004.85,24.0,15.0,8.0,0.0,0.0,0.0,0.0,0.0,0.0,0.0,0.2,0,0,0,1,0,2,Cyclone Tauktae - Mumbai Gujarat,Copernicus ERA5 Reanalysis (Open-Meteo Archive API),15,5.28,-1.2
2021-05-08,18.92,72.83,34.0,53.0,1004.85,24.0,15.0,8.0,0.0,0.0,0.0,0.0,0.0,0.0,0.0,0.2,0,0,0,1,0,2,Cyclone Tauktae - Mumbai Gujarat,Copernicus ERA5 Reanalysis (Open-Meteo Archive API),15,5.28,-1.2
2021-05-09,18.92,72.83,33.9,53.05,1004.85,24.0,15.0,8.0,0.0,0.0,0.0,0.0,0.0,0.0,0.0,0.2,0,0,0,1,0,2,Cyclone Tauktae - Mumbai Gujarat,Copernicus ERA5 Reanalysis (Open-Meteo Archive API),15,5.28,-1.2
2021-05-10,18.92,72.83,33.9,53.05,1004.85,24.0,15.0,8.0,0.0,0.0,0.0,0.0,0.0,0.0,0.0,0.2,0,0,0,1,0,2,Cyclone Tauktae - Mumbai Gujarat,Copernicus ERA5 Reanalysis (Open-Meteo Archive API),15,5.28,-1.2
2021-05-11,18.92,72.83,33.1,53.45,1004.85,24.0,15.0,8.0,0.0,0.0,0.0,0.0,0.0,0.0,0.0,0.2,0,0,0,1,0,2,Cyclone Tauktae - Mumbai Gujarat,Copernicus ERA5 Reanalysis (Open-Meteo Archive API),15,5.28,-1.2
2021-05-12,18.92,72.83,33.1,53.45,1004.85,24.0,15.0,8.0,0.0,0.0,0.0,0.0,0.0,0.0,0.0,0.2,0,0,0,1,0,2,Cyclone Tauktae - Mumbai Gujarat,Copernicus ERA5 Reanalysis (Open-Meteo Archive API),15,5.28,-1.2
2021-05-13,18.92,72.83,33.0,53.52,1005.38,22.5,15.0,8.0,0.02,0.04,0.07,0.12,0.2,0.2,0.2,0.201,0,0,0,1,0,2,Cyclone Tauktae - Mumbai Gujarat,Copernicus ERA5 Reanalysis (Open-Meteo Archive API),15,4.95,-1.12
2021-05-14,20.7858,86.84,35.9,54.2,1006.28,19.9,450.0,8.0,0.02,0.04,0.07,0.12,0.2,12.2,21.5,0.307,2,0,0,0,1,0,Cyclone Yaas - Odisha West Bengal,Copernicus ERA5 Reanalysis (Open-Meteo Archive API),17,4.38,-1.0
2021-05-14,18.92,72.83,33.0,53.52,1003.76,27.1,15.0,8.0,0.0,0.0,0.0,0.0,0.0,0.2,0.2,0.201,0,0,0,3,0,2,Cyclone Tauktae - Mumbai Gujarat,Copernicus ERA5 Reanalysis (Open-Meteo Archive API),15,5.96,-1.36
2021-05-15,20.7858,86.84,35.9,54.21,1006.46,19.4,450.0,8.0,0.03,0.06,0.1,0.18,0.3,12.2,21.6,0.308,3,0,0,0,1,0,Cyclone Yaas - Odisha West Bengal,Copernicus ERA5 Reanalysis (Open-Meteo Archive API),17,4.27,-0.97
2021-05-15,18.92,72.83,35.3,52.37,1001.46,33.7,15.0,8.0,0.0,0.0,0.0,0.0,0.0,0.2,0.2,0.201,1,0,0,3,1,2,Cyclone Tauktae - Mumbai Gujarat,Copernicus ERA5 Reanalysis (Open-Meteo Archive API),15,7.41,-1.68
2021-05-16,20.7858,86.84,35.9,54.18,1006.46,19.4,450.0,8.0,0.01,0.02,0.03,0.06,0.1,0.6,21.3,0.306,3,0,0,0,1,0,Cyclone Yaas - Odisha West Bengal,Copernicus ERA5 Reanalysis (Open-Meteo Archive API),17,4.27,-0.97
2021-05-16,18.92,72.83,35.5,53.93,1001.46,33.7,15.0,8.0,1.66,3.32,5.81,9.96,16.6,16.6,16.8,0.284,2,0,0,3,1,0,Cyclone Tauktae - Mumbai Gujarat,Copernicus ERA5 Reanalysis (Open-Meteo Archive API),15,7.41,-1.68
2021-05-17,18.92,72.83,35.5,70.51,990.22,65.8,15.0,8.0,16.58,33.16,58.03,99.48,165.8,182.4,182.6,0.95,2,2,1,3,1,0,Cyclone Tauktae - Mumbai Gujarat,Copernicus ERA5 Reanalysis (Open-Meteo Archive API),15,14.48,-3.29
2021-05-17,20.7858,86.84,36.8,53.4,1006.18,20.2,450.0,8.0,0.0,0.0,0.0,0.0,0.0,0.4,18.0,0.29,4,0,0,0,1,0,Cyclone Yaas - Odisha West Bengal,Copernicus ERA5 Reanalysis (Open-Meteo Archive API),17,4.44,-1.01
2021-05-18,18.92,72.83,35.5,72.19,990.22,65.8,15.0,8.0,1.68,3.36,5.88,10.08,16.8,199.2,199.4,0.95,2,2,1,3,1,0,Cyclone Tauktae - Mumbai Gujarat,Copernicus ERA5 Reanalysis (Open-Meteo Archive API),15,14.48,-3.29
2021-05-18,20.7858,86.84,37.9,52.31,1006.18,20.2,450.0,8.0,0.0,0.0,0.0,0.0,0.0,0.1,12.6,0.263,4,0,0,0,1,0,Cyclone Yaas - Odisha West Bengal,Copernicus ERA5 Reanalysis (Open-Meteo Archive API),17,4.44,-1.01
2021-05-19,20.7858,86.84,37.9,52.28,1004.67,24.5,450.0,8.0,0.0,0.0,0.0,0.0,0.0,0.0,12.3,0.262,5,0,0,0,1,0,Cyclone Yaas - Odisha West Bengal,Copernicus ERA5 Reanalysis (Open-Meteo Archive API),17,5.39,-1.23
2021-05-19,18.92,72.83,35.5,73.36,990.22,65.8,15.0,8.0,1.17,2.34,4.09,7.02,11.7,194.3,211.1,0.95,2,2,1,3,1,0,Cyclone Tauktae - Mumbai Gujarat,Copernicus ERA5 Reanalysis (Open-Meteo Archive API),15,14.48,-3.29
2021-05-20,20.7858,86.84,37.9,51.11,1004.67,24.5,450.0,8.0,0.0,0.0,0.0,0.0,0.0,0.0,0.6,0.203,6,0,0,0,1,2,Cyclone Yaas - Odisha West Bengal,Copernicus ERA5 Reanalysis (Open-Meteo Archive API),17,5.39,-1.23
2021-05-20,18.92,72.83,35.5,73.39,990.22,65.8,15.0,8.0,0.05,0.1,0.17,0.3,0.5,29.0,211.4,0.95,2,2,0,3,1,0,Cyclone Tauktae - Mumbai Gujarat,Copernicus ERA5 Reanalysis (Open-Meteo Archive API),15,14.48,-3.29
2021-05-21,20.7858,86.84,37.9,51.28,1004.67,24.5,450.0,8.0,0.19,0.38,0.66,1.14,1.9,1.9,2.3,0.212,6,0,0,0,1,1,Cyclone Yaas - Odisha West Bengal,Copernicus ERA5 Reanalysis (Open-Meteo Archive API),17,5.39,-1.23
2021-05-21,18.92,72.83,35.5,73.44,990.22,65.8,15.0,8.0,0.05,0.1,0.17,0.3,0.5,12.7,211.9,0.95,2,2,0,1,1,0,Cyclone Tauktae - Mumbai Gujarat,Copernicus ERA5 Reanalysis (Open-Meteo Archive API),15,14.48,-3.29
2021-05-22,20.7858,86.84,37.9,51.41,1004.67,24.5,450.0,8.0,0.16,0.32,0.56,0.96,1.6,3.5,3.6,0.218,5,0,0,0,1,1,Cyclone Yaas - Odisha West Bengal,Copernicus ERA5 Reanalysis (Open-Meteo Archive API),17,5.39,-1.23
2021-05-22,18.92,72.83,35.5,73.65,990.22,65.8,15.0,8.0,0.21,0.42,0.73,1.26,2.1,3.1,214.0,0.95,2,2,0,1,1,0,Cyclone Tauktae - Mumbai Gujarat,Copernicus ERA5 Reanalysis (Open-Meteo Archive API),15,14.48,-3.29
2021-05-23,18.92,72.83,35.5,72.21,990.22,65.8,15.0,8.0,0.22,0.44,0.77,1.32,2.2,4.8,199.6,0.95,1,2,0,1,1,0,Cyclone Tauktae - Mumbai Gujarat,Copernicus ERA5 Reanalysis (Open-Meteo Archive API),15,14.48,-3.29
2021-05-23,20.7858,86.84,37.9,51.56,1004.67,24.5,450.0,8.0,0.16,0.32,0.56,0.96,1.6,5.1,5.1,0.226,4,0,0,2,1,1,Cyclone Yaas - Odisha West Bengal,Copernicus ERA5 Reanalysis (Open-Meteo Archive API),17,5.39,-1.23
2021-05-24,20.7858,86.84,37.9,55.8,1004.67,24.5,450.0,8.0,4.24,8.48,14.84,25.44,42.4,45.6,47.5,0.438,4,1,0,2,1,0,Cyclone Yaas - Odisha West Bengal,Copernicus ERA5 Reanalysis (Open-Meteo Archive API),17,5.39,-1.23
2021-05-24,18.92,72.83,31.0,57.98,990.22,65.8,15.0,8.0,0.1,0.2,0.35,0.6,1.0,5.3,34.8,0.374,0,0,0,1,0,0,Cyclone Tauktae - Mumbai Gujarat,Copernicus ERA5 Reanalysis (Open-Meteo Archive API),15,14.48,-3.29
2021-05-25,18.92,72.83,31.0,56.43,998.06,43.4,15.0,8.0,0.13,0.26,0.45,0.78,1.3,4.5,19.3,0.296,0,0,0,1,0,0,Cyclone Tauktae - Mumbai Gujarat,Copernicus ERA5 Reanalysis (Open-Meteo Archive API),15,9.55,-2.17
2021-05-25,20.7858,86.84,37.9,67.66,997.64,44.6,450.0,8.0,11.86,23.72,41.51,71.16,118.6,162.6,166.1,0.95,3,2,1,2,1,0,Cyclone Yaas - Odisha West Bengal,Copernicus ERA5 Reanalysis (Open-Meteo Archive API),17,9.81,-2.23
2021-05-26,18.92,72.83,31.0,55.26,1001.03,34.9,15.0,8.0,0.0,0.0,0.0,0.0,0.0,2.3,7.6,0.238,0,0,0,1,0,1,Cyclone Tauktae - Mumbai Gujarat,Copernicus ERA5 Reanalysis (Open-Meteo Archive API),15,7.68,-1.75
2021-05-26,20.7858,86.84,37.7,79.36,992.46,59.4,450.0,8.0,11.6,23.2,40.6,69.6,116.0,277.0,282.1,0.95,2,2,1,2,1,0,Cyclone Yaas - Odisha West Bengal,Copernicus ERA5 Reanalysis (Open-Meteo Archive API),17,13.07,-2.97
2021-05-27,20.7858,86.84,37.3,80.23,992.46,59.4,450.0,8.0,0.67,1.34,2.34,4.02,6.7,241.3,288.8,0.95,1,2,1,2,1,0,Cyclone Yaas - Odisha West Bengal,Copernicus ERA5 Reanalysis (Open-Meteo Archive API),17,13.07,-2.97
2021-05-27,18.92,72.83,31.3,55.17,1005.06,23.4,15.0,8.0,0.11,0.22,0.39,0.66,1.1,2.4,8.2,0.241,0,0,0,1,0,1,Cyclone Tauktae - Mumbai Gujarat,Copernicus ERA5 Reanalysis (Open-Meteo Archive API),15,5.15,-1.17
2021-05-28,18.92,72.83,31.3,55.61,1005.06,23.4,15.0,8.0,0.49,0.98,1.72,2.94,4.9,6.0,12.6,0.263,0,0,0,1,0,0,Cyclone Tauktae - Mumbai Gujarat,Copernicus ERA5 Reanalysis (Open-Meteo Archive API),15,5.15,-1.17
2021-05-28,20.7858,86.84,34.8,81.29,992.46,59.4,450.0,8.0,0.0,0.0,0.0,0.0,0.0,122.7,286.9,0.95,0,2,1,2,0,0,Cyclone Yaas - Odisha West Bengal,Copernicus ERA5 Reanalysis (Open-Meteo Archive API),17,13.07,-2.97
2021-05-29,18.92,72.83,31.3,55.63,1005.06,23.4,15.0,8.0,0.23,0.46,0.8,1.38,2.3,8.3,12.8,0.264,0,0,0,1,0,0,Cyclone Tauktae - Mumbai Gujarat,Copernicus ERA5 Reanalysis (Open-Meteo Archive API),15,5.15,-1.17
2021-05-29,20.7858,86.84,34.6,81.23,992.46,59.4,450.0,8.0,0.0,0.0,0.0,0.0,0.0,6.7,285.3,0.95,0,2,0,2,0,0,Cyclone Yaas - Odisha West Bengal,Copernicus ERA5 Reanalysis (Open-Meteo Archive API),17,13.07,-2.97
2021-05-30,20.7858,86.84,34.6,81.1,992.46,59.4,450.0,8.0,0.03,0.06,0.1,0.18,0.3,0.3,284.0,0.95,0,2,0,0,0,0,Cyclone Yaas - Odisha West Bengal,Copernicus ERA5 Reanalysis (Open-Meteo Archive API),17,13.07,-2.97
2021-05-31,20.7858,86.84,35.7,76.31,992.46,59.4,450.0,8.0,0.0,0.0,0.0,0.0,0.0,0.3,241.6,0.95,1,2,0,0,1,0,Cyclone Yaas - Odisha West Bengal,Copernicus ERA5 Reanalysis (Open-Meteo Archive API),17,13.07,-2.97
2021-06-01,20.7858,86.84,35.7,64.45,992.46,59.4,450.0,8.0,0.0,0.0,0.0,0.0,0.0,0.3,123.0,0.815,1,2,0,0,1,0,Cyclone Yaas - Odisha West Bengal,Copernicus ERA5 Reanalysis (Open-Meteo Archive API),17,13.07,-2.97
2021-06-02,20.7858,86.84,35.7,54.64,992.46,59.4,450.0,8.0,1.79,3.58,6.26,10.74,17.9,17.9,24.9,0.325,1,0,0,0,1,0,Cyclone Yaas - Odisha West Bengal,Copernicus ERA5 Reanalysis (Open-Meteo Archive API),17,13.07,-2.97
2021-06-03,20.7858,86.84,35.7,54.52,1004.92,23.8,450.0,8.0,0.55,1.1,1.92,3.3,5.5,23.4,23.7,0.319,1,0,0,0,1,0,Cyclone Yaas - Odisha West Bengal,Copernicus ERA5 Reanalysis (Open-Meteo Archive API),17,5.24,-1.19
2021-06-04,20.7858,86.84,35.7,54.57,1004.92,23.8,450.0,8.0,0.05,0.1,0.17,0.3,0.5,23.9,24.2,0.321,1,0,0,0,1,0,Cyclone Yaas - Odisha West Bengal,Copernicus ERA5 Reanalysis (Open-Meteo Archive API),17,5.24,-1.19
2021-06-05,20.7858,86.84,36.5,54.17,1006.0,20.7,450.0,8.0,0.0,0.0,0.0,0.0,0.0,6.0,24.2,0.321,2,0,0,0,1,0,Cyclone Yaas - Odisha West Bengal,Copernicus ERA5 Reanalysis (Open-Meteo Archive API),17,4.55,-1.04
2021-06-06,20.7858,86.84,36.5,54.14,1006.0,20.7,450.0,8.0,0.0,0.0,0.0,0.0,0.0,0.5,23.9,0.32,3,0,0,0,1,0,Cyclone Yaas - Odisha West Bengal,Copernicus ERA5 Reanalysis (Open-Meteo Archive API),17,4.55,-1.04
2021-06-07,20.7858,86.84,37.1,53.84,1006.0,20.7,450.0,8.0,0.0,0.0,0.0,0.0,0.0,0.0,23.9,0.32,4,0,0,0,1,0,Cyclone Yaas - Odisha West Bengal,Copernicus ERA5 Reanalysis (Open-Meteo Archive API),17,4.55,-1.04
2021-06-16,47.6062,-122.3321,21.8,62.72,1005.65,21.7,450.0,8.0,0.0,0.0,0.0,0.0,0.0,15.9,36.2,0.381,0,0,0,0,1,0,US Pacific NW Heat Dome 44.0°C,Copernicus ERA5 Reanalysis (Open-Meteo Archive API),48,4.77,-1.09
2021-06-17,47.6062,-122.3321,22.1,62.55,1005.65,21.7,450.0,8.0,0.0,0.0,0.0,0.0,0.0,0.8,36.0,0.38,0,0,0,0,1,0,US Pacific NW Heat Dome 44.0°C,Copernicus ERA5 Reanalysis (Open-Meteo Archive API),48,4.77,-1.09
2021-06-18,47.6062,-122.3321,23.5,61.49,1005.65,21.7,450.0,8.0,0.0,0.0,0.0,0.0,0.0,0.0,32.4,0.362,0,0,0,0,1,0,US Pacific NW Heat Dome 44.0°C,Copernicus ERA5 Reanalysis (Open-Meteo Archive API),48,4.77,-1.09
2021-06-19,47.6062,-122.3321,23.5,61.39,1005.65,21.7,450.0,8.0,0.0,0.0,0.0,0.0,0.0,0.0,31.4,0.357,0,0,0,0,1,0,US Pacific NW Heat Dome 44.0°C,Copernicus ERA5 Reanalysis (Open-Meteo Archive API),48,4.77,-1.09
2021-06-20,47.6062,-122.3321,23.7,59.74,1005.48,22.2,450.0,8.0,0.0,0.0,0.0,0.0,0.0,0.0,15.9,0.28,0,0,0,0,1,0,US Pacific NW Heat Dome 44.0°C,Copernicus ERA5 Reanalysis (Open-Meteo Archive API),48,4.88,-1.11
2021-06-21,47.6062,-122.3321,27.2,56.48,1005.48,22.2,450.0,8.0,0.0,0.0,0.0,0.0,0.0,0.0,0.8,0.204,0,0,0,0,1,1,US Pacific NW Heat Dome 44.0°C,Copernicus ERA5 Reanalysis (Open-Meteo Archive API),48,4.88,-1.11
2021-06-21,35.0963,139.0717,25.7,61.53,1006.85,18.3,450.0,8.0,0.08,0.16,0.28,0.48,0.8,20.7,43.8,0.419,0,1,0,0,0,0,Atami Japan Debris Flow 2021,Copernicus ERA5 Reanalysis (Open-Meteo Archive API),1,4.03,-0.91
2021-06-22,35.0963,139.0717,25.7,60.73,1006.85,18.3,450.0,8.0,0.06,0.12,0.21,0.36,0.6,2.9,35.8,0.379,0,0,0,0,0,0,Atami Japan Debris Flow 2021,Copernicus ERA5 Reanalysis (Open-Meteo Archive API),1,4.03,-0.91
2021-06-22,47.6062,-122.3321,27.9,56.05,1005.48,22.2,450.0,8.0,0.0,0.0,0.0,0.0,0.0,0.0,0.0,0.2,0,0,0,0,1,1,US Pacific NW Heat Dome 44.0°C,Copernicus ERA5 Reanalysis (Open-Meteo Archive API),48,4.88,-1.11
2021-06-23,35.0963,139.0717,25.6,59.85,1006.85,18.3,450.0,8.0,0.04,0.08,0.14,0.24,0.4,1.8,26.5,0.333,0,0,0,0,0,0,Atami Japan Debris Flow 2021,Copernicus ERA5 Reanalysis (Open-Meteo Archive API),1,4.03,-0.91
2021-06-23,47.6062,-122.3321,27.9,56.05,1005.48,22.2,450.0,8.0,0.0,0.0,0.0,0.0,0.0,0.0,0.0,0.2,0,0,0,0,1,1,US Pacific NW Heat Dome 44.0°C,Copernicus ERA5 Reanalysis (Open-Meteo Archive API),48,4.88,-1.11
2021-06-24,47.6062,-122.3321,27.9,56.05,1005.48,22.2,450.0,8.0,0.0,0.0,0.0,0.0,0.0,0.0,0.0,0.2,0,0,0,0,1,1,US Pacific NW Heat Dome 44.0°C,Copernicus ERA5 Reanalysis (Open-Meteo Archive API),48,4.88,-1.11
2021-06-24,35.0963,139.0717,25.6,59.81,1006.85,18.3,450.0,8.0,0.13,0.26,0.45,0.78,1.3,2.3,26.1,0.331,0,0,0,0,0,0,Atami Japan Debris Flow 2021,Copernicus ERA5 Reanalysis (Open-Meteo Archive API),1,4.03,-0.91
2021-06-25,47.6062,-122.3321,27.9,56.05,1005.48,22.2,450.0,8.0,0.0,0.0,0.0,0.0,0.0,0.0,0.0,0.2,0,0,0,0,3,1,US Pacific NW Heat Dome 44.0°C,Copernicus ERA5 Reanalysis (Open-Meteo Archive API),48,4.88,-1.11
2021-06-25,35.0963,139.0717,25.6,59.6,1006.85,18.3,450.0,8.0,0.1,0.2,0.35,0.6,1.0,2.7,24.0,0.32,0,0,0,0,0,0,Atami Japan Debris Flow 2021,Copernicus ERA5 Reanalysis (Open-Meteo Archive API),1,4.03,-0.91
2021-06-26,35.0963,139.0717,25.6,57.78,1007.65,16.0,450.0,8.0,0.02,0.04,0.07,0.12,0.2,2.5,5.8,0.229,0,0,0,0,0,1,Atami Japan Debris Flow 2021,Copernicus ERA5 Reanalysis (Open-Meteo Archive API),1,3.52,-0.8
2021-06-26,47.6062,-122.3321,33.6,53.2,1005.48,22.2,450.0,8.0,0.0,0.0,0.0,0.0,0.0,0.0,0.0,0.2,0,0,0,0,3,2,US Pacific NW Heat Dome 44.0°C,Copernicus ERA5 Reanalysis (Open-Meteo Archive API),48,4.88,-1.11
2021-06-27,47.6062,-122.3321,34.6,52.7,1004.64,24.6,450.0,8.0,0.0,0.0,0.0,0.0,0.0,0.0,0.0,0.2,0,0,0,0,3,2,US Pacific NW Heat Dome 44.0°C,Copernicus ERA5 Reanalysis (Open-Meteo Archive API),48,5.41,-1.23
2021-06-27,35.0963,139.0717,25.6,57.81,1007.65,16.0,450.0,8.0,0.18,0.36,0.63,1.08,1.8,3.0,6.1,0.231,0,0,0,0,0,1,Atami Japan Debris Flow 2021,Copernicus ERA5 Reanalysis (Open-Meteo Archive API),1,3.52,-0.8
2021-06-28,47.6062,-122.3321,37.9,51.05,1004.64,24.6,450.0,8.0,0.0,0.0,0.0,0.0,0.0,0.0,0.0,0.2,1,0,0,0,3,2,US Pacific NW Heat Dome 44.0°C,Copernicus ERA5 Reanalysis (Open-Meteo Archive API),48,5.41,-1.23
2021-06-28,35.0963,139.0717,25.5,59.91,1006.28,19.9,450.0,8.0,2.13,4.26,7.46,12.78,21.3,23.3,26.6,0.333,0,0,0,0,0,0,Atami Japan Debris Flow 2021,Copernicus ERA5 Reanalysis (Open-Meteo Archive API),1,4.38,-1.0
2021-06-29,35.0963,139.0717,26.6,60.62,1006.28,19.9,450.0,8.0,1.32,2.64,4.62,7.92,13.2,36.3,39.2,0.396,0,0,0,0,0,0,Atami Japan Debris Flow 2021,Copernicus ERA5 Reanalysis (Open-Meteo Archive API),1,4.38,-1.0
2021-06-29,47.6062,-122.3321,37.9,51.05,1004.64,24.6,450.0,8.0,0.0,0.0,0.0,0.0,0.0,0.0,0.0,0.2,2,0,0,0,3,2,US Pacific NW Heat Dome 44.0°C,Copernicus ERA5 Reanalysis (Open-Meteo Archive API),48,5.41,-1.23
2021-06-30,47.6062,-122.3321,37.9,51.05,1004.64,24.6,450.0,8.0,0.0,0.0,0.0,0.0,0.0,0.0,0.0,0.2,2,0,0,0,3,2,US Pacific NW Heat Dome 44.0°C,Copernicus ERA5 Reanalysis (Open-Meteo Archive API),48,5.41,-1.23
2021-06-30,35.0963,139.0717,26.6,67.29,1006.28,19.9,450.0,8.0,6.71,13.42,23.48,40.26,67.1,101.6,105.9,0.73,0,2,2,0,0,0,Atami Japan Debris Flow 2021,Copernicus ERA5 Reanalysis (Open-Meteo Archive API),1,4.38,-1.0
2021-07-01,47.6062,-122.3321,37.9,51.06,1004.64,24.6,450.0,8.0,0.01,0.02,0.03,0.06,0.1,0.1,0.1,0.201,2,0,0,0,3,2,US Pacific NW Heat Dome 44.0°C,Copernicus ERA5 Reanalysis (Open-Meteo Archive API),48,5.41,-1.23
2021-07-01,35.0963,139.0717,26.6,79.03,1006.28,19.9,450.0,8.0,11.87,23.74,41.55,71.22,118.7,199.0,223.3,0.95,0,2,2,0,0,0,Atami Japan Debris Flow 2021,Copernicus ERA5 Reanalysis (Open-Meteo Archive API),1,4.38,-1.0
2021-07-02,35.0963,139.0717,26.6,92.7,1006.28,19.9,450.0,8.0,13.77,27.54,48.19,82.62,137.7,323.5,360.0,0.95,0,2,2,0,0,0,Atami Japan Debris Flow 2021,Copernicus ERA5 Reanalysis (Open-Meteo Archive API),1,4.38,-1.0
2021-07-02,47.6062,-122.3321,37.9,51.15,1004.64,24.6,450.0,8.0,0.09,0.18,0.32,0.54,0.9,1.0,1.0,0.205,2,0,0,0,1,2,US Pacific NW Heat Dome 44.0°C,Copernicus ERA5 Reanalysis (Open-Meteo Archive API),48,5.41,-1.23
2021-07-02,50.54,7.11,27.9,59.27,1006.57,19.1,450.0,8.0,0.02,0.04,0.07,0.12,0.2,6.6,32.2,0.361,0,1,0,0,0,0,European Ahr Valley Flood 2021,Copernicus ERA5 Reanalysis (Open-Meteo Archive API),20,4.2,-0.95
2021-07-03,47.6062,-122.3321,37.9,51.15,1004.64,24.6,450.0,8.0,0.0,0.0,0.0,0.0,0.0,1.0,1.0,0.205,2,0,0,0,1,2,US Pacific NW Heat Dome 44.0°C,Copernicus ERA5 Reanalysis (Open-Meteo Archive API),48,5.41,-1.23
2021-07-03,35.0963,139.0717,26.6,98.0,1006.28,19.9,450.0,8.0,6.56,13.12,22.96,39.36,65.6,322.0,425.4,0.95,0,2,2,0,0,0,Atami Japan Debris Flow 2021,Copernicus ERA5 Reanalysis (Open-Meteo Archive API),1,4.38,-1.0
2021-07-03,50.54,7.11,27.9,59.27,1006.57,19.1,450.0,8.0,0.0,0.0,0.0,0.0,0.0,2.3,32.2,0.361,0,1,0,0,0,0,European Ahr Valley Flood 2021,Copernicus ERA5 Reanalysis (Open-Meteo Archive API),20,4.2,-0.95
2021-07-04,50.54,7.11,27.9,59.31,1006.57,19.1,450.0,8.0,0.57,1.14,1.99,3.42,5.7,5.9,32.6,0.363,0,1,0,0,0,0,European Ahr Valley Flood 2021,Copernicus ERA5 Reanalysis (Open-Meteo Archive API),20,4.2,-0.95
2021-07-04,47.6062,-122.3321,37.9,51.15,1004.64,24.6,450.0,8.0,0.0,0.0,0.0,0.0,0.0,0.9,1.0,0.205,2,0,0,0,1,2,US Pacific NW Heat Dome 44.0°C,Copernicus ERA5 Reanalysis (Open-Meteo Archive API),48,5.41,-1.23
2021-07-04,35.0963,139.0717,26.6,98.0,1005.55,22.0,450.0,8.0,1.72,3.44,6.02,10.32,17.2,220.5,440.8,0.95,0,2,2,0,0,0,Atami Japan Debris Flow 2021,Copernicus ERA5 Reanalysis (Open-Meteo Archive API),1,4.84,-1.1
2021-07-05,47.6062,-122.3321,37.9,51.15,1004.75,24.3,450.0,8.0,0.0,0.0,0.0,0.0,0.0,0.0,1.0,0.205,2,0,0,0,1,2,US Pacific NW Heat Dome 44.0°C,Copernicus ERA5 Reanalysis (Open-Meteo Archive API),48,5.35,-1.21
2021-07-05,35.0963,139.0717,26.8,98.0,1005.55,22.0,450.0,8.0,0.09,0.18,0.32,0.54,0.9,83.7,420.4,0.95,0,2,2,0,0,0,Atami Japan Debris Flow 2021,Copernicus ERA5 Reanalysis (Open-Meteo Archive API),1,4.84,-1.1
2021-07-05,50.54,7.11,27.9,59.96,1006.57,19.1,450.0,8.0,0.85,1.7,2.97,5.1,8.5,14.2,39.1,0.396,0,1,0,0,0,0,European Ahr Valley Flood 2021,Copernicus ERA5 Reanalysis (Open-Meteo Archive API),20,4.2,-0.95
2021-07-06,35.0963,139.0717,28.3,96.83,1004.5,25.0,450.0,8.0,0.26,0.52,0.91,1.56,2.6,20.7,409.8,0.95,0,2,2,0,0,0,Atami Japan Debris Flow 2021,Copernicus ERA5 Reanalysis (Open-Meteo Archive API),1,5.5,-1.25
2021-07-06,47.6062,-122.3321,36.5,51.85,1004.78,24.2,450.0,8.0,0.0,0.0,0.0,0.0,0.0,0.0,1.0,0.205,1,0,0,0,1,2,US Pacific NW Heat Dome 44.0°C,Copernicus ERA5 Reanalysis (Open-Meteo Archive API),48,5.32,-1.21
2021-07-06,50.54,7.11,25.2,60.31,1005.16,23.1,450.0,8.0,0.83,1.66,2.91,4.98,8.3,22.5,29.1,0.346,0,1,0,0,0,0,European Ahr Valley Flood 2021,Copernicus ERA5 Reanalysis (Open-Meteo Archive API),20,5.08,-1.16
2021-07-07,50.54,7.11,25.2,59.9,1005.16,23.1,450.0,8.0,0.02,0.04,0.07,0.12,0.2,17.0,25.0,0.325,0,1,0,0,0,0,European Ahr Valley Flood 2021,Copernicus ERA5 Reanalysis (Open-Meteo Archive API),20,5.08,-1.16
2021-07-07,35.0963,139.0717,28.4,90.6,1003.66,27.4,450.0,8.0,0.53,1.06,1.85,3.18,5.3,8.8,348.0,0.95,0,2,0,0,0,0,Atami Japan Debris Flow 2021,Copernicus ERA5 Reanalysis (Open-Meteo Archive API),1,6.03,-1.37
2021-07-07,47.6062,-122.3321,30.3,54.97,1005.27,22.8,450.0,8.0,0.02,0.04,0.07,0.12,0.2,0.2,1.2,0.206,0,0,0,0,1,1,US Pacific NW Heat Dome 44.0°C,Copernicus ERA5 Reanalysis (Open-Meteo Archive API),48,5.02,-1.14
2021-07-08,50.54,7.11,25.2,60.18,1005.16,23.1,450.0,8.0,0.49,0.98,1.72,2.94,4.9,13.4,27.8,0.339,0,1,0,0,0,0,European Ahr Valley Flood 2021,Copernicus ERA5 Reanalysis (Open-Meteo Archive API),20,5.08,-1.16
2021-07-08,35.0963,139.0717,28.4,80.04,1003.66,27.4,450.0,8.0,1.31,2.62,4.58,7.86,13.1,21.0,242.4,0.95,0,2,0,0,0,0,Atami Japan Debris Flow 2021,Copernicus ERA5 Reanalysis (Open-Meteo Archive API),1,6.03,-1.37
2021-07-08,47.6062,-122.3321,27.1,56.56,1005.27,22.8,450.0,8.0,0.0,0.0,0.0,0.0,0.0,0.2,1.1,0.206,0,0,0,0,1,1,US Pacific NW Heat Dome 44.0°C,Copernicus ERA5 Reanalysis (Open-Meteo Archive API),48,5.02,-1.14
2021-07-09,35.0963,139.0717,28.4,66.8,1003.66,27.4,450.0,8.0,0.53,1.06,1.85,3.18,5.3,23.7,110.0,0.75,0,2,0,0,0,0,Atami Japan Debris Flow 2021,Copernicus ERA5 Reanalysis (Open-Meteo Archive API),1,6.03,-1.37
2021-07-09,47.6062,-122.3321,27.1,56.47,1005.27,22.8,450.0,8.0,0.0,0.0,0.0,0.0,0.0,0.2,0.2,0.201,0,0,0,0,1,1,US Pacific NW Heat Dome 44.0°C,Copernicus ERA5 Reanalysis (Open-Meteo Archive API),48,5.02,-1.14
2021-07-09,50.54,7.11,25.2,60.63,1005.16,23.1,450.0,8.0,0.47,0.94,1.65,2.82,4.7,9.8,32.3,0.362,0,1,0,0,0,0,European Ahr Valley Flood 2021,Copernicus ERA5 Reanalysis (Open-Meteo Archive API),20,5.08,-1.16
2021-07-10,50.54,7.11,25.2,61.3,1005.16,23.1,450.0,8.0,0.67,1.34,2.34,4.02,6.7,16.3,39.0,0.395,0,1,0,0,0,0,European Ahr Valley Flood 2021,Copernicus ERA5 Reanalysis (Open-Meteo Archive API),20,5.08,-1.16
2021-07-10,47.6062,-122.3321,27.1,56.47,1005.27,22.8,450.0,8.0,0.0,0.0,0.0,0.0,0.0,0.0,0.2,0.201,0,0,0,0,1,1,US Pacific NW Heat Dome 44.0°C,Copernicus ERA5 Reanalysis (Open-Meteo Archive API),48,5.02,-1.14
2021-07-10,35.0963,139.0717,31.1,58.92,1003.66,27.4,450.0,8.0,0.03,0.06,0.1,0.18,0.3,18.7,44.7,0.423,0,1,0,0,0,0,Atami Japan Debris Flow 2021,Copernicus ERA5 Reanalysis (Open-Meteo Archive API),1,6.03,-1.37
2021-07-11,50.54,7.11,23.1,62.08,1005.16,23.1,450.0,8.0,0.3,0.6,1.05,1.8,3.0,14.4,36.3,0.382,0,3,0,0,0,0,European Ahr Valley Flood 2021,Copernicus ERA5 Reanalysis (Open-Meteo Archive API),20,5.08,-1.16
2021-07-11,35.0963,139.0717,31.1,57.22,1003.66,27.4,450.0,8.0,0.02,0.04,0.07,0.12,0.2,5.8,27.7,0.339,0,0,0,0,0,0,Atami Japan Debris Flow 2021,Copernicus ERA5 Reanalysis (Open-Meteo Archive API),1,6.03,-1.37
2021-07-12,50.54,7.11,23.8,60.93,1005.16,23.1,450.0,8.0,0.05,0.1,0.17,0.3,0.5,10.2,28.3,0.342,0,3,0,0,0,0,European Ahr Valley Flood 2021,Copernicus ERA5 Reanalysis (Open-Meteo Archive API),20,5.08,-1.16
2021-07-12,35.0963,139.0717,31.1,57.85,1003.66,27.4,450.0,8.0,0.72,1.44,2.52,4.32,7.2,7.7,34.0,0.37,0,0,0,0,0,0,Atami Japan Debris Flow 2021,Copernicus ERA5 Reanalysis (Open-Meteo Archive API),1,6.03,-1.37
2021-07-13,50.54,7.11,23.8,62.28,1005.16,23.1,450.0,8.0,2.18,4.36,7.63,13.08,21.8,25.3,41.8,0.409,0,3,0,0,0,0,European Ahr Valley Flood 2021,Copernicus ERA5 Reanalysis (Open-Meteo Archive API),20,5.08,-1.16
2021-07-13,35.0963,139.0717,31.1,58.2,1003.66,27.4,450.0,8.0,0.61,1.22,2.13,3.66,6.1,13.5,37.5,0.388,0,0,0,0,0,0,Atami Japan Debris Flow 2021,Copernicus ERA5 Reanalysis (Open-Meteo Archive API),1,6.03,-1.37
2021-07-14,35.0963,139.0717,31.1,58.42,1003.66,27.4,450.0,8.0,0.75,1.5,2.62,4.5,7.5,20.8,39.7,0.398,0,0,0,0,0,0,Atami Japan Debris Flow 2021,Copernicus ERA5 Reanalysis (Open-Meteo Archive API),1,6.03,-1.37
2021-07-14,50.54,7.11,23.8,66.79,1007.44,16.6,450.0,8.0,4.53,9.06,15.85,27.18,45.3,67.6,86.9,0.635,0,3,1,0,0,0,European Ahr Valley Flood 2021,Copernicus ERA5 Reanalysis (Open-Meteo Archive API),20,3.65,-0.83
2021-07-15,35.0963,139.0717,31.1,57.31,1005.27,22.8,450.0,8.0,0.2,0.4,0.7,1.2,2.0,15.6,28.6,0.343,0,0,0,0,0,0,Atami Japan Debris Flow 2021,Copernicus ERA5 Reanalysis (Open-Meteo Archive API),1,5.02,-1.14
2021-07-15,50.54,7.11,23.8,66.51,1008.32,14.1,450.0,8.0,0.21,0.42,0.73,1.26,2.1,69.2,84.1,0.621,0,3,1,0,0,0,European Ahr Valley Flood 2021,Copernicus ERA5 Reanalysis (Open-Meteo Archive API),20,3.1,-0.7
2021-07-16,50.54,7.11,23.8,66.35,1007.16,17.4,450.0,8.0,0.31,0.62,1.08,1.86,3.1,50.5,82.5,0.612,0,3,1,0,0,0,European Ahr Valley Flood 2021,Copernicus ERA5 Reanalysis (Open-Meteo Archive API),20,3.83,-0.87
2021-07-17,50.54,7.11,24.2,65.48,1006.88,18.2,450.0,8.0,0.0,0.0,0.0,0.0,0.0,5.2,75.8,0.579,0,3,0,0,0,0,European Ahr Valley Flood 2021,Copernicus ERA5 Reanalysis (Open-Meteo Archive API),20,4.0,-0.91
2021-07-18,50.54,7.11,24.7,64.93,1006.88,18.2,450.0,8.0,0.0,0.0,0.0,0.0,0.0,3.1,72.8,0.564,0,1,0,0,0,0,European Ahr Valley Flood 2021,Copernicus ERA5 Reanalysis (Open-Meteo Archive API),20,4.0,-0.91
2021-07-19,50.54,7.11,24.7,64.88,1006.88,18.2,450.0,8.0,0.0,0.0,0.0,0.0,0.0,0.0,72.3,0.561,0,1,0,0,0,0,European Ahr Valley Flood 2021,Copernicus ERA5 Reanalysis (Open-Meteo Archive API),20,4.0,-0.91
2021-07-20,50.54,7.11,24.7,62.7,1006.88,18.2,450.0,8.0,0.0,0.0,0.0,0.0,0.0,0.0,50.5,0.453,0,1,0,0,0,0,European Ahr Valley Flood 2021,Copernicus ERA5 Reanalysis (Open-Meteo Archive API),20,4.0,-0.91
2021-07-21,50.54,7.11,24.7,58.17,1006.88,18.2,450.0,8.0,0.0,0.0,0.0,0.0,0.0,0.0,5.2,0.226,0,1,0,0,0,1,European Ahr Valley Flood 2021,Copernicus ERA5 Reanalysis (Open-Meteo Archive API),20,4.0,-0.91
2021-07-22,50.54,7.11,24.7,57.96,1006.88,18.2,450.0,8.0,0.0,0.0,0.0,0.0,0.0,0.0,3.1,0.216,0,1,0,0,0,1,European Ahr Valley Flood 2021,Copernicus ERA5 Reanalysis (Open-Meteo Archive API),20,4.0,-0.91
2021-07-23,50.54,7.11,25.0,57.5,1006.88,18.2,450.0,8.0,0.0,0.0,0.0,0.0,0.0,0.0,0.0,0.2,0,1,0,0,0,1,European Ahr Valley Flood 2021,Copernicus ERA5 Reanalysis (Open-Meteo Archive API),20,4.0,-0.91
2021-07-24,50.54,7.11,25.0,57.96,1006.88,18.2,450.0,8.0,0.46,0.92,1.61,2.76,4.6,4.6,4.6,0.223,0,1,0,0,0,1,European Ahr Valley Flood 2021,Copernicus ERA5 Reanalysis (Open-Meteo Archive API),20,4.0,-0.91
2021-07-25,50.54,7.11,25.1,57.98,1006.95,18.0,450.0,8.0,0.07,0.14,0.24,0.42,0.7,5.3,5.3,0.227,0,1,0,0,0,1,European Ahr Valley Flood 2021,Copernicus ERA5 Reanalysis (Open-Meteo Archive API),20,3.96,-0.9
2021-07-26,50.54,7.11,25.1,58.76,1007.54,16.3,450.0,8.0,0.78,1.56,2.73,4.68,7.8,13.1,13.1,0.266,0,1,0,0,0,0,European Ahr Valley Flood 2021,Copernicus ERA5 Reanalysis (Open-Meteo Archive API),20,3.59,-0.82
2021-08-03,36.7468,-119.7726,42.3,48.85,1005.51,22.1,450.0,8.0,0.0,0.0,0.0,0.0,0.0,0.0,0.0,0.2,8,0,0,0,2,1,California Exceptional Drought 2021,Copernicus ERA5 Reanalysis (Open-Meteo Archive API),3,4.86,-1.11
2021-08-04,36.7468,-119.7726,42.7,48.65,1005.51,22.1,450.0,8.0,0.0,0.0,0.0,0.0,0.0,0.0,0.0,0.2,8,0,0,0,2,1,California Exceptional Drought 2021,Copernicus ERA5 Reanalysis (Open-Meteo Archive API),3,4.86,-1.11
2021-08-05,36.7468,-119.7726,42.7,48.65,1005.51,22.1,450.0,8.0,0.0,0.0,0.0,0.0,0.0,0.0,0.0,0.2,8,0,0,0,2,1,California Exceptional Drought 2021,Copernicus ERA5 Reanalysis (Open-Meteo Archive API),3,4.86,-1.11
2021-08-06,36.7468,-119.7726,42.7,48.65,1005.51,22.1,450.0,8.0,0.0,0.0,0.0,0.0,0.0,0.0,0.0,0.2,8,0,0,0,2,1,California Exceptional Drought 2021,Copernicus ERA5 Reanalysis (Open-Meteo Archive API),3,4.86,-1.11
2021-08-07,36.7468,-119.7726,42.7,48.65,1005.51,22.1,450.0,8.0,0.0,0.0,0.0,0.0,0.0,0.0,0.0,0.2,8,0,0,0,2,1,California Exceptional Drought 2021,Copernicus ERA5 Reanalysis (Open-Meteo Archive API),3,4.86,-1.11
2021-08-08,36.7468,-119.7726,42.7,48.65,1005.51,22.1,450.0,8.0,0.0,0.0,0.0,0.0,0.0,0.0,0.0,0.2,8,0,0,0,2,1,California Exceptional Drought 2021,Copernicus ERA5 Reanalysis (Open-Meteo Archive API),3,4.86,-1.11
2021-08-09,36.7468,-119.7726,42.7,48.65,1006.0,20.7,450.0,8.0,0.0,0.0,0.0,0.0,0.0,0.0,0.0,0.2,8,0,0,0,2,1,California Exceptional Drought 2021,Copernicus ERA5 Reanalysis (Open-Meteo Archive API),3,4.55,-1.04
2021-08-10,36.7468,-119.7726,42.7,48.65,1006.0,20.7,450.0,8.0,0.0,0.0,0.0,0.0,0.0,0.0,0.0,0.2,8,0,0,0,2,1,California Exceptional Drought 2021,Copernicus ERA5 Reanalysis (Open-Meteo Archive API),3,4.55,-1.04
2021-08-11,36.7468,-119.7726,42.7,48.65,1006.0,20.7,450.0,8.0,0.0,0.0,0.0,0.0,0.0,0.0,0.0,0.2,8,0,0,0,2,1,California Exceptional Drought 2021,Copernicus ERA5 Reanalysis (Open-Meteo Archive API),3,4.55,-1.04
2021-08-12,36.7468,-119.7726,42.7,48.65,1006.0,20.7,450.0,8.0,0.0,0.0,0.0,0.0,0.0,0.0,0.0,0.2,8,0,0,0,2,3,California Exceptional Drought 2021,Copernicus ERA5 Reanalysis (Open-Meteo Archive API),3,4.55,-1.04
2021-08-13,36.7468,-119.7726,42.7,48.65,1006.71,18.7,450.0,8.0,0.0,0.0,0.0,0.0,0.0,0.0,0.0,0.2,8,0,0,0,2,3,California Exceptional Drought 2021,Copernicus ERA5 Reanalysis (Open-Meteo Archive API),3,4.11,-0.93
2021-08-14,36.7468,-119.7726,42.7,48.65,1006.53,19.2,450.0,8.0,0.0,0.0,0.0,0.0,0.0,0.0,0.0,0.2,8,0,0,0,2,3,California Exceptional Drought 2021,Copernicus ERA5 Reanalysis (Open-Meteo Archive API),3,4.22,-0.96
2021-08-15,36.7468,-119.7726,42.7,48.65,1006.53,19.2,450.0,8.0,0.0,0.0,0.0,0.0,0.0,0.0,0.0,0.2,8,0,0,0,2,3,California Exceptional Drought 2021,Copernicus ERA5 Reanalysis (Open-Meteo Archive API),3,4.22,-0.96
2021-08-16,36.7468,-119.7726,43.5,48.25,1006.53,19.2,450.0,8.0,0.0,0.0,0.0,0.0,0.0,0.0,0.0,0.2,8,0,0,0,2,3,California Exceptional Drought 2021,Copernicus ERA5 Reanalysis (Open-Meteo Archive API),3,4.22,-0.96
2021-08-17,29.25,-90.0,31.1,56.13,1002.54,30.6,450.0,8.0,0.02,0.04,0.07,0.12,0.2,4.2,16.8,0.284,0,0,0,1,0,0,Hurricane Ida - Louisiana,Copernicus ERA5 Reanalysis (Open-Meteo Archive API),24,6.73,-1.53
2021-08-17,36.7468,-119.7726,43.5,48.25,1006.53,19.2,450.0,8.0,0.0,0.0,0.0,0.0,0.0,0.0,0.0,0.2,8,0,0,0,2,3,California Exceptional Drought 2021,Copernicus ERA5 Reanalysis (Open-Meteo Archive API),3,4.22,-0.96
2021-08-18,29.25,-90.0,31.1,56.08,1002.54,30.6,450.0,8.0,0.23,0.46,0.8,1.38,2.3,5.4,16.3,0.282,0,0,0,1,0,0,Hurricane Ida - Louisiana,Copernicus ERA5 Reanalysis (Open-Meteo Archive API),24,6.73,-1.53
2021-08-18,36.7468,-119.7726,43.5,48.25,1005.24,22.9,450.0,8.0,0.0,0.0,0.0,0.0,0.0,0.0,0.0,0.2,8,0,0,0,2,3,California Exceptional Drought 2021,Copernicus ERA5 Reanalysis (Open-Meteo Archive API),3,5.04,-1.14
2021-08-19,29.25,-90.0,31.1,55.77,1002.54,30.6,450.0,8.0,0.13,0.26,0.45,0.78,1.3,3.8,13.2,0.266,0,0,0,1,0,0,Hurricane Ida - Louisiana,Copernicus ERA5 Reanalysis (Open-Meteo Archive API),24,6.73,-1.53
2021-08-19,36.7468,-119.7726,43.5,48.25,1005.24,22.9,450.0,8.0,0.0,0.0,0.0,0.0,0.0,0.0,0.0,0.2,7,0,0,0,2,1,California Exceptional Drought 2021,Copernicus ERA5 Reanalysis (Open-Meteo Archive API),3,5.04,-1.14
2021-08-20,29.25,-90.0,31.1,55.26,1002.54,30.6,450.0,8.0,0.0,0.0,0.0,0.0,0.0,3.6,8.1,0.241,0,0,0,1,0,1,Hurricane Ida - Louisiana,Copernicus ERA5 Reanalysis (Open-Meteo Archive API),24,6.73,-1.53
2021-08-20,36.7468,-119.7726,43.5,48.25,1005.24,22.9,450.0,8.0,0.0,0.0,0.0,0.0,0.0,0.0,0.0,0.2,7,0,0,0,2,1,California Exceptional Drought 2021,Copernicus ERA5 Reanalysis (Open-Meteo Archive API),3,5.04,-1.14
2021-08-21,36.7468,-119.7726,43.5,48.25,1005.24,22.9,450.0,8.0,0.0,0.0,0.0,0.0,0.0,0.0,0.0,0.2,7,0,0,0,2,1,California Exceptional Drought 2021,Copernicus ERA5 Reanalysis (Open-Meteo Archive API),3,5.04,-1.14
2021-08-21,29.25,-90.0,31.1,55.23,1002.54,30.6,450.0,8.0,0.0,0.0,0.0,0.0,0.0,1.3,7.8,0.239,0,0,0,1,0,1,Hurricane Ida - Louisiana,Copernicus ERA5 Reanalysis (Open-Meteo Archive API),24,6.73,-1.53
2021-08-22,36.7468,-119.7726,43.5,48.25,1005.24,22.9,450.0,8.0,0.0,0.0,0.0,0.0,0.0,0.0,0.0,0.2,6,0,0,0,2,1,California Exceptional Drought 2021,Copernicus ERA5 Reanalysis (Open-Meteo Archive API),3,5.04,-1.14
2021-08-22,29.25,-90.0,31.1,55.15,1002.54,30.6,450.0,8.0,0.03,0.06,0.1,0.18,0.3,0.3,7.0,0.235,0,0,0,1,0,1,Hurricane Ida - Louisiana,Copernicus ERA5 Reanalysis (Open-Meteo Archive API),24,6.73,-1.53
2021-08-23,29.25,-90.0,31.1,54.91,1002.54,30.6,450.0,8.0,0.05,0.1,0.17,0.3,0.5,0.8,4.6,0.223,0,0,0,1,0,1,Hurricane Ida - Louisiana,Copernicus ERA5 Reanalysis (Open-Meteo Archive API),24,6.73,-1.53
2021-08-23,36.7468,-119.7726,43.5,48.25,1005.24,22.9,450.0,8.0,0.0,0.0,0.0,0.0,0.0,0.0,0.0,0.2,6,0,0,0,2,1,California Exceptional Drought 2021,Copernicus ERA5 Reanalysis (Open-Meteo Archive API),3,5.04,-1.14
2021-08-24,29.25,-90.0,31.1,55.34,1004.88,23.9,450.0,8.0,0.45,0.9,1.57,2.7,4.5,5.3,8.9,0.244,0,0,0,1,0,1,Hurricane Ida - Louisiana,Copernicus ERA5 Reanalysis (Open-Meteo Archive API),24,5.26,-1.2
2021-08-24,36.7468,-119.7726,40.3,49.85,1005.24,22.9,450.0,8.0,0.0,0.0,0.0,0.0,0.0,0.0,0.0,0.2,6,0,0,0,2,1,California Exceptional Drought 2021,Copernicus ERA5 Reanalysis (Open-Meteo Archive API),3,5.04,-1.14
2021-08-25,36.7468,-119.7726,39.1,50.45,1005.24,22.9,450.0,8.0,0.0,0.0,0.0,0.0,0.0,0.0,0.0,0.2,6,0,0,0,1,1,California Exceptional Drought 2021,Copernicus ERA5 Reanalysis (Open-Meteo Archive API),3,5.04,-1.14
2021-08-25,29.25,-90.0,31.1,55.77,1004.88,23.9,450.0,8.0,0.66,1.32,2.31,3.96,6.6,11.6,13.2,0.266,0,0,0,1,0,0,Hurricane Ida - Louisiana,Copernicus ERA5 Reanalysis (Open-Meteo Archive API),24,5.26,-1.2
2021-08-26,29.25,-90.0,31.1,56.68,1004.36,25.4,450.0,8.0,1.04,2.08,3.64,6.24,10.4,21.5,22.3,0.311,0,0,0,3,0,0,Hurricane Ida - Louisiana,Copernicus ERA5 Reanalysis (Open-Meteo Archive API),24,5.59,-1.27
2021-08-26,36.7468,-119.7726,37.7,51.15,1006.22,20.1,450.0,8.0,0.0,0.0,0.0,0.0,0.0,0.0,0.0,0.2,6,0,0,0,1,1,California Exceptional Drought 2021,Copernicus ERA5 Reanalysis (Open-Meteo Archive API),3,4.42,-1.0
2021-08-27,36.7468,-119.7726,39.1,50.45,1006.22,20.1,450.0,8.0,0.0,0.0,0.0,0.0,0.0,0.0,0.0,0.2,7,0,0,0,1,1,California Exceptional Drought 2021,Copernicus ERA5 Reanalysis (Open-Meteo Archive API),3,4.42,-1.0
2021-08-27,29.25,-90.0,31.1,59.48,1000.97,35.1,450.0,8.0,2.8,5.6,9.8,16.8,28.0,45.0,50.3,0.452,0,1,0,3,0,0,Hurricane Ida - Louisiana,Copernicus ERA5 Reanalysis (Open-Meteo Archive API),24,7.72,-1.75
2021-08-28,29.25,-90.0,31.1,61.09,1000.97,35.1,450.0,8.0,1.61,3.22,5.63,9.66,16.1,54.5,66.4,0.532,0,1,1,3,0,0,Hurricane Ida - Louisiana,Copernicus ERA5 Reanalysis (Open-Meteo Archive API),24,7.72,-1.75
2021-08-29,29.25,-90.0,31.1,82.42,947.13,188.9,450.0,8.0,21.36,42.72,74.76,128.16,213.6,257.7,279.7,0.95,0,2,1,3,0,0,Hurricane Ida - Louisiana,Copernicus ERA5 Reanalysis (Open-Meteo Archive API),24,41.56,-9.45
2021-08-30,29.25,-90.0,31.1,98.0,947.13,188.9,450.0,8.0,17.36,34.72,60.76,104.16,173.6,403.3,452.8,0.95,0,2,1,3,0,0,Hurricane Ida - Louisiana,Copernicus ERA5 Reanalysis (Open-Meteo Archive API),24,41.56,-9.45
2021-08-31,29.25,-90.0,31.0,98.0,947.13,188.9,450.0,8.0,4.68,9.36,16.38,28.08,46.8,434.0,495.1,0.95,0,2,1,3,0,0,Hurricane Ida - Louisiana,Copernicus ERA5 Reanalysis (Open-Meteo Archive API),24,41.56,-9.45
2021-09-01,29.25,-90.0,30.5,98.0,947.13,188.9,450.0,8.0,1.41,2.82,4.93,8.46,14.1,234.5,502.6,0.95,0,2,1,3,0,0,Hurricane Ida - Louisiana,Copernicus ERA5 Reanalysis (Open-Meteo Archive API),24,41.56,-9.45
2021-09-02,29.25,-90.0,30.5,98.0,947.13,188.9,450.0,8.0,0.44,0.88,1.54,2.64,4.4,65.3,496.6,0.95,0,2,1,1,0,0,Hurricane Ida - Louisiana,Copernicus ERA5 Reanalysis (Open-Meteo Archive API),24,41.56,-9.45
2021-09-03,29.25,-90.0,30.5,98.0,947.13,188.9,450.0,8.0,0.44,0.88,1.54,2.64,4.4,22.9,473.0,0.95,0,2,0,1,0,0,Hurricane Ida - Louisiana,Copernicus ERA5 Reanalysis (Open-Meteo Archive API),24,41.56,-9.45
2021-09-04,29.25,-90.0,30.5,98.0,947.13,188.9,450.0,8.0,0.02,0.04,0.07,0.12,0.2,9.0,457.1,0.95,0,2,0,1,0,0,Hurricane Ida - Louisiana,Copernicus ERA5 Reanalysis (Open-Meteo Archive API),24,41.56,-9.45
2021-09-05,29.25,-90.0,30.5,79.11,947.13,188.9,450.0,8.0,0.01,0.02,0.03,0.06,0.1,4.7,243.6,0.95,0,2,0,1,0,0,Hurricane Ida - Louisiana,Copernicus ERA5 Reanalysis (Open-Meteo Archive API),24,41.56,-9.45
2021-09-06,29.25,-90.0,29.7,62.95,975.49,107.9,450.0,8.0,0.8,1.6,2.8,4.8,8.0,8.3,78.0,0.59,0,1,0,1,0,0,Hurricane Ida - Louisiana,Copernicus ERA5 Reanalysis (Open-Meteo Archive API),24,23.74,-5.39
2021-09-07,29.25,-90.0,29.7,58.62,996.98,46.5,450.0,8.0,0.35,0.7,1.22,2.1,3.5,11.6,34.7,0.374,0,0,0,1,0,0,Hurricane Ida - Louisiana,Copernicus ERA5 Reanalysis (Open-Meteo Archive API),24,10.23,-2.32
2021-09-08,29.25,-90.0,29.7,57.77,1003.17,28.8,450.0,8.0,0.56,1.12,1.96,3.36,5.6,17.1,26.2,0.331,0,0,0,1,0,0,Hurricane Ida - Louisiana,Copernicus ERA5 Reanalysis (Open-Meteo Archive API),24,6.34,-1.44
2021-09-09,29.25,-90.0,29.7,57.48,1004.33,25.5,450.0,8.0,0.15,0.3,0.52,0.9,1.5,10.6,23.3,0.317,0,0,0,1,0,0,Hurricane Ida - Louisiana,Copernicus ERA5 Reanalysis (Open-Meteo Archive API),24,5.61,-1.27
2021-09-10,29.25,-90.0,29.7,57.04,1002.78,29.9,450.0,8.0,0.0,0.0,0.0,0.0,0.0,7.1,18.9,0.294,0,0,0,1,0,0,Hurricane Ida - Louisiana,Copernicus ERA5 Reanalysis (Open-Meteo Archive API),24,6.58,-1.5
2021-09-14,18.3,84.5,30.0,63.42,994.88,52.5,450.0,8.0,1.67,3.34,5.84,10.02,16.7,49.7,84.2,0.621,0,1,0,0,0,0,Cyclone Gulab - AP Odisha,Copernicus ERA5 Reanalysis (Open-Meteo Archive API),10,11.55,-2.62
2021-09-15,18.3,84.5,30.0,63.47,994.88,52.5,450.0,8.0,0.44,0.88,1.54,2.64,4.4,35.6,84.7,0.623,0,1,0,0,0,0,Cyclone Gulab - AP Odisha,Copernicus ERA5 Reanalysis (Open-Meteo Archive API),10,11.55,-2.62
2021-09-16,18.3,84.5,30.0,62.51,994.88,52.5,450.0,8.0,0.24,0.48,0.84,1.44,2.4,23.5,75.1,0.576,0,1,0,0,0,0,Cyclone Gulab - AP Odisha,Copernicus ERA5 Reanalysis (Open-Meteo Archive API),10,11.55,-2.62
2021-09-17,18.3,84.5,30.0,61.7,994.88,52.5,450.0,8.0,0.13,0.26,0.45,0.78,1.3,8.1,67.0,0.535,0,1,0,0,0,0,Cyclone Gulab - AP Odisha,Copernicus ERA5 Reanalysis (Open-Meteo Archive API),10,11.55,-2.62
2021-09-18,18.3,84.5,30.0,61.06,994.88,52.5,450.0,8.0,0.28,0.56,0.98,1.68,2.8,6.5,60.6,0.503,0,1,0,0,0,0,Cyclone Gulab - AP Odisha,Copernicus ERA5 Reanalysis (Open-Meteo Archive API),10,11.55,-2.62
2021-09-19,18.3,84.5,30.0,59.45,994.88,52.5,450.0,8.0,0.24,0.48,0.84,1.44,2.4,6.5,44.5,0.422,0,1,0,0,0,0,Cyclone Gulab - AP Odisha,Copernicus ERA5 Reanalysis (Open-Meteo Archive API),10,11.55,-2.62
2021-09-20,18.3,84.5,30.0,58.87,994.88,52.5,450.0,8.0,0.87,1.74,3.04,5.22,8.7,13.9,38.7,0.394,0,0,0,0,0,0,Cyclone Gulab - AP Odisha,Copernicus ERA5 Reanalysis (Open-Meteo Archive API),10,11.55,-2.62
2021-09-21,18.3,84.5,29.9,57.43,994.88,52.5,450.0,8.0,0.18,0.36,0.63,1.08,1.8,12.9,23.8,0.319,0,0,0,0,0,0,Cyclone Gulab - AP Odisha,Copernicus ERA5 Reanalysis (Open-Meteo Archive API),10,11.55,-2.62
2021-09-22,18.3,84.5,29.9,57.32,999.71,38.7,450.0,8.0,0.33,0.66,1.15,1.98,3.3,13.8,22.7,0.314,0,0,0,0,0,0,Cyclone Gulab - AP Odisha,Copernicus ERA5 Reanalysis (Open-Meteo Archive API),10,8.51,-1.93
2021-09-23,18.3,84.5,29.9,57.48,1003.0,29.3,450.0,8.0,0.4,0.8,1.4,2.4,4.0,9.1,24.3,0.322,0,0,0,2,0,0,Cyclone Gulab - AP Odisha,Copernicus ERA5 Reanalysis (Open-Meteo Archive API),10,6.45,-1.46
2021-09-24,18.3,84.5,29.9,57.59,1003.7,27.3,450.0,8.0,0.24,0.48,0.84,1.44,2.4,9.7,25.4,0.327,0,0,0,2,0,0,Cyclone Gulab - AP Odisha,Copernicus ERA5 Reanalysis (Open-Meteo Archive API),10,6.01,-1.36
2021-09-25,18.3,84.5,29.6,58.21,1003.7,27.3,450.0,8.0,0.75,1.5,2.62,4.5,7.5,13.9,30.1,0.351,0,0,0,2,0,0,Cyclone Gulab - AP Odisha,Copernicus ERA5 Reanalysis (Open-Meteo Archive API),10,6.01,-1.36
2021-09-26,18.3,84.5,29.6,82.77,989.73,67.2,450.0,8.0,24.8,49.6,86.8,148.8,248.0,257.9,275.7,0.95,0,2,1,2,0,0,Cyclone Gulab - AP Odisha,Copernicus ERA5 Reanalysis (Open-Meteo Archive API),10,14.78,-3.36
2021-09-27,18.3,84.5,29.6,84.68,989.73,67.2,450.0,8.0,2.78,5.56,9.73,16.68,27.8,283.3,294.8,0.95,0,2,1,2,0,0,Cyclone Gulab - AP Odisha,Copernicus ERA5 Reanalysis (Open-Meteo Archive API),10,14.78,-3.36
2021-09-28,18.3,84.5,29.6,85.35,989.73,67.2,450.0,8.0,0.85,1.7,2.97,5.1,8.5,284.3,301.5,0.95,0,2,1,2,0,0,Cyclone Gulab - AP Odisha,Copernicus ERA5 Reanalysis (Open-Meteo Archive API),10,14.78,-3.36
2021-09-29,18.3,84.5,29.2,85.58,989.73,67.2,450.0,8.0,0.36,0.72,1.26,2.16,3.6,39.9,301.8,0.95,0,2,0,2,0,0,Cyclone Gulab - AP Odisha,Copernicus ERA5 Reanalysis (Open-Meteo Archive API),10,14.78,-3.36
2021-09-30,18.3,84.5,29.2,85.3,989.73,67.2,450.0,8.0,0.12,0.24,0.42,0.72,1.2,13.3,299.0,0.95,0,2,0,0,0,0,Cyclone Gulab - AP Odisha,Copernicus ERA5 Reanalysis (Open-Meteo Archive API),10,14.78,-3.36
2021-10-01,18.3,84.5,29.3,85.06,989.73,67.2,450.0,8.0,0.05,0.1,0.17,0.3,0.5,5.3,297.1,0.95,0,2,0,0,0,0,Cyclone Gulab - AP Odisha,Copernicus ERA5 Reanalysis (Open-Meteo Archive API),10,14.78,-3.36
2021-10-02,18.3,84.5,29.3,84.4,989.73,67.2,450.0,8.0,0.09,0.18,0.32,0.54,0.9,2.6,290.5,0.95,0,2,0,0,0,0,Cyclone Gulab - AP Odisha,Copernicus ERA5 Reanalysis (Open-Meteo Archive API),10,14.78,-3.36
2021-10-03,18.3,84.5,29.4,59.65,989.73,67.2,450.0,8.0,0.1,0.2,0.35,0.6,1.0,2.4,43.5,0.417,0,1,0,0,0,0,Cyclone Gulab - AP Odisha,Copernicus ERA5 Reanalysis (Open-Meteo Archive API),10,14.78,-3.36
2021-10-04,18.3,84.5,29.4,56.94,1000.2,37.3,450.0,8.0,0.07,0.14,0.24,0.42,0.7,2.6,16.4,0.282,0,0,0,0,0,0,Cyclone Gulab - AP Odisha,Copernicus ERA5 Reanalysis (Open-Meteo Archive API),10,8.21,-1.86
2021-10-05,18.3,84.5,29.7,55.95,1006.04,20.6,450.0,8.0,0.01,0.02,0.03,0.06,0.1,1.8,8.0,0.24,0,0,0,0,0,1,Cyclone Gulab - AP Odisha,Copernicus ERA5 Reanalysis (Open-Meteo Archive API),10,4.53,-1.03
2021-10-06,18.3,84.5,29.7,55.6,1006.6,19.0,450.0,8.0,0.01,0.02,0.03,0.06,0.1,0.9,4.5,0.223,0,0,0,0,0,1,Cyclone Gulab - AP Odisha,Copernicus ERA5 Reanalysis (Open-Meteo Archive API),10,4.18,-0.95
2021-10-07,18.3,84.5,29.7,55.52,1006.6,19.0,450.0,8.0,0.04,0.08,0.14,0.24,0.4,0.6,3.7,0.218,0,0,0,0,0,1,Cyclone Gulab - AP Odisha,Copernicus ERA5 Reanalysis (Open-Meteo Archive API),10,4.18,-0.95
2021-10-08,18.3,84.5,30.2,55.34,1006.6,19.0,450.0,8.0,0.12,0.24,0.42,0.72,1.2,1.7,4.4,0.222,0,0,0,0,0,1,Cyclone Gulab - AP Odisha,Copernicus ERA5 Reanalysis (Open-Meteo Archive API),10,4.18,-0.95
2021-12-04,9.85,126.05,28.8,60.55,1005.79,21.3,450.0,8.0,0.34,0.68,1.19,2.04,3.4,42.5,49.5,0.448,0,1,0,1,0,0,Typhoon Rai - Philippines,Copernicus ERA5 Reanalysis (Open-Meteo Archive API),46,4.69,-1.07
2021-12-05,9.85,126.05,28.8,60.7,1005.41,22.4,450.0,8.0,0.37,0.74,1.29,2.22,3.7,25.4,51.0,0.455,0,1,0,1,0,0,Typhoon Rai - Philippines,Copernicus ERA5 Reanalysis (Open-Meteo Archive API),46,4.93,-1.12
2021-12-06,9.85,126.05,28.8,62.94,1005.41,22.4,450.0,8.0,2.36,4.72,8.26,14.16,23.6,30.7,73.4,0.567,0,1,0,1,0,0,Typhoon Rai - Philippines,Copernicus ERA5 Reanalysis (Open-Meteo Archive API),46,4.93,-1.12
2021-12-07,9.85,126.05,28.8,66.27,1005.41,22.4,450.0,8.0,3.4,6.8,11.9,20.4,34.0,61.3,106.7,0.734,0,2,1,1,0,0,Typhoon Rai - Philippines,Copernicus ERA5 Reanalysis (Open-Meteo Archive API),46,4.93,-1.12
2021-12-08,9.85,126.05,29.0,69.02,1005.41,22.4,450.0,8.0,3.14,6.28,10.99,18.84,31.4,89.0,135.2,0.876,0,2,1,1,0,0,Typhoon Rai - Philippines,Copernicus ERA5 Reanalysis (Open-Meteo Archive API),46,4.93,-1.12
2021-12-09,9.85,126.05,29.0,70.15,1003.84,26.9,450.0,8.0,3.21,6.42,11.23,19.26,32.1,97.5,146.5,0.933,0,2,1,1,0,0,Typhoon Rai - Philippines,Copernicus ERA5 Reanalysis (Open-Meteo Archive API),46,5.92,-1.34
2021-12-10,9.85,126.05,29.0,69.06,1003.84,26.9,450.0,8.0,0.74,1.48,2.59,4.44,7.4,70.9,135.6,0.878,0,2,1,1,0,0,Typhoon Rai - Philippines,Copernicus ERA5 Reanalysis (Open-Meteo Archive API),46,5.92,-1.34
2021-12-11,9.85,126.05,29.0,69.97,1003.84,26.9,450.0,8.0,1.25,2.5,4.38,7.5,12.5,52.0,144.7,0.923,0,2,1,1,0,0,Typhoon Rai - Philippines,Copernicus ERA5 Reanalysis (Open-Meteo Archive API),46,5.92,-1.34
2021-12-12,9.85,126.05,29.0,69.98,1003.84,26.9,450.0,8.0,0.38,0.76,1.33,2.28,3.8,23.7,144.8,0.924,0,2,0,1,0,0,Typhoon Rai - Philippines,Copernicus ERA5 Reanalysis (Open-Meteo Archive API),46,5.92,-1.34
2021-12-13,9.85,126.05,29.0,68.94,1003.84,26.9,450.0,8.0,1.32,2.64,4.62,7.92,13.2,29.5,134.4,0.872,0,2,0,3,0,0,Typhoon Rai - Philippines,Copernicus ERA5 Reanalysis (Open-Meteo Archive API),46,5.92,-1.34
2021-12-14,9.85,126.05,29.0,65.95,1003.84,26.9,450.0,8.0,0.41,0.82,1.43,2.46,4.1,21.1,104.5,0.722,0,2,0,3,0,0,Typhoon Rai - Philippines,Copernicus ERA5 Reanalysis (Open-Meteo Archive API),46,5.92,-1.34
2021-12-15,9.85,126.05,29.0,69.13,999.99,37.9,450.0,8.0,6.32,12.64,22.12,37.92,63.2,80.5,136.3,0.882,0,2,1,3,0,0,Typhoon Rai - Philippines,Copernicus ERA5 Reanalysis (Open-Meteo Archive API),46,8.34,-1.89
2021-12-16,9.85,126.05,28.3,82.1,990.08,66.2,450.0,8.0,15.83,31.66,55.41,94.98,158.3,225.6,262.5,0.95,0,2,1,3,0,0,Typhoon Rai - Philippines,Copernicus ERA5 Reanalysis (Open-Meteo Archive API),46,14.56,-3.31
2021-12-17,9.85,126.05,29.5,80.92,990.08,66.2,450.0,8.0,0.16,0.32,0.56,0.96,1.6,223.1,256.7,0.95,0,2,1,3,0,0,Typhoon Rai - Philippines,Copernicus ERA5 Reanalysis (Open-Meteo Archive API),46,14.56,-3.31
2021-12-18,9.85,126.05,29.5,79.81,990.08,66.2,450.0,8.0,0.14,0.28,0.49,0.84,1.4,161.3,245.6,0.95,0,2,1,3,0,0,Typhoon Rai - Philippines,Copernicus ERA5 Reanalysis (Open-Meteo Archive API),46,14.56,-3.31
2021-12-19,9.85,126.05,29.5,80.07,990.08,66.2,450.0,8.0,0.64,1.28,2.24,3.84,6.4,9.4,248.2,0.95,0,2,0,3,0,0,Typhoon Rai - Philippines,Copernicus ERA5 Reanalysis (Open-Meteo Archive API),46,14.56,-3.31
2021-12-20,9.85,126.05,29.5,79.68,990.08,66.2,450.0,8.0,0.93,1.86,3.25,5.58,9.3,17.1,244.3,0.95,0,2,0,1,0,0,Typhoon Rai - Philippines,Copernicus ERA5 Reanalysis (Open-Meteo Archive API),46,14.56,-3.31
2021-12-21,9.85,126.05,29.5,79.29,990.08,66.2,450.0,8.0,0.02,0.04,0.07,0.12,0.2,15.9,240.4,0.95,0,2,0,1,0,0,Typhoon Rai - Philippines,Copernicus ERA5 Reanalysis (Open-Meteo Archive API),46,14.56,-3.31
2021-12-22,9.85,126.05,29.5,73.23,990.08,66.2,450.0,8.0,0.26,0.52,0.91,1.56,2.6,12.1,179.8,0.95,0,2,0,1,0,0,Typhoon Rai - Philippines,Copernicus ERA5 Reanalysis (Open-Meteo Archive API),46,14.56,-3.31
2021-12-23,9.85,126.05,29.5,57.56,990.08,66.2,450.0,8.0,0.16,0.32,0.56,0.96,1.6,4.4,23.1,0.316,0,0,0,1,0,0,Typhoon Rai - Philippines,Copernicus ERA5 Reanalysis (Open-Meteo Archive API),46,14.56,-3.31
2021-12-24,9.85,126.05,29.5,58.39,1005.2,23.0,450.0,8.0,0.99,1.98,3.46,5.94,9.9,14.1,31.4,0.357,0,0,0,1,0,0,Typhoon Rai - Philippines,Copernicus ERA5 Reanalysis (Open-Meteo Archive API),46,5.06,-1.15
2021-12-25,9.85,126.05,29.1,58.79,1006.91,18.1,450.0,8.0,0.34,0.68,1.19,2.04,3.4,14.9,33.4,0.367,0,0,0,1,0,0,Typhoon Rai - Philippines,Copernicus ERA5 Reanalysis (Open-Meteo Archive API),46,3.98,-0.91
2021-12-26,9.85,126.05,29.1,59.27,1006.39,19.6,450.0,8.0,1.12,2.24,3.92,6.72,11.2,24.5,38.2,0.391,0,0,0,1,0,0,Typhoon Rai - Philippines,Copernicus ERA5 Reanalysis (Open-Meteo Archive API),46,4.31,-0.98
2021-12-27,9.85,126.05,29.1,59.07,1005.93,20.9,450.0,8.0,0.73,1.46,2.55,4.38,7.3,21.9,36.2,0.381,0,0,0,1,0,0,Typhoon Rai - Philippines,Copernicus ERA5 Reanalysis (Open-Meteo Archive API),46,4.6,-1.05
2021-12-28,9.85,126.05,29.1,65.73,1003.73,27.2,450.0,8.0,6.68,13.36,23.38,40.08,66.8,85.3,102.8,0.714,0,2,1,1,0,0,Typhoon Rai - Philippines,Copernicus ERA5 Reanalysis (Open-Meteo Archive API),46,5.98,-1.36
2022-04-17,28.6139,77.209,41.4,49.3,1005.3,22.7,450.0,8.0,0.0,0.0,0.0,0.0,0.0,0.0,0.0,0.2,8,0,0,0,1,2,North India Heatwave 44.2°C,Copernicus ERA5 Reanalysis (Open-Meteo Archive API),36,4.99,-1.14
2022-04-18,28.6139,77.209,41.4,49.3,1005.76,21.4,450.0,8.0,0.0,0.0,0.0,0.0,0.0,0.0,0.0,0.2,8,0,0,0,1,2,North India Heatwave 44.2°C,Copernicus ERA5 Reanalysis (Open-Meteo Archive API),36,4.71,-1.07
2022-04-19,28.6139,77.209,41.8,49.1,1004.85,24.0,450.0,8.0,0.0,0.0,0.0,0.0,0.0,0.0,0.0,0.2,8,0,0,0,1,2,North India Heatwave 44.2°C,Copernicus ERA5 Reanalysis (Open-Meteo Archive API),36,5.28,-1.2
2022-04-20,28.6139,77.209,41.8,49.1,1004.85,24.0,450.0,8.0,0.0,0.0,0.0,0.0,0.0,0.0,0.0,0.2,8,0,0,0,1,2,North India Heatwave 44.2°C,Copernicus ERA5 Reanalysis (Open-Meteo Archive API),36,5.28,-1.2
2022-04-21,28.6139,77.209,41.8,49.1,1003.84,26.9,450.0,8.0,0.0,0.0,0.0,0.0,0.0,0.0,0.0,0.2,8,0,0,0,1,2,North India Heatwave 44.2°C,Copernicus ERA5 Reanalysis (Open-Meteo Archive API),36,5.92,-1.34
2022-04-22,28.6139,77.209,41.8,49.1,1003.84,26.9,450.0,8.0,0.0,0.0,0.0,0.0,0.0,0.0,0.0,0.2,8,0,0,0,1,2,North India Heatwave 44.2°C,Copernicus ERA5 Reanalysis (Open-Meteo Archive API),36,5.92,-1.34
2022-04-23,28.6139,77.209,41.8,49.1,1003.84,26.9,450.0,8.0,0.0,0.0,0.0,0.0,0.0,0.0,0.0,0.2,8,0,0,0,1,2,North India Heatwave 44.2°C,Copernicus ERA5 Reanalysis (Open-Meteo Archive API),36,5.92,-1.34
2022-04-24,28.6139,77.209,41.8,49.1,1003.1,29.0,450.0,8.0,0.0,0.0,0.0,0.0,0.0,0.0,0.0,0.2,8,0,0,0,1,2,North India Heatwave 44.2°C,Copernicus ERA5 Reanalysis (Open-Meteo Archive API),36,6.38,-1.45
2022-04-25,28.6139,77.209,41.8,49.1,1003.1,29.0,450.0,8.0,0.0,0.0,0.0,0.0,0.0,0.0,0.0,0.2,8,0,0,0,1,2,North India Heatwave 44.2°C,Copernicus ERA5 Reanalysis (Open-Meteo Archive API),36,6.38,-1.45
2022-04-26,28.6139,77.209,41.8,49.1,1003.1,29.0,450.0,8.0,0.0,0.0,0.0,0.0,0.0,0.0,0.0,0.2,8,0,0,0,3,2,North India Heatwave 44.2°C,Copernicus ERA5 Reanalysis (Open-Meteo Archive API),36,6.38,-1.45
2022-04-27,28.6139,77.209,41.2,49.4,1003.1,29.0,450.0,8.0,0.0,0.0,0.0,0.0,0.0,0.0,0.0,0.2,8,0,0,0,3,2,North India Heatwave 44.2°C,Copernicus ERA5 Reanalysis (Open-Meteo Archive API),36,6.38,-1.45
2022-04-28,28.6139,77.209,43.0,48.5,1003.1,29.0,450.0,8.0,0.0,0.0,0.0,0.0,0.0,0.0,0.0,0.2,8,0,0,0,3,2,North India Heatwave 44.2°C,Copernicus ERA5 Reanalysis (Open-Meteo Archive API),36,6.38,-1.45
2022-04-29,28.6139,77.209,43.5,48.25,1003.1,29.0,450.0,8.0,0.0,0.0,0.0,0.0,0.0,0.0,0.0,0.2,8,0,0,0,3,2,North India Heatwave 44.2°C,Copernicus ERA5 Reanalysis (Open-Meteo Archive API),36,6.38,-1.45
2022-04-29,15.83,80.35,37.5,51.25,1006.39,19.6,450.0,8.0,0.0,0.0,0.0,0.0,0.0,0.0,0.0,0.2,2,0,0,0,1,2,Cyclone Asani - AP Coast,Copernicus ERA5 Reanalysis (Open-Meteo Archive API),6,4.31,-0.98
2022-04-30,28.6139,77.209,43.5,48.25,1003.1,29.0,450.0,8.0,0.0,0.0,0.0,0.0,0.0,0.0,0.0,0.2,8,0,0,0,3,2,North India Heatwave 44.2°C,Copernicus ERA5 Reanalysis (Open-Meteo Archive API),36,6.38,-1.45
2022-04-30,15.83,80.35,37.5,51.25,1006.39,19.6,450.0,8.0,0.0,0.0,0.0,0.0,0.0,0.0,0.0,0.2,3,0,0,0,1,2,Cyclone Asani - AP Coast,Copernicus ERA5 Reanalysis (Open-Meteo Archive API),6,4.31,-0.98
2022-05-01,15.83,80.35,37.5,51.25,1006.39,19.6,450.0,8.0,0.0,0.0,0.0,0.0,0.0,0.0,0.0,0.2,4,0,0,0,1,2,Cyclone Asani - AP Coast,Copernicus ERA5 Reanalysis (Open-Meteo Archive API),6,4.31,-0.98
2022-05-01,28.6139,77.209,43.5,48.25,1003.1,29.0,450.0,8.0,0.0,0.0,0.0,0.0,0.0,0.0,0.0,0.2,8,0,0,0,3,2,North India Heatwave 44.2°C,Copernicus ERA5 Reanalysis (Open-Meteo Archive API),36,6.38,-1.45
2022-05-02,15.83,80.35,36.8,51.6,1006.39,19.6,450.0,8.0,0.0,0.0,0.0,0.0,0.0,0.0,0.0,0.2,4,0,0,0,1,2,Cyclone Asani - AP Coast,Copernicus ERA5 Reanalysis (Open-Meteo Archive API),6,4.31,-0.98
2022-05-02,28.6139,77.209,43.5,48.25,1003.62,27.5,450.0,8.0,0.0,0.0,0.0,0.0,0.0,0.0,0.0,0.2,8,0,0,0,3,2,North India Heatwave 44.2°C,Copernicus ERA5 Reanalysis (Open-Meteo Archive API),36,6.05,-1.38
2022-05-02,25.3176,82.9739,44.9,47.74,1003.17,28.8,450.0,8.0,0.07,0.14,0.24,0.42,0.7,1.9,1.9,0.21,8,0,0,0,1,2,UP Heatwave 46.8°C,Copernicus ERA5 Reanalysis (Open-Meteo Archive API),47,6.34,-1.44
2022-05-03,15.83,80.35,36.8,51.6,1006.81,18.4,450.0,8.0,0.0,0.0,0.0,0.0,0.0,0.0,0.0,0.2,5,0,0,0,1,2,Cyclone Asani - AP Coast,Copernicus ERA5 Reanalysis (Open-Meteo Archive API),6,4.05,-0.92
2022-05-03,25.3176,82.9739,44.9,47.74,1003.17,28.8,450.0,8.0,0.0,0.0,0.0,0.0,0.0,1.9,1.9,0.21,8,0,0,0,1,2,UP Heatwave 46.8°C,Copernicus ERA5 Reanalysis (Open-Meteo Archive API),47,6.34,-1.44
2022-05-03,28.6139,77.209,43.5,48.26,1003.62,27.5,450.0,8.0,0.01,0.02,0.03,0.06,0.1,0.1,0.1,0.201,8,0,0,0,1,2,North India Heatwave 44.2°C,Copernicus ERA5 Reanalysis (Open-Meteo Archive API),36,6.05,-1.38
2022-05-04,28.6139,77.209,43.5,48.28,1003.45,28.0,450.0,8.0,0.02,0.04,0.07,0.12,0.2,0.3,0.3,0.202,8,0,0,0,1,2,North India Heatwave 44.2°C,Copernicus ERA5 Reanalysis (Open-Meteo Archive API),36,6.16,-1.4
2022-05-04,15.83,80.35,36.8,51.62,1006.81,18.4,450.0,8.0,0.02,0.04,0.07,0.12,0.2,0.2,0.2,0.201,5,0,0,0,1,2,Cyclone Asani - AP Coast,Copernicus ERA5 Reanalysis (Open-Meteo Archive API),6,4.05,-0.92
2022-05-04,25.3176,82.9739,44.9,47.74,1003.17,28.8,450.0,8.0,0.0,0.0,0.0,0.0,0.0,0.7,1.9,0.21,8,0,0,0,1,2,UP Heatwave 46.8°C,Copernicus ERA5 Reanalysis (Open-Meteo Archive API),47,6.34,-1.44
2022-05-05,25.3176,82.9739,44.9,47.76,1003.17,28.8,450.0,8.0,0.02,0.04,0.07,0.12,0.2,0.2,2.1,0.211,8,0,0,0,1,1,UP Heatwave 46.8°C,Copernicus ERA5 Reanalysis (Open-Meteo Archive API),47,6.34,-1.44
2022-05-05,15.83,80.35,36.8,52.41,1006.81,18.4,450.0,8.0,0.79,1.58,2.77,4.74,7.9,8.1,8.1,0.241,6,0,0,0,1,1,Cyclone Asani - AP Coast,Copernicus ERA5 Reanalysis (Open-Meteo Archive API),6,4.05,-0.92
2022-05-05,28.6139,77.209,43.5,48.28,1003.45,28.0,450.0,8.0,0.0,0.0,0.0,0.0,0.0,0.3,0.3,0.202,8,0,0,0,1,2,North India Heatwave 44.2°C,Copernicus ERA5 Reanalysis (Open-Meteo Archive API),36,6.16,-1.4
2022-05-06,28.6139,77.209,43.5,48.28,1003.45,28.0,450.0,8.0,0.0,0.0,0.0,0.0,0.0,0.2,0.3,0.202,8,0,0,0,1,2,North India Heatwave 44.2°C,Copernicus ERA5 Reanalysis (Open-Meteo Archive API),36,6.16,-1.4
2022-05-06,25.3176,82.9739,44.9,47.76,1003.17,28.8,450.0,8.0,0.0,0.0,0.0,0.0,0.0,0.2,2.1,0.211,8,0,0,0,1,1,UP Heatwave 46.8°C,Copernicus ERA5 Reanalysis (Open-Meteo Archive API),47,6.34,-1.44
2022-05-06,15.83,80.35,36.8,52.41,1006.81,18.4,450.0,8.0,0.0,0.0,0.0,0.0,0.0,8.1,8.1,0.241,7,0,0,0,1,1,Cyclone Asani - AP Coast,Copernicus ERA5 Reanalysis (Open-Meteo Archive API),6,4.05,-0.92
2022-05-07,25.3176,82.9739,44.4,48.01,1003.17,28.8,450.0,8.0,0.0,0.0,0.0,0.0,0.0,0.2,2.1,0.211,8,0,0,0,1,1,UP Heatwave 46.8°C,Copernicus ERA5 Reanalysis (Open-Meteo Archive API),47,6.34,-1.44
2022-05-07,15.83,80.35,37.0,52.31,1006.81,18.4,450.0,8.0,0.0,0.0,0.0,0.0,0.0,7.9,8.1,0.241,7,0,0,0,1,1,Cyclone Asani - AP Coast,Copernicus ERA5 Reanalysis (Open-Meteo Archive API),6,4.05,-0.92
2022-05-07,28.6139,77.209,43.3,48.38,1003.45,28.0,450.0,8.0,0.0,0.0,0.0,0.0,0.0,0.0,0.3,0.202,8,0,0,0,1,2,North India Heatwave 44.2°C,Copernicus ERA5 Reanalysis (Open-Meteo Archive API),36,6.16,-1.4
2022-05-08,15.83,80.35,37.0,52.45,1006.81,18.4,450.0,8.0,0.14,0.28,0.49,0.84,1.4,1.4,9.5,0.247,7,0,0,2,1,1,Cyclone Asani - AP Coast,Copernicus ERA5 Reanalysis (Open-Meteo Archive API),6,4.05,-0.92
2022-05-08,28.6139,77.209,41.4,49.33,1003.45,28.0,450.0,8.0,0.0,0.0,0.0,0.0,0.0,0.0,0.3,0.202,8,0,0,0,1,2,North India Heatwave 44.2°C,Copernicus ERA5 Reanalysis (Open-Meteo Archive API),36,6.16,-1.4
2022-05-08,25.3176,82.9739,38.8,50.72,1005.62,21.8,450.0,8.0,0.03,0.06,0.1,0.18,0.3,0.3,1.2,0.206,8,0,0,0,1,2,UP Heatwave 46.8°C,Copernicus ERA5 Reanalysis (Open-Meteo Archive API),47,4.8,-1.09
2022-05-09,28.6139,77.209,41.2,49.43,1003.45,28.0,450.0,8.0,0.0,0.0,0.0,0.0,0.0,0.0,0.3,0.202,8,0,0,0,1,2,North India Heatwave 44.2°C,Copernicus ERA5 Reanalysis (Open-Meteo Archive API),36,6.16,-1.4
2022-05-09,15.83,80.35,40.4,50.75,1006.81,18.4,450.0,8.0,0.0,0.0,0.0,0.0,0.0,1.4,9.5,0.247,7,0,0,2,2,1,Cyclone Asani - AP Coast,Copernicus ERA5 Reanalysis (Open-Meteo Archive API),6,4.05,-0.92
2022-05-09,25.3176,82.9739,38.8,50.66,1005.62,21.8,450.0,8.0,0.01,0.02,0.03,0.06,0.1,0.4,0.6,0.203,8,0,0,0,1,2,UP Heatwave 46.8°C,Copernicus ERA5 Reanalysis (Open-Meteo Archive API),47,4.8,-1.09
2022-05-10,28.6139,77.209,41.2,49.42,1003.45,28.0,450.0,8.0,0.0,0.0,0.0,0.0,0.0,0.0,0.2,0.201,8,0,0,0,1,2,North India Heatwave 44.2°C,Copernicus ERA5 Reanalysis (Open-Meteo Archive API),36,6.16,-1.4
2022-05-10,15.83,80.35,40.4,56.62,1002.92,29.5,450.0,8.0,5.87,11.74,20.54,35.22,58.7,60.1,68.2,0.541,6,1,1,2,2,0,Cyclone Asani - AP Coast,Copernicus ERA5 Reanalysis (Open-Meteo Archive API),6,6.49,-1.48
2022-05-10,25.3176,82.9739,38.8,50.66,1005.62,21.8,450.0,8.0,0.0,0.0,0.0,0.0,0.0,0.4,0.6,0.203,8,0,0,0,1,2,UP Heatwave 46.8°C,Copernicus ERA5 Reanalysis (Open-Meteo Archive API),47,4.8,-1.09
2022-05-11,25.3176,82.9739,39.1,50.52,1005.62,21.8,450.0,8.0,0.01,0.02,0.03,0.06,0.1,0.2,0.7,0.204,8,0,0,0,3,2,UP Heatwave 46.8°C,Copernicus ERA5 Reanalysis (Open-Meteo Archive API),47,4.8,-1.09
2022-05-11,28.6139,77.209,41.2,49.4,1003.45,28.0,450.0,8.0,0.0,0.0,0.0,0.0,0.0,0.0,0.0,0.2,8,0,0,0,1,2,North India Heatwave 44.2°C,Copernicus ERA5 Reanalysis (Open-Meteo Archive API),36,6.16,-1.4
2022-05-11,15.83,80.35,40.4,67.75,1002.92,29.5,450.0,8.0,11.15,22.3,39.02,66.9,111.5,170.2,179.5,0.95,5,2,1,2,2,0,Cyclone Asani - AP Coast,Copernicus ERA5 Reanalysis (Open-Meteo Archive API),6,6.49,-1.48
2022-05-12,15.83,80.35,40.4,67.67,1002.92,29.5,450.0,8.0,0.71,1.42,2.48,4.26,7.1,177.3,178.7,0.95,5,2,1,2,2,0,Cyclone Asani - AP Coast,Copernicus ERA5 Reanalysis (Open-Meteo Archive API),6,6.49,-1.48
2022-05-12,25.3176,82.9739,39.4,50.35,1005.62,21.8,450.0,8.0,0.0,0.0,0.0,0.0,0.0,0.1,0.5,0.203,8,0,0,0,3,2,UP Heatwave 46.8°C,Copernicus ERA5 Reanalysis (Open-Meteo Archive API),47,4.8,-1.09
2022-05-13,15.83,80.35,40.4,67.94,1002.92,29.5,450.0,8.0,0.27,0.54,0.94,1.62,2.7,121.3,181.4,0.95,4,2,1,2,2,0,Cyclone Asani - AP Coast,Copernicus ERA5 Reanalysis (Open-Meteo Archive API),6,6.49,-1.48
2022-05-13,25.3176,82.9739,43.2,48.45,1005.24,22.9,450.0,8.0,0.0,0.0,0.0,0.0,0.0,0.1,0.5,0.203,8,0,0,0,3,2,UP Heatwave 46.8°C,Copernicus ERA5 Reanalysis (Open-Meteo Archive API),47,5.04,-1.14
2022-05-14,25.3176,82.9739,43.2,48.45,1004.36,25.4,450.0,8.0,0.0,0.0,0.0,0.0,0.0,0.0,0.5,0.203,8,0,0,0,3,2,UP Heatwave 46.8°C,Copernicus ERA5 Reanalysis (Open-Meteo Archive API),47,5.59,-1.27
2022-05-14,15.83,80.35,40.4,68.15,1002.92,29.5,450.0,8.0,0.21,0.42,0.73,1.26,2.1,11.9,183.5,0.95,3,2,0,2,2,0,Cyclone Asani - AP Coast,Copernicus ERA5 Reanalysis (Open-Meteo Archive API),6,6.49,-1.48
2022-05-15,25.3176,82.9739,44.9,47.57,1004.36,25.4,450.0,8.0,0.0,0.0,0.0,0.0,0.0,0.0,0.2,0.201,8,0,0,0,3,2,UP Heatwave 46.8°C,Copernicus ERA5 Reanalysis (Open-Meteo Archive API),47,5.59,-1.27
2022-05-15,15.83,80.35,40.4,68.02,1002.92,29.5,450.0,8.0,0.01,0.02,0.03,0.06,0.1,4.9,182.2,0.95,2,2,0,0,2,0,Cyclone Asani - AP Coast,Copernicus ERA5 Reanalysis (Open-Meteo Archive API),6,6.49,-1.48
2022-05-16,25.3176,82.9739,44.9,47.56,1004.36,25.4,450.0,8.0,0.0,0.0,0.0,0.0,0.0,0.0,0.1,0.201,8,0,0,0,3,2,UP Heatwave 46.8°C,Copernicus ERA5 Reanalysis (Open-Meteo Archive API),47,5.59,-1.27
2022-05-16,15.83,80.35,40.4,68.14,1002.92,29.5,450.0,8.0,0.12,0.24,0.42,0.72,1.2,3.4,183.4,0.95,1,2,0,0,2,0,Cyclone Asani - AP Coast,Copernicus ERA5 Reanalysis (Open-Meteo Archive API),6,6.49,-1.48
2022-05-17,25.3176,82.9739,44.9,47.56,1004.36,25.4,450.0,8.0,0.0,0.0,0.0,0.0,0.0,0.0,0.1,0.201,8,0,0,0,3,2,UP Heatwave 46.8°C,Copernicus ERA5 Reanalysis (Open-Meteo Archive API),47,5.59,-1.27
2022-05-17,15.83,80.35,35.0,64.97,1002.92,29.5,450.0,8.0,0.0,0.0,0.0,0.0,0.0,1.3,124.7,0.823,0,2,0,0,0,0,Cyclone Asani - AP Coast,Copernicus ERA5 Reanalysis (Open-Meteo Archive API),6,6.49,-1.48
2022-05-18,25.3176,82.9739,44.9,47.55,1004.36,25.4,450.0,8.0,0.0,0.0,0.0,0.0,0.0,0.0,0.0,0.2,8,0,0,0,1,2,UP Heatwave 46.8°C,Copernicus ERA5 Reanalysis (Open-Meteo Archive API),47,5.59,-1.27
2022-05-18,15.83,80.35,35.0,53.94,1003.13,28.9,450.0,8.0,0.12,0.24,0.42,0.72,1.2,2.4,14.4,0.272,0,0,0,0,0,0,Cyclone Asani - AP Coast,Copernicus ERA5 Reanalysis (Open-Meteo Archive API),6,6.36,-1.45
2022-05-19,25.3176,82.9739,44.9,47.55,1004.36,25.4,450.0,8.0,0.0,0.0,0.0,0.0,0.0,0.0,0.0,0.2,8,0,0,0,1,2,UP Heatwave 46.8°C,Copernicus ERA5 Reanalysis (Open-Meteo Archive API),47,5.59,-1.27
2022-05-19,15.83,80.35,35.0,53.5,1007.16,17.4,450.0,8.0,0.27,0.54,0.94,1.62,2.7,3.9,10.0,0.25,0,0,0,0,0,0,Cyclone Asani - AP Coast,Copernicus ERA5 Reanalysis (Open-Meteo Archive API),6,3.83,-0.87
2022-05-20,25.3176,82.9739,45.1,47.45,1004.33,25.5,450.0,8.0,0.0,0.0,0.0,0.0,0.0,0.0,0.0,0.2,8,0,0,0,1,2,UP Heatwave 46.8°C,Copernicus ERA5 Reanalysis (Open-Meteo Archive API),47,5.61,-1.27
2022-05-20,15.83,80.35,35.0,53.34,1006.32,19.8,450.0,8.0,0.11,0.22,0.39,0.66,1.1,5.0,8.4,0.242,0,0,0,0,0,1,Cyclone Asani - AP Coast,Copernicus ERA5 Reanalysis (Open-Meteo Archive API),6,4.36,-0.99
2022-05-21,25.3176,82.9739,45.1,47.45,1004.33,25.5,450.0,8.0,0.0,0.0,0.0,0.0,0.0,0.0,0.0,0.2,8,0,0,0,1,2,UP Heatwave 46.8°C,Copernicus ERA5 Reanalysis (Open-Meteo Archive API),47,5.61,-1.27
2022-05-21,15.83,80.35,35.1,53.12,1006.32,19.8,450.0,8.0,0.04,0.08,0.14,0.24,0.4,4.2,6.7,0.234,1,0,0,0,1,1,Cyclone Asani - AP Coast,Copernicus ERA5 Reanalysis (Open-Meteo Archive API),6,4.36,-0.99
2022-05-22,15.83,80.35,37.8,51.76,1006.32,19.8,450.0,8.0,0.0,0.0,0.0,0.0,0.0,1.5,6.6,0.233,2,0,0,0,1,1,Cyclone Asani - AP Coast,Copernicus ERA5 Reanalysis (Open-Meteo Archive API),6,4.36,-0.99
2022-05-22,25.3176,82.9739,45.1,48.41,1004.33,25.5,450.0,8.0,0.96,1.92,3.36,5.76,9.6,9.6,9.6,0.248,8,0,0,0,1,1,UP Heatwave 46.8°C,Copernicus ERA5 Reanalysis (Open-Meteo Archive API),47,5.61,-1.27
2022-05-23,25.3176,82.9739,45.1,49.02,1002.89,29.6,450.0,8.0,0.61,1.22,2.13,3.66,6.1,15.7,15.7,0.279,8,0,0,0,1,0,UP Heatwave 46.8°C,Copernicus ERA5 Reanalysis (Open-Meteo Archive API),47,6.51,-1.48
2022-05-23,15.83,80.35,38.7,51.19,1006.32,19.8,450.0,8.0,0.0,0.0,0.0,0.0,0.0,0.4,5.4,0.227,3,0,0,0,1,1,Cyclone Asani - AP Coast,Copernicus ERA5 Reanalysis (Open-Meteo Archive API),6,4.36,-0.99
2022-05-24,25.3176,82.9739,45.1,49.5,1002.89,29.6,450.0,8.0,0.48,0.96,1.68,2.88,4.8,20.5,20.5,0.302,8,0,0,0,1,0,UP Heatwave 46.8°C,Copernicus ERA5 Reanalysis (Open-Meteo Archive API),47,6.51,-1.48
2022-05-25,25.3176,82.9739,45.1,49.5,1002.89,29.6,450.0,8.0,0.0,0.0,0.0,0.0,0.0,10.9,20.5,0.302,8,0,0,0,1,0,UP Heatwave 46.8°C,Copernicus ERA5 Reanalysis (Open-Meteo Archive API),47,6.51,-1.48
2022-05-26,25.3176,82.9739,45.1,49.51,1002.89,29.6,450.0,8.0,0.01,0.02,0.03,0.06,0.1,4.9,20.6,0.303,8,0,0,0,1,0,UP Heatwave 46.8°C,Copernicus ERA5 Reanalysis (Open-Meteo Archive API),47,6.51,-1.48
2022-06-06,26.1445,91.7362,31.7,61.12,1009.68,10.2,450.0,8.0,0.1,0.2,0.35,0.6,1.0,6.1,69.7,0.548,0,1,0,0,0,0,Assam Brahmaputra Floods 2022,Copernicus ERA5 Reanalysis (Open-Meteo Archive API),0,2.24,-0.51
2022-06-07,26.1445,91.7362,31.1,61.21,1009.47,10.8,450.0,8.0,1.61,3.22,5.63,9.66,16.1,17.5,67.6,0.538,0,1,0,0,0,0,Assam Brahmaputra Floods 2022,Copernicus ERA5 Reanalysis (Open-Meteo Archive API),0,2.38,-0.54
2022-06-08,26.1445,91.7362,30.5,60.67,1009.47,10.8,450.0,8.0,1.36,2.72,4.76,8.16,13.6,30.7,59.2,0.496,0,1,0,0,0,0,Assam Brahmaputra Floods 2022,Copernicus ERA5 Reanalysis (Open-Meteo Archive API),0,2.38,-0.54
2022-06-09,26.1445,91.7362,29.9,61.47,1009.37,11.1,450.0,8.0,1.63,3.26,5.71,9.78,16.3,46.0,64.2,0.521,0,1,0,0,0,0,Assam Brahmaputra Floods 2022,Copernicus ERA5 Reanalysis (Open-Meteo Archive API),0,2.44,-0.55
2022-06-10,26.1445,91.7362,29.9,61.59,1009.37,11.1,450.0,8.0,1.33,2.66,4.66,7.98,13.3,43.2,65.4,0.527,0,1,0,0,0,0,Assam Brahmaputra Floods 2022,Copernicus ERA5 Reanalysis (Open-Meteo Archive API),0,2.44,-0.55
2022-06-11,26.1445,91.7362,29.9,61.65,1009.37,11.1,450.0,8.0,0.53,1.06,1.85,3.18,5.3,34.9,66.0,0.53,0,1,0,0,0,0,Assam Brahmaputra Floods 2022,Copernicus ERA5 Reanalysis (Open-Meteo Archive API),0,2.44,-0.55
2022-06-12,26.1445,91.7362,30.0,61.98,1009.37,11.1,450.0,8.0,0.42,0.84,1.47,2.52,4.2,22.8,69.8,0.549,0,1,0,0,0,0,Assam Brahmaputra Floods 2022,Copernicus ERA5 Reanalysis (Open-Meteo Archive API),0,2.44,-0.55
2022-06-13,26.1445,91.7362,30.0,64.19,1009.37,11.1,450.0,8.0,2.31,4.62,8.09,13.86,23.1,32.6,91.9,0.659,0,1,0,0,0,0,Assam Brahmaputra Floods 2022,Copernicus ERA5 Reanalysis (Open-Meteo Archive API),0,2.44,-0.55
2022-06-14,26.1445,91.7362,30.0,64.09,1009.23,11.5,450.0,8.0,1.51,3.02,5.28,9.06,15.1,42.4,90.9,0.655,0,1,0,0,0,0,Assam Brahmaputra Floods 2022,Copernicus ERA5 Reanalysis (Open-Meteo Archive API),0,2.53,-0.57
2022-06-15,26.1445,91.7362,30.0,65.23,1009.09,11.9,450.0,8.0,2.5,5.0,8.75,15.0,25.0,63.2,102.3,0.712,0,3,1,0,0,0,Assam Brahmaputra Floods 2022,Copernicus ERA5 Reanalysis (Open-Meteo Archive API),0,2.62,-0.59
2022-06-16,26.1445,91.7362,30.0,67.34,1007.58,16.2,450.0,8.0,3.74,7.48,13.09,22.44,37.4,77.5,123.4,0.817,0,3,1,0,0,0,Assam Brahmaputra Floods 2022,Copernicus ERA5 Reanalysis (Open-Meteo Archive API),0,3.56,-0.81
2022-06-17,26.1445,91.7362,30.0,70.42,1007.58,16.2,450.0,8.0,4.41,8.82,15.43,26.46,44.1,106.5,154.2,0.95,0,3,1,0,0,0,Assam Brahmaputra Floods 2022,Copernicus ERA5 Reanalysis (Open-Meteo Archive API),0,3.56,-0.81
2022-06-18,24.817,93.9368,30.5,62.14,1007.83,15.5,450.0,8.0,2.5,5.0,8.75,15.0,25.0,60.8,73.9,0.57,0,1,1,0,0,0,Noney Manipur Railway Landslide 2022,Copernicus ERA5 Reanalysis (Open-Meteo Archive API),35,3.41,-0.77
2022-06-18,26.1445,91.7362,30.0,71.83,1007.58,16.2,450.0,8.0,1.94,3.88,6.79,11.64,19.4,100.9,168.3,0.95,0,3,1,0,0,0,Assam Brahmaputra Floods 2022,Copernicus ERA5 Reanalysis (Open-Meteo Archive API),0,3.56,-0.81
2022-06-19,26.1445,91.7362,30.0,72.21,1007.58,16.2,450.0,8.0,0.8,1.6,2.8,4.8,8.0,71.5,172.1,0.95,0,3,1,0,0,0,Assam Brahmaputra Floods 2022,Copernicus ERA5 Reanalysis (Open-Meteo Archive API),0,3.56,-0.81
2022-06-19,24.817,93.9368,30.5,62.83,1007.83,15.5,450.0,8.0,0.76,1.52,2.66,4.56,7.6,52.4,80.8,0.604,0,1,1,0,0,0,Noney Manipur Railway Landslide 2022,Copernicus ERA5 Reanalysis (Open-Meteo Archive API),35,3.41,-0.77
2022-06-20,24.817,93.9368,30.1,63.26,1007.83,15.5,450.0,8.0,0.36,0.72,1.26,2.16,3.6,36.2,83.1,0.615,0,1,1,0,0,0,Noney Manipur Railway Landslide 2022,Copernicus ERA5 Reanalysis (Open-Meteo Archive API),35,3.41,-0.77
2022-06-20,26.1445,91.7362,29.7,70.75,1007.58,16.2,450.0,8.0,0.7,1.4,2.45,4.2,7.0,34.4,156.0,0.95,0,3,0,0,0,0,Assam Brahmaputra Floods 2022,Copernicus ERA5 Reanalysis (Open-Meteo Archive API),0,3.56,-0.81
2022-06-21,24.817,93.9368,30.1,63.33,1007.83,15.5,450.0,8.0,0.32,0.64,1.12,1.92,3.2,14.4,83.8,0.619,0,1,1,0,0,0,Noney Manipur Railway Landslide 2022,Copernicus ERA5 Reanalysis (Open-Meteo Archive API),35,3.41,-0.77
2022-06-21,26.1445,91.7362,29.9,70.65,1007.58,16.2,450.0,8.0,1.51,3.02,5.28,9.06,15.1,30.1,156.0,0.95,0,3,0,0,0,0,Assam Brahmaputra Floods 2022,Copernicus ERA5 Reanalysis (Open-Meteo Archive API),0,3.56,-0.81
2022-06-22,24.817,93.9368,28.4,63.89,1008.07,14.8,450.0,8.0,0.57,1.14,1.99,3.42,5.7,12.5,80.9,0.605,0,1,1,0,0,0,Noney Manipur Railway Landslide 2022,Copernicus ERA5 Reanalysis (Open-Meteo Archive API),35,3.26,-0.74
2022-06-22,26.1445,91.7362,31.5,68.94,1007.58,16.2,450.0,8.0,1.59,3.18,5.56,9.54,15.9,38.0,146.9,0.935,0,1,0,0,0,0,Assam Brahmaputra Floods 2022,Copernicus ERA5 Reanalysis (Open-Meteo Archive API),0,3.56,-0.81
2022-06-23,24.817,93.9368,28.4,62.49,1008.07,14.8,450.0,8.0,0.2,0.4,0.7,1.2,2.0,10.9,66.9,0.534,0,1,1,0,0,0,Noney Manipur Railway Landslide 2022,Copernicus ERA5 Reanalysis (Open-Meteo Archive API),35,3.26,-0.74
2022-06-23,26.1445,91.7362,31.5,65.9,1007.58,16.2,450.0,8.0,0.7,1.4,2.45,4.2,7.0,38.0,116.5,0.782,0,1,0,0,0,0,Assam Brahmaputra Floods 2022,Copernicus ERA5 Reanalysis (Open-Meteo Archive API),0,3.56,-0.81
2022-06-24,24.817,93.9368,28.4,61.37,1008.11,14.7,450.0,8.0,0.86,1.72,3.01,5.16,8.6,16.3,55.7,0.479,0,1,1,0,0,0,Noney Manipur Railway Landslide 2022,Copernicus ERA5 Reanalysis (Open-Meteo Archive API),35,3.23,-0.73
2022-06-24,26.1445,91.7362,31.5,63.94,1008.91,12.4,450.0,8.0,2.45,4.9,8.57,14.7,24.5,47.4,96.9,0.685,0,1,0,0,0,0,Assam Brahmaputra Floods 2022,Copernicus ERA5 Reanalysis (Open-Meteo Archive API),0,2.73,-0.62
2022-06-25,24.817,93.9368,28.4,59.0,1008.11,14.7,450.0,8.0,0.13,0.26,0.45,0.78,1.3,11.9,32.0,0.36,0,0,1,0,0,0,Noney Manipur Railway Landslide 2022,Copernicus ERA5 Reanalysis (Open-Meteo Archive API),35,3.23,-0.73
2022-06-25,26.1445,91.7362,31.5,62.55,1008.91,12.4,450.0,8.0,0.55,1.1,1.92,3.3,5.5,37.0,83.0,0.615,0,1,0,0,0,0,Assam Brahmaputra Floods 2022,Copernicus ERA5 Reanalysis (Open-Meteo Archive API),0,2.73,-0.62
2022-06-26,26.1445,91.7362,31.5,61.96,1008.77,12.8,450.0,8.0,0.21,0.42,0.73,1.26,2.1,32.1,77.1,0.585,0,1,0,0,0,0,Assam Brahmaputra Floods 2022,Copernicus ERA5 Reanalysis (Open-Meteo Archive API),0,2.82,-0.64
2022-06-26,24.817,93.9368,28.4,58.38,1008.11,14.7,450.0,8.0,0.14,0.28,0.49,0.84,1.4,11.3,25.8,0.329,0,0,1,0,0,0,Noney Manipur Railway Landslide 2022,Copernicus ERA5 Reanalysis (Open-Meteo Archive API),35,3.23,-0.73
2022-06-27,24.817,93.9368,29.1,57.83,1008.11,14.7,450.0,8.0,0.16,0.32,0.56,0.96,1.6,4.3,23.8,0.319,0,0,3,0,0,0,Noney Manipur Railway Landslide 2022,Copernicus ERA5 Reanalysis (Open-Meteo Archive API),35,3.23,-0.73
2022-06-27,26.1445,91.7362,31.5,61.92,1008.77,12.8,450.0,8.0,0.66,1.32,2.31,3.96,6.6,14.2,76.7,0.583,0,1,0,0,0,0,Assam Brahmaputra Floods 2022,Copernicus ERA5 Reanalysis (Open-Meteo Archive API),0,2.82,-0.64
2022-06-28,24.817,93.9368,29.1,57.86,1008.25,14.3,450.0,8.0,0.35,0.7,1.22,2.1,3.5,6.5,24.1,0.321,0,0,3,0,0,0,Noney Manipur Railway Landslide 2022,Copernicus ERA5 Reanalysis (Open-Meteo Archive API),35,3.15,-0.71
2022-06-28,26.1445,91.7362,31.5,62.21,1008.77,12.8,450.0,8.0,1.8,3.6,6.3,10.8,18.0,26.7,79.6,0.598,0,1,0,0,0,0,Assam Brahmaputra Floods 2022,Copernicus ERA5 Reanalysis (Open-Meteo Archive API),0,2.82,-0.64
2022-06-29,24.817,93.9368,29.1,57.31,1008.25,14.3,450.0,8.0,0.02,0.04,0.07,0.12,0.2,5.3,18.6,0.293,0,0,3,0,0,0,Noney Manipur Railway Landslide 2022,Copernicus ERA5 Reanalysis (Open-Meteo Archive API),35,3.15,-0.71
2022-06-29,26.1445,91.7362,31.5,62.5,1008.77,12.8,450.0,8.0,1.88,3.76,6.58,11.28,18.8,43.4,82.5,0.613,0,1,0,0,0,0,Assam Brahmaputra Floods 2022,Copernicus ERA5 Reanalysis (Open-Meteo Archive API),0,2.82,-0.64
2022-06-30,26.1445,91.7362,31.0,63.14,1008.77,12.8,450.0,8.0,1.09,2.18,3.81,6.54,10.9,47.7,86.4,0.632,0,1,0,0,0,0,Assam Brahmaputra Floods 2022,Copernicus ERA5 Reanalysis (Open-Meteo Archive API),0,2.82,-0.64
2022-06-30,24.817,93.9368,29.1,57.35,1008.25,14.3,450.0,8.0,0.24,0.48,0.84,1.44,2.4,6.1,19.0,0.295,0,0,3,0,0,0,Noney Manipur Railway Landslide 2022,Copernicus ERA5 Reanalysis (Open-Meteo Archive API),35,3.15,-0.71
2022-07-01,37.3891,-5.9845,37.4,51.3,1005.38,22.5,450.0,8.0,0.0,0.0,0.0,0.0,0.0,0.0,0.0,0.2,1,0,0,0,1,2,European Severe Heatwave 45.3°C,Copernicus ERA5 Reanalysis (Open-Meteo Archive API),21,4.95,-1.12
2022-07-01,24.817,93.9368,29.7,57.34,1008.25,14.3,450.0,8.0,1.15,2.3,4.02,6.9,11.5,14.1,21.9,0.309,0,0,3,0,0,0,Noney Manipur Railway Landslide 2022,Copernicus ERA5 Reanalysis (Open-Meteo Archive API),35,3.15,-0.71
2022-07-02,24.817,93.9368,29.7,58.86,1008.25,14.3,450.0,8.0,1.65,3.3,5.77,9.9,16.5,30.4,37.1,0.386,0,0,3,0,0,0,Noney Manipur Railway Landslide 2022,Copernicus ERA5 Reanalysis (Open-Meteo Archive API),35,3.15,-0.71
2022-07-02,37.3891,-5.9845,37.4,51.3,1005.38,22.5,450.0,8.0,0.0,0.0,0.0,0.0,0.0,0.0,0.0,0.2,2,0,0,0,1,2,European Severe Heatwave 45.3°C,Copernicus ERA5 Reanalysis (Open-Meteo Archive API),21,4.95,-1.12
2022-07-03,24.817,93.9368,29.7,59.6,1008.25,14.3,450.0,8.0,0.88,1.76,3.08,5.28,8.8,36.8,44.5,0.422,0,1,3,0,0,0,Noney Manipur Railway Landslide 2022,Copernicus ERA5 Reanalysis (Open-Meteo Archive API),35,3.15,-0.71
2022-07-03,37.3891,-5.9845,37.4,51.3,1005.51,22.1,450.0,8.0,0.0,0.0,0.0,0.0,0.0,0.0,0.0,0.2,2,0,0,0,1,2,European Severe Heatwave 45.3°C,Copernicus ERA5 Reanalysis (Open-Meteo Archive API),21,4.86,-1.11
2022-07-04,37.3891,-5.9845,37.4,51.3,1005.51,22.1,450.0,8.0,0.0,0.0,0.0,0.0,0.0,0.0,0.0,0.2,3,0,0,0,1,2,European Severe Heatwave 45.3°C,Copernicus ERA5 Reanalysis (Open-Meteo Archive API),21,4.86,-1.11
2022-07-04,24.817,93.9368,29.7,62.03,1008.25,14.3,450.0,8.0,2.59,5.18,9.06,15.54,25.9,51.2,68.8,0.544,0,1,1,0,0,0,Noney Manipur Railway Landslide 2022,Copernicus ERA5 Reanalysis (Open-Meteo Archive API),35,3.15,-0.71
2022-07-05,37.3891,-5.9845,37.4,51.3,1005.51,22.1,450.0,8.0,0.0,0.0,0.0,0.0,0.0,0.0,0.0,0.2,3,0,0,0,1,2,European Severe Heatwave 45.3°C,Copernicus ERA5 Reanalysis (Open-Meteo Archive API),21,4.86,-1.11
2022-07-05,24.817,93.9368,30.0,62.69,1008.38,13.9,450.0,8.0,1.16,2.32,4.06,6.96,11.6,46.3,76.9,0.585,0,1,1,0,0,0,Noney Manipur Railway Landslide 2022,Copernicus ERA5 Reanalysis (Open-Meteo Archive API),35,3.06,-0.7
2022-07-06,37.3891,-5.9845,37.4,51.3,1005.51,22.1,450.0,8.0,0.0,0.0,0.0,0.0,0.0,0.0,0.0,0.2,4,0,0,0,1,2,European Severe Heatwave 45.3°C,Copernicus ERA5 Reanalysis (Open-Meteo Archive API),21,4.86,-1.11
2022-07-06,24.817,93.9368,30.0,62.84,1008.38,13.9,450.0,8.0,0.17,0.34,0.59,1.02,1.7,39.2,78.4,0.592,0,1,1,0,0,0,Noney Manipur Railway Landslide 2022,Copernicus ERA5 Reanalysis (Open-Meteo Archive API),35,3.06,-0.7
2022-07-07,37.3891,-5.9845,39.6,50.2,1005.51,22.1,450.0,8.0,0.0,0.0,0.0,0.0,0.0,0.0,0.0,0.2,5,0,0,0,1,2,European Severe Heatwave 45.3°C,Copernicus ERA5 Reanalysis (Open-Meteo Archive API),21,4.86,-1.11
2022-07-07,24.817,93.9368,31.3,62.62,1008.38,13.9,450.0,8.0,0.67,1.34,2.34,4.02,6.7,20.0,82.7,0.614,0,1,1,0,0,0,Noney Manipur Railway Landslide 2022,Copernicus ERA5 Reanalysis (Open-Meteo Archive API),35,3.06,-0.7
2022-07-08,37.3891,-5.9845,40.9,49.55,1005.51,22.1,450.0,8.0,0.0,0.0,0.0,0.0,0.0,0.0,0.0,0.2,6,0,0,0,1,2,European Severe Heatwave 45.3°C,Copernicus ERA5 Reanalysis (Open-Meteo Archive API),21,4.86,-1.11
2022-07-08,24.817,93.9368,31.3,62.89,1008.38,13.9,450.0,8.0,1.42,2.84,4.97,8.52,14.2,22.6,85.4,0.627,0,1,1,0,0,0,Noney Manipur Railway Landslide 2022,Copernicus ERA5 Reanalysis (Open-Meteo Archive API),35,3.06,-0.7
2022-07-09,37.3891,-5.9845,41.7,49.15,1005.51,22.1,450.0,8.0,0.0,0.0,0.0,0.0,0.0,0.0,0.0,0.2,6,0,0,0,1,2,European Severe Heatwave 45.3°C,Copernicus ERA5 Reanalysis (Open-Meteo Archive API),21,4.86,-1.11
2022-07-09,24.817,93.9368,31.3,61.47,1008.63,13.2,450.0,8.0,0.23,0.46,0.8,1.38,2.3,23.2,71.2,0.556,0,1,1,0,0,0,Noney Manipur Railway Landslide 2022,Copernicus ERA5 Reanalysis (Open-Meteo Archive API),35,2.9,-0.66
2022-07-10,24.817,93.9368,31.3,60.62,1008.63,13.2,450.0,8.0,0.03,0.06,0.1,0.18,0.3,16.8,62.7,0.514,0,1,1,0,0,0,Noney Manipur Railway Landslide 2022,Copernicus ERA5 Reanalysis (Open-Meteo Archive API),35,2.9,-0.66
2022-07-10,37.3891,-5.9845,41.8,49.1,1005.76,21.4,450.0,8.0,0.0,0.0,0.0,0.0,0.0,0.0,0.0,0.2,6,0,0,0,3,2,European Severe Heatwave 45.3°C,Copernicus ERA5 Reanalysis (Open-Meteo Archive API),21,4.71,-1.07
2022-07-11,37.3891,-5.9845,42.4,48.8,1004.15,26.0,450.0,8.0,0.0,0.0,0.0,0.0,0.0,0.0,0.0,0.2,7,0,0,0,3,2,European Severe Heatwave 45.3°C,Copernicus ERA5 Reanalysis (Open-Meteo Archive API),21,5.72,-1.3
2022-07-11,24.817,93.9368,31.3,58.32,1008.91,12.4,450.0,8.0,0.29,0.58,1.01,1.74,2.9,5.5,39.7,0.398,0,0,1,0,0,0,Noney Manipur Railway Landslide 2022,Copernicus ERA5 Reanalysis (Open-Meteo Archive API),35,2.73,-0.62
2022-07-12,24.817,93.9368,31.3,57.41,1008.91,12.4,450.0,8.0,0.25,0.5,0.88,1.5,2.5,5.7,30.6,0.353,0,0,1,0,0,0,Noney Manipur Railway Landslide 2022,Copernicus ERA5 Reanalysis (Open-Meteo Archive API),35,2.73,-0.62
2022-07-12,37.3891,-5.9845,43.6,48.2,1004.15,26.0,450.0,8.0,0.0,0.0,0.0,0.0,0.0,0.0,0.0,0.2,7,0,0,0,3,2,European Severe Heatwave 45.3°C,Copernicus ERA5 Reanalysis (Open-Meteo Archive API),21,5.72,-1.3
2022-07-13,37.3891,-5.9845,45.3,47.35,1004.15,26.0,450.0,8.0,0.0,0.0,0.0,0.0,0.0,0.0,0.0,0.2,8,0,0,0,3,2,European Severe Heatwave 45.3°C,Copernicus ERA5 Reanalysis (Open-Meteo Archive API),21,5.72,-1.3
2022-07-14,37.3891,-5.9845,45.3,47.35,1004.15,26.0,450.0,8.0,0.0,0.0,0.0,0.0,0.0,0.0,0.0,0.2,8,0,0,0,3,2,European Severe Heatwave 45.3°C,Copernicus ERA5 Reanalysis (Open-Meteo Archive API),21,5.72,-1.3
2022-07-15,37.3891,-5.9845,45.3,47.35,1004.15,26.0,450.0,8.0,0.0,0.0,0.0,0.0,0.0,0.0,0.0,0.2,8,0,0,0,3,2,European Severe Heatwave 45.3°C,Copernicus ERA5 Reanalysis (Open-Meteo Archive API),21,5.72,-1.3
2022-07-16,37.3891,-5.9845,45.3,47.35,1004.15,26.0,450.0,8.0,0.0,0.0,0.0,0.0,0.0,0.0,0.0,0.2,8,0,0,0,3,2,European Severe Heatwave 45.3°C,Copernicus ERA5 Reanalysis (Open-Meteo Archive API),21,5.72,-1.3
2022-07-17,37.3891,-5.9845,45.3,47.35,1004.15,26.0,450.0,8.0,0.0,0.0,0.0,0.0,0.0,0.0,0.0,0.2,8,0,0,0,1,2,European Severe Heatwave 45.3°C,Copernicus ERA5 Reanalysis (Open-Meteo Archive API),21,5.72,-1.3
2022-07-18,37.3891,-5.9845,45.3,47.35,1004.15,26.0,450.0,8.0,0.0,0.0,0.0,0.0,0.0,0.0,0.0,0.2,8,0,0,0,1,2,European Severe Heatwave 45.3°C,Copernicus ERA5 Reanalysis (Open-Meteo Archive API),21,5.72,-1.3
2022-07-19,37.3891,-5.9845,45.3,47.35,1006.04,20.6,450.0,8.0,0.0,0.0,0.0,0.0,0.0,0.0,0.0,0.2,8,0,0,0,1,2,European Severe Heatwave 45.3°C,Copernicus ERA5 Reanalysis (Open-Meteo Archive API),21,4.53,-1.03
2022-07-20,37.3891,-5.9845,45.3,47.35,1006.04,20.6,450.0,8.0,0.0,0.0,0.0,0.0,0.0,0.0,0.0,0.2,8,0,0,0,1,2,European Severe Heatwave 45.3°C,Copernicus ERA5 Reanalysis (Open-Meteo Archive API),21,4.53,-1.03
2022-07-21,37.3891,-5.9845,44.8,47.6,1006.04,20.6,450.0,8.0,0.0,0.0,0.0,0.0,0.0,0.0,0.0,0.2,8,0,0,0,1,2,European Severe Heatwave 45.3°C,Copernicus ERA5 Reanalysis (Open-Meteo Archive API),21,4.53,-1.03
2022-07-22,37.3891,-5.9845,43.4,48.3,1006.04,20.6,450.0,8.0,0.0,0.0,0.0,0.0,0.0,0.0,0.0,0.2,8,0,0,0,1,2,European Severe Heatwave 45.3°C,Copernicus ERA5 Reanalysis (Open-Meteo Archive API),21,4.53,-1.03
2022-07-23,37.3891,-5.9845,43.7,48.15,1006.04,20.6,450.0,8.0,0.0,0.0,0.0,0.0,0.0,0.0,0.0,0.2,8,0,0,0,1,2,European Severe Heatwave 45.3°C,Copernicus ERA5 Reanalysis (Open-Meteo Archive API),21,4.53,-1.03
2022-07-24,37.3891,-5.9845,43.7,48.15,1006.08,20.5,450.0,8.0,0.0,0.0,0.0,0.0,0.0,0.0,0.0,0.2,8,0,0,0,1,2,European Severe Heatwave 45.3°C,Copernicus ERA5 Reanalysis (Open-Meteo Archive API),21,4.51,-1.02
2022-07-25,37.3891,-5.9845,44.6,47.7,1005.41,22.4,450.0,8.0,0.0,0.0,0.0,0.0,0.0,0.0,0.0,0.2,8,0,0,0,1,2,European Severe Heatwave 45.3°C,Copernicus ERA5 Reanalysis (Open-Meteo Archive API),21,4.93,-1.12
2022-08-13,25.396,68.3578,35.7,62.1,1005.16,23.1,450.0,8.0,1.11,2.22,3.88,6.66,11.1,55.0,99.5,0.698,2,1,1,0,1,0,Pakistan Megaflood Sindh 2022,Copernicus ERA5 Reanalysis (Open-Meteo Archive API),37,5.08,-1.16
2022-08-14,25.396,68.3578,35.7,62.04,1005.16,23.1,450.0,8.0,0.87,1.74,3.04,5.22,8.7,51.4,98.9,0.694,2,1,1,0,1,0,Pakistan Megaflood Sindh 2022,Copernicus ERA5 Reanalysis (Open-Meteo Archive API),37,5.08,-1.16
2022-08-15,25.396,68.3578,35.7,62.21,1005.16,23.1,450.0,8.0,0.89,1.78,3.11,5.34,8.9,28.7,100.6,0.703,2,1,0,0,1,0,Pakistan Megaflood Sindh 2022,Copernicus ERA5 Reanalysis (Open-Meteo Archive API),37,5.08,-1.16
2022-08-16,25.396,68.3578,35.7,68.1,1005.16,23.1,450.0,8.0,6.53,13.06,22.85,39.18,65.3,82.9,159.5,0.95,2,1,1,0,1,0,Pakistan Megaflood Sindh 2022,Copernicus ERA5 Reanalysis (Open-Meteo Archive API),37,5.08,-1.16
2022-08-17,25.396,68.3578,35.3,73.63,1005.02,23.5,450.0,8.0,7.49,14.98,26.21,44.94,74.9,149.1,212.8,0.95,1,1,1,0,1,0,Pakistan Megaflood Sindh 2022,Copernicus ERA5 Reanalysis (Open-Meteo Archive API),37,5.17,-1.18
2022-08-18,25.396,68.3578,35.3,77.36,1003.27,28.5,450.0,8.0,4.96,9.92,17.36,29.76,49.6,189.8,250.1,0.95,1,1,1,0,1,0,Pakistan Megaflood Sindh 2022,Copernicus ERA5 Reanalysis (Open-Meteo Archive API),37,6.27,-1.43
2022-08-19,25.396,68.3578,31.7,76.97,1002.78,29.9,450.0,8.0,0.97,1.94,3.39,5.82,9.7,134.2,228.2,0.95,0,1,1,0,0,0,Pakistan Megaflood Sindh 2022,Copernicus ERA5 Reanalysis (Open-Meteo Archive API),37,6.58,-1.5
2022-08-20,25.396,68.3578,31.7,75.92,1002.78,29.9,450.0,8.0,0.06,0.12,0.21,0.36,0.6,59.9,217.7,0.95,0,1,1,0,0,0,Pakistan Megaflood Sindh 2022,Copernicus ERA5 Reanalysis (Open-Meteo Archive API),37,6.58,-1.5
2022-08-21,25.396,68.3578,31.7,75.12,1002.78,29.9,450.0,8.0,0.07,0.14,0.24,0.42,0.7,11.0,209.7,0.95,0,1,0,0,0,0,Pakistan Megaflood Sindh 2022,Copernicus ERA5 Reanalysis (Open-Meteo Archive API),37,6.58,-1.5
2022-08-22,25.396,68.3578,32.1,74.03,1002.78,29.9,450.0,8.0,0.0,0.0,0.0,0.0,0.0,1.3,200.8,0.95,0,3,0,0,0,0,Pakistan Megaflood Sindh 2022,Copernicus ERA5 Reanalysis (Open-Meteo Archive API),37,6.58,-1.5
2022-08-23,25.396,68.3578,32.1,76.82,1002.78,29.9,450.0,8.0,9.32,18.64,32.62,55.92,93.2,93.9,228.7,0.95,0,3,1,0,0,0,Pakistan Megaflood Sindh 2022,Copernicus ERA5 Reanalysis (Open-Meteo Archive API),37,6.58,-1.5
2022-08-24,25.396,68.3578,32.1,71.62,1002.78,29.9,450.0,8.0,2.29,4.58,8.01,13.74,22.9,116.1,176.7,0.95,0,3,1,0,0,0,Pakistan Megaflood Sindh 2022,Copernicus ERA5 Reanalysis (Open-Meteo Archive API),37,6.58,-1.5
2022-08-25,25.396,68.3578,32.1,66.7,1002.33,31.2,450.0,8.0,0.04,0.08,0.14,0.24,0.4,116.5,127.5,0.837,0,3,1,0,0,0,Pakistan Megaflood Sindh 2022,Copernicus ERA5 Reanalysis (Open-Meteo Archive API),37,6.86,-1.56
2022-08-26,25.396,68.3578,32.1,65.84,1002.33,31.2,450.0,8.0,0.11,0.22,0.39,0.66,1.1,24.4,118.9,0.794,0,3,0,0,0,0,Pakistan Megaflood Sindh 2022,Copernicus ERA5 Reanalysis (Open-Meteo Archive API),37,6.86,-1.56
2022-08-27,25.396,68.3578,32.1,65.84,1002.33,31.2,450.0,8.0,0.06,0.12,0.21,0.36,0.6,2.1,118.9,0.794,0,3,0,0,0,0,Pakistan Megaflood Sindh 2022,Copernicus ERA5 Reanalysis (Open-Meteo Archive API),37,6.86,-1.56
2022-08-28,25.396,68.3578,32.4,65.62,1002.33,31.2,450.0,8.0,0.0,0.0,0.0,0.0,0.0,1.7,118.2,0.791,0,3,0,0,0,0,Pakistan Megaflood Sindh 2022,Copernicus ERA5 Reanalysis (Open-Meteo Archive API),37,6.86,-1.56
2022-08-29,25.396,68.3578,32.4,65.62,1002.33,31.2,450.0,8.0,0.0,0.0,0.0,0.0,0.0,0.6,118.2,0.791,0,1,0,0,0,0,Pakistan Megaflood Sindh 2022,Copernicus ERA5 Reanalysis (Open-Meteo Archive API),37,6.86,-1.56
2022-08-30,25.396,68.3578,32.4,56.3,1002.33,31.2,450.0,8.0,0.0,0.0,0.0,0.0,0.0,0.0,25.0,0.325,0,1,0,0,0,0,Pakistan Megaflood Sindh 2022,Copernicus ERA5 Reanalysis (Open-Meteo Archive API),37,6.86,-1.56
2022-08-31,25.396,68.3578,32.4,54.01,1002.33,31.2,450.0,8.0,0.0,0.0,0.0,0.0,0.0,0.0,2.1,0.211,0,1,0,0,0,1,Pakistan Megaflood Sindh 2022,Copernicus ERA5 Reanalysis (Open-Meteo Archive API),37,6.86,-1.56
2022-09-01,25.396,68.3578,32.5,53.92,1002.33,31.2,450.0,8.0,0.0,0.0,0.0,0.0,0.0,0.0,1.7,0.209,0,1,0,0,0,2,Pakistan Megaflood Sindh 2022,Copernicus ERA5 Reanalysis (Open-Meteo Archive API),37,6.86,-1.56
2022-09-02,25.396,68.3578,33.1,53.51,1004.33,25.5,450.0,8.0,0.0,0.0,0.0,0.0,0.0,0.0,0.6,0.203,0,1,0,0,0,2,Pakistan Megaflood Sindh 2022,Copernicus ERA5 Reanalysis (Open-Meteo Archive API),37,5.61,-1.27
2022-09-03,25.396,68.3578,33.1,53.45,1003.1,29.0,450.0,8.0,0.0,0.0,0.0,0.0,0.0,0.0,0.0,0.2,0,1,0,0,0,2,Pakistan Megaflood Sindh 2022,Copernicus ERA5 Reanalysis (Open-Meteo Archive API),37,6.38,-1.45
2022-09-04,25.396,68.3578,33.1,53.45,1000.05,37.7,450.0,8.0,0.0,0.0,0.0,0.0,0.0,0.0,0.0,0.2,0,1,0,1,0,2,Pakistan Megaflood Sindh 2022,Copernicus ERA5 Reanalysis (Open-Meteo Archive API),37,8.29,-1.89
2022-09-05,25.396,68.3578,33.1,53.45,1000.05,37.7,450.0,8.0,0.0,0.0,0.0,0.0,0.0,0.0,0.0,0.2,0,1,0,1,0,2,Pakistan Megaflood Sindh 2022,Copernicus ERA5 Reanalysis (Open-Meteo Archive API),37,8.29,-1.89
2022-09-06,25.396,68.3578,33.5,53.25,1000.05,37.7,450.0,8.0,0.0,0.0,0.0,0.0,0.0,0.0,0.0,0.2,0,1,0,1,0,2,Pakistan Megaflood Sindh 2022,Copernicus ERA5 Reanalysis (Open-Meteo Archive API),37,8.29,-1.89
2022-09-16,26.6406,-81.8723,31.6,64.43,1005.02,23.5,450.0,8.0,2.02,4.04,7.07,12.12,20.2,62.9,102.3,0.712,0,2,1,1,0,0,Hurricane Ian - Fort Myers FL,Copernicus ERA5 Reanalysis (Open-Meteo Archive API),23,5.17,-1.18
2022-09-17,26.6406,-81.8723,31.6,64.98,1007.12,17.5,450.0,8.0,2.09,4.18,7.31,12.54,20.9,60.5,107.8,0.739,0,2,1,1,0,0,Hurricane Ian - Fort Myers FL,Copernicus ERA5 Reanalysis (Open-Meteo Archive API),23,3.85,-0.88
2022-09-18,26.6406,-81.8723,31.6,65.3,1008.14,14.6,450.0,8.0,1.16,2.32,4.06,6.96,11.6,52.7,111.0,0.755,0,2,1,1,0,0,Hurricane Ian - Fort Myers FL,Copernicus ERA5 Reanalysis (Open-Meteo Archive API),23,3.21,-0.73
2022-09-19,26.6406,-81.8723,31.3,64.49,1008.14,14.6,450.0,8.0,0.31,0.62,1.08,1.86,3.1,35.6,101.4,0.707,0,2,0,1,0,0,Hurricane Ian - Fort Myers FL,Copernicus ERA5 Reanalysis (Open-Meteo Archive API),23,3.21,-0.73
2022-09-20,26.6406,-81.8723,31.2,65.0,1008.14,14.6,450.0,8.0,0.75,1.5,2.62,4.5,7.5,22.2,106.0,0.73,0,2,0,1,0,0,Hurricane Ian - Fort Myers FL,Copernicus ERA5 Reanalysis (Open-Meteo Archive API),23,3.21,-0.73
2022-09-21,26.6406,-81.8723,31.3,63.3,1007.65,16.0,450.0,8.0,0.68,1.36,2.38,4.08,6.8,17.4,89.5,0.647,0,1,0,1,0,0,Hurricane Ian - Fort Myers FL,Copernicus ERA5 Reanalysis (Open-Meteo Archive API),23,3.52,-0.8
2022-09-22,26.6406,-81.8723,31.3,61.61,1007.65,16.0,450.0,8.0,0.25,0.5,0.88,1.5,2.5,16.8,72.6,0.563,0,1,0,1,0,0,Hurricane Ian - Fort Myers FL,Copernicus ERA5 Reanalysis (Open-Meteo Archive API),23,3.52,-0.8
2022-09-23,26.6406,-81.8723,32.9,58.84,1007.65,16.0,450.0,8.0,0.05,0.1,0.17,0.3,0.5,9.8,52.9,0.465,0,1,0,1,0,0,Hurricane Ian - Fort Myers FL,Copernicus ERA5 Reanalysis (Open-Meteo Archive API),23,3.52,-0.8
2022-09-24,26.6406,-81.8723,32.9,56.95,1007.65,16.0,450.0,8.0,0.2,0.4,0.7,1.2,2.0,5.0,34.0,0.37,0,0,0,1,0,0,Hurricane Ian - Fort Myers FL,Copernicus ERA5 Reanalysis (Open-Meteo Archive API),23,3.52,-0.8
2022-09-25,26.6406,-81.8723,32.9,56.4,1007.51,16.4,450.0,8.0,0.61,1.22,2.13,3.66,6.1,8.6,28.5,0.343,0,0,0,3,0,0,Hurricane Ian - Fort Myers FL,Copernicus ERA5 Reanalysis (Open-Meteo Archive API),23,3.61,-0.82
2022-09-26,26.6406,-81.8723,32.9,57.04,1006.77,18.5,450.0,8.0,0.95,1.9,3.32,5.7,9.5,17.6,34.9,0.374,0,0,0,3,0,0,Hurricane Ian - Fort Myers FL,Copernicus ERA5 Reanalysis (Open-Meteo Archive API),23,4.07,-0.93
2022-09-27,26.6406,-81.8723,32.9,59.44,1005.06,23.4,450.0,8.0,3.15,6.3,11.02,18.9,31.5,47.1,58.9,0.494,0,1,0,3,0,0,Hurricane Ian - Fort Myers FL,Copernicus ERA5 Reanalysis (Open-Meteo Archive API),23,5.15,-1.17
2022-09-28,26.6406,-81.8723,32.9,73.36,976.25,105.7,450.0,8.0,14.6,29.2,51.1,87.6,146.0,187.0,198.1,0.95,0,2,1,3,0,0,Hurricane Ian - Fort Myers FL,Copernicus ERA5 Reanalysis (Open-Meteo Archive API),23,23.25,-5.29
2022-09-29,26.6406,-81.8723,32.9,74.7,976.25,105.7,450.0,8.0,1.59,3.18,5.56,9.54,15.9,193.4,211.5,0.95,0,2,1,3,0,0,Hurricane Ian - Fort Myers FL,Copernicus ERA5 Reanalysis (Open-Meteo Archive API),23,23.25,-5.29
2022-09-30,26.6406,-81.8723,32.9,74.65,976.25,105.7,450.0,8.0,0.0,0.0,0.0,0.0,0.0,161.9,211.0,0.95,0,2,1,3,0,0,Hurricane Ian - Fort Myers FL,Copernicus ERA5 Reanalysis (Open-Meteo Archive API),23,23.25,-5.29
2022-10-01,26.6406,-81.8723,31.5,75.15,976.25,105.7,450.0,8.0,0.0,0.0,0.0,0.0,0.0,15.9,209.0,0.95,0,2,0,3,0,0,Hurricane Ian - Fort Myers FL,Copernicus ERA5 Reanalysis (Open-Meteo Archive API),23,23.25,-5.29
2022-10-02,26.6406,-81.8723,31.5,74.54,976.25,105.7,450.0,8.0,0.0,0.0,0.0,0.0,0.0,0.0,202.9,0.95,0,2,0,1,0,0,Hurricane Ian - Fort Myers FL,Copernicus ERA5 Reanalysis (Open-Meteo Archive API),23,23.25,-5.29
2022-10-03,26.6406,-81.8723,31.5,73.59,976.25,105.7,450.0,8.0,0.0,0.0,0.0,0.0,0.0,0.0,193.4,0.95,0,2,0,1,0,0,Hurricane Ian - Fort Myers FL,Copernicus ERA5 Reanalysis (Open-Meteo Archive API),23,23.25,-5.29
2022-10-04,26.6406,-81.8723,28.9,71.74,976.25,105.7,450.0,8.0,0.0,0.0,0.0,0.0,0.0,0.0,161.9,0.95,0,2,0,1,0,0,Hurricane Ian - Fort Myers FL,Copernicus ERA5 Reanalysis (Open-Meteo Archive API),23,23.25,-5.29
2022-10-05,26.6406,-81.8723,28.9,57.14,976.25,105.7,450.0,8.0,0.0,0.0,0.0,0.0,0.0,0.0,15.9,0.28,0,0,0,1,0,0,Hurricane Ian - Fort Myers FL,Copernicus ERA5 Reanalysis (Open-Meteo Archive API),23,23.25,-5.29
2022-10-06,26.6406,-81.8723,29.1,55.45,985.28,79.9,450.0,8.0,0.0,0.0,0.0,0.0,0.0,0.0,0.0,0.2,0,0,0,1,0,1,Hurricane Ian - Fort Myers FL,Copernicus ERA5 Reanalysis (Open-Meteo Archive API),23,17.58,-4.0
2022-10-07,26.6406,-81.8723,29.1,55.45,1006.71,18.7,450.0,8.0,0.0,0.0,0.0,0.0,0.0,0.0,0.0,0.2,0,0,0,1,0,1,Hurricane Ian - Fort Myers FL,Copernicus ERA5 Reanalysis (Open-Meteo Archive API),23,4.11,-0.93
2022-10-08,26.6406,-81.8723,30.7,54.65,1007.12,17.5,450.0,8.0,0.0,0.0,0.0,0.0,0.0,0.0,0.0,0.2,0,0,0,1,0,1,Hurricane Ian - Fort Myers FL,Copernicus ERA5 Reanalysis (Open-Meteo Archive API),23,3.85,-0.88
2022-10-09,26.6406,-81.8723,30.8,54.81,1007.12,17.5,450.0,8.0,0.21,0.42,0.73,1.26,2.1,2.1,2.1,0.211,0,0,0,1,0,1,Hurricane Ian - Fort Myers FL,Copernicus ERA5 Reanalysis (Open-Meteo Archive API),23,3.85,-0.88
2022-10-10,26.6406,-81.8723,30.8,54.95,1007.12,17.5,450.0,8.0,0.14,0.28,0.49,0.84,1.4,3.5,3.5,0.218,0,0,0,1,0,1,Hurricane Ian - Fort Myers FL,Copernicus ERA5 Reanalysis (Open-Meteo Archive API),23,3.85,-0.88
2022-11-27,12.6269,80.1927,28.2,60.34,1005.48,22.2,450.0,8.0,0.28,0.56,0.98,1.68,2.8,5.2,44.4,0.422,0,1,0,0,0,0,Cyclone Mandous - Mamallapuram,Copernicus ERA5 Reanalysis (Open-Meteo Archive API),12,4.88,-1.11
2022-11-28,12.6269,80.1927,28.4,57.52,1005.76,21.4,450.0,8.0,0.06,0.12,0.21,0.36,0.6,5.2,17.2,0.286,0,0,0,0,0,0,Cyclone Mandous - Mamallapuram,Copernicus ERA5 Reanalysis (Open-Meteo Archive API),12,4.71,-1.07
2022-11-29,12.6269,80.1927,28.4,57.17,1005.93,20.9,450.0,8.0,0.0,0.0,0.0,0.0,0.0,3.4,13.7,0.269,0,0,0,0,0,0,Cyclone Mandous - Mamallapuram,Copernicus ERA5 Reanalysis (Open-Meteo Archive API),12,4.6,-1.05
2022-11-30,12.6269,80.1927,28.4,56.96,1006.74,18.6,450.0,8.0,0.14,0.28,0.49,0.84,1.4,2.0,11.6,0.258,0,0,0,0,0,0,Cyclone Mandous - Mamallapuram,Copernicus ERA5 Reanalysis (Open-Meteo Archive API),12,4.09,-0.93
2022-12-01,12.6269,80.1927,28.4,56.69,1006.74,18.6,450.0,8.0,0.17,0.34,0.59,1.02,1.7,3.1,8.9,0.244,0,0,0,0,0,1,Cyclone Mandous - Mamallapuram,Copernicus ERA5 Reanalysis (Open-Meteo Archive API),12,4.09,-0.93
2022-12-02,12.6269,80.1927,28.8,56.53,1006.74,18.6,450.0,8.0,0.1,0.2,0.35,0.6,1.0,4.1,9.3,0.246,0,0,0,0,0,1,Cyclone Mandous - Mamallapuram,Copernicus ERA5 Reanalysis (Open-Meteo Archive API),12,4.09,-0.93
2022-12-03,12.6269,80.1927,28.8,56.99,1006.74,18.6,450.0,8.0,0.64,1.28,2.24,3.84,6.4,9.1,13.9,0.27,0,0,0,0,0,0,Cyclone Mandous - Mamallapuram,Copernicus ERA5 Reanalysis (Open-Meteo Archive API),12,4.09,-0.93
2022-12-04,12.6269,80.1927,29.1,56.7,1005.59,21.9,450.0,8.0,0.14,0.28,0.49,0.84,1.4,8.8,12.5,0.263,0,0,0,0,0,0,Cyclone Mandous - Mamallapuram,Copernicus ERA5 Reanalysis (Open-Meteo Archive API),12,4.82,-1.09
2022-12-05,12.6269,80.1927,29.1,56.67,1005.59,21.9,450.0,8.0,0.03,0.06,0.1,0.18,0.3,8.1,12.2,0.261,0,0,0,0,0,0,Cyclone Mandous - Mamallapuram,Copernicus ERA5 Reanalysis (Open-Meteo Archive API),12,4.82,-1.09
2022-12-06,12.6269,80.1927,29.1,56.67,1005.02,23.5,450.0,8.0,0.0,0.0,0.0,0.0,0.0,1.7,12.2,0.261,0,0,0,2,0,0,Cyclone Mandous - Mamallapuram,Copernicus ERA5 Reanalysis (Open-Meteo Archive API),12,5.17,-1.18
2022-12-07,12.6269,80.1927,29.1,56.53,1004.39,25.3,450.0,8.0,0.0,0.0,0.0,0.0,0.0,0.3,10.8,0.254,0,0,0,2,0,0,Cyclone Mandous - Mamallapuram,Copernicus ERA5 Reanalysis (Open-Meteo Archive API),12,5.57,-1.27
2022-12-08,12.6269,80.1927,29.1,59.87,999.5,39.3,450.0,8.0,3.51,7.02,12.29,21.06,35.1,35.1,44.2,0.421,0,1,0,2,0,0,Cyclone Mandous - Mamallapuram,Copernicus ERA5 Reanalysis (Open-Meteo Archive API),12,8.65,-1.96
2022-12-09,12.6269,80.1927,29.1,74.18,997.18,45.9,450.0,8.0,14.41,28.82,50.43,86.46,144.1,179.2,187.3,0.95,0,2,1,2,0,0,Cyclone Mandous - Mamallapuram,Copernicus ERA5 Reanalysis (Open-Meteo Archive API),12,10.1,-2.3
2022-12-10,12.6269,80.1927,29.1,73.97,997.18,45.9,450.0,8.0,0.43,0.86,1.5,2.58,4.3,183.5,185.2,0.95,0,2,1,2,0,0,Cyclone Mandous - Mamallapuram,Copernicus ERA5 Reanalysis (Open-Meteo Archive API),12,10.1,-2.3
2022-12-11,12.6269,80.1927,29.1,74.53,997.18,45.9,450.0,8.0,0.7,1.4,2.45,4.2,7.0,155.4,190.8,0.95,0,2,1,2,0,0,Cyclone Mandous - Mamallapuram,Copernicus ERA5 Reanalysis (Open-Meteo Archive API),12,10.1,-2.3
2022-12-12,12.6269,80.1927,29.0,77.26,997.18,45.9,450.0,8.0,2.71,5.42,9.48,16.26,27.1,38.4,217.6,0.95,0,2,0,2,0,0,Cyclone Mandous - Mamallapuram,Copernicus ERA5 Reanalysis (Open-Meteo Archive API),12,10.1,-2.3
2022-12-13,12.6269,80.1927,28.8,77.48,997.18,45.9,450.0,8.0,0.12,0.24,0.42,0.72,1.2,35.3,218.8,0.95,0,2,0,0,0,0,Cyclone Mandous - Mamallapuram,Copernicus ERA5 Reanalysis (Open-Meteo Archive API),12,10.1,-2.3
2022-12-14,12.6269,80.1927,28.5,77.69,997.18,45.9,450.0,8.0,0.06,0.12,0.21,0.36,0.6,28.9,219.4,0.95,0,2,0,0,0,0,Cyclone Mandous - Mamallapuram,Copernicus ERA5 Reanalysis (Open-Meteo Archive API),12,10.1,-2.3
2022-12-15,12.6269,80.1927,28.5,74.19,997.18,45.9,450.0,8.0,0.01,0.02,0.03,0.06,0.1,1.9,184.4,0.95,0,2,0,0,0,0,Cyclone Mandous - Mamallapuram,Copernicus ERA5 Reanalysis (Open-Meteo Archive API),12,10.1,-2.3
2022-12-16,12.6269,80.1927,28.5,59.78,997.18,45.9,450.0,8.0,0.0,0.0,0.0,0.0,0.0,0.7,40.3,0.402,0,1,0,0,0,0,Cyclone Mandous - Mamallapuram,Copernicus ERA5 Reanalysis (Open-Meteo Archive API),12,10.1,-2.3
2022-12-17,12.6269,80.1927,28.5,59.38,999.63,38.9,450.0,8.0,0.03,0.06,0.1,0.18,0.3,0.4,36.3,0.382,0,0,0,0,0,0,Cyclone Mandous - Mamallapuram,Copernicus ERA5 Reanalysis (Open-Meteo Archive API),12,8.56,-1.95
2022-12-18,12.6269,80.1927,28.5,58.8,1004.47,25.1,450.0,8.0,0.12,0.24,0.42,0.72,1.2,1.5,30.5,0.353,0,0,0,0,0,0,Cyclone Mandous - Mamallapuram,Copernicus ERA5 Reanalysis (Open-Meteo Archive API),12,5.52,-1.25
2022-12-19,12.6269,80.1927,28.8,56.06,1004.47,25.1,450.0,8.0,0.12,0.24,0.42,0.72,1.2,2.7,4.6,0.223,0,0,0,0,0,1,Cyclone Mandous - Mamallapuram,Copernicus ERA5 Reanalysis (Open-Meteo Archive API),12,5.52,-1.25
2022-12-20,12.6269,80.1927,28.8,55.98,1004.04,26.3,450.0,8.0,0.04,0.08,0.14,0.24,0.4,2.8,3.8,0.219,0,0,0,0,0,1,Cyclone Mandous - Mamallapuram,Copernicus ERA5 Reanalysis (Open-Meteo Archive API),12,5.79,-1.32
2022-12-21,12.6269,80.1927,28.8,55.97,1004.04,26.3,450.0,8.0,0.05,0.1,0.17,0.3,0.5,2.1,3.7,0.218,0,0,0,0,0,1,Cyclone Mandous - Mamallapuram,Copernicus ERA5 Reanalysis (Open-Meteo Archive API),12,5.79,-1.32
2023-06-03,23.242,69.6669,38.6,50.95,998.59,41.9,450.0,8.0,0.0,0.0,0.0,0.0,0.0,1.3,2.5,0.213,8,0,0,1,1,1,Cyclone Biparjoy - Gujarat Kutch,Copernicus ERA5 Reanalysis (Open-Meteo Archive API),7,9.22,-2.09
2023-06-04,23.242,69.6669,38.6,50.96,1001.07,34.8,450.0,8.0,0.01,0.02,0.03,0.06,0.1,1.4,2.6,0.213,8,0,0,1,1,1,Cyclone Biparjoy - Gujarat Kutch,Copernicus ERA5 Reanalysis (Open-Meteo Archive API),7,7.66,-1.74
2023-06-05,23.242,69.6669,38.6,50.84,1001.38,33.9,450.0,8.0,0.0,0.0,0.0,0.0,0.0,0.1,1.4,0.207,8,0,0,1,1,2,Cyclone Biparjoy - Gujarat Kutch,Copernicus ERA5 Reanalysis (Open-Meteo Archive API),7,7.46,-1.7
2023-06-06,23.242,69.6669,38.6,50.84,1001.38,33.9,450.0,8.0,0.0,0.0,0.0,0.0,0.0,0.1,1.4,0.207,8,0,0,1,1,2,Cyclone Biparjoy - Gujarat Kutch,Copernicus ERA5 Reanalysis (Open-Meteo Archive API),7,7.46,-1.7
2023-06-07,23.242,69.6669,38.6,50.84,1001.38,33.9,450.0,8.0,0.0,0.0,0.0,0.0,0.0,0.0,1.4,0.207,8,0,0,1,1,2,Cyclone Biparjoy - Gujarat Kutch,Copernicus ERA5 Reanalysis (Open-Meteo Archive API),7,7.46,-1.7
2023-06-08,23.242,69.6669,38.6,50.84,1001.38,33.9,450.0,8.0,0.0,0.0,0.0,0.0,0.0,0.0,1.4,0.207,8,0,0,1,1,2,Cyclone Biparjoy - Gujarat Kutch,Copernicus ERA5 Reanalysis (Open-Meteo Archive API),7,7.46,-1.7
2023-06-09,23.242,69.6669,38.6,50.71,1002.01,32.1,450.0,8.0,0.0,0.0,0.0,0.0,0.0,0.0,0.1,0.201,8,0,0,1,1,2,Cyclone Biparjoy - Gujarat Kutch,Copernicus ERA5 Reanalysis (Open-Meteo Archive API),7,7.06,-1.61
2023-06-10,23.242,69.6669,39.6,50.21,1002.01,32.1,450.0,8.0,0.0,0.0,0.0,0.0,0.0,0.0,0.1,0.201,8,0,0,1,1,2,Cyclone Biparjoy - Gujarat Kutch,Copernicus ERA5 Reanalysis (Open-Meteo Archive API),7,7.06,-1.61
2023-06-11,23.242,69.6669,39.6,50.27,1002.01,32.1,450.0,8.0,0.07,0.14,0.24,0.42,0.7,0.7,0.7,0.204,8,0,0,1,1,2,Cyclone Biparjoy - Gujarat Kutch,Copernicus ERA5 Reanalysis (Open-Meteo Archive API),7,7.06,-1.61
2023-06-12,23.242,69.6669,39.6,50.4,997.78,44.2,450.0,8.0,0.13,0.26,0.45,0.78,1.3,2.0,2.0,0.21,8,0,0,3,1,1,Cyclone Biparjoy - Gujarat Kutch,Copernicus ERA5 Reanalysis (Open-Meteo Archive API),7,9.72,-2.21
2023-06-13,23.242,69.6669,39.6,51.23,997.78,44.2,450.0,8.0,0.83,1.66,2.91,4.98,8.3,10.3,10.3,0.252,7,0,0,3,1,0,Cyclone Biparjoy - Gujarat Kutch,Copernicus ERA5 Reanalysis (Open-Meteo Archive API),7,9.72,-2.21
2023-06-14,23.242,69.6669,39.6,51.43,996.49,47.9,450.0,8.0,0.2,0.4,0.7,1.2,2.0,11.6,12.3,0.262,6,0,0,3,1,0,Cyclone Biparjoy - Gujarat Kutch,Copernicus ERA5 Reanalysis (Open-Meteo Archive API),7,10.54,-2.39
2023-06-15,23.242,69.6669,39.6,60.2,986.26,77.1,450.0,8.0,8.77,17.54,30.7,52.62,87.7,98.0,100.0,0.7,5,1,1,3,1,0,Cyclone Biparjoy - Gujarat Kutch,Copernicus ERA5 Reanalysis (Open-Meteo Archive API),7,16.96,-3.86
2023-06-16,23.242,69.6669,39.6,74.42,986.26,77.1,450.0,8.0,14.22,28.44,49.77,85.32,142.2,231.9,242.2,0.95,4,2,1,3,1,0,Cyclone Biparjoy - Gujarat Kutch,Copernicus ERA5 Reanalysis (Open-Meteo Archive API),7,16.96,-3.86
2023-06-17,23.242,69.6669,39.6,74.42,986.26,77.1,450.0,8.0,0.0,0.0,0.0,0.0,0.0,229.9,242.2,0.95,3,2,1,3,1,0,Cyclone Biparjoy - Gujarat Kutch,Copernicus ERA5 Reanalysis (Open-Meteo Archive API),7,16.96,-3.86
2023-06-18,23.242,69.6669,38.9,74.7,986.26,77.1,450.0,8.0,0.0,0.0,0.0,0.0,0.0,142.2,241.5,0.95,2,2,1,3,1,0,Cyclone Biparjoy - Gujarat Kutch,Copernicus ERA5 Reanalysis (Open-Meteo Archive API),7,16.96,-3.86
2023-06-19,23.242,69.6669,35.1,76.49,986.26,77.1,450.0,8.0,0.02,0.04,0.07,0.12,0.2,0.2,240.4,0.95,1,2,0,1,1,0,Cyclone Biparjoy - Gujarat Kutch,Copernicus ERA5 Reanalysis (Open-Meteo Archive API),7,16.96,-3.86
2023-06-20,23.242,69.6669,33.3,76.56,986.26,77.1,450.0,8.0,0.0,0.0,0.0,0.0,0.0,0.2,232.1,0.95,0,2,0,1,0,0,Cyclone Biparjoy - Gujarat Kutch,Copernicus ERA5 Reanalysis (Open-Meteo Archive API),7,16.96,-3.86
2023-06-21,23.242,69.6669,33.3,76.37,986.26,77.1,450.0,8.0,0.01,0.02,0.03,0.06,0.1,0.3,230.2,0.95,0,2,0,1,0,0,Cyclone Biparjoy - Gujarat Kutch,Copernicus ERA5 Reanalysis (Open-Meteo Archive API),7,16.96,-3.86
2023-06-22,23.242,69.6669,32.0,68.25,986.26,77.1,450.0,8.0,0.0,0.0,0.0,0.0,0.0,0.1,142.5,0.912,0,2,0,1,0,0,Cyclone Biparjoy - Gujarat Kutch,Copernicus ERA5 Reanalysis (Open-Meteo Archive API),7,16.96,-3.86
2023-06-23,23.242,69.6669,32.1,53.98,986.93,75.2,450.0,8.0,0.0,0.0,0.0,0.0,0.0,0.1,0.3,0.202,0,0,0,1,0,2,Cyclone Biparjoy - Gujarat Kutch,Copernicus ERA5 Reanalysis (Open-Meteo Archive API),7,16.54,-3.76
2023-06-24,23.242,69.6669,32.7,53.68,998.13,43.2,450.0,8.0,0.0,0.0,0.0,0.0,0.0,0.0,0.3,0.202,0,0,0,1,0,2,Cyclone Biparjoy - Gujarat Kutch,Copernicus ERA5 Reanalysis (Open-Meteo Archive API),7,9.5,-2.16
2023-06-25,23.242,69.6669,33.1,53.51,1001.77,32.8,450.0,8.0,0.03,0.06,0.1,0.18,0.3,0.3,0.6,0.203,0,0,0,1,0,2,Cyclone Biparjoy - Gujarat Kutch,Copernicus ERA5 Reanalysis (Open-Meteo Archive API),7,7.22,-1.64
2023-06-26,23.242,69.6669,33.1,53.92,1002.82,29.8,450.0,8.0,0.43,0.86,1.5,2.58,4.3,4.6,4.7,0.224,0,0,0,1,0,1,Cyclone Biparjoy - Gujarat Kutch,Copernicus ERA5 Reanalysis (Open-Meteo Archive API),7,6.56,-1.49
2023-06-27,23.242,69.6669,33.1,54.05,1002.82,29.8,450.0,8.0,0.13,0.26,0.45,0.78,1.3,5.9,6.0,0.23,0,0,0,1,0,1,Cyclone Biparjoy - Gujarat Kutch,Copernicus ERA5 Reanalysis (Open-Meteo Archive API),7,6.56,-1.49
2023-07-01,28.6139,77.209,34.5,58.5,1005.13,23.2,450.0,8.0,0.24,0.48,0.84,1.44,2.4,26.8,57.5,0.487,0,0,0,0,0,0,Delhi Yamuna Flood 2023,Copernicus ERA5 Reanalysis (Open-Meteo Archive API),19,5.1,-1.16
2023-07-02,28.6139,77.209,35.3,57.68,1005.13,23.2,450.0,8.0,0.04,0.08,0.14,0.24,0.4,8.0,53.3,0.466,1,0,0,0,1,0,Delhi Yamuna Flood 2023,Copernicus ERA5 Reanalysis (Open-Meteo Archive API),19,5.1,-1.16
2023-07-03,28.6139,77.209,36.6,56.74,1005.13,23.2,450.0,8.0,0.69,1.38,2.42,4.14,6.9,9.7,50.4,0.452,2,0,0,0,1,0,Delhi Yamuna Flood 2023,Copernicus ERA5 Reanalysis (Open-Meteo Archive API),19,5.1,-1.16
2023-07-04,28.6139,77.209,36.7,56.29,1005.13,23.2,450.0,8.0,0.01,0.02,0.03,0.06,0.1,7.4,46.4,0.432,3,0,0,0,1,0,Delhi Yamuna Flood 2023,Copernicus ERA5 Reanalysis (Open-Meteo Archive API),19,5.1,-1.16
2023-07-05,28.6139,77.209,36.7,56.37,1005.13,23.2,450.0,8.0,1.3,2.6,4.55,7.8,13.0,20.0,47.2,0.436,3,0,0,0,1,0,Delhi Yamuna Flood 2023,Copernicus ERA5 Reanalysis (Open-Meteo Archive API),19,5.1,-1.16
2023-07-06,28.6139,77.209,36.7,55.15,1005.13,23.2,450.0,8.0,0.7,1.4,2.45,4.2,7.0,20.1,35.0,0.375,3,0,0,0,1,0,Delhi Yamuna Flood 2023,Copernicus ERA5 Reanalysis (Open-Meteo Archive API),19,5.1,-1.16
2023-07-07,28.6139,77.209,36.7,56.47,1005.13,23.2,450.0,8.0,1.84,3.68,6.44,11.04,18.4,38.4,48.2,0.441,3,0,0,0,1,0,Delhi Yamuna Flood 2023,Copernicus ERA5 Reanalysis (Open-Meteo Archive API),19,5.1,-1.16
2023-07-08,28.6139,77.209,36.7,58.75,1005.13,23.2,450.0,8.0,2.52,5.04,8.82,15.12,25.2,50.6,71.0,0.555,3,0,1,0,1,0,Delhi Yamuna Flood 2023,Copernicus ERA5 Reanalysis (Open-Meteo Archive API),19,5.1,-1.16
2023-07-09,28.6139,77.209,36.7,62.39,1005.59,21.9,450.0,8.0,3.68,7.36,12.88,22.08,36.8,80.4,107.4,0.737,3,0,1,0,1,0,Delhi Yamuna Flood 2023,Copernicus ERA5 Reanalysis (Open-Meteo Archive API),19,4.82,-1.09
2023-07-10,28.6139,77.209,36.7,64.45,1005.59,21.9,450.0,8.0,2.75,5.5,9.62,16.5,27.5,89.5,128.0,0.84,2,2,1,0,1,0,Delhi Yamuna Flood 2023,Copernicus ERA5 Reanalysis (Open-Meteo Archive API),19,4.82,-1.09
2023-07-11,28.6139,77.209,36.7,64.54,1005.59,21.9,450.0,8.0,0.1,0.2,0.35,0.6,1.0,65.3,128.9,0.844,1,2,1,0,1,0,Delhi Yamuna Flood 2023,Copernicus ERA5 Reanalysis (Open-Meteo Archive API),19,4.82,-1.09
2023-07-12,28.6139,77.209,33.6,65.85,1005.59,21.9,450.0,8.0,1.06,2.12,3.71,6.36,10.6,39.1,126.5,0.833,0,2,0,0,0,0,Delhi Yamuna Flood 2023,Copernicus ERA5 Reanalysis (Open-Meteo Archive API),19,4.82,-1.09
2023-07-13,28.6139,77.209,33.5,65.62,1005.59,21.9,450.0,8.0,0.42,0.84,1.47,2.52,4.2,15.8,123.7,0.819,0,2,0,0,0,0,Delhi Yamuna Flood 2023,Copernicus ERA5 Reanalysis (Open-Meteo Archive API),19,4.82,-1.09
2023-07-14,28.6139,77.209,33.8,65.77,1005.59,21.9,450.0,8.0,2.14,4.28,7.49,12.84,21.4,36.2,126.7,0.833,0,2,0,0,0,0,Delhi Yamuna Flood 2023,Copernicus ERA5 Reanalysis (Open-Meteo Archive API),19,4.82,-1.09
2023-07-15,28.6139,77.209,33.8,66.49,1005.59,21.9,450.0,8.0,3.24,6.48,11.34,19.44,32.4,58.0,133.9,0.869,0,2,1,0,0,0,Delhi Yamuna Flood 2023,Copernicus ERA5 Reanalysis (Open-Meteo Archive API),19,4.82,-1.09
2023-07-16,28.6139,77.209,33.8,63.67,1006.0,20.7,450.0,8.0,0.86,1.72,3.01,5.16,8.6,62.4,105.7,0.728,0,2,1,0,0,0,Delhi Yamuna Flood 2023,Copernicus ERA5 Reanalysis (Open-Meteo Archive API),19,4.55,-1.04
2023-07-16,24.5,118.0,38.1,51.27,1004.67,24.5,450.0,8.0,0.08,0.16,0.28,0.48,0.8,1.4,3.2,0.216,7,0,0,1,1,1,Typhoon Doksuri - Fujian China,Copernicus ERA5 Reanalysis (Open-Meteo Archive API),43,5.39,-1.23
2023-07-17,28.6139,77.209,33.8,62.21,1006.0,20.7,450.0,8.0,1.29,2.58,4.51,7.74,12.9,53.9,91.1,0.655,0,0,1,0,0,0,Delhi Yamuna Flood 2023,Copernicus ERA5 Reanalysis (Open-Meteo Archive API),19,4.55,-1.04
2023-07-17,24.5,118.0,38.0,52.19,1004.67,24.5,450.0,8.0,0.97,1.94,3.39,5.82,9.7,11.0,11.9,0.26,6,0,0,1,1,0,Typhoon Doksuri - Fujian China,Copernicus ERA5 Reanalysis (Open-Meteo Archive API),43,5.39,-1.23
2023-07-18,24.5,118.0,38.0,52.9,1004.67,24.5,450.0,8.0,0.73,1.46,2.55,4.38,7.3,17.8,19.0,0.295,5,0,0,1,1,0,Typhoon Doksuri - Fujian China,Copernicus ERA5 Reanalysis (Open-Meteo Archive API),43,5.39,-1.23
2023-07-18,28.6139,77.209,33.8,63.17,1006.0,20.7,450.0,8.0,1.06,2.12,3.71,6.36,10.6,32.1,100.7,0.704,0,0,0,0,0,0,Delhi Yamuna Flood 2023,Copernicus ERA5 Reanalysis (Open-Meteo Archive API),19,4.55,-1.04
2023-07-19,24.5,118.0,38.0,53.44,1004.67,24.5,450.0,8.0,0.6,1.2,2.1,3.6,6.0,23.0,24.4,0.322,4,0,0,1,1,0,Typhoon Doksuri - Fujian China,Copernicus ERA5 Reanalysis (Open-Meteo Archive API),43,5.39,-1.23
2023-07-19,28.6139,77.209,33.8,63.04,1006.0,20.7,450.0,8.0,0.93,1.86,3.25,5.58,9.3,32.8,99.4,0.697,0,0,0,0,0,0,Delhi Yamuna Flood 2023,Copernicus ERA5 Reanalysis (Open-Meteo Archive API),19,4.55,-1.04
2023-07-20,28.6139,77.209,35.2,64.29,1006.0,20.7,450.0,8.0,2.37,4.74,8.29,14.22,23.7,43.6,118.9,0.794,1,0,0,0,1,0,Delhi Yamuna Flood 2023,Copernicus ERA5 Reanalysis (Open-Meteo Archive API),19,4.55,-1.04
2023-07-20,24.5,118.0,38.0,53.81,1004.67,24.5,450.0,8.0,0.37,0.74,1.29,2.22,3.7,17.0,28.1,0.341,3,0,0,1,1,0,Typhoon Doksuri - Fujian China,Copernicus ERA5 Reanalysis (Open-Meteo Archive API),43,5.39,-1.23
2023-07-21,24.5,118.0,38.0,54.81,1005.59,21.9,450.0,8.0,1.01,2.02,3.53,6.06,10.1,19.8,38.1,0.391,2,0,0,1,1,0,Typhoon Doksuri - Fujian China,Copernicus ERA5 Reanalysis (Open-Meteo Archive API),43,4.82,-1.09
2023-07-21,28.6139,77.209,35.6,62.37,1006.0,20.7,450.0,8.0,0.42,0.84,1.47,2.52,4.2,37.2,101.7,0.709,2,0,0,0,1,0,Delhi Yamuna Flood 2023,Copernicus ERA5 Reanalysis (Open-Meteo Archive API),19,4.55,-1.04
2023-07-22,28.6139,77.209,35.6,59.73,1006.0,20.7,450.0,8.0,0.6,1.2,2.1,3.6,6.0,33.9,75.3,0.577,2,0,0,0,1,0,Delhi Yamuna Flood 2023,Copernicus ERA5 Reanalysis (Open-Meteo Archive API),19,4.55,-1.04
2023-07-22,24.5,118.0,35.5,56.02,1005.59,21.9,450.0,8.0,0.01,0.02,0.03,0.06,0.1,13.9,37.7,0.389,1,0,0,1,1,0,Typhoon Doksuri - Fujian China,Copernicus ERA5 Reanalysis (Open-Meteo Archive API),43,4.82,-1.09
2023-07-23,24.5,118.0,34.5,56.54,1006.32,19.8,450.0,8.0,0.1,0.2,0.35,0.6,1.0,11.2,37.9,0.39,0,0,0,1,0,0,Typhoon Doksuri - Fujian China,Copernicus ERA5 Reanalysis (Open-Meteo Archive API),43,4.36,-0.99
2023-07-23,28.6139,77.209,35.6,58.93,1005.59,21.9,450.0,8.0,0.06,0.12,0.21,0.36,0.6,10.8,67.3,0.536,2,0,0,0,1,0,Delhi Yamuna Flood 2023,Copernicus ERA5 Reanalysis (Open-Meteo Archive API),19,4.82,-1.09
2023-07-24,24.5,118.0,34.4,55.62,1006.32,19.8,450.0,8.0,0.0,0.0,0.0,0.0,0.0,1.1,28.2,0.341,0,0,0,1,0,0,Typhoon Doksuri - Fujian China,Copernicus ERA5 Reanalysis (Open-Meteo Archive API),43,4.36,-0.99
2023-07-24,28.6139,77.209,35.6,59.2,1005.59,21.9,450.0,8.0,1.56,3.12,5.46,9.36,15.6,22.2,70.0,0.55,2,0,0,0,1,0,Delhi Yamuna Flood 2023,Copernicus ERA5 Reanalysis (Open-Meteo Archive API),19,4.82,-1.09
2023-07-25,28.6139,77.209,35.6,59.0,1005.59,21.9,450.0,8.0,0.86,1.72,3.01,5.16,8.6,24.8,68.0,0.54,2,0,0,0,1,0,Delhi Yamuna Flood 2023,Copernicus ERA5 Reanalysis (Open-Meteo Archive API),19,4.82,-1.09
2023-07-25,24.5,118.0,35.5,54.34,1004.36,25.4,450.0,8.0,0.0,0.0,0.0,0.0,0.0,1.0,20.9,0.304,1,0,0,3,1,0,Typhoon Doksuri - Fujian China,Copernicus ERA5 Reanalysis (Open-Meteo Archive API),43,5.59,-1.27
2023-07-26,24.5,118.0,35.5,53.74,1001.46,33.7,450.0,8.0,0.0,0.0,0.0,0.0,0.0,0.0,14.9,0.275,1,0,0,3,1,0,Typhoon Doksuri - Fujian China,Copernicus ERA5 Reanalysis (Open-Meteo Archive API),43,7.41,-1.68
2023-07-27,24.5,118.0,35.5,55.64,1000.58,36.2,450.0,8.0,2.27,4.54,7.94,13.62,22.7,22.7,33.9,0.369,1,0,0,3,1,0,Typhoon Doksuri - Fujian China,Copernicus ERA5 Reanalysis (Open-Meteo Archive API),43,7.96,-1.81
2023-07-28,24.5,118.0,35.5,62.24,998.1,43.3,450.0,8.0,7.61,15.22,26.63,45.66,76.1,98.8,99.9,0.7,1,1,1,3,1,0,Typhoon Doksuri - Fujian China,Copernicus ERA5 Reanalysis (Open-Meteo Archive API),43,9.53,-2.16
2023-07-29,24.5,118.0,35.5,64.68,998.1,43.3,450.0,8.0,2.45,4.9,8.57,14.7,24.5,123.3,124.3,0.821,1,2,1,3,1,0,Typhoon Doksuri - Fujian China,Copernicus ERA5 Reanalysis (Open-Meteo Archive API),43,9.53,-2.16
2023-07-30,24.5,118.0,35.5,66.22,998.1,43.3,450.0,8.0,1.64,3.28,5.74,9.84,16.4,117.0,139.7,0.898,1,2,1,3,1,0,Typhoon Doksuri - Fujian China,Copernicus ERA5 Reanalysis (Open-Meteo Archive API),43,9.53,-2.16
2023-07-31,24.5,118.0,35.5,67.29,998.1,43.3,450.0,8.0,1.07,2.14,3.74,6.42,10.7,51.6,150.4,0.95,1,2,1,3,1,0,Typhoon Doksuri - Fujian China,Copernicus ERA5 Reanalysis (Open-Meteo Archive API),43,9.53,-2.16
2023-08-01,24.5,118.0,35.5,67.29,998.1,43.3,450.0,8.0,0.0,0.0,0.0,0.0,0.0,27.1,150.4,0.95,1,2,0,1,1,0,Typhoon Doksuri - Fujian China,Copernicus ERA5 Reanalysis (Open-Meteo Archive API),43,9.53,-2.16
2023-08-02,31.1048,77.1734,22.2,66.58,1008.21,14.4,450.0,38.0,0.27,0.54,0.94,1.62,2.7,5.6,76.8,0.584,0,1,0,0,0,0,Shimla Himachal Landslide 2023,Copernicus ERA5 Reanalysis (Open-Meteo Archive API),40,3.17,-0.72
2023-08-02,24.5,118.0,33.8,68.17,998.1,43.3,450.0,8.0,0.03,0.06,0.1,0.18,0.3,11.0,150.7,0.95,0,2,0,1,0,0,Typhoon Doksuri - Fujian China,Copernicus ERA5 Reanalysis (Open-Meteo Archive API),43,9.53,-2.16
2023-08-03,24.5,118.0,35.3,65.19,998.1,43.3,450.0,8.0,0.04,0.08,0.14,0.24,0.4,0.7,128.4,0.842,1,2,0,1,1,0,Typhoon Doksuri - Fujian China,Copernicus ERA5 Reanalysis (Open-Meteo Archive API),43,9.53,-2.16
2023-08-03,31.1048,77.1734,22.2,64.8,1008.21,14.4,450.0,38.0,0.15,0.3,0.52,0.9,1.5,4.3,59.0,0.495,0,1,0,0,0,0,Shimla Himachal Landslide 2023,Copernicus ERA5 Reanalysis (Open-Meteo Archive API),40,3.17,-0.72
2023-08-04,24.5,118.0,35.5,57.49,998.1,43.3,450.0,8.0,0.01,0.02,0.03,0.06,0.1,0.8,52.4,0.462,2,1,0,1,1,0,Typhoon Doksuri - Fujian China,Copernicus ERA5 Reanalysis (Open-Meteo Archive API),43,9.53,-2.16
2023-08-04,31.1048,77.1734,22.2,63.57,1008.21,14.4,450.0,38.0,0.8,1.6,2.8,4.8,8.0,12.2,46.7,0.433,0,1,0,0,0,0,Shimla Himachal Landslide 2023,Copernicus ERA5 Reanalysis (Open-Meteo Archive API),40,3.17,-0.72
2023-08-05,31.1048,77.1734,22.2,61.41,1008.17,14.5,450.0,38.0,0.25,0.5,0.88,1.5,2.5,12.0,25.1,0.326,0,0,0,0,0,0,Shimla Himachal Landslide 2023,Copernicus ERA5 Reanalysis (Open-Meteo Archive API),40,3.19,-0.73
2023-08-05,24.5,118.0,36.0,54.82,1005.13,23.2,450.0,8.0,0.03,0.06,0.1,0.18,0.3,0.8,28.2,0.341,3,0,0,1,1,0,Typhoon Doksuri - Fujian China,Copernicus ERA5 Reanalysis (Open-Meteo Archive API),43,5.1,-1.16
2023-08-06,24.5,118.0,36.0,53.36,1005.13,23.2,450.0,8.0,0.18,0.36,0.63,1.08,1.8,2.2,13.6,0.268,4,0,0,1,1,0,Typhoon Doksuri - Fujian China,Copernicus ERA5 Reanalysis (Open-Meteo Archive API),43,5.1,-1.16
2023-08-06,31.1048,77.1734,22.2,60.75,1007.4,16.7,450.0,38.0,0.09,0.18,0.32,0.54,0.9,11.4,18.5,0.292,0,0,0,0,0,0,Shimla Himachal Landslide 2023,Copernicus ERA5 Reanalysis (Open-Meteo Archive API),40,3.67,-0.84
2023-08-07,24.5,118.0,36.0,52.35,1005.13,23.2,450.0,8.0,0.06,0.12,0.21,0.36,0.6,2.7,3.5,0.218,4,0,0,1,1,1,Typhoon Doksuri - Fujian China,Copernicus ERA5 Reanalysis (Open-Meteo Archive API),43,5.1,-1.16
2023-08-07,31.1048,77.1734,22.2,60.76,1007.2,17.3,450.0,38.0,0.29,0.58,1.01,1.74,2.9,6.3,18.6,0.293,0,0,0,0,0,0,Shimla Himachal Landslide 2023,Copernicus ERA5 Reanalysis (Open-Meteo Archive API),40,3.81,-0.86
2023-08-08,24.5,118.0,36.0,53.63,1005.13,23.2,450.0,8.0,1.28,2.56,4.48,7.68,12.8,15.2,16.3,0.282,4,0,0,1,1,0,Typhoon Doksuri - Fujian China,Copernicus ERA5 Reanalysis (Open-Meteo Archive API),43,5.1,-1.16
2023-08-08,31.1048,77.1734,22.2,60.89,1007.2,17.3,450.0,38.0,0.14,0.28,0.49,0.84,1.4,5.2,19.9,0.299,0,0,0,0,0,0,Shimla Himachal Landslide 2023,Copernicus ERA5 Reanalysis (Open-Meteo Archive API),40,3.81,-0.86
2023-08-09,31.1048,77.1734,22.1,60.75,1007.2,17.3,450.0,38.0,0.08,0.16,0.28,0.48,0.8,5.1,18.0,0.29,0,0,0,0,0,0,Shimla Himachal Landslide 2023,Copernicus ERA5 Reanalysis (Open-Meteo Archive API),40,3.81,-0.86
2023-08-09,24.5,118.0,36.0,54.08,1005.13,23.2,450.0,8.0,0.48,0.96,1.68,2.88,4.8,18.2,20.8,0.304,4,0,0,1,1,0,Typhoon Doksuri - Fujian China,Copernicus ERA5 Reanalysis (Open-Meteo Archive API),43,5.1,-1.16
2023-08-10,31.1048,77.1734,22.1,61.28,1007.2,17.3,450.0,38.0,0.68,1.36,2.38,4.08,6.8,9.0,23.3,0.317,0,0,0,0,0,0,Shimla Himachal Landslide 2023,Copernicus ERA5 Reanalysis (Open-Meteo Archive API),40,3.81,-0.86
2023-08-11,31.1048,77.1734,21.6,61.22,1007.2,17.3,450.0,38.0,0.49,0.98,1.72,2.94,4.9,12.5,20.2,0.301,0,0,2,0,0,0,Shimla Himachal Landslide 2023,Copernicus ERA5 Reanalysis (Open-Meteo Archive API),40,3.81,-0.86
2023-08-12,31.1048,77.1734,21.6,62.59,1007.2,17.3,450.0,38.0,1.62,3.24,5.67,9.72,16.2,27.9,33.9,0.369,0,0,2,0,0,0,Shimla Himachal Landslide 2023,Copernicus ERA5 Reanalysis (Open-Meteo Archive API),40,3.81,-0.86
2023-08-13,31.1048,77.1734,21.6,64.87,1007.2,17.3,450.0,38.0,2.37,4.74,8.29,14.22,23.7,44.8,56.7,0.484,0,1,2,0,0,0,Shimla Himachal Landslide 2023,Copernicus ERA5 Reanalysis (Open-Meteo Archive API),40,3.81,-0.86
2023-08-14,31.1048,77.1734,21.6,68.85,1007.2,17.3,450.0,38.0,4.27,8.54,14.95,25.62,42.7,82.6,96.5,0.682,0,1,2,0,0,0,Shimla Himachal Landslide 2023,Copernicus ERA5 Reanalysis (Open-Meteo Archive API),40,3.81,-0.86
2023-08-15,31.1048,77.1734,21.6,68.8,1007.37,16.8,450.0,38.0,0.09,0.18,0.32,0.54,0.9,67.3,96.0,0.68,0,1,2,0,0,0,Shimla Himachal Landslide 2023,Copernicus ERA5 Reanalysis (Open-Meteo Archive API),40,3.7,-0.84
2023-08-16,31.1048,77.1734,21.6,68.81,1007.44,16.6,450.0,38.0,0.09,0.18,0.32,0.54,0.9,44.5,96.1,0.681,0,1,2,0,0,0,Shimla Himachal Landslide 2023,Copernicus ERA5 Reanalysis (Open-Meteo Archive API),40,3.65,-0.83
2023-08-17,31.1048,77.1734,21.3,68.49,1007.44,16.6,450.0,38.0,0.21,0.42,0.73,1.26,2.1,3.9,91.4,0.657,0,1,2,0,0,0,Shimla Himachal Landslide 2023,Copernicus ERA5 Reanalysis (Open-Meteo Archive API),40,3.65,-0.83
2023-08-18,31.1048,77.1734,22.2,67.99,1007.44,16.6,450.0,38.0,0.44,0.88,1.54,2.64,4.4,7.4,90.9,0.655,0,1,0,0,0,0,Shimla Himachal Landslide 2023,Copernicus ERA5 Reanalysis (Open-Meteo Archive API),40,3.65,-0.83
2023-08-19,31.1048,77.1734,22.2,67.66,1007.44,16.6,450.0,38.0,1.29,2.58,4.51,7.74,12.9,19.4,87.6,0.638,0,1,0,0,0,0,Shimla Himachal Landslide 2023,Copernicus ERA5 Reanalysis (Open-Meteo Archive API),40,3.65,-0.83
2023-08-20,31.1048,77.1734,22.2,65.61,1007.54,16.3,450.0,38.0,0.32,0.64,1.12,1.92,3.2,20.5,67.1,0.535,0,1,0,0,0,0,Shimla Himachal Landslide 2023,Copernicus ERA5 Reanalysis (Open-Meteo Archive API),40,3.59,-0.82
2023-08-21,31.1048,77.1734,22.2,61.66,1007.54,16.3,450.0,38.0,0.32,0.64,1.12,1.92,3.2,19.3,27.6,0.338,0,0,0,0,0,0,Shimla Himachal Landslide 2023,Copernicus ERA5 Reanalysis (Open-Meteo Archive API),40,3.59,-0.82
2023-08-22,31.1048,77.1734,22.2,62.91,1006.95,18.0,450.0,38.0,1.34,2.68,4.69,8.04,13.4,19.8,40.1,0.401,0,1,0,0,0,0,Shimla Himachal Landslide 2023,Copernicus ERA5 Reanalysis (Open-Meteo Archive API),40,3.96,-0.9
2023-08-23,31.1048,77.1734,22.2,65.61,1006.95,18.0,450.0,38.0,2.79,5.58,9.76,16.74,27.9,44.5,67.1,0.535,0,1,0,0,0,0,Shimla Himachal Landslide 2023,Copernicus ERA5 Reanalysis (Open-Meteo Archive API),40,3.96,-0.9
2023-08-24,31.1048,77.1734,22.2,66.43,1006.95,18.0,450.0,38.0,1.03,2.06,3.6,6.18,10.3,51.6,75.3,0.577,0,1,0,0,0,0,Shimla Himachal Landslide 2023,Copernicus ERA5 Reanalysis (Open-Meteo Archive API),40,3.96,-0.9
2023-08-25,31.1048,77.1734,22.2,66.11,1006.95,18.0,450.0,38.0,0.12,0.24,0.42,0.72,1.2,39.4,72.1,0.56,0,1,0,0,0,0,Shimla Himachal Landslide 2023,Copernicus ERA5 Reanalysis (Open-Meteo Archive API),40,3.96,-0.9
2023-08-26,31.1048,77.1734,21.7,65.3,1006.95,18.0,450.0,38.0,0.23,0.46,0.8,1.38,2.3,13.8,61.5,0.508,0,1,0,0,0,0,Shimla Himachal Landslide 2023,Copernicus ERA5 Reanalysis (Open-Meteo Archive API),40,3.96,-0.9
2023-11-23,15.75,80.1,32.9,56.99,1006.81,18.4,15.0,8.0,1.13,2.26,3.96,6.78,11.3,29.3,34.4,0.372,0,0,0,1,0,0,Cyclone Michaung - Chennai AP,Copernicus ERA5 Reanalysis (Open-Meteo Archive API),13,4.05,-0.92
2023-11-24,15.75,80.1,32.9,57.23,1006.81,18.4,15.0,8.0,0.28,0.56,0.98,1.68,2.8,21.4,36.8,0.384,0,0,0,1,0,0,Cyclone Michaung - Chennai AP,Copernicus ERA5 Reanalysis (Open-Meteo Archive API),13,4.05,-0.92
2023-11-25,15.75,80.1,32.9,57.22,1006.81,18.4,15.0,8.0,0.0,0.0,0.0,0.0,0.0,14.1,36.7,0.383,0,0,0,1,0,0,Cyclone Michaung - Chennai AP,Copernicus ERA5 Reanalysis (Open-Meteo Archive API),13,4.05,-0.92
2023-11-26,15.75,80.1,32.9,57.17,1006.04,20.6,15.0,8.0,0.0,0.0,0.0,0.0,0.0,2.8,36.2,0.381,0,0,0,1,0,0,Cyclone Michaung - Chennai AP,Copernicus ERA5 Reanalysis (Open-Meteo Archive API),13,4.53,-1.03
2023-11-27,15.75,80.1,32.9,56.81,1006.04,20.6,15.0,8.0,0.05,0.1,0.17,0.3,0.5,0.5,32.6,0.363,0,0,0,1,0,0,Cyclone Michaung - Chennai AP,Copernicus ERA5 Reanalysis (Open-Meteo Archive API),13,4.53,-1.03
2023-11-28,15.75,80.1,30.6,56.93,1006.04,20.6,15.0,8.0,0.04,0.08,0.14,0.24,0.4,0.9,22.3,0.311,0,0,0,1,0,0,Cyclone Michaung - Chennai AP,Copernicus ERA5 Reanalysis (Open-Meteo Archive API),13,4.53,-1.03
2023-11-29,15.75,80.1,30.6,56.94,1006.04,20.6,15.0,8.0,0.74,1.48,2.59,4.44,7.4,8.3,22.4,0.312,0,0,0,1,0,0,Cyclone Michaung - Chennai AP,Copernicus ERA5 Reanalysis (Open-Meteo Archive API),13,4.53,-1.03
2023-11-30,15.75,80.1,30.6,55.85,1006.04,20.6,15.0,8.0,0.04,0.08,0.14,0.24,0.4,8.2,11.5,0.258,0,0,0,1,0,0,Cyclone Michaung - Chennai AP,Copernicus ERA5 Reanalysis (Open-Meteo Archive API),13,4.53,-1.03
2023-12-01,15.75,80.1,30.8,55.5,1006.04,20.6,15.0,8.0,0.03,0.06,0.1,0.18,0.3,8.1,9.0,0.245,0,0,0,1,0,1,Cyclone Michaung - Chennai AP,Copernicus ERA5 Reanalysis (Open-Meteo Archive API),13,4.53,-1.03
2023-12-02,15.75,80.1,30.9,55.68,1006.0,20.7,15.0,8.0,0.23,0.46,0.8,1.38,2.3,3.0,11.3,0.257,0,0,0,3,0,0,Cyclone Michaung - Chennai AP,Copernicus ERA5 Reanalysis (Open-Meteo Archive API),13,4.55,-1.04
2023-12-03,15.75,80.1,30.9,56.41,1004.04,26.3,15.0,8.0,0.73,1.46,2.55,4.38,7.3,9.9,18.6,0.293,0,0,0,3,0,0,Cyclone Michaung - Chennai AP,Copernicus ERA5 Reanalysis (Open-Meteo Archive API),13,5.79,-1.32
2023-12-04,15.75,80.1,30.9,68.09,999.25,40.0,15.0,8.0,11.73,23.46,41.05,70.38,117.3,126.9,135.4,0.877,0,2,1,3,0,0,Cyclone Michaung - Chennai AP,Copernicus ERA5 Reanalysis (Open-Meteo Archive API),13,8.8,-2.0
2023-12-05,15.75,80.1,30.9,78.72,999.25,40.0,15.0,8.0,10.67,21.34,37.34,64.02,106.7,231.3,241.7,0.95,0,2,1,3,0,0,Cyclone Michaung - Chennai AP,Copernicus ERA5 Reanalysis (Open-Meteo Archive API),13,8.8,-2.0
2023-12-06,15.75,80.1,30.9,78.24,999.25,40.0,15.0,8.0,0.26,0.52,0.91,1.56,2.6,226.6,236.9,0.95,0,2,1,3,0,0,Cyclone Michaung - Chennai AP,Copernicus ERA5 Reanalysis (Open-Meteo Archive API),13,8.8,-2.0
2023-12-07,15.75,80.1,30.9,78.31,999.25,40.0,15.0,8.0,0.11,0.22,0.39,0.66,1.1,110.4,237.6,0.95,0,2,1,3,0,0,Cyclone Michaung - Chennai AP,Copernicus ERA5 Reanalysis (Open-Meteo Archive API),13,8.8,-2.0
2023-12-08,15.75,80.1,30.9,78.28,999.25,40.0,15.0,8.0,0.0,0.0,0.0,0.0,0.0,3.7,237.3,0.95,0,2,0,3,0,0,Cyclone Michaung - Chennai AP,Copernicus ERA5 Reanalysis (Open-Meteo Archive API),13,8.8,-2.0
2023-12-09,15.75,80.1,30.9,78.14,999.25,40.0,15.0,8.0,0.09,0.18,0.32,0.54,0.9,2.0,235.9,0.95,0,2,0,1,0,0,Cyclone Michaung - Chennai AP,Copernicus ERA5 Reanalysis (Open-Meteo Archive API),13,8.8,-2.0
2023-12-10,15.75,80.1,30.2,77.78,999.25,40.0,15.0,8.0,0.02,0.04,0.07,0.12,0.2,1.1,228.8,0.95,0,2,0,1,0,0,Cyclone Michaung - Chennai AP,Copernicus ERA5 Reanalysis (Open-Meteo Archive API),13,8.8,-2.0
2023-12-11,15.75,80.1,30.1,66.1,999.25,40.0,15.0,8.0,0.0,0.0,0.0,0.0,0.0,1.1,111.5,0.758,0,2,0,1,0,0,Cyclone Michaung - Chennai AP,Copernicus ERA5 Reanalysis (Open-Meteo Archive API),13,8.8,-2.0
2023-12-12,15.75,80.1,30.1,55.46,999.57,39.1,15.0,8.0,0.03,0.06,0.1,0.18,0.3,0.5,5.1,0.226,0,0,0,1,0,1,Cyclone Michaung - Chennai AP,Copernicus ERA5 Reanalysis (Open-Meteo Archive API),13,8.6,-1.95
2023-12-13,15.75,80.1,30.1,55.2,1008.63,13.2,15.0,8.0,0.0,0.0,0.0,0.0,0.0,0.3,2.5,0.213,0,0,0,1,0,1,Cyclone Michaung - Chennai AP,Copernicus ERA5 Reanalysis (Open-Meteo Archive API),13,2.9,-0.66
2023-12-14,15.75,80.1,29.8,55.24,1008.63,13.2,15.0,8.0,0.0,0.0,0.0,0.0,0.0,0.3,1.4,0.207,0,0,0,1,0,1,Cyclone Michaung - Chennai AP,Copernicus ERA5 Reanalysis (Open-Meteo Archive API),13,2.9,-0.66
2023-12-15,15.75,80.1,29.8,55.24,1008.21,14.4,15.0,8.0,0.0,0.0,0.0,0.0,0.0,0.0,1.4,0.207,0,0,0,1,0,1,Cyclone Michaung - Chennai AP,Copernicus ERA5 Reanalysis (Open-Meteo Archive API),13,3.17,-0.72
2023-12-16,15.75,80.1,29.8,55.17,1008.21,14.4,15.0,8.0,0.02,0.04,0.07,0.12,0.2,0.2,0.7,0.204,0,0,0,1,0,1,Cyclone Michaung - Chennai AP,Copernicus ERA5 Reanalysis (Open-Meteo Archive API),13,3.17,-0.72
2023-12-17,15.75,80.1,29.4,55.44,1008.21,14.4,15.0,8.0,0.09,0.18,0.32,0.54,0.9,1.1,1.4,0.207,0,0,0,1,0,1,Cyclone Michaung - Chennai AP,Copernicus ERA5 Reanalysis (Open-Meteo Archive API),13,3.17,-0.72
2024-07-18,11.605,76.083,27.2,79.66,1008.32,14.1,450.0,38.0,3.38,6.76,11.83,20.28,33.8,115.8,232.6,0.95,0,2,1,0,0,0,Chooralmala Wayanad Landslide 2024,Copernicus ERA5 Reanalysis (Open-Meteo Archive API),5,3.1,-0.7
2024-07-19,11.605,76.083,25.3,80.45,1008.32,14.1,450.0,38.0,1.56,3.12,5.46,9.36,15.6,86.1,231.0,0.95,0,2,1,0,0,0,Chooralmala Wayanad Landslide 2024,Copernicus ERA5 Reanalysis (Open-Meteo Archive API),5,3.1,-0.7
2024-07-20,11.605,76.083,25.3,79.62,1008.32,14.1,450.0,38.0,0.86,1.72,3.01,5.16,8.6,58.0,222.7,0.95,0,2,1,0,0,0,Chooralmala Wayanad Landslide 2024,Copernicus ERA5 Reanalysis (Open-Meteo Archive API),5,3.1,-0.7
2024-07-21,11.605,76.083,24.3,79.15,1007.54,16.3,450.0,38.0,0.7,1.4,2.45,4.2,7.0,31.2,213.0,0.95,0,2,1,0,0,0,Chooralmala Wayanad Landslide 2024,Copernicus ERA5 Reanalysis (Open-Meteo Archive API),5,3.59,-0.82
2024-07-22,11.605,76.083,23.7,73.12,1007.54,16.3,450.0,38.0,0.27,0.54,0.94,1.62,2.7,18.3,149.7,0.948,0,2,1,0,0,0,Chooralmala Wayanad Landslide 2024,Copernicus ERA5 Reanalysis (Open-Meteo Archive API),5,3.59,-0.82
2024-07-23,11.605,76.083,23.9,69.42,1007.54,16.3,450.0,38.0,0.93,1.86,3.25,5.58,9.3,19.0,113.7,0.768,0,2,1,0,0,0,Chooralmala Wayanad Landslide 2024,Copernicus ERA5 Reanalysis (Open-Meteo Archive API),5,3.59,-0.82
2024-07-24,11.605,76.083,23.9,66.97,1007.54,16.3,450.0,38.0,1.22,2.44,4.27,7.32,12.2,24.2,89.2,0.646,0,1,1,0,0,0,Chooralmala Wayanad Landslide 2024,Copernicus ERA5 Reanalysis (Open-Meteo Archive API),5,3.59,-0.82
2024-07-25,11.605,76.083,23.9,66.48,1007.54,16.3,450.0,38.0,2.89,5.78,10.11,17.34,28.9,50.4,84.3,0.622,0,1,1,0,0,0,Chooralmala Wayanad Landslide 2024,Copernicus ERA5 Reanalysis (Open-Meteo Archive API),5,3.59,-0.82
2024-07-26,11.605,76.083,23.9,66.14,1007.54,16.3,450.0,38.0,1.22,2.44,4.27,7.32,12.2,53.3,80.9,0.605,0,1,1,0,0,0,Chooralmala Wayanad Landslide 2024,Copernicus ERA5 Reanalysis (Open-Meteo Archive API),5,3.59,-0.82
2024-07-27,11.605,76.083,24.7,65.42,1007.54,16.3,450.0,38.0,0.54,1.08,1.89,3.24,5.4,46.5,77.7,0.589,0,1,3,0,0,0,Chooralmala Wayanad Landslide 2024,Copernicus ERA5 Reanalysis (Open-Meteo Archive API),5,3.59,-0.82
2024-07-28,11.605,76.083,24.7,65.8,1007.54,16.3,450.0,38.0,1.08,2.16,3.78,6.48,10.8,28.4,81.5,0.607,0,1,3,0,0,0,Chooralmala Wayanad Landslide 2024,Copernicus ERA5 Reanalysis (Open-Meteo Archive API),5,3.59,-0.82
2024-07-29,11.605,76.083,24.7,69.64,1007.89,15.3,450.0,38.0,4.11,8.22,14.38,24.66,41.1,57.3,119.9,0.8,0,2,3,0,0,0,Chooralmala Wayanad Landslide 2024,Copernicus ERA5 Reanalysis (Open-Meteo Archive API),5,3.37,-0.77
2024-07-30,11.605,76.083,24.7,73.1,1007.89,15.3,450.0,38.0,4.39,8.78,15.36,26.34,43.9,95.8,154.5,0.95,0,2,3,0,0,0,Chooralmala Wayanad Landslide 2024,Copernicus ERA5 Reanalysis (Open-Meteo Archive API),5,3.37,-0.77
2024-07-31,11.605,76.083,24.7,78.43,1007.89,15.3,450.0,38.0,6.55,13.1,22.92,39.3,65.5,150.5,207.8,0.95,0,2,3,0,0,0,Chooralmala Wayanad Landslide 2024,Copernicus ERA5 Reanalysis (Open-Meteo Archive API),5,3.37,-0.77
2024-08-01,11.605,76.083,24.7,78.13,1007.89,15.3,450.0,38.0,2.59,5.18,9.06,15.54,25.9,135.3,204.8,0.95,0,2,3,0,0,0,Chooralmala Wayanad Landslide 2024,Copernicus ERA5 Reanalysis (Open-Meteo Archive API),5,3.37,-0.77
2024-08-02,11.605,76.083,24.7,77.38,1007.89,15.3,450.0,38.0,0.47,0.94,1.65,2.82,4.7,96.1,197.3,0.95,0,2,3,0,0,0,Chooralmala Wayanad Landslide 2024,Copernicus ERA5 Reanalysis (Open-Meteo Archive API),5,3.37,-0.77
2024-08-03,11.605,76.083,24.7,77.4,1007.89,15.3,450.0,38.0,0.56,1.12,1.96,3.36,5.6,36.2,197.5,0.95,0,2,1,0,0,0,Chooralmala Wayanad Landslide 2024,Copernicus ERA5 Reanalysis (Open-Meteo Archive API),5,3.37,-0.77
2024-08-04,11.605,76.083,26.3,75.66,1008.32,14.1,450.0,38.0,0.14,0.28,0.49,0.84,1.4,11.7,188.1,0.95,0,2,1,0,0,0,Chooralmala Wayanad Landslide 2024,Copernicus ERA5 Reanalysis (Open-Meteo Archive API),5,3.1,-0.7
2024-08-05,11.605,76.083,27.0,73.04,1008.32,14.1,450.0,38.0,1.84,3.68,6.44,11.04,18.4,25.4,165.4,0.95,0,2,1,0,0,0,Chooralmala Wayanad Landslide 2024,Copernicus ERA5 Reanalysis (Open-Meteo Archive API),5,3.1,-0.7
2024-08-06,11.605,76.083,27.0,70.81,1008.32,14.1,450.0,38.0,2.16,4.32,7.56,12.96,21.6,41.4,143.1,0.915,0,2,1,0,0,0,Chooralmala Wayanad Landslide 2024,Copernicus ERA5 Reanalysis (Open-Meteo Archive API),5,3.1,-0.7
2024-08-07,11.605,76.083,27.0,64.55,1008.32,14.1,450.0,38.0,0.29,0.58,1.01,1.74,2.9,42.9,80.5,0.603,0,1,1,0,0,0,Chooralmala Wayanad Landslide 2024,Copernicus ERA5 Reanalysis (Open-Meteo Archive API),5,3.1,-0.7
2024-08-08,11.605,76.083,27.0,62.59,1008.32,14.1,450.0,38.0,0.63,1.26,2.2,3.78,6.3,30.8,60.9,0.504,0,1,1,0,0,0,Chooralmala Wayanad Landslide 2024,Copernicus ERA5 Reanalysis (Open-Meteo Archive API),5,3.1,-0.7
2024-08-09,11.605,76.083,27.0,63.28,1008.32,14.1,450.0,38.0,1.16,2.32,4.06,6.96,11.6,20.8,67.8,0.539,0,1,1,0,0,0,Chooralmala Wayanad Landslide 2024,Copernicus ERA5 Reanalysis (Open-Meteo Archive API),5,3.1,-0.7
2024-08-10,11.605,76.083,27.0,63.79,1008.46,13.7,450.0,38.0,1.07,2.14,3.74,6.42,10.7,28.6,72.9,0.565,0,1,1,0,0,0,Chooralmala Wayanad Landslide 2024,Copernicus ERA5 Reanalysis (Open-Meteo Archive API),5,3.01,-0.68
2024-08-11,11.605,76.083,28.7,64.09,1008.46,13.7,450.0,38.0,1.29,2.58,4.51,7.74,12.9,35.2,84.4,0.622,0,1,1,0,0,0,Chooralmala Wayanad Landslide 2024,Copernicus ERA5 Reanalysis (Open-Meteo Archive API),5,3.01,-0.68
